{
  "type": "FeatureCollection",
  "features": [
    {
      "type": "Feature",
      "geometry": {
        "type": "Point",
        "coordinates": [
          -2.3628285,
          51.3862376
        ]
      },
      "properties": {
        "id": "osm:node:2697518597",
        "source": "osm",
        "title": "Assembly Rooms and Fashion Museum",
        "address": "Bennett Street, BA1 2QH",
        "description": "Fashionable dress for men, women and children from the late 16th century to the present day",
        "categories": [
          "museum",
          "historical",
          "cultural"
        ],
        "primary_category": "museum",
        "interest_score": 100,
        "website": "https://www.fashionmuseum.co.uk/",
        "wikipedia": "en:Fashion Museum, Bath",
        "wikidata": "Q5436742",
        "source_url": "https://www.openstreetmap.org/node/2697518597",
        "fetched_at_utc": "2026-10-07T11:42:49+00:00",
        "query_key": "museums",
        "tags": {
          "addr:housename": "Assembly Rooms",
          "addr:postcode": "BA1 2QH",
          "addr:street": "Bennett Street",
          "description": "Fashionable dress for men, women and children from the late 16th century to the present day",
          "name": "Assembly Rooms and Fashion Museum",
          "opening_hours": "10:30-17:00",
          "operator": "Bath & North East Somerset Council",
          "source": "website",
          "source:description": "en:wikipedia",
          "tourism": "museum",
          "website": "https://www.fashionmuseum.co.uk/",
          "wheelchair": "yes",
          "wikidata": "Q5436742",
          "wikipedia": "en:Fashion Museum, Bath"
        },
        "sitelinks": 5
      }
    },
    {
      "type": "Feature",
      "geometry": {
        "type": "Point",
        "coordinates": [
          -2.3587389913043477,
          51.38140445217391
        ]
      },
      "properties": {
        "id": "osm:way:39333604",
        "source": "osm",
        "title": "Bath Abbey",
        "address": "Abbey Churchyard, Bath, BA1 1LT",
        "description": "Anglican parish church and former Benedictine monastery founded in the 7th century.",
        "categories": [
          "historical",
          "architecture",
          "religious",
          "landmark"
        ],
        "primary_category": "historical",
        "interest_score": 100,
        "website": "https://www.bathabbey.org/",
        "wikipedia": "en:Bath Abbey",
        "wikidata": "Q334399",
        "source_url": "https://www.openstreetmap.org/way/39333604",
        "fetched_at_utc": "2026-10-07T11:42:49+00:00",
        "query_key": "attractions_and_viewpoints",
        "tags": {
          "addr:city": "Bath",
          "addr:country": "GB",
          "addr:postcode": "BA1 1LT",
          "addr:street": "Abbey Churchyard",
          "amenity": "place_of_worship",
          "building": "church",
          "building:architecture": "gothic",
          "denomination": "anglican",
          "description": "Anglican parish church and former Benedictine monastery founded in the 7th century.",
          "diocese": "Diocese of Bath and Wells",
          "fhrs:id": "1551485",
          "height": "49",
          "heritage": "2",
          "heritage:operator": "he",
          "heritage:website": "https://historicengland.org.uk/listing/the-list/list-entry/1394015",
          "historic": "place_of_worship",
          "listed_status": "Grade I",
          "name": "Bath Abbey",
          "not:addr:postcode": "yes",
          "official_name": "Abbey Church of Saint Peter and Saint Paul, Bath",
          "ref:GB:nhle": "1394015",
          "ref:dove": "11365",
          "religion": "christian",
          "source:description": "en:wikipedia",
          "tourism": "attraction",
          "website": "https://www.bathabbey.org/",
          "wheelchair": "yes",
          "wikidata": "Q334399",
          "wikipedia": "en:Bath Abbey"
        },
        "sitelinks": 25
      }
    },
    {
      "type": "Feature",
      "geometry": {
        "type": "Point",
        "coordinates": [
          -2.3614877,
          51.38048976
        ]
      },
      "properties": {
        "id": "osm:way:1374365425",
        "source": "osm",
        "title": "Bath Medical Museum",
        "address": "https://bathmedicalmuseum.org/, BA1 1SJ",
        "description": "",
        "categories": [
          "museum",
          "historical",
          "cultural",
          "architecture"
        ],
        "primary_category": "museum",
        "interest_score": 100,
        "website": "https://bathmedicalmuseum.org/",
        "wikipedia": "",
        "wikidata": "Q113370270",
        "source_url": "https://www.openstreetmap.org/way/1374365425",
        "fetched_at_utc": "2026-10-07T11:42:49+00:00",
        "query_key": "museums",
        "tags": {
          "addr:postcode": "BA1 1SJ",
          "addr:street": "https://bathmedicalmuseum.org/",
          "building": "yes",
          "museum": "history",
          "name": "Bath Medical Museum",
          "tourism": "museum",
          "website": "https://bathmedicalmuseum.org/",
          "wikidata": "Q113370270"
        },
        "sitelinks": 0
      }
    },
    {
      "type": "Feature",
      "geometry": {
        "type": "Point",
        "coordinates": [
          -2.36226124,
          51.38759026
        ]
      },
      "properties": {
        "id": "osm:way:120020841",
        "source": "osm",
        "title": "Christ Church",
        "address": "Julian Road, Bath, BA1 2RH",
        "description": "",
        "categories": [
          "historical",
          "architecture",
          "religious"
        ],
        "primary_category": "historical",
        "interest_score": 100,
        "website": "https://www.christchurchbath.org/",
        "wikipedia": "en:Christ Church, Bath",
        "wikidata": "Q5108670",
        "source_url": "https://www.openstreetmap.org/way/120020841",
        "fetched_at_utc": "2026-10-07T11:42:49+00:00",
        "query_key": "heritage_sites",
        "tags": {
          "addr:city": "Bath",
          "addr:postcode": "BA1 2RH",
          "addr:street": "Julian Road",
          "amenity": "place_of_worship",
          "architect": "John Palmer",
          "architect:wikidata": "Q6251801",
          "building": "church",
          "denomination": "anglican",
          "diocese": "Diocese of Bath and Wells",
          "heritage": "2",
          "heritage:operator": "he",
          "heritage:website": "https://historicengland.org.uk/listing/the-list/list-entry/1395923",
          "listed_status": "Grade II",
          "name": "Christ Church",
          "ref:GB:nhle": "1395923",
          "ref:dove": "14089",
          "religion": "christian",
          "website": "https://www.christchurchbath.org/",
          "wheelchair": "yes",
          "wikidata": "Q5108670",
          "wikipedia": "en:Christ Church, Bath",
          "year_of_construction": "1795-1798"
        },
        "sitelinks": 1
      }
    },
    {
      "type": "Feature",
      "geometry": {
        "type": "Point",
        "coordinates": [
          -2.351050134090909,
          51.38575265454547
        ]
      },
      "properties": {
        "id": "osm:way:40034967",
        "source": "osm",
        "title": "Holburne Museum",
        "address": "Great Pulteney Street, BA2 4DB",
        "description": "Art museum with about 9,000 objects",
        "categories": [
          "museum",
          "historical",
          "cultural"
        ],
        "primary_category": "museum",
        "interest_score": 100,
        "website": "https://www.holburne.org/",
        "wikipedia": "en:Holburne Museum",
        "wikidata": "Q5878811",
        "source_url": "https://www.openstreetmap.org/way/40034967",
        "fetched_at_utc": "2026-10-07T11:42:49+00:00",
        "query_key": "museums",
        "tags": {
          "addr:housename": "The Holburne Museum",
          "addr:postcode": "BA2 4DB",
          "addr:street": "Great Pulteney Street",
          "description": "Art museum with about 9,000 objects",
          "fee": "no",
          "name": "Holburne Museum",
          "opening_hours": "Mo-Sa 10:00-17:00; Su 11:00-17:00; PH 11:00-17:00; Dec 24-26 off; Jan 1 off",
          "source:description": "website",
          "toilets:wheelchair": "yes",
          "tourism": "museum",
          "website": "https://www.holburne.org/",
          "wheelchair": "yes",
          "wikidata": "Q5878811",
          "wikipedia": "en:Holburne Museum"
        },
        "sitelinks": 4
      }
    },
    {
      "type": "Feature",
      "geometry": {
        "type": "Point",
        "coordinates": [
          -2.3631274833333333,
          51.384077350000005
        ]
      },
      "properties": {
        "id": "osm:way:557083339",
        "source": "osm",
        "title": "Jane Austen Centre",
        "address": "40 Gay Street, Bath, BA1 2NT",
        "description": "",
        "categories": [
          "museum",
          "historical",
          "cultural"
        ],
        "primary_category": "museum",
        "interest_score": 100,
        "website": "https://www.janeausten.co.uk/",
        "wikipedia": "en:Jane Austen Centre",
        "wikidata": "Q6151132",
        "source_url": "https://www.openstreetmap.org/way/557083339",
        "fetched_at_utc": "2026-10-07T11:42:49+00:00",
        "query_key": "museums",
        "tags": {
          "addr:city": "Bath",
          "addr:housenumber": "40",
          "addr:postcode": "BA1 2NT",
          "addr:street": "Gay Street",
          "building": "retail",
          "check_date:opening_hours": "2024-02-26",
          "fee": "yes",
          "fhrs:id": "204296",
          "name": "Jane Austen Centre",
          "opening_hours": "Mo-Su 10:00-16:30; Sa 10:00-17:30",
          "phone": "+44 1225 443000",
          "tourism": "museum",
          "website": "https://www.janeausten.co.uk/",
          "wheelchair": "no",
          "wheelchair:description": "Big step at front. Ramp available on request. exhibition on single floor, but tea room upstairs",
          "wikidata": "Q6151132",
          "wikipedia": "en:Jane Austen Centre"
        },
        "sitelinks": 10
      }
    },
    {
      "type": "Feature",
      "geometry": {
        "type": "Point",
        "coordinates": [
          -2.36060197,
          51.38668739
        ]
      },
      "properties": {
        "id": "osm:way:74533973",
        "source": "osm",
        "title": "Museum of Bath Architecture",
        "address": "The Paragon, Bath",
        "description": "",
        "categories": [
          "museum",
          "historical",
          "cultural",
          "architecture"
        ],
        "primary_category": "museum",
        "interest_score": 100,
        "website": "https://museumofbatharchitecture.org.uk/",
        "wikipedia": "en:Museum of Bath Architecture",
        "wikidata": "Q4986599",
        "source_url": "https://www.openstreetmap.org/way/74533973",
        "fetched_at_utc": "2026-10-07T11:42:49+00:00",
        "query_key": "museums",
        "tags": {
          "addr:city": "Bath",
          "addr:housename": "The Old Schoolhouse",
          "addr:street": "The Paragon",
          "building": "yes",
          "name": "Museum of Bath Architecture",
          "opening_hours": "Tu-Fr 14:00-17:00; Sa,Su 10:30-17:00",
          "operator": "Bath Preservation Trust",
          "toilets:wheelchair": "no",
          "tourism": "museum",
          "website": "https://museumofbatharchitecture.org.uk/",
          "wheelchair": "yes",
          "wheelchair:description": "N.B. Historic building with uneven stone floor. Toilets up a couple of steps.",
          "wikidata": "Q4986599",
          "wikipedia": "en:Museum of Bath Architecture"
        },
        "sitelinks": 3
      }
    },
    {
      "type": "Feature",
      "geometry": {
        "type": "Point",
        "coordinates": [
          -2.36250786,
          51.38814874
        ]
      },
      "properties": {
        "id": "osm:way:120020819",
        "source": "osm",
        "title": "Museum of Bath at Work",
        "address": "Julian Road, Bath, BA1 2RH",
        "description": "",
        "categories": [
          "museum",
          "historical",
          "cultural",
          "architecture"
        ],
        "primary_category": "museum",
        "interest_score": 100,
        "website": "https://www.bath-at-work.org.uk/",
        "wikipedia": "",
        "wikidata": "Q15260368",
        "source_url": "https://www.openstreetmap.org/way/120020819",
        "fetched_at_utc": "2026-10-07T11:42:49+00:00",
        "query_key": "museums",
        "tags": {
          "addr:city": "Bath",
          "addr:postcode": "BA1 2RH",
          "addr:street": "Julian Road",
          "building": "yes",
          "fhrs:id": "204972",
          "name": "Museum of Bath at Work",
          "phone": "+44 1225 318348",
          "ref:GB:uprn": "100121171160",
          "tourism": "museum",
          "website": "https://www.bath-at-work.org.uk/",
          "wheelchair": "yes",
          "wheelchair:description": "Access available at rear of building",
          "wikidata": "Q15260368"
        },
        "sitelinks": 2
      }
    },
    {
      "type": "Feature",
      "geometry": {
        "type": "Point",
        "coordinates": [
          -2.3634411,
          51.386436120000006
        ]
      },
      "properties": {
        "id": "osm:way:371698245",
        "source": "osm",
        "title": "Museum of East Asian Art",
        "address": "12 Bennett Street, Bath, BA1 2QJ",
        "description": "Last admission to the museum is at 16:30. Closed on Mondays and Bank Holiday Mondays.",
        "categories": [
          "museum",
          "historical",
          "cultural",
          "architecture"
        ],
        "primary_category": "museum",
        "interest_score": 100,
        "website": "https://meaa.org.uk/",
        "wikipedia": "",
        "wikidata": "Q3328433",
        "source_url": "https://www.openstreetmap.org/way/371698245",
        "fetched_at_utc": "2026-10-07T11:42:49+00:00",
        "query_key": "museums",
        "tags": {
          "addr:city": "Bath",
          "addr:housenumber": "12",
          "addr:postcode": "BA1 2QJ",
          "addr:street": "Bennett Street",
          "building": "yes",
          "description": "Last admission to the museum is at 16:30. Closed on Mondays and Bank Holiday Mondays.",
          "name": "Museum of East Asian Art",
          "opening_hours": "Tu-Sa 10:00-17:00; Su 12:00-17:00",
          "source": "Personal knowledge & MEAA website",
          "tourism": "museum",
          "website": "https://meaa.org.uk/",
          "wheelchair": "limited",
          "wikidata": "Q3328433"
        },
        "sitelinks": 4
      }
    },
    {
      "type": "Feature",
      "geometry": {
        "type": "Point",
        "coordinates": [
          -2.3671302,
          51.3866287
        ]
      },
      "properties": {
        "id": "osm:node:7905949699",
        "source": "osm",
        "title": "No.1 Royal Crescent Museum",
        "address": "1 Royal Crescent, Bath, BA1 2LR",
        "description": "",
        "categories": [
          "museum",
          "historical",
          "cultural"
        ],
        "primary_category": "museum",
        "interest_score": 100,
        "website": "https://no1royalcrescent.org.uk/",
        "wikipedia": "en:No. 1 Royal Crescent",
        "wikidata": "Q21521452",
        "source_url": "https://www.openstreetmap.org/node/7905949699",
        "fetched_at_utc": "2026-10-07T11:42:49+00:00",
        "query_key": "museums",
        "tags": {
          "addr:city": "Bath",
          "addr:housenumber": "1",
          "addr:postcode": "BA1 2LR",
          "addr:street": "Royal Crescent",
          "fee": "yes",
          "fhrs:id": "1728071",
          "name": "No.1 Royal Crescent Museum",
          "name:zh": "皇家新月楼1号",
          "opening_hours": "Mo-Su 10:00-17:00",
          "operator": "Bath Preservation Trust",
          "toilets:wheelchair": "yes",
          "tourism": "museum",
          "website": "https://no1royalcrescent.org.uk/",
          "wheelchair": "limited",
          "wikidata": "Q21521452",
          "wikipedia": "en:No. 1 Royal Crescent"
        },
        "sitelinks": 2
      }
    },
    {
      "type": "Feature",
      "geometry": {
        "type": "Point",
        "coordinates": [
          -2.3712573359375,
          51.386222224218756
        ]
      },
      "properties": {
        "id": "osm:way:444067360",
        "source": "osm",
        "title": "Royal Victoria Park",
        "address": "Bath",
        "description": "",
        "categories": [
          "historical",
          "architecture",
          "natural",
          "park"
        ],
        "primary_category": "historical",
        "interest_score": 100,
        "website": "",
        "wikipedia": "en:Royal Victoria Park, Bath",
        "wikidata": "Q7374979",
        "source_url": "https://www.openstreetmap.org/way/444067360",
        "fetched_at_utc": "2026-10-07T11:42:49+00:00",
        "query_key": "heritage_sites",
        "tags": {
          "addr:city": "Bath",
          "heritage": "2",
          "heritage:operator": "he",
          "heritage:website": "https://historicengland.org.uk/listing/the-list/list-entry/1001257",
          "historic": "park",
          "leisure": "park",
          "listed_status": "Grade I",
          "name": "Royal Victoria Park",
          "name:be": "Каралеўскі парк Вікторыі",
          "name:en": "Royal Victoria Park",
          "name:ru": "Королевский парк Виктории",
          "name:uk": "Королівський парк Вікторія",
          "ref:GB:nhle": "1001257",
          "wikidata": "Q7374979",
          "wikipedia": "en:Royal Victoria Park, Bath"
        },
        "sitelinks": 3
      }
    },
    {
      "type": "Feature",
      "geometry": {
        "type": "Point",
        "coordinates": [
          -2.3508833727272727,
          51.38432764545455
        ]
      },
      "properties": {
        "id": "osm:way:117974856",
        "source": "osm",
        "title": "Saint Mary's Bathwick",
        "address": "Darlington Street, Bath, BA2 4EB",
        "description": "",
        "categories": [
          "historical",
          "architecture",
          "religious"
        ],
        "primary_category": "historical",
        "interest_score": 100,
        "website": "https://bathwickparishes.org/stmarys",
        "wikipedia": "en:St Mary the Virgin's Church, Bathwick",
        "wikidata": "Q7594276",
        "source_url": "https://www.openstreetmap.org/way/117974856",
        "fetched_at_utc": "2026-10-07T11:42:49+00:00",
        "query_key": "heritage_sites",
        "tags": {
          "addr:city": "Bath",
          "addr:postcode": "BA2 4EB",
          "addr:street": "Darlington Street",
          "amenity": "place_of_worship",
          "architect": "John Pinch the Elder",
          "architect:wikidata": "Q6252925",
          "building": "church",
          "denomination": "anglican",
          "diocese": "Diocese of Bath and Wells",
          "heritage": "2",
          "heritage:operator": "he",
          "heritage:website": "https://historicengland.org.uk/listing/the-list/list-entry/1394251",
          "listed_status": "Grade II*",
          "name": "Saint Mary's Bathwick",
          "ref:GB:nhle": "1394251",
          "ref:dove": "13019",
          "religion": "christian",
          "toilets:wheelchair": "no",
          "website": "https://bathwickparishes.org/stmarys",
          "wheelchair": "no",
          "wikidata": "Q7594276",
          "wikipedia": "en:St Mary the Virgin's Church, Bathwick",
          "year_of_construction": "1817-1820"
        },
        "sitelinks": 1
      }
    },
    {
      "type": "Feature",
      "geometry": {
        "type": "Point",
        "coordinates": [
          -2.359407788888889,
          51.38854665555555
        ]
      },
      "properties": {
        "id": "osm:way:74527736",
        "source": "osm",
        "title": "St Swithin’s",
        "address": "The Paragon, Bath, BA1 5LY",
        "description": "",
        "categories": [
          "historical",
          "architecture",
          "religious"
        ],
        "primary_category": "historical",
        "interest_score": 100,
        "website": "https://www.stswithinswalcot.org.uk/",
        "wikipedia": "en:Church of St Swithin, Bath",
        "wikidata": "Q17531984",
        "source_url": "https://www.openstreetmap.org/way/74527736",
        "fetched_at_utc": "2026-10-07T11:42:49+00:00",
        "query_key": "heritage_sites",
        "tags": {
          "addr:city": "Bath",
          "addr:postcode": "BA1 5LY",
          "addr:street": "The Paragon",
          "amenity": "place_of_worship",
          "architect": "John Palmer",
          "architect:wikidata": "Q6251801",
          "building": "church",
          "denomination": "anglican",
          "diocese": "Diocese of Bath and Wells",
          "heritage": "2",
          "heritage:operator": "he",
          "heritage:website": "https://historicengland.org.uk/listing/the-list/list-entry/1394245",
          "listed_status": "Grade II*",
          "name": "St Swithin’s",
          "ref:GB:nhle": "1394245",
          "religion": "christian",
          "website": "https://www.stswithinswalcot.org.uk/",
          "wikidata": "Q17531984",
          "wikipedia": "en:Church of St Swithin, Bath",
          "year_of_construction": "1779–1790"
        },
        "sitelinks": 1
      }
    },
    {
      "type": "Feature",
      "geometry": {
        "type": "Point",
        "coordinates": [
          -2.35976267,
          51.38363509999999
        ]
      },
      "properties": {
        "id": "osm:way:92228109",
        "source": "osm",
        "title": "St. Michael's Without",
        "address": "Broad Street, Bath, BA1 5LP",
        "description": "",
        "categories": [
          "historical",
          "architecture",
          "religious"
        ],
        "primary_category": "historical",
        "interest_score": 100,
        "website": "https://www.stmichaelsbath.org.uk/",
        "wikipedia": "en:St Michael's Church, Bath",
        "wikidata": "Q7594741",
        "source_url": "https://www.openstreetmap.org/way/92228109",
        "fetched_at_utc": "2026-10-07T11:42:49+00:00",
        "query_key": "heritage_sites",
        "tags": {
          "addr:city": "Bath",
          "addr:postcode": "BA1 5LP",
          "addr:street": "Broad Street",
          "amenity": "place_of_worship",
          "building": "church",
          "denomination": "anglican",
          "diocese": "Diocese of Bath and Wells",
          "heritage": "2",
          "heritage:operator": "he",
          "heritage:website": "https://historicengland.org.uk/listing/the-list/list-entry/1395025",
          "listed_status": "Grade II*",
          "name": "St. Michael's Without",
          "old_name": "St. Michael with St. Paul",
          "ref:GB:nhle": "1395025",
          "ref:dove": "15431",
          "religion": "christian",
          "website": "https://www.stmichaelsbath.org.uk/",
          "wheelchair": "yes",
          "wikidata": "Q7594741",
          "wikipedia": "en:St Michael's Church, Bath"
        },
        "sitelinks": 1
      }
    },
    {
      "type": "Feature",
      "geometry": {
        "type": "Point",
        "coordinates": [
          -2.3635943347826087,
          51.39285542608696
        ]
      },
      "properties": {
        "id": "osm:way:162855662",
        "source": "osm",
        "title": "St. Stephen's Church",
        "address": "Lansdown Road, Bath, BA1 5SX",
        "description": "",
        "categories": [
          "historical",
          "architecture",
          "religious"
        ],
        "primary_category": "historical",
        "interest_score": 100,
        "website": "https://ststephensbath.org.uk/",
        "wikipedia": "en:St Stephen's Church, Bath",
        "wikidata": "Q7595470",
        "source_url": "https://www.openstreetmap.org/way/162855662",
        "fetched_at_utc": "2026-10-07T11:42:49+00:00",
        "query_key": "heritage_sites",
        "tags": {
          "addr:city": "Bath",
          "addr:housename": "St Stephen’s Church",
          "addr:postcode": "BA1 5SX",
          "addr:street": "Lansdown Road",
          "addr:unit": "Church Office",
          "amenity": "place_of_worship",
          "architect": "James Wilson",
          "architect:wikidata": "Q6145700",
          "building": "church",
          "denomination": "anglican",
          "diocese": "Diocese of Bath and Wells",
          "disused:fhrs:id": "204416",
          "heritage": "2",
          "heritage:operator": "he",
          "heritage:website": "https://historicengland.org.uk/listing/the-list/list-entry/1394265",
          "listed_status": "Grade II*",
          "name": "St. Stephen's Church",
          "ref:GB:nhle": "1394265",
          "ref:dove": "12686",
          "religion": "christian",
          "website": "https://ststephensbath.org.uk/",
          "wikidata": "Q7595470",
          "wikipedia": "en:St Stephen's Church, Bath",
          "year_of_construction": "1840-1845"
        },
        "sitelinks": 1
      }
    },
    {
      "type": "Feature",
      "geometry": {
        "type": "Point",
        "coordinates": [
          -2.3500735146341465,
          51.386322331707305
        ]
      },
      "properties": {
        "id": "osm:way:92939320",
        "source": "osm",
        "title": "Sydney Gardens",
        "address": "Bath",
        "description": "",
        "categories": [
          "historical",
          "architecture",
          "natural",
          "park"
        ],
        "primary_category": "historical",
        "interest_score": 100,
        "website": "",
        "wikipedia": "en:Sydney Gardens",
        "wikidata": "Q13550196",
        "source_url": "https://www.openstreetmap.org/way/92939320",
        "fetched_at_utc": "2026-10-07T11:42:49+00:00",
        "query_key": "heritage_sites",
        "tags": {
          "addr:city": "Bath",
          "heritage": "2",
          "heritage:operator": "he",
          "heritage:website": "https://historicengland.org.uk/listing/the-list/list-entry/1001258",
          "historic": "park",
          "leisure": "park",
          "listed_status": "Grade II",
          "name": "Sydney Gardens",
          "ref:GB:nhle": "1001258",
          "wikidata": "Q13550196",
          "wikipedia": "en:Sydney Gardens"
        },
        "sitelinks": 3
      }
    },
    {
      "type": "Feature",
      "geometry": {
        "type": "Point",
        "coordinates": [
          -2.3626035307692304,
          51.3862421846154
        ]
      },
      "properties": {
        "id": "osm:way:4524730",
        "source": "osm",
        "title": "The Assembly Rooms",
        "address": "Bennett Street, Bath, BA1 2QH",
        "description": "Elegant public rooms at the heart of fashionable 18th-century Bath life. Opened with a grand ball in 1771 and now open to the public.",
        "categories": [
          "historical",
          "architecture",
          "landmark"
        ],
        "primary_category": "historical",
        "interest_score": 100,
        "website": "https://www.nationaltrust.org.uk/bath-assembly-rooms",
        "wikipedia": "en:Bath Assembly Rooms",
        "wikidata": "Q2867020",
        "source_url": "https://www.openstreetmap.org/way/4524730",
        "fetched_at_utc": "2026-10-07T11:42:49+00:00",
        "query_key": "attractions_and_viewpoints",
        "tags": {
          "addr:city": "Bath",
          "addr:postcode": "BA1 2QH",
          "addr:street": "Bennett Street",
          "architect": "John Wood, the Younger",
          "architect:wikidata": "Q1534547",
          "building": "hall",
          "date_start": "1963",
          "description": "Elegant public rooms at the heart of fashionable 18th-century Bath life. Opened with a grand ball in 1771 and now open to the public.",
          "heritage": "2",
          "heritage:operator": "he",
          "heritage:website": "https://historicengland.org.uk/listing/the-list/list-entry/1394144",
          "listed_status": "Grade I",
          "name": "The Assembly Rooms",
          "name:zh": "集会厅",
          "opening_hours": "Mo-Su 10:30-18:00",
          "operator": "National Trust",
          "ref:GB:nhle": "1394144",
          "source:description": "website;en:wikipedia",
          "tourism": "attraction",
          "website": "https://www.nationaltrust.org.uk/bath-assembly-rooms",
          "wheelchair": "yes",
          "wikidata": "Q2867020",
          "wikipedia": "en:Bath Assembly Rooms"
        },
        "sitelinks": 4
      }
    },
    {
      "type": "Feature",
      "geometry": {
        "type": "Point",
        "coordinates": [
          -2.3599549846153844,
          51.3811410076923
        ]
      },
      "properties": {
        "id": "osm:way:500279536",
        "source": "osm",
        "title": "The Pump Room",
        "address": "Bath",
        "description": "Major attaction. Historic building completed in 1799, where modern visitors can sample the waters from the warm spring which fills the Roman Baths.",
        "categories": [
          "historical",
          "architecture",
          "landmark"
        ],
        "primary_category": "historical",
        "interest_score": 100,
        "website": "https://www.romanbaths.co.uk/",
        "wikipedia": "en:Grand Pump Room",
        "wikidata": "Q5594977",
        "source_url": "https://www.openstreetmap.org/way/500279536",
        "fetched_at_utc": "2026-10-07T11:42:49+00:00",
        "query_key": "attractions_and_viewpoints",
        "tags": {
          "addr:city": "Bath",
          "alt_name": "Grand Pump Room",
          "architect": "Thomas Baldwin, John Palmer",
          "architect:wikidata": "Q7787338;Q6251801",
          "building": "yes",
          "building:architecture": "georgian",
          "description": "Major attaction. Historic building completed in 1799, where modern visitors can sample the waters from the warm spring which fills the Roman Baths.",
          "heritage": "2",
          "heritage:operator": "he",
          "heritage:website": "https://historicengland.org.uk/listing/the-list/list-entry/1394019",
          "historic": "building",
          "listed_status": "Grade I",
          "name": "The Pump Room",
          "ref:GB:nhle": "1394019",
          "tourism": "attraction",
          "website": "https://www.romanbaths.co.uk/",
          "wheelchair": "yes",
          "wikidata": "Q5594977",
          "wikimedia_commons": "Category:Grand Pump Room, Bath, Somerset",
          "wikipedia": "en:Grand Pump Room",
          "year_of_construction": "1789-1799"
        },
        "sitelinks": 3
      }
    },
    {
      "type": "Feature",
      "geometry": {
        "type": "Point",
        "coordinates": [
          -2.3585131047619043,
          51.38270707619048
        ]
      },
      "properties": {
        "id": "osm:way:39313868",
        "source": "osm",
        "title": "Victoria Art Gallery",
        "address": "Bridge Street, Bath, BA2 4AT",
        "description": "",
        "categories": [
          "historical",
          "cultural",
          "architecture",
          "art"
        ],
        "primary_category": "historical",
        "interest_score": 100,
        "website": "https://www.victoriagal.org.uk/",
        "wikipedia": "en:Victoria Art Gallery",
        "wikidata": "Q7926563",
        "source_url": "https://www.openstreetmap.org/way/39313868",
        "fetched_at_utc": "2026-10-07T11:42:49+00:00",
        "query_key": "galleries_and_arts",
        "tags": {
          "addr:city": "Bath",
          "addr:postcode": "BA2 4AT",
          "addr:street": "Bridge Street",
          "architect": "J. M. Brydon",
          "architect:wikidata": "Q18217452",
          "building": "yes",
          "check_date:opening_hours": "2024-07-21",
          "fee": "yes",
          "heritage": "2",
          "heritage:operator": "he",
          "heritage:website": "https://historicengland.org.uk/listing/the-list/list-entry/1394957",
          "listed_status": "Grade II*",
          "name": "Victoria Art Gallery",
          "opening_hours": "PH,Tu-Su 10:00-17:00; Mo off",
          "ref:GB:nhle": "1394957",
          "start_date": "1900",
          "tourism": "gallery",
          "website": "https://www.victoriagal.org.uk/",
          "wheelchair": "yes",
          "wikidata": "Q7926563",
          "wikipedia": "en:Victoria Art Gallery"
        },
        "sitelinks": 3
      }
    },
    {
      "type": "Feature",
      "geometry": {
        "type": "Point",
        "coordinates": [
          -2.358280455555556,
          51.38203475555556
        ]
      },
      "properties": {
        "id": "osm:way:60004422",
        "source": "osm",
        "title": "Brown's",
        "address": "Orange Grove, Bath, BA1 1LP",
        "description": "",
        "categories": [
          "historical",
          "architecture"
        ],
        "primary_category": "historical",
        "interest_score": 94,
        "website": "https://www.browns-restaurants.co.uk/restaurants/southwest/bath",
        "wikipedia": "en:Old Police Station, Bath",
        "wikidata": "Q26673312",
        "source_url": "https://www.openstreetmap.org/way/60004422",
        "fetched_at_utc": "2026-10-07T11:42:49+00:00",
        "query_key": "heritage_sites",
        "tags": {
          "addr:city": "Bath",
          "addr:postcode": "BA1 1LP",
          "addr:street": "Orange Grove",
          "amenity": "restaurant",
          "brand": "Browns",
          "brand:wikidata": "Q4976672",
          "building": "retail",
          "cuisine": "british",
          "fhrs:id": "205660",
          "heritage": "2",
          "heritage:operator": "he",
          "heritage:website": "https://historicengland.org.uk/listing/the-list/list-entry/1394212",
          "listed_status": "Grade II",
          "name": "Brown's",
          "ref:GB:nhle": "1394212",
          "website": "https://www.browns-restaurants.co.uk/restaurants/southwest/bath",
          "wheelchair": "limited",
          "wheelchair:description": "Back entrance if ask staff to open",
          "wikidata": "Q26673312",
          "wikipedia": "en:Old Police Station, Bath"
        },
        "sitelinks": 2
      }
    },
    {
      "type": "Feature",
      "geometry": {
        "type": "Point",
        "coordinates": [
          -2.3665947185185185,
          51.38152719259261
        ]
      },
      "properties": {
        "id": "osm:way:313550686",
        "source": "osm",
        "title": "Green Park Station",
        "address": "Bath",
        "description": "",
        "categories": [
          "historical",
          "architecture"
        ],
        "primary_category": "historical",
        "interest_score": 94,
        "website": "https://www.greenparkstation.co.uk/",
        "wikipedia": "en:Bath Green Park railway station",
        "wikidata": "Q4868918",
        "source_url": "https://www.openstreetmap.org/way/313550686",
        "fetched_at_utc": "2026-10-07T11:42:49+00:00",
        "query_key": "heritage_sites",
        "tags": {
          "addr:city": "Bath",
          "building": "retail",
          "building:levels": "2",
          "building:levels:underground": "1",
          "heritage": "2",
          "heritage:operator": "he",
          "heritage:website": "https://historicengland.org.uk/listing/the-list/list-entry/1396267",
          "historic": "railway_station",
          "historic:building": "train_station",
          "listed_status": "Grade II",
          "name": "Green Park Station",
          "ref:GB:nhle": "1396267",
          "roof:levels": "0",
          "source:geometry": "Bing",
          "website": "https://www.greenparkstation.co.uk/",
          "wikidata": "Q4868918",
          "wikipedia": "en:Bath Green Park railway station"
        },
        "sitelinks": 3
      }
    },
    {
      "type": "Feature",
      "geometry": {
        "type": "Point",
        "coordinates": [
          -2.350917261904762,
          51.38577589047619
        ]
      },
      "properties": {
        "id": "osm:way:493435132",
        "source": "osm",
        "title": "London point of interest",
        "address": "Sydney Place, Bath",
        "description": "",
        "categories": [
          "historical",
          "architecture"
        ],
        "primary_category": "historical",
        "interest_score": 94,
        "website": "https://www.holburne.org/",
        "wikipedia": "en:Holburne Museum",
        "wikidata": "Q5878811",
        "source_url": "https://www.openstreetmap.org/way/493435132",
        "fetched_at_utc": "2026-10-07T11:42:49+00:00",
        "query_key": "heritage_sites",
        "tags": {
          "addr:city": "Bath",
          "addr:street": "Sydney Place",
          "architect": "Thomas Baldwin",
          "architect:wikidata": "Q7787338",
          "building": "yes",
          "building:name": "The Holburne Museum",
          "heritage": "2",
          "heritage:operator": "he",
          "heritage:website": "https://historicengland.org.uk/listing/the-list/list-entry/1395305",
          "listed_status": "Grade I",
          "ref:GB:nhle": "1395305",
          "start_date": "1794",
          "website": "https://www.holburne.org/",
          "wikidata": "Q5878811",
          "wikipedia": "en:Holburne Museum"
        },
        "sitelinks": 4
      }
    },
    {
      "type": "Feature",
      "geometry": {
        "type": "Point",
        "coordinates": [
          -2.3375239199999998,
          51.38233364
        ]
      },
      "properties": {
        "id": "osm:way:40024799",
        "source": "osm",
        "title": "Ralph Allen’s Sham Castle",
        "address": "BA2 6JG",
        "description": "Mock/castle folly built in 1762. Illumnated at night.",
        "categories": [
          "historical",
          "architecture",
          "landmark"
        ],
        "primary_category": "historical",
        "interest_score": 94,
        "website": "",
        "wikipedia": "en:Sham Castle",
        "wikidata": "Q7487351",
        "source_url": "https://www.openstreetmap.org/way/40024799",
        "fetched_at_utc": "2026-10-07T11:42:49+00:00",
        "query_key": "attractions_and_viewpoints",
        "tags": {
          "addr:postcode": "BA2 6JG",
          "building": "folly",
          "description": "Mock/castle folly built in 1762. Illumnated at night.",
          "historic": "castle",
          "image": "https://en.wikipedia.org/wiki/File:Ralph_Allens_Castle_-_geograph.org.uk_-_1762356.jpg",
          "name": "Ralph Allen’s Sham Castle",
          "ref:GB:uprn": "10001143293",
          "source:addr:postcode": "ONSUD;OS Open UPRN",
          "source:description": "en:wikipedia",
          "tourism": "attraction",
          "wikidata": "Q7487351",
          "wikipedia": "en:Sham Castle"
        },
        "sitelinks": 4
      }
    },
    {
      "type": "Feature",
      "geometry": {
        "type": "Point",
        "coordinates": [
          -2.363125361538461,
          51.38286414230769
        ]
      },
      "properties": {
        "id": "osm:way:122111570",
        "source": "osm",
        "title": "The Francis Hotel",
        "address": "BA1 2HH",
        "description": "",
        "categories": [
          "historical",
          "architecture"
        ],
        "primary_category": "historical",
        "interest_score": 94,
        "website": "http://www.francishotel.co.uk/",
        "wikipedia": "en:Francis Hotel, Bath",
        "wikidata": "Q5481326",
        "source_url": "https://www.openstreetmap.org/way/122111570",
        "fetched_at_utc": "2026-10-07T11:42:49+00:00",
        "query_key": "heritage_sites",
        "tags": {
          "addr:postcode": "BA1 2HH",
          "architect": "John Wood, the Elder",
          "architect:wikidata": "Q1389094",
          "building": "yes",
          "heritage": "2",
          "heritage:operator": "he",
          "heritage:website": "https://historicengland.org.uk/listing/the-list/list-entry/1394551",
          "listed_status": "Grade I",
          "name": "The Francis Hotel",
          "ref:GB:nhle": "1394551",
          "source": "os_opendata_streetview",
          "tourism": "hotel",
          "website": "http://www.francishotel.co.uk/",
          "wheelchair": "limited",
          "wheelchair:description": "They have a temporary ramp that you need to ask for that goes to a door next to the hotel main entrance.",
          "wikidata": "Q5481326",
          "wikipedia": "en:Francis Hotel, Bath"
        },
        "sitelinks": 1
      }
    },
    {
      "type": "Feature",
      "geometry": {
        "type": "Point",
        "coordinates": [
          -2.3597337000000005,
          51.38111490555555
        ]
      },
      "properties": {
        "id": "osm:way:500279537",
        "source": "osm",
        "title": "The Roman Baths",
        "address": "Abbey Church Yard, Bath, BA1 1LZ",
        "description": "Major attraction. Well-preserved Roman site for public bathing: Sacred Spring, Roman Temnple, Roman Bath House and museum.",
        "categories": [
          "architecture",
          "historical",
          "landmark"
        ],
        "primary_category": "historical",
        "interest_score": 93,
        "website": "https://www.romanbaths.co.uk/",
        "wikipedia": "en:Roman Baths (Bath)",
        "wikidata": "Q2540426",
        "source_url": "https://www.openstreetmap.org/way/500279537",
        "fetched_at_utc": "2026-10-07T11:42:49+00:00",
        "query_key": "attractions_and_viewpoints",
        "tags": {
          "addr:city": "Bath",
          "addr:housename": "King's & Queen's Baths",
          "addr:postcode": "BA1 1LZ",
          "addr:street": "Abbey Church Yard",
          "area": "yes",
          "description": "Major attraction. Well-preserved Roman site for public bathing: Sacred Spring, Roman Temnple, Roman Bath House and museum.",
          "fee": "yes",
          "historic": "ruins",
          "name": "The Roman Baths",
          "note": "building tag is in relation.",
          "phone": "+44 1225 477 785",
          "source:description": "en:wikipedia",
          "tourism": "attraction",
          "website": "https://www.romanbaths.co.uk/",
          "wheelchair": "limited",
          "wikidata": "Q2540426",
          "wikipedia": "en:Roman Baths (Bath)"
        },
        "sitelinks": 20
      }
    },
    {
      "type": "Feature",
      "geometry": {
        "type": "Point",
        "coordinates": [
          -2.3613899473684214,
          51.38076400526315
        ]
      },
      "properties": {
        "id": "osm:relation:5552210",
        "source": "osm",
        "title": "The Cross Bath",
        "address": "Bath",
        "description": "",
        "categories": [
          "historical",
          "architecture",
          "landmark"
        ],
        "primary_category": "historical",
        "interest_score": 92,
        "website": "",
        "wikipedia": "en:Cross Bath",
        "wikidata": "Q5188234",
        "source_url": "https://www.openstreetmap.org/relation/5552210",
        "fetched_at_utc": "2026-10-07T11:42:49+00:00",
        "query_key": "attractions_and_viewpoints",
        "tags": {
          "addr:city": "Bath",
          "architect": "Thomas Baldwin",
          "architect:wikidata": "Q7787338",
          "building": "yes",
          "building:architecture": "georgian",
          "heritage": "2",
          "heritage:operator": "he",
          "heritage:website": "https://historicengland.org.uk/listing/the-list/list-entry/1394182",
          "leisure": "spa",
          "listed_status": "Grade I",
          "name": "The Cross Bath",
          "ref:GB:nhle": "1394182",
          "start_date": "1789",
          "tourism": "attraction",
          "wheelchair": "yes",
          "wikidata": "Q5188234",
          "wikipedia": "en:Cross Bath"
        },
        "sitelinks": 3
      }
    },
    {
      "type": "Feature",
      "geometry": {
        "type": "Point",
        "coordinates": [
          -2.3643691,
          51.3833202
        ]
      },
      "properties": {
        "id": "osm:node:12539376861",
        "source": "osm",
        "title": "Bath Royal Literary & Scientific Institution",
        "address": "16-18 Queen Square, Bath, BA1 2HN",
        "description": "",
        "categories": [
          "museum",
          "historical",
          "cultural"
        ],
        "primary_category": "museum",
        "interest_score": 90,
        "website": "https://www.brlsi.org/",
        "wikipedia": "",
        "wikidata": "Q4868941",
        "source_url": "https://www.openstreetmap.org/node/12539376861",
        "fetched_at_utc": "2026-10-07T11:42:49+00:00",
        "query_key": "museums",
        "tags": {
          "addr:city": "Bath",
          "addr:housenumber": "16-18",
          "addr:postcode": "BA1 2HN",
          "addr:street": "Queen Square",
          "fee": "no",
          "name": "Bath Royal Literary & Scientific Institution",
          "tourism": "museum",
          "website": "https://www.brlsi.org/",
          "wikidata": "Q4868941"
        },
        "sitelinks": 2
      }
    },
    {
      "type": "Feature",
      "geometry": {
        "type": "Point",
        "coordinates": [
          -2.3669406,
          51.3825066
        ]
      },
      "properties": {
        "id": "osm:node:368610180",
        "source": "osm",
        "title": "Herschel Museum of Astronomy",
        "address": "19 New King Street, Bath",
        "description": "",
        "categories": [
          "museum",
          "historical",
          "cultural"
        ],
        "primary_category": "museum",
        "interest_score": 90,
        "website": "https://herschelmuseum.org.uk/",
        "wikipedia": "",
        "wikidata": "Q3369709",
        "source_url": "https://www.openstreetmap.org/node/368610180",
        "fetched_at_utc": "2026-10-07T11:42:49+00:00",
        "query_key": "museums",
        "tags": {
          "addr:city": "Bath",
          "addr:housenumber": "19",
          "addr:street": "New King Street",
          "fee": "yes",
          "museum": "astronomy",
          "name": "Herschel Museum of Astronomy",
          "opening_hours": "Feb-Dec Tu-Su 10:00-17:00",
          "opening_hours:url": "https://herschelmuseum.org.uk/visiting/",
          "operator": "Bath Preservation Trust",
          "tourism": "museum",
          "website": "https://herschelmuseum.org.uk/",
          "wheelchair": "no",
          "wikidata": "Q3369709"
        },
        "sitelinks": 7
      }
    },
    {
      "type": "Feature",
      "geometry": {
        "type": "Point",
        "coordinates": [
          -2.363190383333333,
          51.38423498333333
        ]
      },
      "properties": {
        "id": "osm:way:557081892",
        "source": "osm",
        "title": "Mary Shelly's House of Frankenstein",
        "address": "37 Gay Street, BA1 2NT",
        "description": "",
        "categories": [
          "museum",
          "historical",
          "cultural"
        ],
        "primary_category": "museum",
        "interest_score": 90,
        "website": "https://houseoffrankenstein.com",
        "wikipedia": "",
        "wikidata": "Q113730507",
        "source_url": "https://www.openstreetmap.org/way/557081892",
        "fetched_at_utc": "2026-10-07T11:42:49+00:00",
        "query_key": "museums",
        "tags": {
          "addr:housenumber": "37",
          "addr:postcode": "BA1 2NT",
          "addr:street": "Gay Street",
          "building": "retail",
          "fee": "yes",
          "name": "Mary Shelly's House of Frankenstein",
          "tourism": "museum",
          "website": "https://houseoffrankenstein.com",
          "wheelchair": "no",
          "wikidata": "Q113730507"
        },
        "sitelinks": 0
      }
    },
    {
      "type": "Feature",
      "geometry": {
        "type": "Point",
        "coordinates": [
          -2.3587700076923075,
          51.38204053076923
        ]
      },
      "properties": {
        "id": "osm:way:122519644",
        "source": "osm",
        "title": "Guildhall",
        "address": "High Street, Bath, BA1 5AW",
        "description": "",
        "categories": [
          "historical",
          "architecture"
        ],
        "primary_category": "historical",
        "interest_score": 88,
        "website": "",
        "wikipedia": "en:Guildhall, Bath",
        "wikidata": "Q5615874",
        "source_url": "https://www.openstreetmap.org/way/122519644",
        "fetched_at_utc": "2026-10-07T11:42:49+00:00",
        "query_key": "heritage_sites",
        "tags": {
          "addr:city": "Bath",
          "addr:postcode": "BA1 5AW",
          "addr:street": "High Street",
          "amenity": "townhall",
          "architect": "Thomas Baldwin",
          "architect:wikidata": "Q5615874",
          "building": "yes",
          "building:architecture": "georgian",
          "heritage": "2",
          "heritage:operator": "he",
          "heritage:website": "https://historicengland.org.uk/listing/the-list/list-entry/1396021",
          "listed_status": "Grade I",
          "name": "Guildhall",
          "ref:GB:nhle": "1396021",
          "start_date": "1778",
          "toilets:wheelchair": "yes",
          "wheelchair": "yes",
          "wheelchair:description": "Accessible entrance available inside the entrance to The Guildhall Market (to left of front of The Guildhall). There is a door with a buzzer which opens the door or calls for assistance. Outside opening hours for the market call 01225 477793.",
          "wikidata": "Q5615874",
          "wikipedia": "en:Guildhall, Bath"
        },
        "sitelinks": 5
      }
    },
    {
      "type": "Feature",
      "geometry": {
        "type": "Point",
        "coordinates": [
          -2.368082822222222,
          51.387489422222224
        ]
      },
      "properties": {
        "id": "osm:way:121115400",
        "source": "osm",
        "title": "London point of interest",
        "address": "16 Royal Crescent, Bath",
        "description": "",
        "categories": [
          "architecture",
          "historical"
        ],
        "primary_category": "historical",
        "interest_score": 88,
        "website": "",
        "wikipedia": "en:Royal Crescent",
        "wikidata": "Q2289728",
        "source_url": "https://www.openstreetmap.org/way/121115400",
        "fetched_at_utc": "2026-10-07T11:42:49+00:00",
        "query_key": "historic_sites",
        "tags": {
          "addr:city": "Bath",
          "addr:housenumber": "16",
          "addr:street": "Royal Crescent",
          "architect": "John Wood, the Younger",
          "architect:wikidata": "Q1534547",
          "building": "yes",
          "building:architecture": "georgian",
          "building:levels": "5",
          "heritage": "2",
          "heritage:operator": "he",
          "heritage:website": "https://historicengland.org.uk/listing/the-list/list-entry/1394736",
          "historic": "building",
          "listed_status": "Grade I",
          "ref:GB:nhle": "1394736",
          "wikidata": "Q2289728",
          "wikipedia": "en:Royal Crescent",
          "year_of_construction": "1767–1774"
        },
        "sitelinks": 20
      }
    },
    {
      "type": "Feature",
      "geometry": {
        "type": "Point",
        "coordinates": [
          -2.3670837000000002,
          51.386606640000004
        ]
      },
      "properties": {
        "id": "osm:way:121115396",
        "source": "osm",
        "title": "London point of interest",
        "address": "1 Royal Crescent, Bath",
        "description": "",
        "categories": [
          "architecture",
          "historical"
        ],
        "primary_category": "historical",
        "interest_score": 88,
        "website": "",
        "wikipedia": "en:Royal Crescent",
        "wikidata": "Q2289728",
        "source_url": "https://www.openstreetmap.org/way/121115396",
        "fetched_at_utc": "2026-10-07T11:42:49+00:00",
        "query_key": "heritage_sites",
        "tags": {
          "addr:city": "Bath",
          "addr:housenumber": "1",
          "addr:street": "Royal Crescent",
          "architect": "John Wood, the Younger",
          "architect:wikidata": "Q1534547",
          "building": "yes",
          "building:architecture": "georgian",
          "building:levels": "5",
          "heritage": "2",
          "heritage:operator": "he",
          "heritage:website": "https://historicengland.org.uk/listing/the-list/list-entry/1394736",
          "listed_status": "Grade I",
          "ref:GB:nhle": "1394736",
          "wikidata": "Q2289728",
          "wikipedia": "en:Royal Crescent",
          "year_of_construction": "1767–1774"
        },
        "sitelinks": 20
      }
    },
    {
      "type": "Feature",
      "geometry": {
        "type": "Point",
        "coordinates": [
          -2.3636860444444445,
          51.385484266666666
        ]
      },
      "properties": {
        "id": "osm:way:676607666",
        "source": "osm",
        "title": "London point of interest",
        "address": "30 The Circus, Bath",
        "description": "",
        "categories": [
          "architecture",
          "historical"
        ],
        "primary_category": "historical",
        "interest_score": 88,
        "website": "",
        "wikipedia": "en:The Circus, Bath",
        "wikidata": "Q893229",
        "source_url": "https://www.openstreetmap.org/way/676607666",
        "fetched_at_utc": "2026-10-07T11:42:49+00:00",
        "query_key": "heritage_sites",
        "tags": {
          "addr:city": "Bath",
          "addr:housenumber": "30",
          "addr:street": "The Circus",
          "architect": "John Wood the Elder",
          "architect:wikidata": "Q1389094",
          "building": "yes",
          "building:architecture": "georgian",
          "heritage": "2",
          "heritage:operator": "he",
          "heritage:website": "https://historicengland.org.uk/listing/the-list/list-entry/1394142",
          "listed_status": "Grade I",
          "ref:GB:nhle": "1394142",
          "start_date": "1754 / 1769",
          "wikidata": "Q893229",
          "wikipedia": "en:The Circus, Bath"
        },
        "sitelinks": 16
      }
    },
    {
      "type": "Feature",
      "geometry": {
        "type": "Point",
        "coordinates": [
          -2.3632697333333335,
          51.38576196666667
        ]
      },
      "properties": {
        "id": "osm:way:676607671",
        "source": "osm",
        "title": "London point of interest",
        "address": "The Circus, Bath",
        "description": "",
        "categories": [
          "architecture",
          "historical"
        ],
        "primary_category": "historical",
        "interest_score": 88,
        "website": "",
        "wikipedia": "en:The Circus, Bath",
        "wikidata": "Q893229",
        "source_url": "https://www.openstreetmap.org/way/676607671",
        "fetched_at_utc": "2026-10-07T11:42:49+00:00",
        "query_key": "heritage_sites",
        "tags": {
          "addr:city": "Bath",
          "addr:street": "The Circus",
          "architect": "John Wood the Elder",
          "architect:wikidata": "Q1389094",
          "building": "yes",
          "building:architecture": "georgian",
          "heritage": "2",
          "heritage:operator": "he",
          "heritage:website": "https://historicengland.org.uk/listing/the-list/list-entry/1394142",
          "listed_status": "Grade I",
          "ref:GB:nhle": "1394142",
          "start_date": "1754 / 1769",
          "wikidata": "Q893229",
          "wikipedia": "en:The Circus, Bath"
        },
        "sitelinks": 16
      }
    },
    {
      "type": "Feature",
      "geometry": {
        "type": "Point",
        "coordinates": [
          -2.3633081500000004,
          51.38614928333334
        ]
      },
      "properties": {
        "id": "osm:way:676607676",
        "source": "osm",
        "title": "London point of interest",
        "address": "20 The Circus, Bath",
        "description": "",
        "categories": [
          "architecture",
          "historical"
        ],
        "primary_category": "historical",
        "interest_score": 88,
        "website": "",
        "wikipedia": "en:The Circus, Bath",
        "wikidata": "Q893229",
        "source_url": "https://www.openstreetmap.org/way/676607676",
        "fetched_at_utc": "2026-10-07T11:42:49+00:00",
        "query_key": "heritage_sites",
        "tags": {
          "addr:city": "Bath",
          "addr:housenumber": "20",
          "addr:street": "The Circus",
          "architect": "John Wood the Elder",
          "architect:wikidata": "Q1389094",
          "building": "yes",
          "building:architecture": "georgian",
          "heritage": "2",
          "heritage:operator": "he",
          "heritage:website": "https://historicengland.org.uk/listing/the-list/list-entry/1394142",
          "listed_status": "Grade I",
          "ref:GB:nhle": "1394142",
          "start_date": "1754 / 1769",
          "wikidata": "Q893229",
          "wikipedia": "en:The Circus, Bath"
        },
        "sitelinks": 16
      }
    },
    {
      "type": "Feature",
      "geometry": {
        "type": "Point",
        "coordinates": [
          -2.363747314285714,
          51.38638684285714
        ]
      },
      "properties": {
        "id": "osm:way:676607680",
        "source": "osm",
        "title": "London point of interest",
        "address": "The Circus, Bath",
        "description": "",
        "categories": [
          "architecture",
          "historical"
        ],
        "primary_category": "historical",
        "interest_score": 88,
        "website": "",
        "wikipedia": "en:The Circus, Bath",
        "wikidata": "Q893229",
        "source_url": "https://www.openstreetmap.org/way/676607680",
        "fetched_at_utc": "2026-10-07T11:42:49+00:00",
        "query_key": "heritage_sites",
        "tags": {
          "addr:city": "Bath",
          "addr:street": "The Circus",
          "architect": "John Wood the Elder",
          "architect:wikidata": "Q1389094",
          "building": "yes",
          "building:architecture": "georgian",
          "heritage": "2",
          "heritage:operator": "he",
          "heritage:website": "https://historicengland.org.uk/listing/the-list/list-entry/1394142",
          "listed_status": "Grade I",
          "ref:GB:nhle": "1394142",
          "start_date": "1754 / 1769",
          "wikidata": "Q893229",
          "wikipedia": "en:The Circus, Bath"
        },
        "sitelinks": 16
      }
    },
    {
      "type": "Feature",
      "geometry": {
        "type": "Point",
        "coordinates": [
          -2.3642741500000004,
          51.38641236666666
        ]
      },
      "properties": {
        "id": "osm:way:676607684",
        "source": "osm",
        "title": "London point of interest",
        "address": "The Circus, Bath",
        "description": "",
        "categories": [
          "architecture",
          "historical"
        ],
        "primary_category": "historical",
        "interest_score": 88,
        "website": "",
        "wikipedia": "en:The Circus, Bath",
        "wikidata": "Q893229",
        "source_url": "https://www.openstreetmap.org/way/676607684",
        "fetched_at_utc": "2026-10-07T11:42:49+00:00",
        "query_key": "heritage_sites",
        "tags": {
          "addr:city": "Bath",
          "addr:street": "The Circus",
          "architect": "John Wood the Elder",
          "architect:wikidata": "Q1389094",
          "building": "yes",
          "building:architecture": "georgian",
          "heritage": "2",
          "heritage:operator": "he",
          "heritage:website": "https://historicengland.org.uk/listing/the-list/list-entry/1394142",
          "listed_status": "Grade I",
          "ref:GB:nhle": "1394142",
          "start_date": "1754 / 1769",
          "wikidata": "Q893229",
          "wikipedia": "en:The Circus, Bath"
        },
        "sitelinks": 16
      }
    },
    {
      "type": "Feature",
      "geometry": {
        "type": "Point",
        "coordinates": [
          -2.3648741125,
          51.385886112499996
        ]
      },
      "properties": {
        "id": "osm:way:676607708",
        "source": "osm",
        "title": "London point of interest",
        "address": "The Circus, Bath",
        "description": "",
        "categories": [
          "architecture",
          "historical"
        ],
        "primary_category": "historical",
        "interest_score": 88,
        "website": "",
        "wikipedia": "en:The Circus, Bath",
        "wikidata": "Q893229",
        "source_url": "https://www.openstreetmap.org/way/676607708",
        "fetched_at_utc": "2026-10-07T11:42:49+00:00",
        "query_key": "heritage_sites",
        "tags": {
          "addr:city": "Bath",
          "addr:street": "The Circus",
          "architect": "John Wood the Elder",
          "architect:wikidata": "Q1389094",
          "building": "yes",
          "building:architecture": "georgian",
          "building:levels": "5",
          "heritage": "2",
          "heritage:operator": "he",
          "heritage:website": "https://historicengland.org.uk/listing/the-list/list-entry/1394142",
          "listed_status": "Grade I",
          "ref:GB:nhle": "1394142",
          "start_date": "1754 / 1769",
          "wikidata": "Q893229",
          "wikipedia": "en:The Circus, Bath"
        },
        "sitelinks": 16
      }
    },
    {
      "type": "Feature",
      "geometry": {
        "type": "Point",
        "coordinates": [
          -2.364670027272727,
          51.385591281818186
        ]
      },
      "properties": {
        "id": "osm:way:676607712",
        "source": "osm",
        "title": "London point of interest",
        "address": "The Circus, Bath",
        "description": "",
        "categories": [
          "architecture",
          "historical"
        ],
        "primary_category": "historical",
        "interest_score": 88,
        "website": "",
        "wikipedia": "en:The Circus, Bath",
        "wikidata": "Q893229",
        "source_url": "https://www.openstreetmap.org/way/676607712",
        "fetched_at_utc": "2026-10-07T11:42:49+00:00",
        "query_key": "heritage_sites",
        "tags": {
          "addr:city": "Bath",
          "addr:street": "The Circus",
          "architect": "John Wood the Elder",
          "architect:wikidata": "Q1389094",
          "building": "yes",
          "building:architecture": "georgian",
          "building:levels": "5",
          "heritage": "2",
          "heritage:operator": "he",
          "heritage:website": "https://historicengland.org.uk/listing/the-list/list-entry/1394142",
          "listed_status": "Grade I",
          "ref:GB:nhle": "1394142",
          "start_date": "1754 / 1769",
          "wikidata": "Q893229",
          "wikipedia": "en:The Circus, Bath"
        },
        "sitelinks": 16
      }
    },
    {
      "type": "Feature",
      "geometry": {
        "type": "Point",
        "coordinates": [
          -2.368682,
          51.38748656
        ]
      },
      "properties": {
        "id": "osm:way:678102928",
        "source": "osm",
        "title": "London point of interest",
        "address": "20 Royal Crescent, Bath",
        "description": "",
        "categories": [
          "architecture",
          "historical"
        ],
        "primary_category": "historical",
        "interest_score": 88,
        "website": "",
        "wikipedia": "en:Royal Crescent",
        "wikidata": "Q2289728",
        "source_url": "https://www.openstreetmap.org/way/678102928",
        "fetched_at_utc": "2026-10-07T11:42:49+00:00",
        "query_key": "heritage_sites",
        "tags": {
          "addr:city": "Bath",
          "addr:housenumber": "20",
          "addr:street": "Royal Crescent",
          "architect": "John Wood, the Younger",
          "architect:wikidata": "Q1534547",
          "building": "yes",
          "building:architecture": "georgian",
          "building:levels": "5",
          "heritage": "2",
          "heritage:operator": "he",
          "heritage:website": "https://historicengland.org.uk/listing/the-list/list-entry/1394736",
          "listed_status": "Grade I",
          "ref:GB:nhle": "1394736",
          "wikidata": "Q2289728",
          "wikipedia": "en:Royal Crescent",
          "year_of_construction": "1767–1774"
        },
        "sitelinks": 20
      }
    },
    {
      "type": "Feature",
      "geometry": {
        "type": "Point",
        "coordinates": [
          -2.36924332,
          51.3873776
        ]
      },
      "properties": {
        "id": "osm:way:678102933",
        "source": "osm",
        "title": "London point of interest",
        "address": "25 Royal Crescent, Bath",
        "description": "",
        "categories": [
          "architecture",
          "historical"
        ],
        "primary_category": "historical",
        "interest_score": 88,
        "website": "",
        "wikipedia": "en:Royal Crescent",
        "wikidata": "Q2289728",
        "source_url": "https://www.openstreetmap.org/way/678102933",
        "fetched_at_utc": "2026-10-07T11:42:49+00:00",
        "query_key": "heritage_sites",
        "tags": {
          "addr:city": "Bath",
          "addr:housenumber": "25",
          "addr:street": "Royal Crescent",
          "architect": "John Wood, the Younger",
          "architect:wikidata": "Q1534547",
          "building": "yes",
          "building:architecture": "georgian",
          "building:levels": "5",
          "heritage": "2",
          "heritage:operator": "he",
          "heritage:website": "https://historicengland.org.uk/listing/the-list/list-entry/1394736",
          "listed_status": "Grade I",
          "ref:GB:nhle": "1394736",
          "wikidata": "Q2289728",
          "wikipedia": "en:Royal Crescent",
          "year_of_construction": "1767–1774"
        },
        "sitelinks": 20
      }
    },
    {
      "type": "Feature",
      "geometry": {
        "type": "Point",
        "coordinates": [
          -2.36959874,
          51.38707939999999
        ]
      },
      "properties": {
        "id": "osm:way:678102938",
        "source": "osm",
        "title": "London point of interest",
        "address": "30 Royal Crescent, Bath",
        "description": "",
        "categories": [
          "historical",
          "architecture"
        ],
        "primary_category": "historical",
        "interest_score": 88,
        "website": "",
        "wikipedia": "en:Royal Crescent",
        "wikidata": "Q2289728",
        "source_url": "https://www.openstreetmap.org/way/678102938",
        "fetched_at_utc": "2026-10-07T11:42:49+00:00",
        "query_key": "heritage_sites",
        "tags": {
          "addr:city": "Bath",
          "addr:housenumber": "30",
          "addr:street": "Royal Crescent",
          "architect": "John Wood, the Younger",
          "architect:wikidata": "Q1534547",
          "building": "yes",
          "building:architecture": "georgian",
          "building:levels": "5",
          "heritage": "2",
          "heritage:operator": "he",
          "heritage:website": "https://historicengland.org.uk/listing/the-list/list-entry/1394736",
          "listed_status": "Grade I",
          "ref:GB:nhle": "1394736",
          "wikidata": "Q2289728",
          "wikipedia": "en:Royal Crescent",
          "year_of_construction": "1767–1774"
        },
        "sitelinks": 20
      }
    },
    {
      "type": "Feature",
      "geometry": {
        "type": "Point",
        "coordinates": [
          -2.3675656125,
          51.387367375
        ]
      },
      "properties": {
        "id": "osm:way:678102942",
        "source": "osm",
        "title": "London point of interest",
        "address": "12 Royal Crescent, Bath",
        "description": "",
        "categories": [
          "architecture",
          "historical"
        ],
        "primary_category": "historical",
        "interest_score": 88,
        "website": "",
        "wikipedia": "en:Royal Crescent",
        "wikidata": "Q2289728",
        "source_url": "https://www.openstreetmap.org/way/678102942",
        "fetched_at_utc": "2026-10-07T11:42:49+00:00",
        "query_key": "heritage_sites",
        "tags": {
          "addr:city": "Bath",
          "addr:housenumber": "12",
          "addr:street": "Royal Crescent",
          "architect": "John Wood, the Younger",
          "architect:wikidata": "Q1534547",
          "building": "yes",
          "building:architecture": "georgian",
          "building:levels": "5",
          "heritage": "2",
          "heritage:operator": "he",
          "heritage:website": "https://historicengland.org.uk/listing/the-list/list-entry/1394736",
          "listed_status": "Grade I",
          "ref:GB:nhle": "1394736",
          "wikidata": "Q2289728",
          "wikipedia": "en:Royal Crescent",
          "year_of_construction": "1767–1774"
        },
        "sitelinks": 20
      }
    },
    {
      "type": "Feature",
      "geometry": {
        "type": "Point",
        "coordinates": [
          -2.36718202,
          51.38706384000001
        ]
      },
      "properties": {
        "id": "osm:way:678102947",
        "source": "osm",
        "title": "London point of interest",
        "address": "7 Royal Crescent, Bath",
        "description": "",
        "categories": [
          "architecture",
          "historical"
        ],
        "primary_category": "historical",
        "interest_score": 88,
        "website": "",
        "wikipedia": "en:Royal Crescent",
        "wikidata": "Q2289728",
        "source_url": "https://www.openstreetmap.org/way/678102947",
        "fetched_at_utc": "2026-10-07T11:42:49+00:00",
        "query_key": "heritage_sites",
        "tags": {
          "addr:city": "Bath",
          "addr:housenumber": "7",
          "addr:street": "Royal Crescent",
          "architect": "John Wood, the Younger",
          "architect:wikidata": "Q1534547",
          "building": "yes",
          "building:architecture": "georgian",
          "building:levels": "5",
          "heritage": "2",
          "heritage:operator": "he",
          "heritage:website": "https://historicengland.org.uk/listing/the-list/list-entry/1394736",
          "listed_status": "Grade I",
          "ref:GB:nhle": "1394736",
          "wikidata": "Q2289728",
          "wikipedia": "en:Royal Crescent",
          "year_of_construction": "1767–1774"
        },
        "sitelinks": 20
      }
    },
    {
      "type": "Feature",
      "geometry": {
        "type": "Point",
        "coordinates": [
          -2.3641915076923077,
          51.38544226153847
        ]
      },
      "properties": {
        "id": "osm:way:845760964",
        "source": "osm",
        "title": "London point of interest",
        "address": "The Circus, Bath",
        "description": "",
        "categories": [
          "historical",
          "architecture"
        ],
        "primary_category": "historical",
        "interest_score": 88,
        "website": "",
        "wikipedia": "en:The Circus, Bath",
        "wikidata": "Q893229",
        "source_url": "https://www.openstreetmap.org/way/845760964",
        "fetched_at_utc": "2026-10-07T11:42:49+00:00",
        "query_key": "heritage_sites",
        "tags": {
          "addr:city": "Bath",
          "addr:street": "The Circus",
          "architect": "John Wood the Elder",
          "architect:wikidata": "Q1389094",
          "building": "yes",
          "building:architecture": "georgian",
          "building:levels": "5",
          "heritage": "2",
          "heritage:operator": "he",
          "heritage:website": "https://historicengland.org.uk/listing/the-list/list-entry/1394142",
          "listed_status": "Grade I",
          "ref:GB:nhle": "1394142",
          "start_date": "1754 / 1769",
          "wikidata": "Q893229",
          "wikipedia": "en:The Circus, Bath"
        },
        "sitelinks": 16
      }
    },
    {
      "type": "Feature",
      "geometry": {
        "type": "Point",
        "coordinates": [
          -2.357713063157895,
          51.382118084210525
        ]
      },
      "properties": {
        "id": "osm:way:373843916",
        "source": "osm",
        "title": "The Empire",
        "address": "Grand Parade, BA2 4DF",
        "description": "",
        "categories": [
          "historical",
          "architecture"
        ],
        "primary_category": "historical",
        "interest_score": 88,
        "website": "",
        "wikipedia": "en:Empire Hotel, Bath",
        "wikidata": "Q5374085",
        "source_url": "https://www.openstreetmap.org/way/373843916",
        "fetched_at_utc": "2026-10-07T11:42:49+00:00",
        "query_key": "heritage_sites",
        "tags": {
          "addr:postcode": "BA2 4DF",
          "addr:street": "Grand Parade",
          "architect": "Major C E Davis",
          "building": "residential",
          "heritage": "2",
          "heritage:operator": "he",
          "heritage:website": "https://historicengland.org.uk/listing/the-list/list-entry/1394205",
          "listed_status": "Grade II",
          "name": "The Empire",
          "ref:GB:nhle": "1394205",
          "start_date": "1901",
          "wikidata": "Q5374085",
          "wikipedia": "en:Empire Hotel, Bath"
        },
        "sitelinks": 2
      }
    },
    {
      "type": "Feature",
      "geometry": {
        "type": "Point",
        "coordinates": [
          -2.3595413874999998,
          51.38070373749999
        ]
      },
      "properties": {
        "id": "osm:way:373986073",
        "source": "osm",
        "title": "Bath World Heritage Centre",
        "address": "10 York Street, BA1 1NH",
        "description": "",
        "categories": [
          "museum",
          "historical",
          "cultural",
          "architecture"
        ],
        "primary_category": "museum",
        "interest_score": 86,
        "website": "https://www.bathworldheritage.org.uk/visit-bath-world-heritage-centre",
        "wikipedia": "",
        "wikidata": "",
        "source_url": "https://www.openstreetmap.org/way/373986073",
        "fetched_at_utc": "2026-10-07T11:42:49+00:00",
        "query_key": "museums",
        "tags": {
          "addr:housenumber": "10",
          "addr:postcode": "BA1 1NH",
          "addr:street": "York Street",
          "building": "yes",
          "fee": "no",
          "name": "Bath World Heritage Centre",
          "tourism": "museum",
          "website": "https://www.bathworldheritage.org.uk/visit-bath-world-heritage-centre"
        }
      }
    },
    {
      "type": "Feature",
      "geometry": {
        "type": "Point",
        "coordinates": [
          -2.36801523,
          51.38848986000001
        ]
      },
      "properties": {
        "id": "osm:way:123132736",
        "source": "osm",
        "title": "Hawes Whiston & Co.",
        "address": "38 Saint James's Square, Bath, BA1 2TU",
        "description": "",
        "categories": [
          "historical",
          "architecture"
        ],
        "primary_category": "historical",
        "interest_score": 85,
        "website": "https://haweswhiston.co.uk/",
        "wikipedia": "",
        "wikidata": "Q68202281",
        "source_url": "https://www.openstreetmap.org/way/123132736",
        "fetched_at_utc": "2026-10-07T11:42:49+00:00",
        "query_key": "heritage_sites",
        "tags": {
          "addr:city": "Bath",
          "addr:housenumber": "38",
          "addr:postcode": "BA1 2TU",
          "addr:street": "Saint James's Square",
          "amenity": "pharmacy",
          "architect": "John Palmer",
          "architect:wikidata": "Q6251801",
          "building": "retail",
          "building:architecture": "georgian",
          "building:levels": "5",
          "dispensing": "yes",
          "fhrs:id": "204725",
          "healthcare": "pharmacy",
          "heritage": "2",
          "heritage:operator": "he",
          "heritage:website": "https://historicengland.org.uk/listing/the-list/list-entry/1394851",
          "image": "https://commons.wikimedia.org/wiki/File:38-45_St_James%27s_Square,_Bath_-_geograph.org.uk_-_3818467.jpg",
          "listed_status": "Grade I",
          "name": "Hawes Whiston & Co.",
          "ref:GB:nhle": "1394851",
          "start_date": "1790",
          "website": "https://haweswhiston.co.uk/",
          "wheelchair": "no",
          "wheelchair:description": "2 steps",
          "wikidata": "Q68202281"
        },
        "sitelinks": 0
      }
    },
    {
      "type": "Feature",
      "geometry": {
        "type": "Point",
        "coordinates": [
          -2.3631022454545456,
          51.38399379999999
        ]
      },
      "properties": {
        "id": "osm:way:557083335",
        "source": "osm",
        "title": "Morgans",
        "address": "41 Gay Street, Bath, BA1 2NT",
        "description": "",
        "categories": [
          "historical",
          "architecture"
        ],
        "primary_category": "historical",
        "interest_score": 85,
        "website": "https://www.mfgl.com/",
        "wikipedia": "",
        "wikidata": "Q17526243",
        "source_url": "https://www.openstreetmap.org/way/557083335",
        "fetched_at_utc": "2026-10-07T11:42:49+00:00",
        "query_key": "heritage_sites",
        "tags": {
          "addr:city": "Bath",
          "addr:housenumber": "41",
          "addr:postcode": "BA1 2NT",
          "addr:street": "Gay Street",
          "building": "retail",
          "heritage": "2",
          "heritage:operator": "he",
          "heritage:website": "https://historicengland.org.uk/listing/the-list/list-entry/1395837",
          "image": "https://en.wikipedia.org/wiki/File:41_Gay_Street.jpg",
          "listed_status": "Grade I",
          "name": "Morgans",
          "office": "financial",
          "ref:GB:nhle": "1395837",
          "website": "https://www.mfgl.com/",
          "wikidata": "Q17526243"
        },
        "sitelinks": 0
      }
    },
    {
      "type": "Feature",
      "geometry": {
        "type": "Point",
        "coordinates": [
          -2.3658459900000004,
          51.38328621000001
        ]
      },
      "properties": {
        "id": "osm:way:123744529",
        "source": "osm",
        "title": "Bath Elim Church",
        "address": "Charlotte Street, Bath, BA1 2ND",
        "description": "",
        "categories": [
          "historical",
          "architecture",
          "religious"
        ],
        "primary_category": "historical",
        "interest_score": 84,
        "website": "https://www.elimbath.org/",
        "wikipedia": "",
        "wikidata": "Q17532556",
        "source_url": "https://www.openstreetmap.org/way/123744529",
        "fetched_at_utc": "2026-10-07T11:42:49+00:00",
        "query_key": "heritage_sites",
        "tags": {
          "addr:city": "Bath",
          "addr:postcode": "BA1 2ND",
          "addr:street": "Charlotte Street",
          "amenity": "place_of_worship",
          "building": "church",
          "denomination": "pentecostal",
          "heritage": "2",
          "heritage:operator": "he",
          "heritage:website": "https://historicengland.org.uk/listing/the-list/list-entry/1395580",
          "listed_status": "Grade II*",
          "name": "Bath Elim Church",
          "ref:GB:nhle": "1395580",
          "religion": "christian",
          "website": "https://www.elimbath.org/",
          "wheelchair": "no",
          "wikidata": "Q17532556"
        },
        "sitelinks": 0
      }
    },
    {
      "type": "Feature",
      "geometry": {
        "type": "Point",
        "coordinates": [
          -2.3567441181818185,
          51.37884836363635
        ]
      },
      "properties": {
        "id": "osm:way:96231073",
        "source": "osm",
        "title": "Manvers Street Baptist Church",
        "address": "Manvers Street, BA1 1JW",
        "description": "",
        "categories": [
          "historical",
          "architecture",
          "religious"
        ],
        "primary_category": "historical",
        "interest_score": 84,
        "website": "https://manversstreetbaptist.wordpress.com/home/",
        "wikipedia": "",
        "wikidata": "Q26688925",
        "source_url": "https://www.openstreetmap.org/way/96231073",
        "fetched_at_utc": "2026-10-07T11:42:49+00:00",
        "query_key": "heritage_sites",
        "tags": {
          "addr:postcode": "BA1 1JW",
          "addr:street": "Manvers Street",
          "amenity": "place_of_worship",
          "building": "church",
          "denomination": "baptist",
          "heritage": "2",
          "heritage:operator": "he",
          "heritage:website": "https://historicengland.org.uk/listing/the-list/list-entry/1395639",
          "listed_status": "Grade II",
          "name": "Manvers Street Baptist Church",
          "ref:GB:nhle": "1395639",
          "religion": "christian",
          "start_date": "1872",
          "toilets:wheelchair": "yes",
          "website": "https://manversstreetbaptist.wordpress.com/home/",
          "wheelchair": "yes",
          "wikidata": "Q26688925"
        },
        "sitelinks": 0
      }
    },
    {
      "type": "Feature",
      "geometry": {
        "type": "Point",
        "coordinates": [
          -2.357689755555556,
          51.38955938888889
        ]
      },
      "properties": {
        "id": "osm:way:118037728",
        "source": "osm",
        "title": "Walcot Methodist Chapel",
        "address": "London Road, Bath, BA1 5DA",
        "description": "",
        "categories": [
          "historical",
          "architecture",
          "religious"
        ],
        "primary_category": "historical",
        "interest_score": 84,
        "website": "https://bathmethodists.org.uk/",
        "wikipedia": "",
        "wikidata": "Q26673884",
        "source_url": "https://www.openstreetmap.org/way/118037728",
        "fetched_at_utc": "2026-10-07T11:42:49+00:00",
        "query_key": "heritage_sites",
        "tags": {
          "addr:city": "Bath",
          "addr:housename": "Walcot Methodist Chapel",
          "addr:postcode": "BA1 5DA",
          "addr:street": "London Road",
          "addr:terrace": "Nelson Place East",
          "amenity": "place_of_worship",
          "building": "church",
          "denomination": "methodist",
          "fhrs:id": "1267407",
          "heritage": "2",
          "heritage:operator": "he",
          "heritage:website": "https://historicengland.org.uk/listing/the-list/list-entry/1394841",
          "listed_status": "Grade II",
          "name": "Walcot Methodist Chapel",
          "ref:GB:nhle": "1394841",
          "religion": "christian",
          "service_times": "Su 10:30",
          "start_date": "1815",
          "website": "https://bathmethodists.org.uk/",
          "wheelchair": "limited",
          "wikidata": "Q26673884"
        },
        "sitelinks": 0
      }
    },
    {
      "type": "Feature",
      "geometry": {
        "type": "Point",
        "coordinates": [
          -2.3636027,
          51.3834161
        ]
      },
      "properties": {
        "id": "osm:node:293438193",
        "source": "osm",
        "title": "Queen Square Obelisk",
        "address": "Bath",
        "description": "",
        "categories": [
          "historical",
          "architecture",
          "memorial"
        ],
        "primary_category": "historical",
        "interest_score": 80,
        "website": "",
        "wikipedia": "",
        "wikidata": "Q116957694",
        "source_url": "https://www.openstreetmap.org/node/293438193",
        "fetched_at_utc": "2026-10-07T11:42:49+00:00",
        "query_key": "historic_sites",
        "tags": {
          "addr:city": "Bath",
          "heritage": "2",
          "heritage:operator": "he",
          "heritage:website": "https://historicengland.org.uk/listing/the-list/list-entry/1394569",
          "historic": "memorial",
          "listed_status": "Grade II*",
          "memorial": "obelisk",
          "name": "Queen Square Obelisk",
          "ref:GB:nhle": "1394569",
          "wikidata": "Q116957694"
        },
        "sitelinks": 0
      }
    },
    {
      "type": "Feature",
      "geometry": {
        "type": "Point",
        "coordinates": [
          -2.357746342857143,
          51.383171742857144
        ]
      },
      "properties": {
        "id": "osm:way:373843889",
        "source": "osm",
        "title": "Flapjackery",
        "address": "8 Pulteney Bridge, BA2 4AX",
        "description": "",
        "categories": [
          "historical",
          "architecture"
        ],
        "primary_category": "historical",
        "interest_score": 78,
        "website": "https://www.bathrugby.com/tickets/",
        "wikipedia": "",
        "wikidata": "Q96197285",
        "source_url": "https://www.openstreetmap.org/way/373843889",
        "fetched_at_utc": "2026-10-07T11:42:49+00:00",
        "query_key": "heritage_sites",
        "tags": {
          "addr:housenumber": "8",
          "addr:postcode": "BA2 4AX",
          "addr:street": "Pulteney Bridge",
          "building": "retail",
          "cuisine": "flapjack",
          "fhrs:id": "1894229",
          "heritage": "2",
          "heritage:operator": "he",
          "heritage:website": "https://historicengland.org.uk/listing/the-list/list-entry/1394515",
          "layer": "1",
          "listed_status": "Grade I",
          "name": "Flapjackery",
          "ref:GB:nhle": "1394515",
          "shop": "bakery",
          "website": "https://www.bathrugby.com/tickets/",
          "wikidata": "Q96197285"
        },
        "sitelinks": 0
      }
    },
    {
      "type": "Feature",
      "geometry": {
        "type": "Point",
        "coordinates": [
          -2.35810838,
          51.38302912
        ]
      },
      "properties": {
        "id": "osm:way:373843938",
        "source": "osm",
        "title": "Icarus Jewellery",
        "address": "3 Pulteney Bridge, BA2 4AX",
        "description": "",
        "categories": [
          "historical",
          "architecture"
        ],
        "primary_category": "historical",
        "interest_score": 78,
        "website": "https://icarusjewellery.com/",
        "wikipedia": "",
        "wikidata": "Q96197285",
        "source_url": "https://www.openstreetmap.org/way/373843938",
        "fetched_at_utc": "2026-10-07T11:42:49+00:00",
        "query_key": "heritage_sites",
        "tags": {
          "addr:housenumber": "3",
          "addr:postcode": "BA2 4AX",
          "addr:street": "Pulteney Bridge",
          "building": "retail",
          "heritage": "2",
          "heritage:operator": "he",
          "heritage:website": "https://historicengland.org.uk/listing/the-list/list-entry/1394515",
          "layer": "1",
          "listed_status": "Grade I",
          "name": "Icarus Jewellery",
          "opening_hours": "Mo-Fr 09:30-17:30; Sa 09:30-18:00; Su 10:00-17:00",
          "ref:GB:nhle": "1394515",
          "shop": "jewelry",
          "website": "https://icarusjewellery.com/",
          "wikidata": "Q96197285"
        },
        "sitelinks": 0
      }
    },
    {
      "type": "Feature",
      "geometry": {
        "type": "Point",
        "coordinates": [
          -2.357715,
          51.383031519999996
        ]
      },
      "properties": {
        "id": "osm:way:373843904",
        "source": "osm",
        "title": "Nigel Dando",
        "address": "11 Pulteney Bridge, BA2 4AY",
        "description": "",
        "categories": [
          "historical",
          "architecture"
        ],
        "primary_category": "historical",
        "interest_score": 78,
        "website": "https://nigeldando.co.uk/",
        "wikipedia": "",
        "wikidata": "Q96197295",
        "source_url": "https://www.openstreetmap.org/way/373843904",
        "fetched_at_utc": "2026-10-07T11:42:49+00:00",
        "query_key": "heritage_sites",
        "tags": {
          "addr:housenumber": "11",
          "addr:postcode": "BA2 4AY",
          "addr:street": "Pulteney Bridge",
          "building": "retail",
          "heritage": "2",
          "heritage:operator": "he",
          "heritage:website": "https://historicengland.org.uk/listing/the-list/list-entry/1394516",
          "layer": "1",
          "listed_status": "Grade I",
          "name": "Nigel Dando",
          "ref:GB:nhle": "1394516",
          "shop": "jewelry",
          "website": "https://nigeldando.co.uk/",
          "wikidata": "Q96197295"
        },
        "sitelinks": 0
      }
    },
    {
      "type": "Feature",
      "geometry": {
        "type": "Point",
        "coordinates": [
          -2.3578713000000002,
          51.38297532
        ]
      },
      "properties": {
        "id": "osm:way:50600955",
        "source": "osm",
        "title": "Pulteney Bridge Flowers",
        "address": "14 Pulteney Bridge, BA2 4AY",
        "description": "",
        "categories": [
          "historical",
          "architecture"
        ],
        "primary_category": "historical",
        "interest_score": 78,
        "website": "https://www.pulteneybridgeflowers.co.uk/",
        "wikipedia": "",
        "wikidata": "Q96197295",
        "source_url": "https://www.openstreetmap.org/way/50600955",
        "fetched_at_utc": "2026-10-07T11:42:49+00:00",
        "query_key": "heritage_sites",
        "tags": {
          "addr:housenumber": "14",
          "addr:postcode": "BA2 4AY",
          "addr:street": "Pulteney Bridge",
          "building": "retail",
          "heritage": "2",
          "heritage:operator": "he",
          "heritage:website": "https://historicengland.org.uk/listing/the-list/list-entry/1394516",
          "layer": "1",
          "listed_status": "Grade I",
          "name": "Pulteney Bridge Flowers",
          "ref:GB:nhle": "1394516",
          "shop": "florist",
          "website": "https://www.pulteneybridgeflowers.co.uk/",
          "wheelchair": "no",
          "wheelchair:description": "there are no steps into the store, but shop itself is not accessible to a wheelchair",
          "wikidata": "Q96197295"
        },
        "sitelinks": 0
      }
    },
    {
      "type": "Feature",
      "geometry": {
        "type": "Point",
        "coordinates": [
          -2.3578247,
          51.383145279999994
        ]
      },
      "properties": {
        "id": "osm:way:373843887",
        "source": "osm",
        "title": "Pulteney Kitchen",
        "address": "7 Pulteney Bridge, BA2 4AX",
        "description": "",
        "categories": [
          "historical",
          "architecture"
        ],
        "primary_category": "historical",
        "interest_score": 78,
        "website": "https://www.pulteneykitchen.co.uk/",
        "wikipedia": "",
        "wikidata": "Q96197285",
        "source_url": "https://www.openstreetmap.org/way/373843887",
        "fetched_at_utc": "2026-10-07T11:42:49+00:00",
        "query_key": "heritage_sites",
        "tags": {
          "addr:housenumber": "7",
          "addr:postcode": "BA2 4AX",
          "addr:street": "Pulteney Bridge",
          "amenity": "cafe",
          "building": "retail",
          "fhrs:id": "972724",
          "heritage": "2",
          "heritage:operator": "he",
          "heritage:website": "https://historicengland.org.uk/listing/the-list/list-entry/1394515",
          "layer": "1",
          "listed_status": "Grade I",
          "name": "Pulteney Kitchen",
          "ref:GB:nhle": "1394515",
          "website": "https://www.pulteneykitchen.co.uk/",
          "wheelchair": "limited",
          "wikidata": "Q96197285"
        },
        "sitelinks": 0
      }
    },
    {
      "type": "Feature",
      "geometry": {
        "type": "Point",
        "coordinates": [
          -2.3554482642857146,
          51.38845172142857
        ]
      },
      "properties": {
        "id": "osm:way:124809784",
        "source": "osm",
        "title": "Saint John's",
        "address": "Saint John's Road, Bath, BA2 6PT",
        "description": "",
        "categories": [
          "historical",
          "architecture",
          "religious"
        ],
        "primary_category": "historical",
        "interest_score": 78,
        "website": "",
        "wikipedia": "",
        "wikidata": "Q26675547",
        "source_url": "https://www.openstreetmap.org/way/124809784",
        "fetched_at_utc": "2026-10-07T11:42:49+00:00",
        "query_key": "heritage_sites",
        "tags": {
          "addr:city": "Bath",
          "addr:postcode": "BA2 6PT",
          "addr:street": "Saint John's Road",
          "amenity": "place_of_worship",
          "building": "church",
          "building:architecture": "neo-gothic",
          "denomination": "anglican",
          "diocese": "Diocese of Bath and Wells",
          "heritage": "2",
          "heritage:operator": "he",
          "heritage:website": "https://historicengland.org.uk/listing/the-list/list-entry/1402509",
          "listed_status": "Grade II",
          "name": "Saint John's",
          "ref:GB:nhle": "1402509",
          "religion": "christian",
          "start_date": "1860",
          "wheelchair": "no",
          "wheelchair:description": "Steps to all entrances",
          "wikidata": "Q26675547"
        },
        "sitelinks": 0
      }
    },
    {
      "type": "Feature",
      "geometry": {
        "type": "Point",
        "coordinates": [
          -2.35765556,
          51.38305374
        ]
      },
      "properties": {
        "id": "osm:way:373843912",
        "source": "osm",
        "title": "Salcombe Dairy",
        "address": "9-10 Pulteney Bridge, BA2 4AY",
        "description": "",
        "categories": [
          "historical",
          "architecture"
        ],
        "primary_category": "historical",
        "interest_score": 78,
        "website": "https://salcombedairy.co.uk/pages/visit-us",
        "wikipedia": "",
        "wikidata": "Q96197295",
        "source_url": "https://www.openstreetmap.org/way/373843912",
        "fetched_at_utc": "2026-10-07T11:42:49+00:00",
        "query_key": "heritage_sites",
        "tags": {
          "addr:housenumber": "9-10",
          "addr:postcode": "BA2 4AY",
          "addr:street": "Pulteney Bridge",
          "building": "retail",
          "fhrs:id": "1845311",
          "heritage": "2",
          "heritage:operator": "he",
          "heritage:website": "https://historicengland.org.uk/listing/the-list/list-entry/1394516",
          "layer": "1",
          "listed_status": "Grade I",
          "name": "Salcombe Dairy",
          "phone": "+44 1225 446097",
          "ref:GB:nhle": "1394516",
          "shop": "ice_cream",
          "website": "https://salcombedairy.co.uk/pages/visit-us",
          "wikidata": "Q96197295"
        },
        "sitelinks": 0
      }
    },
    {
      "type": "Feature",
      "geometry": {
        "type": "Point",
        "coordinates": [
          -2.35812982,
          51.38125364
        ]
      },
      "properties": {
        "id": "osm:way:118053405",
        "source": "osm",
        "title": "Seventh-Day Adventist Church",
        "address": "Bath",
        "description": "",
        "categories": [
          "historical",
          "architecture",
          "religious"
        ],
        "primary_category": "historical",
        "interest_score": 78,
        "website": "",
        "wikipedia": "",
        "wikidata": "Q26673180",
        "source_url": "https://www.openstreetmap.org/way/118053405",
        "fetched_at_utc": "2026-10-07T11:42:49+00:00",
        "query_key": "heritage_sites",
        "tags": {
          "addr:city": "Bath",
          "amenity": "place_of_worship",
          "building": "church",
          "building:name": "Orange Grove Hall",
          "denomination": "seventh_day_adventist",
          "heritage": "2",
          "heritage:operator": "he",
          "heritage:website": "https://historicengland.org.uk/listing/the-list/list-entry/1394058",
          "listed_status": "Grade II",
          "name": "Seventh-Day Adventist Church",
          "ref:GB:nhle": "1394058",
          "religion": "christian",
          "source:geometry": "Bing",
          "wheelchair": "no",
          "wheelchair:description": "Step over 70cm",
          "wikidata": "Q26673180"
        },
        "sitelinks": 0
      }
    },
    {
      "type": "Feature",
      "geometry": {
        "type": "Point",
        "coordinates": [
          -2.3649734533333335,
          51.38827142
        ]
      },
      "properties": {
        "id": "osm:way:120016615",
        "source": "osm",
        "title": "St Mary's",
        "address": "Julian Road, Bath, BA1 2RG",
        "description": "",
        "categories": [
          "historical",
          "architecture",
          "religious"
        ],
        "primary_category": "historical",
        "interest_score": 78,
        "website": "",
        "wikipedia": "",
        "wikidata": "Q26674754",
        "source_url": "https://www.openstreetmap.org/way/120016615",
        "fetched_at_utc": "2026-10-07T11:42:49+00:00",
        "query_key": "heritage_sites",
        "tags": {
          "addr:city": "Bath",
          "addr:postcode": "BA1 2RG",
          "addr:street": "Julian Road",
          "amenity": "place_of_worship",
          "building": "church",
          "denomination": "roman_catholic",
          "disused:fhrs:id": "939223",
          "heritage": "2",
          "heritage:operator": "he",
          "heritage:website": "https://historicengland.org.uk/listing/the-list/list-entry/1395928",
          "listed_status": "Grade II",
          "name": "St Mary's",
          "ref:GB:nhle": "1395928",
          "religion": "christian",
          "start_date": "1881",
          "wheelchair": "yes",
          "wikidata": "Q26674754"
        },
        "sitelinks": 0
      }
    },
    {
      "type": "Feature",
      "geometry": {
        "type": "Point",
        "coordinates": [
          -2.3611812500000005,
          51.380169307142864
        ]
      },
      "properties": {
        "id": "osm:way:197062471",
        "source": "osm",
        "title": "The Gainsborough Bath Spa",
        "address": "Beau Street, Bath, BA1 1QY",
        "description": "",
        "categories": [
          "historical",
          "architecture"
        ],
        "primary_category": "historical",
        "interest_score": 78,
        "website": "https://www.thegainsboroughbathspa.co.uk/",
        "wikipedia": "",
        "wikidata": "Q26673456",
        "source_url": "https://www.openstreetmap.org/way/197062471",
        "fetched_at_utc": "2026-10-07T11:42:49+00:00",
        "query_key": "heritage_sites",
        "tags": {
          "addr:city": "Bath",
          "addr:postcode": "BA1 1QY",
          "addr:street": "Beau Street",
          "brand": "Hilton",
          "brand:wikidata": "Q598884",
          "building": "hotel",
          "disused:fhrs:id": "833870",
          "heritage": "2",
          "heritage:operator": "he",
          "name": "The Gainsborough Bath Spa",
          "tourism": "hotel",
          "website": "https://www.thegainsboroughbathspa.co.uk/",
          "wheelchair": "yes",
          "wheelchair:description": "Permanent ramp available on side street via restaurant. Lifts on all floors",
          "wikidata": "Q26673456"
        },
        "sitelinks": 0
      }
    },
    {
      "type": "Feature",
      "geometry": {
        "type": "Point",
        "coordinates": [
          -2.35802816,
          51.381391380000004
        ]
      },
      "properties": {
        "id": "osm:way:373986074",
        "source": "osm",
        "title": "The Mad Hatter's Tea Party",
        "address": "5 Orange Grove, Bath, BA1 1LP",
        "description": "",
        "categories": [
          "historical",
          "architecture"
        ],
        "primary_category": "historical",
        "interest_score": 78,
        "website": "https://www.madhattersbath.co.uk/",
        "wikipedia": "",
        "wikidata": "Q26675041",
        "source_url": "https://www.openstreetmap.org/way/373986074",
        "fetched_at_utc": "2026-10-07T11:42:49+00:00",
        "query_key": "heritage_sites",
        "tags": {
          "addr:city": "Bath",
          "addr:housenumber": "5",
          "addr:postcode": "BA1 1LP",
          "addr:street": "Orange Grove",
          "amenity": "cafe",
          "building": "retail",
          "fhrs:id": "1813875",
          "heritage": "2",
          "heritage:operator": "he",
          "heritage:website": "https://historicengland.org.uk/listing/the-list/list-entry/1396243",
          "listed_status": "Grade II",
          "name": "The Mad Hatter's Tea Party",
          "ref:GB:nhle": "1396243",
          "toilets:wheelchair": "no",
          "website": "https://www.madhattersbath.co.uk/",
          "wheelchair": "yes",
          "wikidata": "Q26675041"
        },
        "sitelinks": 0
      }
    },
    {
      "type": "Feature",
      "geometry": {
        "type": "Point",
        "coordinates": [
          -2.3577667,
          51.38301302
        ]
      },
      "properties": {
        "id": "osm:way:373843918",
        "source": "osm",
        "title": "The Mosaic Shop",
        "address": "12 Pulteney Bridge, BA2 4AY",
        "description": "",
        "categories": [
          "historical",
          "architecture"
        ],
        "primary_category": "historical",
        "interest_score": 78,
        "website": "https://www.themosaicshop.co.uk/",
        "wikipedia": "",
        "wikidata": "Q96197295",
        "source_url": "https://www.openstreetmap.org/way/373843918",
        "fetched_at_utc": "2026-10-07T11:42:49+00:00",
        "query_key": "heritage_sites",
        "tags": {
          "addr:housenumber": "12",
          "addr:postcode": "BA2 4AY",
          "addr:street": "Pulteney Bridge",
          "building": "retail",
          "heritage": "2",
          "heritage:operator": "he",
          "heritage:website": "https://historicengland.org.uk/listing/the-list/list-entry/1394516",
          "layer": "1",
          "listed_status": "Grade I",
          "name": "The Mosaic Shop",
          "ref:GB:nhle": "1394516",
          "shop": "art",
          "website": "https://www.themosaicshop.co.uk/",
          "wikidata": "Q96197295"
        },
        "sitelinks": 0
      }
    },
    {
      "type": "Feature",
      "geometry": {
        "type": "Point",
        "coordinates": [
          -2.3578961,
          51.383109360000006
        ]
      },
      "properties": {
        "id": "osm:way:373843920",
        "source": "osm",
        "title": "Up to Seven",
        "address": "6 Pulteney Bridge, BA2 4AX",
        "description": "",
        "categories": [
          "historical",
          "architecture"
        ],
        "primary_category": "historical",
        "interest_score": 78,
        "website": "https://www.uptoseven.co.uk/",
        "wikipedia": "",
        "wikidata": "Q96197285",
        "source_url": "https://www.openstreetmap.org/way/373843920",
        "fetched_at_utc": "2026-10-07T11:42:49+00:00",
        "query_key": "heritage_sites",
        "tags": {
          "addr:housenumber": "6",
          "addr:postcode": "BA2 4AX",
          "addr:street": "Pulteney Bridge",
          "building": "retail",
          "heritage": "2",
          "heritage:operator": "he",
          "heritage:website": "https://historicengland.org.uk/listing/the-list/list-entry/1394515",
          "layer": "1",
          "listed_status": "Grade I",
          "name": "Up to Seven",
          "ref:GB:nhle": "1394515",
          "shop": "clothes",
          "website": "https://www.uptoseven.co.uk/",
          "wikidata": "Q96197285"
        },
        "sitelinks": 0
      }
    },
    {
      "type": "Feature",
      "geometry": {
        "type": "Point",
        "coordinates": [
          -2.3582192625000005,
          51.3829965
        ]
      },
      "properties": {
        "id": "osm:way:50600953",
        "source": "osm",
        "title": "Wadswick",
        "address": "1-2 Pulteney Bridge, BA2 4AX",
        "description": "",
        "categories": [
          "historical",
          "architecture"
        ],
        "primary_category": "historical",
        "interest_score": 78,
        "website": "https://www.wadswick.co.uk/",
        "wikipedia": "",
        "wikidata": "Q96197285",
        "source_url": "https://www.openstreetmap.org/way/50600953",
        "fetched_at_utc": "2026-10-07T11:42:49+00:00",
        "query_key": "heritage_sites",
        "tags": {
          "addr:housenumber": "1-2",
          "addr:postcode": "BA2 4AX",
          "addr:street": "Pulteney Bridge",
          "building": "retail",
          "heritage": "2",
          "heritage:operator": "he",
          "heritage:website": "https://historicengland.org.uk/listing/the-list/list-entry/1394515",
          "layer": "1",
          "listed_status": "Grade I",
          "name": "Wadswick",
          "opening_hours": "Mo-Sa 09:30-17:30; Su 10:30-16:30",
          "ref:GB:nhle": "1394515",
          "shop": "clothes",
          "website": "https://www.wadswick.co.uk/",
          "wheelchair": "limited",
          "wheelchair:description": "fly fishing is only accessible by steps",
          "wikidata": "Q96197285"
        },
        "sitelinks": 0
      }
    },
    {
      "type": "Feature",
      "geometry": {
        "type": "Point",
        "coordinates": [
          -2.35842475,
          51.38823843571429
        ]
      },
      "properties": {
        "id": "osm:way:74553265",
        "source": "osm",
        "title": "Walcot Chapel",
        "address": "Walcot Gate, BA1 5UG",
        "description": "",
        "categories": [
          "historical",
          "architecture"
        ],
        "primary_category": "historical",
        "interest_score": 78,
        "website": "https://www.bathnes.gov.uk/sites/default/files/hiring_walcot_chapel.pdf",
        "wikipedia": "",
        "wikidata": "Q26674512",
        "source_url": "https://www.openstreetmap.org/way/74553265",
        "fetched_at_utc": "2026-10-07T11:42:49+00:00",
        "query_key": "heritage_sites",
        "tags": {
          "addr:postcode": "BA1 5UG",
          "addr:street": "Walcot Gate",
          "alt_name": "Walcot Village Hall",
          "amenity": "community_hall",
          "building": "yes",
          "heritage": "2",
          "heritage:operator": "Historic England",
          "listed_status": "Grade II",
          "name": "Walcot Chapel",
          "owner": "Bath & North East Somerset Council",
          "source:listed_status": "https://historicengland.org.uk/listing/the-list/list-entry/1395538",
          "website": "https://www.bathnes.gov.uk/sites/default/files/hiring_walcot_chapel.pdf",
          "wheelchair": "yes",
          "wikidata": "Q26674512"
        },
        "sitelinks": 0
      }
    },
    {
      "type": "Feature",
      "geometry": {
        "type": "Point",
        "coordinates": [
          -2.3632109375,
          51.381880525
        ]
      },
      "properties": {
        "id": "osm:way:120981274",
        "source": "osm",
        "title": "The Egg",
        "address": "St Johns Place, BA1 1ET",
        "description": "",
        "categories": [
          "cultural",
          "architecture",
          "art"
        ],
        "primary_category": "cultural",
        "interest_score": 76,
        "website": "https://www.theatreroyal.org.uk/the-egg",
        "wikipedia": "en:The Egg, Bath",
        "wikidata": "Q7731625",
        "source_url": "https://www.openstreetmap.org/way/120981274",
        "fetched_at_utc": "2026-10-07T11:42:49+00:00",
        "query_key": "performance_and_literary",
        "tags": {
          "addr:postcode": "BA1 1ET",
          "addr:street": "St Johns Place",
          "amenity": "theatre",
          "building": "yes",
          "name": "The Egg",
          "note": "Part of the Theatre Royal: Performances for children, young people and their families",
          "toilets:wheelchair": "yes",
          "website": "https://www.theatreroyal.org.uk/the-egg",
          "wheelchair": "yes",
          "wikidata": "Q7731625",
          "wikipedia": "en:The Egg, Bath"
        },
        "sitelinks": 2
      }
    },
    {
      "type": "Feature",
      "geometry": {
        "type": "Point",
        "coordinates": [
          -2.3615288199999998,
          51.37914790666667
        ]
      },
      "properties": {
        "id": "osm:way:197053687",
        "source": "osm",
        "title": "The Mission Theatre",
        "address": "32 Corn Street, Bath, BA1 1UF",
        "description": "",
        "categories": [
          "cultural",
          "architecture",
          "art"
        ],
        "primary_category": "cultural",
        "interest_score": 76,
        "website": "https://www.missiontheatre.co.uk/",
        "wikipedia": "en:Mission Theatre",
        "wikidata": "Q15253657",
        "source_url": "https://www.openstreetmap.org/way/197053687",
        "fetched_at_utc": "2026-10-07T11:42:49+00:00",
        "query_key": "performance_and_literary",
        "tags": {
          "addr:city": "Bath",
          "addr:housenumber": "32",
          "addr:postcode": "BA1 1UF",
          "addr:street": "Corn Street",
          "amenity": "theatre",
          "building": "yes",
          "fhrs:id": "1801622",
          "name": "The Mission Theatre",
          "website": "https://www.missiontheatre.co.uk/",
          "wheelchair": "no",
          "wikidata": "Q15253657",
          "wikipedia": "en:Mission Theatre"
        },
        "sitelinks": 2
      }
    },
    {
      "type": "Feature",
      "geometry": {
        "type": "Point",
        "coordinates": [
          -2.358914,
          51.381305
        ]
      },
      "properties": {
        "id": "osm:node:14054831133",
        "source": "osm",
        "title": "Discovery Centre",
        "address": "",
        "description": "Small museum within Bath Abbey about its history.",
        "categories": [
          "museum",
          "historical",
          "cultural"
        ],
        "primary_category": "museum",
        "interest_score": 75,
        "website": "",
        "wikipedia": "",
        "wikidata": "",
        "source_url": "https://www.openstreetmap.org/node/14054831133",
        "fetched_at_utc": "2026-10-07T11:42:49+00:00",
        "query_key": "museums",
        "tags": {
          "description": "Small museum within Bath Abbey about its history.",
          "fee": "yes",
          "museum": "history",
          "name": "Discovery Centre",
          "tourism": "museum"
        }
      }
    },
    {
      "type": "Feature",
      "geometry": {
        "type": "Point",
        "coordinates": [
          -2.35814528,
          51.38137238
        ]
      },
      "properties": {
        "id": "osm:way:373986075",
        "source": "osm",
        "title": "arcania",
        "address": "6-7 Orange Grove, Bath, BA1 1LP",
        "description": "",
        "categories": [
          "historical",
          "architecture"
        ],
        "primary_category": "historical",
        "interest_score": 72,
        "website": "",
        "wikipedia": "",
        "wikidata": "Q26675041",
        "source_url": "https://www.openstreetmap.org/way/373986075",
        "fetched_at_utc": "2026-10-07T11:42:49+00:00",
        "query_key": "heritage_sites",
        "tags": {
          "addr:city": "Bath",
          "addr:housenumber": "6-7",
          "addr:postcode": "BA1 1LP",
          "addr:street": "Orange Grove",
          "building": "retail",
          "check_date": "2021-01-18",
          "heritage": "2",
          "heritage:operator": "he",
          "heritage:website": "https://historicengland.org.uk/listing/the-list/list-entry/1396243",
          "listed_status": "Grade II",
          "name": "arcania",
          "ref:GB:nhle": "1396243",
          "shop": "gift",
          "wheelchair": "yes",
          "wikidata": "Q26675041"
        },
        "sitelinks": 0
      }
    },
    {
      "type": "Feature",
      "geometry": {
        "type": "Point",
        "coordinates": [
          -2.3643487833333334,
          51.38315983333333
        ]
      },
      "properties": {
        "id": "osm:way:595235845",
        "source": "osm",
        "title": "Bath Building Society",
        "address": "15 Queen Square, Bath",
        "description": "",
        "categories": [
          "historical",
          "architecture"
        ],
        "primary_category": "historical",
        "interest_score": 72,
        "website": "",
        "wikipedia": "",
        "wikidata": "Q17526040",
        "source_url": "https://www.openstreetmap.org/way/595235845",
        "fetched_at_utc": "2026-10-07T11:42:49+00:00",
        "query_key": "heritage_sites",
        "tags": {
          "addr:city": "Bath",
          "addr:housenumber": "15",
          "addr:street": "Queen Square",
          "building": "commercial",
          "heritage": "2",
          "heritage:operator": "he",
          "heritage:website": "https://historicengland.org.uk/listing/the-list/list-entry/1394559",
          "listed_status": "Grade I",
          "name": "Bath Building Society",
          "office": "company",
          "ref:GB:nhle": "1394559",
          "wikidata": "Q17526040"
        },
        "sitelinks": 0
      }
    },
    {
      "type": "Feature",
      "geometry": {
        "type": "Point",
        "coordinates": [
          -2.34855925,
          51.38758665
        ]
      },
      "properties": {
        "id": "osm:way:39901659",
        "source": "osm",
        "title": "Beckford Road",
        "address": "",
        "description": "",
        "categories": [
          "historical",
          "architecture"
        ],
        "primary_category": "historical",
        "interest_score": 72,
        "website": "",
        "wikipedia": "",
        "wikidata": "Q26673519",
        "source_url": "https://www.openstreetmap.org/way/39901659",
        "fetched_at_utc": "2026-10-07T11:42:49+00:00",
        "query_key": "heritage_sites",
        "tags": {
          "bridge": "yes",
          "cycleway:right": "lane",
          "cycleway:right:lane": "exclusive",
          "foot": "yes",
          "heritage": "yes",
          "highway": "trunk",
          "layer": "1",
          "maxspeed": "20 mph",
          "name": "Beckford Road",
          "ref": "A36",
          "source:name": "OS_OpenData_StreetView",
          "surface": "asphalt",
          "wikidata": "Q26673519"
        },
        "sitelinks": 0
      }
    },
    {
      "type": "Feature",
      "geometry": {
        "type": "Point",
        "coordinates": [
          -2.35793528,
          51.3813892
        ]
      },
      "properties": {
        "id": "osm:way:373843931",
        "source": "osm",
        "title": "Gift Shop",
        "address": "4 Orange Grove, Bath, BA1 1LP",
        "description": "",
        "categories": [
          "historical",
          "architecture"
        ],
        "primary_category": "historical",
        "interest_score": 72,
        "website": "",
        "wikipedia": "",
        "wikidata": "Q26675041",
        "source_url": "https://www.openstreetmap.org/way/373843931",
        "fetched_at_utc": "2026-10-07T11:42:49+00:00",
        "query_key": "heritage_sites",
        "tags": {
          "addr:city": "Bath",
          "addr:housenumber": "4",
          "addr:postcode": "BA1 1LP",
          "addr:street": "Orange Grove",
          "building": "retail",
          "heritage": "2",
          "heritage:operator": "he",
          "heritage:website": "https://historicengland.org.uk/listing/the-list/list-entry/1396243",
          "listed_status": "Grade II",
          "name": "Gift Shop",
          "ref:GB:nhle": "1396243",
          "shop": "gift",
          "wheelchair": "yes",
          "wikidata": "Q26675041"
        },
        "sitelinks": 0
      }
    },
    {
      "type": "Feature",
      "geometry": {
        "type": "Point",
        "coordinates": [
          -2.3578650199999998,
          51.38140450000001
        ]
      },
      "properties": {
        "id": "osm:way:478350383",
        "source": "osm",
        "title": "Hide of Bath",
        "address": "3 Orange Grove, Bath, BA1 1LP",
        "description": "",
        "categories": [
          "historical",
          "architecture"
        ],
        "primary_category": "historical",
        "interest_score": 72,
        "website": "",
        "wikipedia": "",
        "wikidata": "Q26675041",
        "source_url": "https://www.openstreetmap.org/way/478350383",
        "fetched_at_utc": "2026-10-07T11:42:49+00:00",
        "query_key": "heritage_sites",
        "tags": {
          "addr:city": "Bath",
          "addr:housenumber": "3",
          "addr:postcode": "BA1 1LP",
          "addr:street": "Orange Grove",
          "building": "retail",
          "facebook": "https://www.facebook.com/profile.php?id=100076675026942&locale=cy_GB",
          "heritage": "2",
          "heritage:operator": "he",
          "heritage:website": "https://historicengland.org.uk/listing/the-list/list-entry/1396243",
          "listed_status": "Grade II",
          "name": "Hide of Bath",
          "ref:GB:nhle": "1396243",
          "shop": "leather",
          "wheelchair": "yes",
          "wikidata": "Q26675041"
        },
        "sitelinks": 0
      }
    },
    {
      "type": "Feature",
      "geometry": {
        "type": "Point",
        "coordinates": [
          -2.3588514074074074,
          51.38699785555555
        ]
      },
      "properties": {
        "id": "osm:way:121675230",
        "source": "osm",
        "title": "Ladymead House",
        "address": "",
        "description": "",
        "categories": [
          "historical",
          "architecture"
        ],
        "primary_category": "historical",
        "interest_score": 72,
        "website": "",
        "wikipedia": "",
        "wikidata": "Q26674566",
        "source_url": "https://www.openstreetmap.org/way/121675230",
        "fetched_at_utc": "2026-10-07T11:42:49+00:00",
        "query_key": "heritage_sites",
        "tags": {
          "building": "yes",
          "heritage": "2",
          "heritage:operator": "Historic England",
          "listed_status": "Grade II",
          "name": "Ladymead House",
          "source:listed_status": "https://historicengland.org.uk/listing/the-list/list-entry/1395595",
          "wikidata": "Q26674566"
        },
        "sitelinks": 0
      }
    },
    {
      "type": "Feature",
      "geometry": {
        "type": "Point",
        "coordinates": [
          -2.3593192199999997,
          51.38160376
        ]
      },
      "properties": {
        "id": "osm:way:373343727",
        "source": "osm",
        "title": "London Camera Exchange",
        "address": "13 Cheap Street, Bath, BA1 1NA",
        "description": "",
        "categories": [
          "historical",
          "architecture"
        ],
        "primary_category": "historical",
        "interest_score": 72,
        "website": "",
        "wikipedia": "",
        "wikidata": "Q26674590",
        "source_url": "https://www.openstreetmap.org/way/373343727",
        "fetched_at_utc": "2026-10-07T11:42:49+00:00",
        "query_key": "heritage_sites",
        "tags": {
          "addr:city": "Bath",
          "addr:housenumber": "13",
          "addr:postcode": "BA1 1NA",
          "addr:street": "Cheap Street",
          "brand": "London Camera Exchange",
          "brand:wikidata": "Q84156395",
          "building": "retail;residential",
          "check_date": "2025-10-09",
          "heritage": "2",
          "heritage:operator": "he",
          "heritage:website": "https://historicengland.org.uk/listing/the-list/list-entry/1395619",
          "name": "London Camera Exchange",
          "ref:GB:nhle": "1395619",
          "shop": "camera",
          "wheelchair": "yes",
          "wikidata": "Q26674590"
        },
        "sitelinks": 0
      }
    },
    {
      "type": "Feature",
      "geometry": {
        "type": "Point",
        "coordinates": [
          -2.332983,
          51.39463015
        ]
      },
      "properties": {
        "id": "osm:way:2960864",
        "source": "osm",
        "title": "Meadow Lane",
        "address": "",
        "description": "",
        "categories": [
          "historical",
          "architecture"
        ],
        "primary_category": "historical",
        "interest_score": 72,
        "website": "",
        "wikipedia": "",
        "wikidata": "Q26408939",
        "source_url": "https://www.openstreetmap.org/way/2960864",
        "fetched_at_utc": "2026-10-07T11:42:49+00:00",
        "query_key": "heritage_sites",
        "tags": {
          "bridge": "yes",
          "bridge:name": "Candy's Bridge",
          "foot": "yes",
          "heritage": "yes",
          "highway": "unclassified",
          "lane_markings": "no",
          "layer": "1",
          "maxweight:signed": "no",
          "name": "Meadow Lane",
          "note": "This is waymarked as a public footpath. However the now-non-existent Railtrack plc declare on the bridge that the way is not dedicated to the public.",
          "surface": "concrete",
          "wikidata": "Q26408939"
        },
        "sitelinks": 0
      }
    },
    {
      "type": "Feature",
      "geometry": {
        "type": "Point",
        "coordinates": [
          -2.34919165,
          51.3853145
        ]
      },
      "properties": {
        "id": "osm:way:40113139",
        "source": "osm",
        "title": "Sydney Road",
        "address": "",
        "description": "",
        "categories": [
          "historical",
          "architecture"
        ],
        "primary_category": "historical",
        "interest_score": 72,
        "website": "",
        "wikipedia": "",
        "wikidata": "Q17532448",
        "source_url": "https://www.openstreetmap.org/way/40113139",
        "fetched_at_utc": "2026-10-07T11:42:49+00:00",
        "query_key": "heritage_sites",
        "tags": {
          "bridge": "yes",
          "heritage": "yes",
          "highway": "residential",
          "layer": "1",
          "maxspeed": "20 mph",
          "maxweight": "7.5",
          "name": "Sydney Road",
          "source:name": "OS_OpenData_Locator",
          "wikidata": "Q17532448"
        },
        "sitelinks": 0
      }
    },
    {
      "type": "Feature",
      "geometry": {
        "type": "Point",
        "coordinates": [
          -2.3578086799999998,
          51.38300482000001
        ]
      },
      "properties": {
        "id": "osm:way:373843913",
        "source": "osm",
        "title": "The Bath Stamp & Coin Shop",
        "address": "13 Pulteney Bridge, BA2 4AY",
        "description": "",
        "categories": [
          "historical",
          "architecture"
        ],
        "primary_category": "historical",
        "interest_score": 72,
        "website": "",
        "wikipedia": "",
        "wikidata": "Q96197295",
        "source_url": "https://www.openstreetmap.org/way/373843913",
        "fetched_at_utc": "2026-10-07T11:42:49+00:00",
        "query_key": "heritage_sites",
        "tags": {
          "addr:housenumber": "13",
          "addr:postcode": "BA2 4AY",
          "addr:street": "Pulteney Bridge",
          "building": "retail",
          "heritage": "2",
          "heritage:operator": "he",
          "heritage:website": "https://historicengland.org.uk/listing/the-list/list-entry/1394516",
          "layer": "1",
          "listed_status": "Grade I",
          "name": "The Bath Stamp & Coin Shop",
          "ref:GB:nhle": "1394516",
          "shop": "stamps;coins",
          "wikidata": "Q96197295"
        },
        "sitelinks": 0
      }
    },
    {
      "type": "Feature",
      "geometry": {
        "type": "Point",
        "coordinates": [
          -2.3580329200000003,
          51.383066740000004
        ]
      },
      "properties": {
        "id": "osm:way:373843934",
        "source": "osm",
        "title": "Tillius",
        "address": "4-5 Pulteney Bridge, BA2 4AX",
        "description": "",
        "categories": [
          "historical",
          "architecture"
        ],
        "primary_category": "historical",
        "interest_score": 72,
        "website": "",
        "wikipedia": "",
        "wikidata": "Q96197285",
        "source_url": "https://www.openstreetmap.org/way/373843934",
        "fetched_at_utc": "2026-10-07T11:42:49+00:00",
        "query_key": "heritage_sites",
        "tags": {
          "addr:housenumber": "4-5",
          "addr:postcode": "BA2 4AX",
          "addr:street": "Pulteney Bridge",
          "building": "retail",
          "heritage": "2",
          "heritage:operator": "he",
          "layer": "1",
          "listed_status": "Grade I",
          "name": "Tillius",
          "opening_hours": "Mo-Sa 10:00-17:00; Su 11:00-16:30",
          "ref:GB:nhle": "1394515",
          "shop": "interior_decoration",
          "waste": "https://www.tillius.co.uk/",
          "wikidata": "Q96197285"
        },
        "sitelinks": 0
      }
    },
    {
      "type": "Feature",
      "geometry": {
        "type": "Point",
        "coordinates": [
          -2.3570128464285713,
          51.38166742857141
        ]
      },
      "properties": {
        "id": "osm:way:3027776",
        "source": "osm",
        "title": "Parade Gardens",
        "address": "",
        "description": "",
        "categories": [
          "natural",
          "park"
        ],
        "primary_category": "natural",
        "interest_score": 70,
        "website": "https://www.bathnes.gov.uk/services/sport-leisure-and-parks/parks-opening-times-and-locations/parade-gardens",
        "wikipedia": "en:Parade Gardens",
        "wikidata": "Q61946985",
        "source_url": "https://www.openstreetmap.org/way/3027776",
        "fetched_at_utc": "2026-10-07T11:42:49+00:00",
        "query_key": "parks",
        "tags": {
          "fee": "yes",
          "leisure": "park",
          "name": "Parade Gardens",
          "name:be": "Парадныя сады",
          "name:en": "Parade Gardens",
          "name:ru": "Парадные сады",
          "name:uk": "Парадні сади",
          "opening_hours": "Apr-Oct Mo-Su 10:00-18:00; Nov-Mar Mo-Su 10:00-15:00",
          "website": "https://www.bathnes.gov.uk/services/sport-leisure-and-parks/parks-opening-times-and-locations/parade-gardens",
          "wikidata": "Q61946985",
          "wikipedia": "en:Parade Gardens"
        },
        "sitelinks": 2
      }
    },
    {
      "type": "Feature",
      "geometry": {
        "type": "Point",
        "coordinates": [
          -2.3441243841269843,
          51.3672926730159
        ]
      },
      "properties": {
        "id": "osm:way:377653097",
        "source": "osm",
        "title": "Prior Park",
        "address": "",
        "description": "",
        "categories": [
          "natural",
          "garden"
        ],
        "primary_category": "natural",
        "interest_score": 64,
        "website": "",
        "wikipedia": "en:Prior Park Landscape Garden",
        "wikidata": "Q2743722",
        "source_url": "https://www.openstreetmap.org/way/377653097",
        "fetched_at_utc": "2026-10-07T11:42:49+00:00",
        "query_key": "gardens",
        "tags": {
          "access": "customers",
          "fee": "yes",
          "leisure": "garden",
          "name": "Prior Park",
          "wikidata": "Q2743722",
          "wikipedia": "en:Prior Park Landscape Garden"
        },
        "sitelinks": 6
      }
    },
    {
      "type": "Feature",
      "geometry": {
        "type": "Point",
        "coordinates": [
          -2.3636027000000004,
          51.38330019
        ]
      },
      "properties": {
        "id": "osm:way:59967625",
        "source": "osm",
        "title": "Queen Square",
        "address": "",
        "description": "",
        "categories": [
          "natural",
          "park"
        ],
        "primary_category": "natural",
        "interest_score": 64,
        "website": "",
        "wikipedia": "en:Queen Square, Bath",
        "wikidata": "Q7270509",
        "source_url": "https://www.openstreetmap.org/way/59967625",
        "fetched_at_utc": "2026-10-07T11:42:49+00:00",
        "query_key": "parks",
        "tags": {
          "leisure": "park",
          "name": "Queen Square",
          "name:be": "Каралеўская плошча",
          "name:en": "Queen Square",
          "name:ru": "Королевская площадь",
          "name:uk": "Королівська площа",
          "wikidata": "Q7270509",
          "wikipedia": "en:Queen Square, Bath"
        },
        "sitelinks": 5
      }
    },
    {
      "type": "Feature",
      "geometry": {
        "type": "Point",
        "coordinates": [
          -2.368204453846154,
          51.38906841538461
        ]
      },
      "properties": {
        "id": "osm:way:4419278",
        "source": "osm",
        "title": "Saint James's Square",
        "address": "Bath",
        "description": "",
        "categories": [
          "natural",
          "park"
        ],
        "primary_category": "natural",
        "interest_score": 64,
        "website": "",
        "wikipedia": "en:St James's Square, Bath",
        "wikidata": "Q7593474",
        "source_url": "https://www.openstreetmap.org/way/4419278",
        "fetched_at_utc": "2026-10-07T11:42:49+00:00",
        "query_key": "parks",
        "tags": {
          "access": "private",
          "addr:city": "Bath",
          "leisure": "park",
          "name": "Saint James's Square",
          "wikidata": "Q7593474",
          "wikipedia": "en:St James's Square, Bath"
        },
        "sitelinks": 2
      }
    },
    {
      "type": "Feature",
      "geometry": {
        "type": "Point",
        "coordinates": [
          -2.3445083,
          51.3666175
        ]
      },
      "properties": {
        "id": "osm:node:27523975",
        "source": "osm",
        "title": "Prior Park",
        "address": "Ralph Allen Drive, Bath, BA2 5AH",
        "description": "18th-century landscape garden designed with advice from famous garden designer Capabilility Brown.",
        "categories": [
          "landmark"
        ],
        "primary_category": "landmark",
        "interest_score": 63,
        "website": "https://www.nationaltrust.org.uk/prior-park/",
        "wikipedia": "en:Prior Park",
        "wikidata": "Q7245410",
        "source_url": "https://www.openstreetmap.org/node/27523975",
        "fetched_at_utc": "2026-10-07T11:42:49+00:00",
        "query_key": "attractions_and_viewpoints",
        "tags": {
          "addr:city": "Bath",
          "addr:housename": "Prior Park",
          "addr:postcode": "BA2 5AH",
          "addr:street": "Ralph Allen Drive",
          "description": "18th-century landscape garden designed with advice from famous garden designer Capabilility Brown.",
          "name": "Prior Park",
          "operator": "National Trust",
          "phone": "+44 1225 833977",
          "toilets:wheelchair": "yes",
          "tourism": "attraction",
          "website": "https://www.nationaltrust.org.uk/prior-park/",
          "wheelchair": "limited",
          "wheelchair:description": "Designated mobility parking phone to book 01225 833977 Partly accessible steep slopes dramatic view reachable from path with only slight slope at start See https://www.nationaltrust.org.uk/documents/access-guide/143173010503-prior-park-landscape-garden.p",
          "wikidata": "Q7245410",
          "wikipedia": "en:Prior Park"
        },
        "sitelinks": 2
      }
    },
    {
      "type": "Feature",
      "geometry": {
        "type": "Point",
        "coordinates": [
          -2.35863678,
          51.38081767999999
        ]
      },
      "properties": {
        "id": "osm:way:1374365424",
        "source": "osm",
        "title": "Ralph Allen's Town House",
        "address": "",
        "description": "",
        "categories": [
          "historical",
          "architecture"
        ],
        "primary_category": "historical",
        "interest_score": 62,
        "website": "",
        "wikipedia": "",
        "wikidata": "Q7287153",
        "source_url": "https://www.openstreetmap.org/way/1374365424",
        "fetched_at_utc": "2026-10-07T11:42:49+00:00",
        "query_key": "historic_sites",
        "tags": {
          "area": "yes",
          "building:part": "house",
          "historic": "building",
          "name": "Ralph Allen's Town House",
          "wikidata": "Q7287153"
        },
        "sitelinks": 1
      }
    },
    {
      "type": "Feature",
      "geometry": {
        "type": "Point",
        "coordinates": [
          -2.3859596,
          51.3849115
        ]
      },
      "properties": {
        "id": "osm:node:3728301444",
        "source": "osm",
        "title": "Cross of Sacrifice",
        "address": "",
        "description": "",
        "categories": [
          "historical",
          "memorial"
        ],
        "primary_category": "historical",
        "interest_score": 60,
        "website": "",
        "wikipedia": "",
        "wikidata": "Q95396782",
        "source_url": "https://www.openstreetmap.org/node/3728301444",
        "fetched_at_utc": "2026-10-07T11:42:49+00:00",
        "query_key": "historic_sites",
        "tags": {
          "heritage:website": "https://www.historicengland.org.uk/listing/the-list/list-entry/1395458",
          "historic": "memorial",
          "listed_status": "Grade II",
          "memorial": "war_memorial",
          "name": "Cross of Sacrifice",
          "wikidata": "Q95396782"
        },
        "sitelinks": 0
      }
    },
    {
      "type": "Feature",
      "geometry": {
        "type": "Point",
        "coordinates": [
          -2.3622417,
          51.38161641666667
        ]
      },
      "properties": {
        "id": "osm:way:94822980",
        "source": "osm",
        "title": "Komedia",
        "address": "22-23 Westgate Street, Bath, BA1 1EP",
        "description": "",
        "categories": [
          "cultural",
          "architecture",
          "art"
        ],
        "primary_category": "cultural",
        "interest_score": 60,
        "website": "http://www.komedia.co.uk/bath/",
        "wikipedia": "",
        "wikidata": "Q26688932",
        "source_url": "https://www.openstreetmap.org/way/94822980",
        "fetched_at_utc": "2026-10-07T11:42:49+00:00",
        "query_key": "performance_and_literary",
        "tags": {
          "addr:city": "Bath",
          "addr:country": "GB",
          "addr:housenumber": "22-23",
          "addr:postcode": "BA1 1EP",
          "addr:street": "Westgate Street",
          "amenity": "theatre",
          "building": "yes",
          "cafe": "yes",
          "fhrs:id": "205361",
          "internet_access": "wlan",
          "internet_access:fee": "no",
          "name": "Komedia",
          "phone": "+44 845 293 8480",
          "smoking": "outside",
          "source": "http://www.komedia.co.uk/bath/",
          "website": "http://www.komedia.co.uk/bath/",
          "wheelchair": "yes",
          "wikidata": "Q26688932"
        },
        "sitelinks": 0
      }
    },
    {
      "type": "Feature",
      "geometry": {
        "type": "Point",
        "coordinates": [
          -2.3798515799999995,
          51.3779453
        ]
      },
      "properties": {
        "id": "osm:way:162366717",
        "source": "osm",
        "title": "Moorland Road Community Library",
        "address": "Moorland Road, BA2 3PL",
        "description": "",
        "categories": [
          "cultural",
          "architecture",
          "literary"
        ],
        "primary_category": "cultural",
        "interest_score": 60,
        "website": "https://www.bathnes.gov.uk/leisureandculture/Libraries/information/Pages/batharea.aspx",
        "wikipedia": "",
        "wikidata": "Q55163413",
        "source_url": "https://www.openstreetmap.org/way/162366717",
        "fetched_at_utc": "2026-10-07T11:42:49+00:00",
        "query_key": "performance_and_literary",
        "tags": {
          "addr:postcode": "BA2 3PL",
          "addr:street": "Moorland Road",
          "amenity": "library",
          "building": "yes",
          "check_date:opening_hours": "2026-01-24",
          "name": "Moorland Road Community Library",
          "opening_hours": "Tu 10:00-16:00, Th-Sa 10:00-13:00, Th 15:00-17:00",
          "website": "https://www.bathnes.gov.uk/leisureandculture/Libraries/information/Pages/batharea.aspx",
          "wheelchair": "yes",
          "wikidata": "Q55163413"
        },
        "sitelinks": 0
      }
    },
    {
      "type": "Feature",
      "geometry": {
        "type": "Point",
        "coordinates": [
          -2.3578510666666666,
          51.380112777777775
        ]
      },
      "properties": {
        "id": "osm:way:129749119",
        "source": "osm",
        "title": "Old Orchard Street Theatre",
        "address": "12 Old Orchard Street, Bath, BA1 1JU",
        "description": "",
        "categories": [
          "cultural",
          "architecture",
          "art"
        ],
        "primary_category": "cultural",
        "interest_score": 60,
        "website": "https://www.oldtheatreroyal.com/",
        "wikipedia": "",
        "wikidata": "Q7084669",
        "source_url": "https://www.openstreetmap.org/way/129749119",
        "fetched_at_utc": "2026-10-07T11:42:49+00:00",
        "query_key": "performance_and_literary",
        "tags": {
          "addr:city": "Bath",
          "addr:housename": "Masonic Hall",
          "addr:housenumber": "12",
          "addr:postcode": "BA1 1JU",
          "addr:street": "Old Orchard Street",
          "alt_name": "Old Theatre Royal",
          "amenity": "theatre",
          "building": "yes",
          "fhrs:id": "204408",
          "name": "Old Orchard Street Theatre",
          "phone": "+44 1225 462233",
          "source": "https://www.oldtheatreroyal.com/",
          "website": "https://www.oldtheatreroyal.com/",
          "wikidata": "Q7084669"
        },
        "sitelinks": 2
      }
    },
    {
      "type": "Feature",
      "geometry": {
        "type": "Point",
        "coordinates": [
          -2.3543959,
          51.3882604
        ]
      },
      "properties": {
        "id": "osm:node:5378148064",
        "source": "osm",
        "title": "Pinch's Folly",
        "address": "",
        "description": "",
        "categories": [
          "historical",
          "memorial"
        ],
        "primary_category": "historical",
        "interest_score": 60,
        "website": "",
        "wikipedia": "",
        "wikidata": "Q26673441",
        "source_url": "https://www.openstreetmap.org/node/5378148064",
        "fetched_at_utc": "2026-10-07T11:42:49+00:00",
        "query_key": "historic_sites",
        "tags": {
          "historic": "monument",
          "name": "Pinch's Folly",
          "wikidata": "Q26673441"
        },
        "sitelinks": 0
      }
    },
    {
      "type": "Feature",
      "geometry": {
        "type": "Point",
        "coordinates": [
          -2.3491756,
          51.3791817
        ]
      },
      "properties": {
        "id": "osm:node:4942522318",
        "source": "osm",
        "title": "The Pump House Chimney",
        "address": "",
        "description": "",
        "categories": [
          "historical",
          "memorial"
        ],
        "primary_category": "historical",
        "interest_score": 60,
        "website": "",
        "wikipedia": "",
        "wikidata": "Q26674781",
        "source_url": "https://www.openstreetmap.org/node/4942522318",
        "fetched_at_utc": "2026-10-07T11:42:49+00:00",
        "query_key": "historic_sites",
        "tags": {
          "historic": "monument",
          "man_made": "chimney",
          "name": "The Pump House Chimney",
          "wikidata": "Q26674781"
        },
        "sitelinks": 0
      }
    },
    {
      "type": "Feature",
      "geometry": {
        "type": "Point",
        "coordinates": [
          -2.345440866666667,
          51.396877733333326
        ]
      },
      "properties": {
        "id": "osm:way:117122442",
        "source": "osm",
        "title": "The Rondo Theatre",
        "address": "Saint Saviour's Road, BA1 6RT",
        "description": "",
        "categories": [
          "cultural",
          "architecture",
          "art"
        ],
        "primary_category": "cultural",
        "interest_score": 60,
        "website": "https://rondotheatre.co.uk/",
        "wikipedia": "",
        "wikidata": "Q7365565",
        "source_url": "https://www.openstreetmap.org/way/117122442",
        "fetched_at_utc": "2026-10-07T11:42:49+00:00",
        "query_key": "performance_and_literary",
        "tags": {
          "addr:postcode": "BA1 6RT",
          "addr:street": "Saint Saviour's Road",
          "amenity": "theatre",
          "bar": "yes",
          "building": "yes",
          "fhrs:id": "204171",
          "name": "The Rondo Theatre",
          "website": "https://rondotheatre.co.uk/",
          "wikidata": "Q7365565"
        },
        "sitelinks": 2
      }
    },
    {
      "type": "Feature",
      "geometry": {
        "type": "Point",
        "coordinates": [
          -2.362940019444445,
          51.38205025833333
        ]
      },
      "properties": {
        "id": "osm:way:430591535",
        "source": "osm",
        "title": "Theatre Royal",
        "address": "Sawclose, BA1 1ET",
        "description": "",
        "categories": [
          "cultural",
          "architecture",
          "art"
        ],
        "primary_category": "cultural",
        "interest_score": 60,
        "website": "https://www.theatreroyal.org.uk/",
        "wikipedia": "",
        "wikidata": "Q12407055",
        "source_url": "https://www.openstreetmap.org/way/430591535",
        "fetched_at_utc": "2026-10-07T11:42:49+00:00",
        "query_key": "performance_and_literary",
        "tags": {
          "addr:postcode": "BA1 1ET",
          "addr:street": "Sawclose",
          "amenity": "theatre",
          "building": "yes",
          "fhrs:id": "1129403",
          "name": "Theatre Royal",
          "phone": "+44 1225 448844",
          "toilets:wheelchair": "yes",
          "website": "https://www.theatreroyal.org.uk/",
          "wheelchair": "limited",
          "wikidata": "Q12407055"
        },
        "sitelinks": 10
      }
    },
    {
      "type": "Feature",
      "geometry": {
        "type": "Point",
        "coordinates": [
          -2.359258821428571,
          51.38529119285714
        ]
      },
      "properties": {
        "id": "osm:way:74686652",
        "source": "osm",
        "title": "Corn Market",
        "address": "",
        "description": "",
        "categories": [
          "historical",
          "architecture"
        ],
        "primary_category": "historical",
        "interest_score": 58,
        "website": "",
        "wikipedia": "",
        "wikidata": "",
        "source_url": "https://www.openstreetmap.org/way/74686652",
        "fetched_at_utc": "2026-10-07T11:42:49+00:00",
        "query_key": "heritage_sites",
        "tags": {
          "building": "yes",
          "heritage": "2",
          "heritage:operator": "Historic England",
          "listed_status": "Grade II",
          "name": "Corn Market",
          "source:listed_status": "https://historicengland.org.uk/listing/the-list/list-entry/1395552 https://historicengland.org.uk/listing/the-list/list-entry/1395551"
        }
      }
    },
    {
      "type": "Feature",
      "geometry": {
        "type": "Point",
        "coordinates": [
          -2.368264328125,
          51.386959853125
        ]
      },
      "properties": {
        "id": "osm:way:3098992",
        "source": "osm",
        "title": "Royal Crescent",
        "address": "",
        "description": "Street of 30 terraced houses laid out in a sweeping crescent, among the greatest examples of Georgian architecture in the United Kingdom",
        "categories": [
          "landmark"
        ],
        "primary_category": "landmark",
        "interest_score": 57,
        "website": "",
        "wikipedia": "en:Royal Crescent",
        "wikidata": "Q2289728",
        "source_url": "https://www.openstreetmap.org/way/3098992",
        "fetched_at_utc": "2026-10-07T11:42:49+00:00",
        "query_key": "attractions_and_viewpoints",
        "tags": {
          "description": "Street of 30 terraced houses laid out in a sweeping crescent, among the greatest examples of Georgian architecture in the United Kingdom",
          "highway": "residential",
          "lane_markings": "no",
          "lit": "yes",
          "name": "Royal Crescent",
          "source:description": "en:wikipedia",
          "surface": "sett",
          "tourism": "attraction",
          "wikidata": "Q2289728",
          "wikipedia": "en:Royal Crescent"
        },
        "sitelinks": 20
      }
    },
    {
      "type": "Feature",
      "geometry": {
        "type": "Point",
        "coordinates": [
          -2.361111657692308,
          51.38056465
        ]
      },
      "properties": {
        "id": "osm:way:572837705",
        "source": "osm",
        "title": "Thermae Bath Spa",
        "address": "Hot Bath Street, BA1 1SJ",
        "description": "Only naturally hot spa water in UK. Combination of the historic spa and a contemporary building. 2 pools, 1 outdoor.",
        "categories": [
          "landmark"
        ],
        "primary_category": "landmark",
        "interest_score": 57,
        "website": "",
        "wikipedia": "en:Thermae Bath Spa",
        "wikidata": "Q17085795",
        "source_url": "https://www.openstreetmap.org/way/572837705",
        "fetched_at_utc": "2026-10-07T11:42:49+00:00",
        "query_key": "attractions_and_viewpoints",
        "tags": {
          "addr:housename": "The Hot Bath",
          "addr:postcode": "BA1 1SJ",
          "addr:street": "Hot Bath Street",
          "beauty": "spa",
          "description": "Only naturally hot spa water in UK. Combination of the historic spa and a contemporary building. 2 pools, 1 outdoor.",
          "name": "Thermae Bath Spa",
          "note": "building tag is in relation.",
          "operator": "Thermae Development Company",
          "owner": "Bath and North East Somerset",
          "shop": "beauty",
          "source:description": "en:wikipedia",
          "toilets:wheelchair": "yes",
          "tourism": "attraction",
          "wheelchair": "yes",
          "wikidata": "Q17085795",
          "wikipedia": "en:Thermae Bath Spa"
        },
        "sitelinks": 4
      }
    },
    {
      "type": "Feature",
      "geometry": {
        "type": "Point",
        "coordinates": [
          -2.3580962,
          51.3823422
        ]
      },
      "properties": {
        "id": "osm:node:4709472261",
        "source": "osm",
        "title": "East Gate",
        "address": "",
        "description": "",
        "categories": [
          "historical",
          "landmark"
        ],
        "primary_category": "historical",
        "interest_score": 56,
        "website": "",
        "wikipedia": "",
        "wikidata": "Q17532288",
        "source_url": "https://www.openstreetmap.org/node/4709472261",
        "fetched_at_utc": "2026-10-07T11:42:49+00:00",
        "query_key": "attractions_and_viewpoints",
        "tags": {
          "historic": "city_gate",
          "name": "East Gate",
          "toilets:wheelchair": "no",
          "tourism": "attraction",
          "wheelchair": "limited",
          "wheelchair:description": "You look down on the old gate from above not directly accessible",
          "wikidata": "Q17532288"
        },
        "sitelinks": 0
      }
    },
    {
      "type": "Feature",
      "geometry": {
        "type": "Point",
        "coordinates": [
          -2.3408022466666667,
          51.397850236666656
        ]
      },
      "properties": {
        "id": "osm:way:5035318",
        "source": "osm",
        "title": "Alice Park",
        "address": "",
        "description": "",
        "categories": [
          "natural",
          "park"
        ],
        "primary_category": "natural",
        "interest_score": 54,
        "website": "https://www.alicepark.co.uk/",
        "wikipedia": "",
        "wikidata": "Q24677452",
        "source_url": "https://www.openstreetmap.org/way/5035318",
        "fetched_at_utc": "2026-10-07T11:42:49+00:00",
        "query_key": "parks",
        "tags": {
          "leisure": "park",
          "name": "Alice Park",
          "website": "https://www.alicepark.co.uk/",
          "wikidata": "Q24677452"
        },
        "sitelinks": 0
      }
    },
    {
      "type": "Feature",
      "geometry": {
        "type": "Point",
        "coordinates": [
          -2.3766003555555555,
          51.38780972222222
        ]
      },
      "properties": {
        "id": "osm:way:47005215",
        "source": "osm",
        "title": "Botanical Gardens",
        "address": "",
        "description": "",
        "categories": [
          "natural",
          "garden"
        ],
        "primary_category": "natural",
        "interest_score": 54,
        "website": "https://www.bathnes.gov.uk/services/sport-leisure-and-parks/parks-opening-times-and-locations/botanic-gardens",
        "wikipedia": "",
        "wikidata": "Q5926475",
        "source_url": "https://www.openstreetmap.org/way/47005215",
        "fetched_at_utc": "2026-10-07T11:42:49+00:00",
        "query_key": "gardens",
        "tags": {
          "barrier": "fence",
          "leisure": "garden",
          "name": "Botanical Gardens",
          "website": "https://www.bathnes.gov.uk/services/sport-leisure-and-parks/parks-opening-times-and-locations/botanic-gardens",
          "wikidata": "Q5926475"
        },
        "sitelinks": 1
      }
    },
    {
      "type": "Feature",
      "geometry": {
        "type": "Point",
        "coordinates": [
          -2.3625734,
          51.3941522
        ]
      },
      "properties": {
        "id": "osm:node:13207858792",
        "source": "osm",
        "title": "BBC POINTS WEST COMMUNITY GARDEN OF THE YEAR 2002",
        "address": "",
        "description": "BBC POINTS WEST COMMUNITY GARDEN OF THE YEAR 2002",
        "categories": [
          "historical",
          "memorial"
        ],
        "primary_category": "historical",
        "interest_score": 53,
        "website": "",
        "wikipedia": "",
        "wikidata": "",
        "source_url": "https://www.openstreetmap.org/node/13207858792",
        "fetched_at_utc": "2026-10-07T11:42:49+00:00",
        "query_key": "historic_sites",
        "tags": {
          "amenity": "bench",
          "armrest": "yes",
          "backrest": "yes",
          "colour": "brown",
          "direction": "192",
          "historic": "memorial",
          "image": "https://openbenches.org/image/1159d3d7fb7cd9e02340af594b76afeebad81a8c.jpg",
          "image:0": "https://openbenches.org/image/526653258956c8d07c7de94153b45020750e2a4e.jpg",
          "image:view": "https://openbenches.org/image/10f99f2200cb5ae14eb304614bb1d89b3411f19d.jpg",
          "inscription": "BBC POINTS WEST COMMUNITY GARDEN OF THE YEAR 2002",
          "material": "wood",
          "memorial": "bench",
          "openbenches:id": "8892",
          "seats:separated": "no",
          "two_sided": "no"
        }
      }
    },
    {
      "type": "Feature",
      "geometry": {
        "type": "Point",
        "coordinates": [
          -2.3492045,
          51.3817771
        ]
      },
      "properties": {
        "id": "osm:node:13189820331",
        "source": "osm",
        "title": "For 'Sam' Brandon 30th June 2002",
        "address": "",
        "description": "For 'Sam' Brandon 30th June 2002",
        "categories": [
          "historical",
          "memorial"
        ],
        "primary_category": "historical",
        "interest_score": 53,
        "website": "",
        "wikipedia": "",
        "wikidata": "",
        "source_url": "https://www.openstreetmap.org/node/13189820331",
        "fetched_at_utc": "2026-10-07T11:42:49+00:00",
        "query_key": "historic_sites",
        "tags": {
          "amenity": "bench",
          "armrest": "no",
          "backrest": "yes",
          "colour": "brown",
          "direction": "104",
          "historic": "memorial",
          "image": "https://openbenches.org/image/6e1349a97f66f17713fe2ee53946e9a0beda68b8.jpg",
          "image:0": "https://openbenches.org/image/f1c3b47d8cb1dd313a0c3611b2474a7a661e4604.jpg",
          "image:view": "https://openbenches.org/image/92dfb89c13776741c94d0f3ddcc825b8afb3e1bc.jpg",
          "inscription": "For 'Sam' Brandon 30th June 2002",
          "material": "wood",
          "memorial": "bench",
          "openbenches:id": "5476",
          "seats:separated": "no",
          "two_sided": "no"
        }
      }
    },
    {
      "type": "Feature",
      "geometry": {
        "type": "Point",
        "coordinates": [
          -2.3491066,
          51.3820775
        ]
      },
      "properties": {
        "id": "osm:node:13189762868",
        "source": "osm",
        "title": "IN MEMORY OF JACK AND JOAN PRICHARD LOVED AND FOREVER REMEMBERED BY THEIR DAUGHT",
        "address": "",
        "description": "IN MEMORY OF JACK AND JOAN PRICHARD LOVED AND FOREVER REMEMBERED BY THEIR DAUGHTER AMANDA",
        "categories": [
          "historical",
          "memorial"
        ],
        "primary_category": "historical",
        "interest_score": 53,
        "website": "",
        "wikipedia": "",
        "wikidata": "",
        "source_url": "https://www.openstreetmap.org/node/13189762868",
        "fetched_at_utc": "2026-10-07T11:42:49+00:00",
        "query_key": "historic_sites",
        "tags": {
          "amenity": "bench",
          "armrest": "no",
          "backrest": "yes",
          "colour": "brown",
          "direction": "99",
          "historic": "memorial",
          "image": "https://openbenches.org/image/5286c25fc6487eccb378aac7c45ee47849d51cbb.jpg",
          "image:0": "https://openbenches.org/image/3dfd12f0f0c30a2e10889427cabff5e94605ecbe.jpg",
          "image:view": "https://openbenches.org/image/48093418e66a77f96755698b2c19133599c53305.jpg",
          "inscription": "IN MEMORY OF JACK AND JOAN PRICHARD LOVED AND FOREVER REMEMBERED BY THEIR DAUGHTER AMANDA",
          "material": "wood",
          "memorial": "bench",
          "openbenches:id": "5477",
          "seats:separated": "no",
          "two_sided": "no"
        }
      }
    },
    {
      "type": "Feature",
      "geometry": {
        "type": "Point",
        "coordinates": [
          -2.3459034,
          51.3804995
        ]
      },
      "properties": {
        "id": "osm:node:13226870035",
        "source": "osm",
        "title": "IN MEMORY OF JEREMY THE SUPERIOR MAN IS MODEST IN HIS SPEECH, BUT EXCEEDS IN HIS",
        "address": "",
        "description": "IN MEMORY OF JEREMY THE SUPERIOR MAN IS MODEST IN HIS SPEECH, BUT EXCEEDS IN HIS ACTIONS",
        "categories": [
          "historical",
          "memorial"
        ],
        "primary_category": "historical",
        "interest_score": 53,
        "website": "",
        "wikipedia": "",
        "wikidata": "",
        "source_url": "https://www.openstreetmap.org/node/13226870035",
        "fetched_at_utc": "2026-10-07T11:42:49+00:00",
        "query_key": "historic_sites",
        "tags": {
          "amenity": "bench",
          "armrest": "yes",
          "backrest": "yes",
          "colour": "brown",
          "direction": "214",
          "historic": "memorial",
          "image": "https://openbenches.org/image/ddb22cfcf12b0652cc96772a7ffb7b3e74f2cece.jpg",
          "image:0": "https://openbenches.org/image/a0f8a0ce3478537aabc4bc4c366bc30aa2eef957.jpg",
          "image:view": "https://openbenches.org/image/c607eb4548bfc614589e0b100be38204fa375ee2.jpg",
          "inscription": "IN MEMORY OF JEREMY THE SUPERIOR MAN IS MODEST IN HIS SPEECH, BUT EXCEEDS IN HIS ACTIONS",
          "material": "wood",
          "memorial": "bench",
          "openbenches:id": "23835",
          "seats:separated": "no",
          "two_sided": "no"
        }
      }
    },
    {
      "type": "Feature",
      "geometry": {
        "type": "Point",
        "coordinates": [
          -2.3486146,
          51.3696885
        ]
      },
      "properties": {
        "id": "osm:node:13226851187",
        "source": "osm",
        "title": "In treasured memory of CALI Caroline Marie-Thérèse Arundell 1958-2014 I know the",
        "address": "",
        "description": "In treasured memory of CALI Caroline Marie-Thérèse Arundell 1958-2014 I know the place It is true Eyerything we do, corrects the space. Bet ween death and me, and you. H. Pinter",
        "categories": [
          "historical",
          "memorial"
        ],
        "primary_category": "historical",
        "interest_score": 53,
        "website": "",
        "wikipedia": "",
        "wikidata": "",
        "source_url": "https://www.openstreetmap.org/node/13226851187",
        "fetched_at_utc": "2026-10-07T11:42:49+00:00",
        "query_key": "historic_sites",
        "tags": {
          "amenity": "bench",
          "armrest": "yes",
          "backrest": "yes",
          "colour": "brown",
          "direction": "1",
          "historic": "memorial",
          "image": "https://openbenches.org/image/9dff0d77ca0703538d8231c952dda1eb106aea05.jpg",
          "image:0": "https://openbenches.org/image/70ccc510d07379b8c6c204fc3276231ef1b2ee4c.jpg",
          "image:view": "https://openbenches.org/image/9e716e9117be89bc8d17a32c10480b4dc6041f85.jpg",
          "inscription": "In treasured memory of CALI Caroline Marie-Thérèse Arundell 1958-2014 I know the place It is true Eyerything we do, corrects the space. Bet ween death and me, and you. H. Pinter",
          "material": "wood",
          "memorial": "bench",
          "openbenches:id": "21761",
          "seats:separated": "no",
          "two_sided": "no"
        }
      }
    },
    {
      "type": "Feature",
      "geometry": {
        "type": "Point",
        "coordinates": [
          -2.3512842,
          51.3771266
        ]
      },
      "properties": {
        "id": "osm:node:3730779178",
        "source": "osm",
        "title": "Mike's Bench In Loving Memory of Michael Amphlett who died on 2nd October 2015 a",
        "address": "",
        "description": "Mike's Bench In Loving Memory of Michael Amphlett who died on 2nd October 2015 aged 68 he loved the K&A Canal",
        "categories": [
          "historical",
          "memorial"
        ],
        "primary_category": "historical",
        "interest_score": 53,
        "website": "",
        "wikipedia": "",
        "wikidata": "",
        "source_url": "https://www.openstreetmap.org/node/3730779178",
        "fetched_at_utc": "2026-10-07T11:42:49+00:00",
        "query_key": "historic_sites",
        "tags": {
          "amenity": "bench",
          "armrest": "no",
          "backrest": "yes",
          "colour": "brown",
          "direction": "312",
          "historic": "memorial",
          "image": "https://openbenches.org/image/4ff943f9f94e22084b9d465b953abd90f8087613.jpg",
          "image:0": "https://openbenches.org/image/513966883766deeb2b0f79518ba0c02e6a6554c2.jpg",
          "image:view": "https://openbenches.org/image/0fcb8220dacfab7d7822a2d425baa36219873078.jpg",
          "inscription": "Mike's Bench In Loving Memory of Michael Amphlett who died on 2nd October 2015 aged 68 he loved the K&A Canal",
          "material": "wood",
          "memorial": "bench",
          "openbenches:id": "5498",
          "seats:separated": "no"
        }
      }
    },
    {
      "type": "Feature",
      "geometry": {
        "type": "Point",
        "coordinates": [
          -2.3597694,
          51.3948001
        ]
      },
      "properties": {
        "id": "osm:node:10785675252",
        "source": "osm",
        "title": "Reuben Allerhand Went to St. Stephen's School and often played here. We will alw",
        "address": "",
        "description": "Reuben Allerhand Went to St. Stephen's School and often played here. We will always remember the love and laughter he brought to the lives of his family and friends.",
        "categories": [
          "historical",
          "memorial"
        ],
        "primary_category": "historical",
        "interest_score": 53,
        "website": "",
        "wikipedia": "",
        "wikidata": "",
        "source_url": "https://www.openstreetmap.org/node/10785675252",
        "fetched_at_utc": "2026-10-07T11:42:49+00:00",
        "query_key": "historic_sites",
        "tags": {
          "amenity": "bench",
          "armrest": "yes",
          "backrest": "yes",
          "colour": "brown",
          "direction": "124",
          "historic": "memorial",
          "image": "https://openbenches.org/image/d91378298dfc7a954373e7cc88fdab8ac23b99f1.jpg",
          "image:0": "https://openbenches.org/image/e7d25817eb3022573aeca87252e65bc2fb452665.jpg",
          "image:view": "https://openbenches.org/image/ec6ba72a7a4ad7449abb0063ac95b4a44188c7e9.jpg",
          "inscription": "Reuben Allerhand Went to St. Stephen's School and often played here. We will always remember the love and laughter he brought to the lives of his family and friends.",
          "material": "wood",
          "memorial": "bench",
          "openbenches:id": "31",
          "seats:separated": "no",
          "two_sided": "no"
        }
      }
    },
    {
      "type": "Feature",
      "geometry": {
        "type": "Point",
        "coordinates": [
          -2.3582551,
          51.3807246
        ]
      },
      "properties": {
        "id": "osm:node:3772707849",
        "source": "osm",
        "title": "The oldest house in Bath",
        "address": "",
        "description": "The oldest house in Bath 1482\nSALLY LUNN\nlived here\n1680",
        "categories": [
          "historical",
          "memorial"
        ],
        "primary_category": "historical",
        "interest_score": 53,
        "website": "",
        "wikipedia": "",
        "wikidata": "",
        "source_url": "https://www.openstreetmap.org/node/3772707849",
        "fetched_at_utc": "2026-10-07T11:42:49+00:00",
        "query_key": "historic_sites",
        "tags": {
          "board_type": "history",
          "historic": "memorial",
          "image": "https://www.sallylunns.co.uk/wp-content/uploads/2025/02/Sally-1.jpg",
          "inscription": "The oldest house in Bath 1482\nSALLY LUNN\nlived here\n1680",
          "memorial": "plaque",
          "name": "The oldest house in Bath",
          "plaque": "stone"
        }
      }
    },
    {
      "type": "Feature",
      "geometry": {
        "type": "Point",
        "coordinates": [
          -2.3492886,
          51.3813565
        ]
      },
      "properties": {
        "id": "osm:node:687617125",
        "source": "osm",
        "title": "Welcome to Georgie, Poppy and Hugh's favourite bench! Come on Georgie, give your",
        "address": "",
        "description": "Welcome to Georgie, Poppy and Hugh's favourite bench! Come on Georgie, give your daddy a hug and then we'll feed the ducks!",
        "categories": [
          "historical",
          "memorial"
        ],
        "primary_category": "historical",
        "interest_score": 53,
        "website": "",
        "wikipedia": "",
        "wikidata": "",
        "source_url": "https://www.openstreetmap.org/node/687617125",
        "fetched_at_utc": "2026-10-07T11:42:49+00:00",
        "query_key": "historic_sites",
        "tags": {
          "amenity": "bench",
          "armrest": "no",
          "backrest": "yes",
          "colour": "brown",
          "historic": "memorial",
          "image": "https://openbenches.org/image/15d13bcd6f2210ae0eda31fa03d4be9c8640f3b8.jpg",
          "image:0": "https://openbenches.org/image/24f705dceb9ceda59fa4d5d8f42dc6e9e416b087.jpg",
          "image:view": "https://openbenches.org/image/68204c1fc7cc44e9121e7f1e092f2e1ba0585fa6.jpg",
          "inscription": "Welcome to Georgie, Poppy and Hugh's favourite bench! Come on Georgie, give your daddy a hug and then we'll feed the ducks!",
          "material": "wood",
          "memorial": "bench",
          "openbenches:id": "5475",
          "seats": "2"
        }
      }
    },
    {
      "type": "Feature",
      "geometry": {
        "type": "Point",
        "coordinates": [
          -2.3700145999999997,
          51.3869885
        ]
      },
      "properties": {
        "id": "osm:way:1005523914",
        "source": "osm",
        "title": "Royal Crescent",
        "address": "",
        "description": "",
        "categories": [
          "landmark"
        ],
        "primary_category": "landmark",
        "interest_score": 52,
        "website": "",
        "wikipedia": "en:Royal Crescent",
        "wikidata": "Q2289728",
        "source_url": "https://www.openstreetmap.org/way/1005523914",
        "fetched_at_utc": "2026-10-07T11:42:49+00:00",
        "query_key": "attractions_and_viewpoints",
        "tags": {
          "highway": "footway",
          "lit": "yes",
          "name": "Royal Crescent",
          "surface": "sett",
          "tourism": "attraction",
          "wikidata": "Q2289728",
          "wikipedia": "en:Royal Crescent"
        },
        "sitelinks": 20
      }
    },
    {
      "type": "Feature",
      "geometry": {
        "type": "Point",
        "coordinates": [
          -2.3640252,
          51.3807478
        ]
      },
      "properties": {
        "id": "osm:node:12397597517",
        "source": "osm",
        "title": "Bath Blitz information plaque",
        "address": "",
        "description": "Plaque commemorating the Bath Blitz, damage from which can still be seen in the fabric of the building on which the plaque is mounted. Features a visual comparison of the building's original design, compared to its state in 2014.",
        "categories": [
          "historical",
          "memorial"
        ],
        "primary_category": "historical",
        "interest_score": 51,
        "website": "",
        "wikipedia": "",
        "wikidata": "",
        "source_url": "https://www.openstreetmap.org/node/12397597517",
        "fetched_at_utc": "2026-10-07T11:42:49+00:00",
        "query_key": "historic_sites",
        "tags": {
          "description": "Plaque commemorating the Bath Blitz, damage from which can still be seen in the fabric of the building on which the plaque is mounted. Features a visual comparison of the building's original design, compared to its state in 2014.",
          "historic": "memorial",
          "inscription:1": "IN MEMORY OF THE 417 PERSONS KILLED IN THE WORLD WAR II BAEDEKER RAIDS OF 1942  In 1936, Bath City Council demolished 1-3 James Street West in order to build its much-needed council department building, a brand new Labour Exchange. From this building, the",
          "inscription:10": "and materials were both in very short supply.",
          "inscription:2": "council assisted those seeking employment and paid out subsistence money (\"the dole\") to those in need from 1937 onwards. When World War II broke out in 1939 its function was extended to include civil defence. On 26th April 1942, in the early hours of the",
          "inscription:3": "morning, a 250kg bomb hit the Holy Trinity Church just 40 metres west of this site. Shrapnel from the wrecked church caused minor damage to the outside of the Labour Exchange. At approximately the same time the next morning another bomb landed on the edge",
          "inscription:4": "of the pavement on the north side of James Street West, opposite the Kingsmead North junction.  Wartime records show that the new Labour Exchange was badly damaged by this second blast. The building was immediately evacuated and the fire service worked",
          "inscription:5": "through the night, using more than ten pumps, to make the area safe. Despite their efforts the fire in the roof spread and burned out the whole of the top floor. It was recorded that the stone of the building was left severely pitted by shrapnel and",
          "inscription:6": "machine gun fire, and the damage can still be seen on the retained façade of the building.  Despite the building being severely damaged, the funcitons carried out there were still badly needed. The floor of the upper storey was hastily sealed to make a",
          "inscription:7": "temporary roof and the hole in the outside wall patched with cement. Thus the Labour Exchange continued to operate from the stump of the original building, providing essential support for those bombed out of their homes and ensuring that the war effort",
          "inscription:8": "had sufficient manpower.  This became even more important when wartime emergency legislation made it compulsory for all unmarried women to be employed on functions that assisted the war effort and the Labour Exchange had to help them find suitable jobs.",
          "inscription:9": "For a long period after the war the Labour Exchange was used solely for storage but in 2002 it was designated as a Grade II listed building because it was one of the last surviving examples of the \"make do and mend\" necessities of wartime, when manpower",
          "material": "metal",
          "memorial": "plaque",
          "name": "Bath Blitz information plaque",
          "openplaques:id": "51375"
        }
      }
    },
    {
      "type": "Feature",
      "geometry": {
        "type": "Point",
        "coordinates": [
          -2.3592629,
          51.3808049
        ]
      },
      "properties": {
        "id": "osm:node:4838198014",
        "source": "osm",
        "title": "44AD Art Gallery and Studios",
        "address": "4 Abbey Street, Bath, BA1 1NN",
        "description": "",
        "categories": [
          "cultural",
          "art"
        ],
        "primary_category": "cultural",
        "interest_score": 50,
        "website": "https://www.44ad.net/",
        "wikipedia": "",
        "wikidata": "Q26673195",
        "source_url": "https://www.openstreetmap.org/node/4838198014",
        "fetched_at_utc": "2026-10-07T11:42:49+00:00",
        "query_key": "galleries_and_arts",
        "tags": {
          "addr:city": "Bath",
          "addr:housenumber": "4",
          "addr:postcode": "BA1 1NN",
          "addr:street": "Abbey Street",
          "name": "44AD Art Gallery and Studios",
          "tourism": "gallery",
          "website": "https://www.44ad.net/",
          "wheelchair": "no",
          "wikidata": "Q26673195"
        },
        "sitelinks": 0
      }
    },
    {
      "type": "Feature",
      "geometry": {
        "type": "Point",
        "coordinates": [
          -2.359259163414635,
          51.3835688195122
        ]
      },
      "properties": {
        "id": "osm:way:1363074916",
        "source": "osm",
        "title": "Bath Central Library",
        "address": "Northgate Street, BA1 5AL",
        "description": "",
        "categories": [
          "cultural",
          "literary"
        ],
        "primary_category": "cultural",
        "interest_score": 50,
        "website": "https://bathnes.gov.uk/",
        "wikipedia": "",
        "wikidata": "Q29042689",
        "source_url": "https://www.openstreetmap.org/way/1363074916",
        "fetched_at_utc": "2026-10-07T11:42:49+00:00",
        "query_key": "performance_and_literary",
        "tags": {
          "addr:postcode": "BA1 5AL",
          "addr:street": "Northgate Street",
          "amenity": "library",
          "digital_access": "printer;computer;photocopier",
          "digital_access:membership": "yes",
          "indoor": "room",
          "internet_access": "wlan",
          "internet_access:fee": "no",
          "level": "1",
          "name": "Bath Central Library",
          "website": "https://bathnes.gov.uk/",
          "wheelchair": "yes",
          "wikidata": "Q29042689"
        },
        "sitelinks": 0
      }
    },
    {
      "type": "Feature",
      "geometry": {
        "type": "Point",
        "coordinates": [
          -2.3631709,
          51.38229087999999
        ]
      },
      "properties": {
        "id": "osm:way:49380939",
        "source": "osm",
        "title": "Beauford Square",
        "address": "",
        "description": "",
        "categories": [
          "historical",
          "natural",
          "garden"
        ],
        "primary_category": "historical",
        "interest_score": 50,
        "website": "",
        "wikipedia": "",
        "wikidata": "",
        "source_url": "https://www.openstreetmap.org/way/49380939",
        "fetched_at_utc": "2026-10-07T11:42:49+00:00",
        "query_key": "gardens",
        "tags": {
          "access": "private",
          "historic": "yes",
          "leisure": "garden",
          "name": "Beauford Square",
          "source": "http://bath-heritage.co.uk/beaufort_square.html"
        }
      }
    },
    {
      "type": "Feature",
      "geometry": {
        "type": "Point",
        "coordinates": [
          -2.358944093548387,
          51.37390827096774
        ]
      },
      "properties": {
        "id": "osm:way:3027363",
        "source": "osm",
        "title": "Alexandra Park",
        "address": "",
        "description": "",
        "categories": [
          "natural",
          "park"
        ],
        "primary_category": "natural",
        "interest_score": 48,
        "website": "",
        "wikipedia": "",
        "wikidata": "Q135911703",
        "source_url": "https://www.openstreetmap.org/way/3027363",
        "fetched_at_utc": "2026-10-07T11:42:49+00:00",
        "query_key": "parks",
        "tags": {
          "leisure": "park",
          "name": "Alexandra Park",
          "wikidata": "Q135911703",
          "wikimedia_commons": "Category:Alexandra Park, Bath"
        },
        "sitelinks": 0
      }
    },
    {
      "type": "Feature",
      "geometry": {
        "type": "Point",
        "coordinates": [
          -2.35646082,
          51.382812709999996
        ]
      },
      "properties": {
        "id": "osm:way:48207098",
        "source": "osm",
        "title": "Beazer Garden Maze",
        "address": "",
        "description": "",
        "categories": [
          "natural",
          "park"
        ],
        "primary_category": "natural",
        "interest_score": 48,
        "website": "",
        "wikipedia": "",
        "wikidata": "Q116957583",
        "source_url": "https://www.openstreetmap.org/way/48207098",
        "fetched_at_utc": "2026-10-07T11:42:49+00:00",
        "query_key": "parks",
        "tags": {
          "leisure": "park",
          "name": "Beazer Garden Maze",
          "wikidata": "Q116957583"
        },
        "sitelinks": 0
      }
    },
    {
      "type": "Feature",
      "geometry": {
        "type": "Point",
        "coordinates": [
          -2.359959847727272,
          51.38902425227274
        ]
      },
      "properties": {
        "id": "osm:way:4235510",
        "source": "osm",
        "title": "Hedgemead Park",
        "address": "",
        "description": "",
        "categories": [
          "natural",
          "park"
        ],
        "primary_category": "natural",
        "interest_score": 48,
        "website": "",
        "wikipedia": "",
        "wikidata": "Q137944482",
        "source_url": "https://www.openstreetmap.org/way/4235510",
        "fetched_at_utc": "2026-10-07T11:42:49+00:00",
        "query_key": "parks",
        "tags": {
          "leisure": "park",
          "name": "Hedgemead Park",
          "wikidata": "Q137944482"
        },
        "sitelinks": 0
      }
    },
    {
      "type": "Feature",
      "geometry": {
        "type": "Point",
        "coordinates": [
          -2.354685381818182,
          51.387746045454556
        ]
      },
      "properties": {
        "id": "osm:way:983600661",
        "source": "osm",
        "title": "Saint Mary's",
        "address": "",
        "description": "",
        "categories": [
          "historical",
          "architecture"
        ],
        "primary_category": "historical",
        "interest_score": 48,
        "website": "",
        "wikipedia": "",
        "wikidata": "",
        "source_url": "https://www.openstreetmap.org/way/983600661",
        "fetched_at_utc": "2026-10-07T11:42:49+00:00",
        "query_key": "historic_sites",
        "tags": {
          "area": "yes",
          "denomination": "anglican",
          "disused": "yes",
          "historic": "ruins",
          "name": "Saint Mary's",
          "religion": "christian",
          "ruins": "church"
        }
      }
    },
    {
      "type": "Feature",
      "geometry": {
        "type": "Point",
        "coordinates": [
          -2.3647229,
          51.3843832
        ]
      },
      "properties": {
        "id": "osm:node:471975513",
        "source": "osm",
        "title": "Bath Cenotaph",
        "address": "",
        "description": "",
        "categories": [
          "historical",
          "memorial"
        ],
        "primary_category": "historical",
        "interest_score": 46,
        "website": "",
        "wikipedia": "",
        "wikidata": "",
        "source_url": "https://www.openstreetmap.org/node/471975513",
        "fetched_at_utc": "2026-10-07T11:42:49+00:00",
        "query_key": "historic_sites",
        "tags": {
          "historic": "monument",
          "name": "Bath Cenotaph"
        }
      }
    },
    {
      "type": "Feature",
      "geometry": {
        "type": "Point",
        "coordinates": [
          -2.3560649,
          51.390568800000004
        ]
      },
      "properties": {
        "id": "osm:way:677061147",
        "source": "osm",
        "title": "Burdall's Yard",
        "address": "7a Anglo Terrace, BA1 5NH",
        "description": "",
        "categories": [
          "cultural",
          "architecture",
          "art"
        ],
        "primary_category": "cultural",
        "interest_score": 46,
        "website": "https://www.burdallsyard.co.uk/",
        "wikipedia": "",
        "wikidata": "",
        "source_url": "https://www.openstreetmap.org/way/677061147",
        "fetched_at_utc": "2026-10-07T11:42:49+00:00",
        "query_key": "performance_and_literary",
        "tags": {
          "addr:housenumber": "7a",
          "addr:postcode": "BA1 5NH",
          "addr:street": "Anglo Terrace",
          "amenity": "theatre",
          "building": "yes",
          "disused:fhrs:id": "1560460",
          "name": "Burdall's Yard",
          "operator": "Next Stage Theatre Company",
          "website": "https://www.burdallsyard.co.uk/",
          "wheelchair": "yes"
        }
      }
    },
    {
      "type": "Feature",
      "geometry": {
        "type": "Point",
        "coordinates": [
          -2.3604448999999996,
          51.3796088875
        ]
      },
      "properties": {
        "id": "osm:way:120530684",
        "source": "osm",
        "title": "Chapel Arts Centre",
        "address": "",
        "description": "",
        "categories": [
          "cultural",
          "architecture",
          "art"
        ],
        "primary_category": "cultural",
        "interest_score": 46,
        "website": "https://www.chapelarts.org/",
        "wikipedia": "",
        "wikidata": "",
        "source_url": "https://www.openstreetmap.org/way/120530684",
        "fetched_at_utc": "2026-10-07T11:42:49+00:00",
        "query_key": "galleries_and_arts",
        "tags": {
          "amenity": "arts_centre",
          "building": "yes",
          "name": "Chapel Arts Centre",
          "website": "https://www.chapelarts.org/",
          "wheelchair": "no",
          "wheelchair:description": "Multiple steep steps to access"
        }
      }
    },
    {
      "type": "Feature",
      "geometry": {
        "type": "Point",
        "coordinates": [
          -2.3555887,
          51.3806941
        ]
      },
      "properties": {
        "id": "osm:node:5378148065",
        "source": "osm",
        "title": "Delia's Grotto",
        "address": "",
        "description": "",
        "categories": [
          "historical",
          "memorial"
        ],
        "primary_category": "historical",
        "interest_score": 46,
        "website": "",
        "wikipedia": "",
        "wikidata": "",
        "source_url": "https://www.openstreetmap.org/node/5378148065",
        "fetched_at_utc": "2026-10-07T11:42:49+00:00",
        "query_key": "historic_sites",
        "tags": {
          "historic": "monument",
          "name": "Delia's Grotto"
        }
      }
    },
    {
      "type": "Feature",
      "geometry": {
        "type": "Point",
        "coordinates": [
          -2.3748683,
          51.3878634
        ]
      },
      "properties": {
        "id": "osm:node:12738604701",
        "source": "osm",
        "title": "Jupiter Head",
        "address": "",
        "description": "",
        "categories": [
          "historical",
          "memorial"
        ],
        "primary_category": "historical",
        "interest_score": 46,
        "website": "",
        "wikipedia": "",
        "wikidata": "",
        "source_url": "https://www.openstreetmap.org/node/12738604701",
        "fetched_at_utc": "2026-10-07T11:42:49+00:00",
        "query_key": "historic_sites",
        "tags": {
          "historic": "monument",
          "name": "Jupiter Head"
        }
      }
    },
    {
      "type": "Feature",
      "geometry": {
        "type": "Point",
        "coordinates": [
          -2.3457814,
          51.3731455
        ]
      },
      "properties": {
        "id": "osm:node:5378028155",
        "source": "osm",
        "title": "Old Manor Farm Grotto",
        "address": "",
        "description": "",
        "categories": [
          "historical",
          "memorial"
        ],
        "primary_category": "historical",
        "interest_score": 46,
        "website": "",
        "wikipedia": "",
        "wikidata": "",
        "source_url": "https://www.openstreetmap.org/node/5378028155",
        "fetched_at_utc": "2026-10-07T11:42:49+00:00",
        "query_key": "historic_sites",
        "tags": {
          "historic": "monument",
          "name": "Old Manor Farm Grotto"
        }
      }
    },
    {
      "type": "Feature",
      "geometry": {
        "type": "Point",
        "coordinates": [
          -2.3832293,
          51.3827139
        ]
      },
      "properties": {
        "id": "osm:node:6733360563",
        "source": "osm",
        "title": "Remembering the Bath Blitz\n25th - 27th April 1942",
        "address": "",
        "description": "Remembering the Bath Blitz\n25th - 27th April 1942",
        "categories": [
          "historical",
          "memorial"
        ],
        "primary_category": "historical",
        "interest_score": 46,
        "website": "",
        "wikipedia": "",
        "wikidata": "",
        "source_url": "https://www.openstreetmap.org/node/6733360563",
        "fetched_at_utc": "2026-10-07T11:42:49+00:00",
        "query_key": "historic_sites",
        "tags": {
          "historic": "memorial",
          "inscription": "Remembering the Bath Blitz\n25th - 27th April 1942",
          "material": "stone",
          "memorial": "war_memorial",
          "wikimedia_commons": "File:Bath Blitz memorial, Spring Wharf, Bath.jpg"
        }
      }
    },
    {
      "type": "Feature",
      "geometry": {
        "type": "Point",
        "coordinates": [
          -2.3606329,
          51.3796744
        ]
      },
      "properties": {
        "id": "osm:node:12725151505",
        "source": "osm",
        "title": "RoadPeace Memorial",
        "address": "",
        "description": "Remembering lives lost and broken on our roads in the South West",
        "categories": [
          "historical",
          "memorial"
        ],
        "primary_category": "historical",
        "interest_score": 46,
        "website": "",
        "wikipedia": "",
        "wikidata": "",
        "source_url": "https://www.openstreetmap.org/node/12725151505",
        "fetched_at_utc": "2026-10-07T11:42:49+00:00",
        "query_key": "historic_sites",
        "tags": {
          "historic": "memorial",
          "inscription": "Remembering lives lost and broken on our roads in the South West",
          "material": "stone",
          "memorial": "stone",
          "name": "RoadPeace Memorial"
        }
      }
    },
    {
      "type": "Feature",
      "geometry": {
        "type": "Point",
        "coordinates": [
          -2.3769249,
          51.3885969
        ]
      },
      "properties": {
        "id": "osm:node:12738610001",
        "source": "osm",
        "title": "Shakespeare Monument",
        "address": "",
        "description": "",
        "categories": [
          "historical",
          "memorial"
        ],
        "primary_category": "historical",
        "interest_score": 46,
        "website": "",
        "wikipedia": "",
        "wikidata": "",
        "source_url": "https://www.openstreetmap.org/node/12738610001",
        "fetched_at_utc": "2026-10-07T11:42:49+00:00",
        "query_key": "historic_sites",
        "tags": {
          "historic": "monument",
          "name": "Shakespeare Monument"
        }
      }
    },
    {
      "type": "Feature",
      "geometry": {
        "type": "Point",
        "coordinates": [
          -2.3737859,
          51.3818162
        ]
      },
      "properties": {
        "id": "osm:node:4570279324",
        "source": "osm",
        "title": "Stothert & Pitt Crane",
        "address": "",
        "description": "",
        "categories": [
          "historical",
          "memorial"
        ],
        "primary_category": "historical",
        "interest_score": 46,
        "website": "",
        "wikipedia": "",
        "wikidata": "",
        "source_url": "https://www.openstreetmap.org/node/4570279324",
        "fetched_at_utc": "2026-10-07T11:42:49+00:00",
        "query_key": "historic_sites",
        "tags": {
          "historic": "monument",
          "name": "Stothert & Pitt Crane"
        }
      }
    },
    {
      "type": "Feature",
      "geometry": {
        "type": "Point",
        "coordinates": [
          -2.363319657142857,
          51.38196944285714
        ]
      },
      "properties": {
        "id": "osm:way:120983143",
        "source": "osm",
        "title": "Ustinov",
        "address": "BA1 1ET",
        "description": "",
        "categories": [
          "cultural",
          "architecture",
          "art"
        ],
        "primary_category": "cultural",
        "interest_score": 46,
        "website": "https://www.theatreroyal.org.uk/your-visit/ustinov/",
        "wikipedia": "",
        "wikidata": "",
        "source_url": "https://www.openstreetmap.org/way/120983143",
        "fetched_at_utc": "2026-10-07T11:42:49+00:00",
        "query_key": "performance_and_literary",
        "tags": {
          "addr:postcode": "BA1 1ET",
          "amenity": "theatre",
          "building": "yes",
          "name": "Ustinov",
          "note": "Part of the Theatre Royal: Drama/Music/Comedy.Poetry",
          "toilets:wheelchair": "yes",
          "website": "https://www.theatreroyal.org.uk/your-visit/ustinov/",
          "wheelchair": "yes"
        }
      }
    },
    {
      "type": "Feature",
      "geometry": {
        "type": "Point",
        "coordinates": [
          -2.3720825,
          51.3859158
        ]
      },
      "properties": {
        "id": "osm:node:612934396",
        "source": "osm",
        "title": "Victoria Majority Monument",
        "address": "",
        "description": "",
        "categories": [
          "historical",
          "memorial"
        ],
        "primary_category": "historical",
        "interest_score": 46,
        "website": "",
        "wikipedia": "",
        "wikidata": "",
        "source_url": "https://www.openstreetmap.org/node/612934396",
        "fetched_at_utc": "2026-10-07T11:42:49+00:00",
        "query_key": "historic_sites",
        "tags": {
          "historic": "monument",
          "name": "Victoria Majority Monument"
        }
      }
    },
    {
      "type": "Feature",
      "geometry": {
        "type": "Point",
        "coordinates": [
          -2.3590703,
          51.3815819
        ]
      },
      "properties": {
        "id": "osm:node:3329094969",
        "source": "osm",
        "title": "Rebecca Fountain",
        "address": "",
        "description": "",
        "categories": [
          "cultural",
          "art"
        ],
        "primary_category": "cultural",
        "interest_score": 44,
        "website": "",
        "wikipedia": "",
        "wikidata": "Q26674838",
        "source_url": "https://www.openstreetmap.org/node/3329094969",
        "fetched_at_utc": "2026-10-07T11:42:49+00:00",
        "query_key": "galleries_and_arts",
        "tags": {
          "amenity": "fountain",
          "artist_name": "Rushton Walker",
          "artwork_type": "statue",
          "name": "Rebecca Fountain",
          "source": "https://ssl.panoramio.com/photo/67366864",
          "tourism": "artwork",
          "wheelchair": "no",
          "wheelchair:description": "Steps surround the fountain.",
          "wikidata": "Q26674838"
        },
        "sitelinks": 0
      }
    },
    {
      "type": "Feature",
      "geometry": {
        "type": "Point",
        "coordinates": [
          -2.3628288,
          51.3817238
        ]
      },
      "properties": {
        "id": "osm:node:5648509460",
        "source": "osm",
        "title": "Theatre Royal Fountain",
        "address": "",
        "description": "",
        "categories": [
          "cultural",
          "art"
        ],
        "primary_category": "cultural",
        "interest_score": 44,
        "website": "",
        "wikipedia": "",
        "wikidata": "Q63092593",
        "source_url": "https://www.openstreetmap.org/node/5648509460",
        "fetched_at_utc": "2026-10-07T11:42:49+00:00",
        "query_key": "galleries_and_arts",
        "tags": {
          "amenity": "fountain",
          "artwork_type": "sculpture",
          "name": "Theatre Royal Fountain",
          "tourism": "artwork",
          "wikidata": "Q63092593"
        },
        "sitelinks": 0
      }
    },
    {
      "type": "Feature",
      "geometry": {
        "type": "Point",
        "coordinates": [
          -2.3902499,
          51.396031
        ]
      },
      "properties": {
        "id": "osm:node:485350425",
        "source": "osm",
        "title": "Weston Public Library",
        "address": "",
        "description": "",
        "categories": [
          "cultural",
          "literary"
        ],
        "primary_category": "cultural",
        "interest_score": 44,
        "website": "",
        "wikipedia": "",
        "wikidata": "Q55163419",
        "source_url": "https://www.openstreetmap.org/node/485350425",
        "fetched_at_utc": "2026-10-07T11:42:49+00:00",
        "query_key": "performance_and_literary",
        "tags": {
          "amenity": "library",
          "name": "Weston Public Library",
          "opening_hours": "Tu,Th 10:00-13:00,14:00-17:00; Sa 09:30-13:00,14:00-17:00; Mo,We,Fr,Su,PH off",
          "operator": "Bath & Northeast Somerset Council",
          "phone": "+441225394041",
          "wikidata": "Q55163419"
        },
        "sitelinks": 0
      }
    },
    {
      "type": "Feature",
      "geometry": {
        "type": "Point",
        "coordinates": [
          -2.36676424,
          51.381514440000004
        ]
      },
      "properties": {
        "id": "osm:way:26751795",
        "source": "osm",
        "title": "Bath Farmers Market",
        "address": "",
        "description": "",
        "categories": [
          "cultural",
          "market"
        ],
        "primary_category": "cultural",
        "interest_score": 42,
        "website": "https://www.bathfarmersmarket.co.uk/",
        "wikipedia": "",
        "wikidata": "",
        "source_url": "https://www.openstreetmap.org/way/26751795",
        "fetched_at_utc": "2026-10-07T11:42:49+00:00",
        "query_key": "markets",
        "tags": {
          "amenity": "marketplace",
          "covered": "yes",
          "fish": "yes",
          "indoor": "area",
          "level": "0",
          "meat": "yes",
          "name": "Bath Farmers Market",
          "opening_hours": "Sa 09:00-13:30",
          "vegetable": "yes",
          "website": "https://www.bathfarmersmarket.co.uk/"
        }
      }
    },
    {
      "type": "Feature",
      "geometry": {
        "type": "Point",
        "coordinates": [
          -2.3658181,
          51.3738772
        ]
      },
      "properties": {
        "id": "osm:node:10856398289",
        "source": "osm",
        "title": "Bear Flat Community Market",
        "address": "Bruton Avenue, BA2 4QJ",
        "description": "",
        "categories": [
          "cultural",
          "market"
        ],
        "primary_category": "cultural",
        "interest_score": 42,
        "website": "https://bearflat.org.uk/market/",
        "wikipedia": "",
        "wikidata": "",
        "source_url": "https://www.openstreetmap.org/node/10856398289",
        "fetched_at_utc": "2026-10-07T11:42:49+00:00",
        "query_key": "markets",
        "tags": {
          "addr:postcode": "BA2 4QJ",
          "addr:street": "Bruton Avenue",
          "amenity": "marketplace",
          "fhrs:id": "914679",
          "name": "Bear Flat Community Market",
          "not:addr:postcode": "BA2 4RF",
          "website": "https://bearflat.org.uk/market/"
        }
      }
    },
    {
      "type": "Feature",
      "geometry": {
        "type": "Point",
        "coordinates": [
          -2.3747288699999998,
          51.385168279999995
        ]
      },
      "properties": {
        "id": "osm:way:1377403735",
        "source": "osm",
        "title": "Bath Organic Group Community Garden",
        "address": "",
        "description": "",
        "categories": [
          "natural",
          "garden"
        ],
        "primary_category": "natural",
        "interest_score": 40,
        "website": "https://bathorganicgroup.org.uk/garden",
        "wikipedia": "",
        "wikidata": "",
        "source_url": "https://www.openstreetmap.org/way/1377403735",
        "fetched_at_utc": "2026-10-07T11:42:49+00:00",
        "query_key": "gardens",
        "tags": {
          "garden:type": "community",
          "leisure": "garden",
          "name": "Bath Organic Group Community Garden",
          "operator": "Bath Organic Group",
          "phone": "+44 1225 331196",
          "website": "https://bathorganicgroup.org.uk/garden"
        }
      }
    },
    {
      "type": "Feature",
      "geometry": {
        "type": "Point",
        "coordinates": [
          -2.3561425,
          51.38951684
        ]
      },
      "properties": {
        "id": "osm:way:182345869",
        "source": "osm",
        "title": "Peter Hayes Studio Gallery",
        "address": "2 Cleveland Bridge, BA1 5DH",
        "description": "",
        "categories": [
          "cultural",
          "architecture",
          "art"
        ],
        "primary_category": "cultural",
        "interest_score": 40,
        "website": "",
        "wikipedia": "",
        "wikidata": "",
        "source_url": "https://www.openstreetmap.org/way/182345869",
        "fetched_at_utc": "2026-10-07T11:42:49+00:00",
        "query_key": "galleries_and_arts",
        "tags": {
          "addr:housenumber": "2",
          "addr:postcode": "BA1 5DH",
          "addr:street": "Cleveland Bridge",
          "building": "yes",
          "name": "Peter Hayes Studio Gallery",
          "tourism": "gallery",
          "wheelchair": "limited",
          "wheelchair:description": "Gallery accessible not lower workshop"
        }
      }
    },
    {
      "type": "Feature",
      "geometry": {
        "type": "Point",
        "coordinates": [
          -2.371409487179487,
          51.39020935128206
        ]
      },
      "properties": {
        "id": "osm:way:4229555",
        "source": "osm",
        "title": "The High Common",
        "address": "",
        "description": "Was a loss making par 3 pitch & putt golf course. Now left to rewild. Possibly becoming footgolf",
        "categories": [
          "natural",
          "park"
        ],
        "primary_category": "natural",
        "interest_score": 39,
        "website": "",
        "wikipedia": "",
        "wikidata": "",
        "source_url": "https://www.openstreetmap.org/way/4229555",
        "fetched_at_utc": "2026-10-07T11:42:49+00:00",
        "query_key": "parks",
        "tags": {
          "description": "Was a loss making par 3 pitch & putt golf course. Now left to rewild. Possibly becoming footgolf",
          "leisure": "park",
          "name": "The High Common"
        }
      }
    },
    {
      "type": "Feature",
      "geometry": {
        "type": "Point",
        "coordinates": [
          -2.3592887,
          51.3875973
        ]
      },
      "properties": {
        "id": "osm:node:8358842164",
        "source": "osm",
        "title": "St M \nP",
        "address": "",
        "description": "St M \nP",
        "categories": [
          "historical"
        ],
        "primary_category": "historical",
        "interest_score": 38,
        "website": "",
        "wikipedia": "",
        "wikidata": "",
        "source_url": "https://www.openstreetmap.org/node/8358842164",
        "fetched_at_utc": "2026-10-07T11:42:49+00:00",
        "query_key": "historic_sites",
        "tags": {
          "boundary": "marker",
          "format": "plaque",
          "historic": "boundary_stone",
          "inscription": "St M \nP",
          "material": "stone",
          "note": "Parish of St Michael's [Without]; the boundary with Walcot being where the buildings meet. Inscribed above head height on the surface of the ashlar."
        }
      }
    },
    {
      "type": "Feature",
      "geometry": {
        "type": "Point",
        "coordinates": [
          -2.3593804,
          51.3811268
        ]
      },
      "properties": {
        "id": "osm:node:9997718518",
        "source": "osm",
        "title": "Temple of Sulis Minerva",
        "address": "",
        "description": "",
        "categories": [
          "historical"
        ],
        "primary_category": "historical",
        "interest_score": 38,
        "website": "",
        "wikipedia": "",
        "wikidata": "",
        "source_url": "https://www.openstreetmap.org/node/9997718518",
        "fetched_at_utc": "2026-10-07T11:42:49+00:00",
        "query_key": "historic_sites",
        "tags": {
          "historic": "archaeological_site",
          "name": "Temple of Sulis Minerva"
        }
      }
    },
    {
      "type": "Feature",
      "geometry": {
        "type": "Point",
        "coordinates": [
          -2.3585745,
          51.3823776
        ]
      },
      "properties": {
        "id": "osm:node:12640904273",
        "source": "osm",
        "title": "The Nail",
        "address": "",
        "description": "",
        "categories": [
          "historical",
          "landmark"
        ],
        "primary_category": "historical",
        "interest_score": 38,
        "website": "",
        "wikipedia": "",
        "wikidata": "",
        "source_url": "https://www.openstreetmap.org/node/12640904273",
        "fetched_at_utc": "2026-10-07T11:42:49+00:00",
        "query_key": "attractions_and_viewpoints",
        "tags": {
          "historic": "column",
          "name": "The Nail",
          "tourism": "attraction"
        }
      }
    },
    {
      "type": "Feature",
      "geometry": {
        "type": "Point",
        "coordinates": [
          -2.3364244,
          51.3804574
        ]
      },
      "properties": {
        "id": "osm:node:2697571384",
        "source": "osm",
        "title": "tumulus",
        "address": "",
        "description": "",
        "categories": [
          "historical"
        ],
        "primary_category": "historical",
        "interest_score": 38,
        "website": "",
        "wikipedia": "",
        "wikidata": "",
        "source_url": "https://www.openstreetmap.org/node/2697571384",
        "fetched_at_utc": "2026-10-07T11:42:49+00:00",
        "query_key": "historic_sites",
        "tags": {
          "historic": "archaeological_site",
          "name": "tumulus",
          "source": "OS 1:25k"
        }
      }
    },
    {
      "type": "Feature",
      "geometry": {
        "type": "Point",
        "coordinates": [
          -2.3354588,
          51.3800021
        ]
      },
      "properties": {
        "id": "osm:node:2697571387",
        "source": "osm",
        "title": "tumulus",
        "address": "",
        "description": "",
        "categories": [
          "historical"
        ],
        "primary_category": "historical",
        "interest_score": 38,
        "website": "",
        "wikipedia": "",
        "wikidata": "",
        "source_url": "https://www.openstreetmap.org/node/2697571387",
        "fetched_at_utc": "2026-10-07T11:42:49+00:00",
        "query_key": "historic_sites",
        "tags": {
          "historic": "archaeological_site",
          "name": "tumulus",
          "source": "OS 1:25k"
        }
      }
    },
    {
      "type": "Feature",
      "geometry": {
        "type": "Point",
        "coordinates": [
          -2.3592217,
          51.3870406
        ]
      },
      "properties": {
        "id": "osm:node:8358874652",
        "source": "osm",
        "title": "W P | St M P",
        "address": "",
        "description": "W P | St M P",
        "categories": [
          "historical"
        ],
        "primary_category": "historical",
        "interest_score": 38,
        "website": "",
        "wikipedia": "",
        "wikidata": "",
        "source_url": "https://www.openstreetmap.org/node/8358874652",
        "fetched_at_utc": "2026-10-07T11:42:49+00:00",
        "query_key": "historic_sites",
        "tags": {
          "boundary": "marker",
          "format": "plaque",
          "historic": "boundary_stone",
          "inscription": "W P | St M P",
          "material": "stone",
          "note": "Parish boundary of Walcot and St Michael's [Without]; on the line of the Cornwell spring stream (now culverted). Inscribed just above pavement level, in the ashlar of the building."
        }
      }
    },
    {
      "type": "Feature",
      "geometry": {
        "type": "Point",
        "coordinates": [
          -2.3598779,
          51.3876117
        ]
      },
      "properties": {
        "id": "osm:node:5670766994",
        "source": "osm",
        "title": "W' P | S' M P",
        "address": "",
        "description": "W' P | S' M P",
        "categories": [
          "historical"
        ],
        "primary_category": "historical",
        "interest_score": 38,
        "website": "",
        "wikipedia": "",
        "wikidata": "",
        "source_url": "https://www.openstreetmap.org/node/5670766994",
        "fetched_at_utc": "2026-10-07T11:42:49+00:00",
        "query_key": "historic_sites",
        "tags": {
          "boundary": "marker",
          "format": "plaque",
          "historic": "boundary_stone",
          "inscription": "W' P | S' M P",
          "material": "stone",
          "note": "Parish boundary of Walcot and St Michael's [Without]. Inscribed above head height in the ashlar."
        }
      }
    },
    {
      "type": "Feature",
      "geometry": {
        "type": "Point",
        "coordinates": [
          -2.3791384628571426,
          51.399912848571425
        ]
      },
      "properties": {
        "id": "osm:way:38595651",
        "source": "osm",
        "title": "Primrose Hill Community Woodland",
        "address": "",
        "description": "",
        "categories": [
          "natural"
        ],
        "primary_category": "natural",
        "interest_score": 36,
        "website": "http://primrosehillwoodland.com",
        "wikipedia": "",
        "wikidata": "",
        "source_url": "https://www.openstreetmap.org/way/38595651",
        "fetched_at_utc": "2026-10-07T11:42:49+00:00",
        "query_key": "nature_reserves",
        "tags": {
          "barrier": "hedge",
          "leisure": "nature_reserve",
          "name": "Primrose Hill Community Woodland",
          "website": "http://primrosehillwoodland.com"
        }
      }
    },
    {
      "type": "Feature",
      "geometry": {
        "type": "Point",
        "coordinates": [
          -2.3688848857142855,
          51.371127709523805
        ]
      },
      "properties": {
        "id": "osm:way:4795072",
        "source": "osm",
        "title": "Bloomfield Green",
        "address": "",
        "description": "",
        "categories": [
          "natural",
          "park"
        ],
        "primary_category": "natural",
        "interest_score": 34,
        "website": "",
        "wikipedia": "",
        "wikidata": "",
        "source_url": "https://www.openstreetmap.org/way/4795072",
        "fetched_at_utc": "2026-10-07T11:42:49+00:00",
        "query_key": "parks",
        "tags": {
          "leisure": "park",
          "name": "Bloomfield Green"
        }
      }
    },
    {
      "type": "Feature",
      "geometry": {
        "type": "Point",
        "coordinates": [
          -2.386600808,
          51.37649131599999
        ]
      },
      "properties": {
        "id": "osm:way:4346034",
        "source": "osm",
        "title": "Brickfields",
        "address": "",
        "description": "",
        "categories": [
          "natural",
          "park"
        ],
        "primary_category": "natural",
        "interest_score": 34,
        "website": "",
        "wikipedia": "",
        "wikidata": "",
        "source_url": "https://www.openstreetmap.org/way/4346034",
        "fetched_at_utc": "2026-10-07T11:42:49+00:00",
        "query_key": "parks",
        "tags": {
          "leisure": "park",
          "name": "Brickfields"
        }
      }
    },
    {
      "type": "Feature",
      "geometry": {
        "type": "Point",
        "coordinates": [
          -2.3534834000000004,
          51.37888671428572
        ]
      },
      "properties": {
        "id": "osm:way:40495024",
        "source": "osm",
        "title": "Dolemeads Community Garden",
        "address": "",
        "description": "",
        "categories": [
          "natural",
          "garden"
        ],
        "primary_category": "natural",
        "interest_score": 34,
        "website": "",
        "wikipedia": "",
        "wikidata": "",
        "source_url": "https://www.openstreetmap.org/way/40495024",
        "fetched_at_utc": "2026-10-07T11:42:49+00:00",
        "query_key": "gardens",
        "tags": {
          "leisure": "garden",
          "name": "Dolemeads Community Garden",
          "wheelchair": "yes"
        }
      }
    },
    {
      "type": "Feature",
      "geometry": {
        "type": "Point",
        "coordinates": [
          -2.375808796666667,
          51.38386899666667
        ]
      },
      "properties": {
        "id": "osm:way:693738649",
        "source": "osm",
        "title": "Elizabeth Park",
        "address": "",
        "description": "",
        "categories": [
          "natural",
          "park"
        ],
        "primary_category": "natural",
        "interest_score": 34,
        "website": "",
        "wikipedia": "",
        "wikidata": "",
        "source_url": "https://www.openstreetmap.org/way/693738649",
        "fetched_at_utc": "2026-10-07T11:42:49+00:00",
        "query_key": "parks",
        "tags": {
          "leisure": "park",
          "name": "Elizabeth Park",
          "name:be": "Лізаветынскі парк",
          "name:en": "Elizabeth Park",
          "name:ru": "Парк Елизаветы",
          "name:uk": "Парк Єлизавети"
        }
      }
    },
    {
      "type": "Feature",
      "geometry": {
        "type": "Point",
        "coordinates": [
          -2.3774873266666665,
          51.368323177777775
        ]
      },
      "properties": {
        "id": "osm:way:42489298",
        "source": "osm",
        "title": "Englishcombe Lane Open Space",
        "address": "",
        "description": "",
        "categories": [
          "natural",
          "park"
        ],
        "primary_category": "natural",
        "interest_score": 34,
        "website": "",
        "wikipedia": "",
        "wikidata": "",
        "source_url": "https://www.openstreetmap.org/way/42489298",
        "fetched_at_utc": "2026-10-07T11:42:49+00:00",
        "query_key": "parks",
        "tags": {
          "barrier": "fence",
          "leisure": "park",
          "name": "Englishcombe Lane Open Space"
        }
      }
    },
    {
      "type": "Feature",
      "geometry": {
        "type": "Point",
        "coordinates": [
          -2.3647882,
          51.38536716666667
        ]
      },
      "properties": {
        "id": "osm:way:39248006",
        "source": "osm",
        "title": "Georgian Garden",
        "address": "",
        "description": "",
        "categories": [
          "natural",
          "garden"
        ],
        "primary_category": "natural",
        "interest_score": 34,
        "website": "",
        "wikipedia": "",
        "wikidata": "",
        "source_url": "https://www.openstreetmap.org/way/39248006",
        "fetched_at_utc": "2026-10-07T11:42:49+00:00",
        "query_key": "gardens",
        "tags": {
          "leisure": "garden",
          "name": "Georgian Garden"
        }
      }
    },
    {
      "type": "Feature",
      "geometry": {
        "type": "Point",
        "coordinates": [
          -2.3770826,
          51.38875115882354
        ]
      },
      "properties": {
        "id": "osm:way:47918966",
        "source": "osm",
        "title": "Great Dell",
        "address": "",
        "description": "",
        "categories": [
          "natural",
          "garden"
        ],
        "primary_category": "natural",
        "interest_score": 34,
        "website": "",
        "wikipedia": "",
        "wikidata": "",
        "source_url": "https://www.openstreetmap.org/way/47918966",
        "fetched_at_utc": "2026-10-07T11:42:49+00:00",
        "query_key": "gardens",
        "tags": {
          "barrier": "fence",
          "leisure": "garden",
          "name": "Great Dell"
        }
      }
    },
    {
      "type": "Feature",
      "geometry": {
        "type": "Point",
        "coordinates": [
          -2.367169816666667,
          51.380288450000016
        ]
      },
      "properties": {
        "id": "osm:way:37910427",
        "source": "osm",
        "title": "Green Park",
        "address": "",
        "description": "",
        "categories": [
          "natural",
          "park"
        ],
        "primary_category": "natural",
        "interest_score": 34,
        "website": "",
        "wikipedia": "",
        "wikidata": "",
        "source_url": "https://www.openstreetmap.org/way/37910427",
        "fetched_at_utc": "2026-10-07T11:42:49+00:00",
        "query_key": "parks",
        "tags": {
          "leisure": "park",
          "name": "Green Park"
        }
      }
    },
    {
      "type": "Feature",
      "geometry": {
        "type": "Point",
        "coordinates": [
          -2.39660354,
          51.379007720000004
        ]
      },
      "properties": {
        "id": "osm:way:962997101",
        "source": "osm",
        "title": "Hanna Close Community Garden",
        "address": "",
        "description": "",
        "categories": [
          "natural",
          "park"
        ],
        "primary_category": "natural",
        "interest_score": 34,
        "website": "",
        "wikipedia": "",
        "wikidata": "",
        "source_url": "https://www.openstreetmap.org/way/962997101",
        "fetched_at_utc": "2026-10-07T11:42:49+00:00",
        "query_key": "parks",
        "tags": {
          "leisure": "park",
          "name": "Hanna Close Community Garden"
        }
      }
    },
    {
      "type": "Feature",
      "geometry": {
        "type": "Point",
        "coordinates": [
          -2.3549450690909097,
          51.38565523272729
        ]
      },
      "properties": {
        "id": "osm:way:97381317",
        "source": "osm",
        "title": "Henrietta Park",
        "address": "",
        "description": "",
        "categories": [
          "natural",
          "park"
        ],
        "primary_category": "natural",
        "interest_score": 34,
        "website": "",
        "wikipedia": "",
        "wikidata": "",
        "source_url": "https://www.openstreetmap.org/way/97381317",
        "fetched_at_utc": "2026-10-07T11:42:49+00:00",
        "query_key": "parks",
        "tags": {
          "leisure": "park",
          "name": "Henrietta Park"
        }
      }
    },
    {
      "type": "Feature",
      "geometry": {
        "type": "Point",
        "coordinates": [
          -2.388766015625,
          51.36868269375
        ]
      },
      "properties": {
        "id": "osm:way:4496338",
        "source": "osm",
        "title": "Hillcrest Park",
        "address": "",
        "description": "",
        "categories": [
          "natural",
          "park"
        ],
        "primary_category": "natural",
        "interest_score": 34,
        "website": "",
        "wikipedia": "",
        "wikidata": "",
        "source_url": "https://www.openstreetmap.org/way/4496338",
        "fetched_at_utc": "2026-10-07T11:42:49+00:00",
        "query_key": "parks",
        "tags": {
          "leisure": "park",
          "name": "Hillcrest Park"
        }
      }
    },
    {
      "type": "Feature",
      "geometry": {
        "type": "Point",
        "coordinates": [
          -2.385527666666667,
          51.397207449999996
        ]
      },
      "properties": {
        "id": "osm:way:89126714",
        "source": "osm",
        "title": "Homemead Park",
        "address": "",
        "description": "",
        "categories": [
          "natural",
          "park"
        ],
        "primary_category": "natural",
        "interest_score": 34,
        "website": "",
        "wikipedia": "",
        "wikidata": "",
        "source_url": "https://www.openstreetmap.org/way/89126714",
        "fetched_at_utc": "2026-10-07T11:42:49+00:00",
        "query_key": "parks",
        "tags": {
          "leisure": "park",
          "name": "Homemead Park"
        }
      }
    },
    {
      "type": "Feature",
      "geometry": {
        "type": "Point",
        "coordinates": [
          -2.3931296923076926,
          51.377979592307696
        ]
      },
      "properties": {
        "id": "osm:way:329181468",
        "source": "osm",
        "title": "Innox Park",
        "address": "",
        "description": "",
        "categories": [
          "natural",
          "park"
        ],
        "primary_category": "natural",
        "interest_score": 34,
        "website": "",
        "wikipedia": "",
        "wikidata": "",
        "source_url": "https://www.openstreetmap.org/way/329181468",
        "fetched_at_utc": "2026-10-07T11:42:49+00:00",
        "query_key": "parks",
        "tags": {
          "leisure": "park",
          "name": "Innox Park"
        }
      }
    },
    {
      "type": "Feature",
      "geometry": {
        "type": "Point",
        "coordinates": [
          -2.3829977333333336,
          51.38366418888889
        ]
      },
      "properties": {
        "id": "osm:way:3124161",
        "source": "osm",
        "title": "Kelson's Field",
        "address": "",
        "description": "",
        "categories": [
          "natural",
          "park"
        ],
        "primary_category": "natural",
        "interest_score": 34,
        "website": "",
        "wikipedia": "",
        "wikidata": "",
        "source_url": "https://www.openstreetmap.org/way/3124161",
        "fetched_at_utc": "2026-10-07T11:42:49+00:00",
        "query_key": "parks",
        "tags": {
          "leisure": "park",
          "name": "Kelson's Field"
        }
      }
    },
    {
      "type": "Feature",
      "geometry": {
        "type": "Point",
        "coordinates": [
          -2.3840215772727276,
          51.38081198181819
        ]
      },
      "properties": {
        "id": "osm:way:4345852",
        "source": "osm",
        "title": "Linear Park",
        "address": "",
        "description": "",
        "categories": [
          "natural",
          "park"
        ],
        "primary_category": "natural",
        "interest_score": 34,
        "website": "",
        "wikipedia": "",
        "wikidata": "",
        "source_url": "https://www.openstreetmap.org/way/4345852",
        "fetched_at_utc": "2026-10-07T11:42:49+00:00",
        "query_key": "parks",
        "tags": {
          "leisure": "park",
          "name": "Linear Park"
        }
      }
    },
    {
      "type": "Feature",
      "geometry": {
        "type": "Point",
        "coordinates": [
          -2.3715629315789473,
          51.37130758421053
        ]
      },
      "properties": {
        "id": "osm:way:4805218",
        "source": "osm",
        "title": "Linear Park",
        "address": "",
        "description": "",
        "categories": [
          "natural",
          "park"
        ],
        "primary_category": "natural",
        "interest_score": 34,
        "website": "",
        "wikipedia": "",
        "wikidata": "",
        "source_url": "https://www.openstreetmap.org/way/4805218",
        "fetched_at_utc": "2026-10-07T11:42:49+00:00",
        "query_key": "parks",
        "tags": {
          "leisure": "park",
          "name": "Linear Park"
        }
      }
    },
    {
      "type": "Feature",
      "geometry": {
        "type": "Point",
        "coordinates": [
          -2.3749571923076918,
          51.372559753846154
        ]
      },
      "properties": {
        "id": "osm:way:4805219",
        "source": "osm",
        "title": "Linear Park",
        "address": "",
        "description": "",
        "categories": [
          "natural",
          "park"
        ],
        "primary_category": "natural",
        "interest_score": 34,
        "website": "",
        "wikipedia": "",
        "wikidata": "",
        "source_url": "https://www.openstreetmap.org/way/4805219",
        "fetched_at_utc": "2026-10-07T11:42:49+00:00",
        "query_key": "parks",
        "tags": {
          "leisure": "park",
          "name": "Linear Park"
        }
      }
    },
    {
      "type": "Feature",
      "geometry": {
        "type": "Point",
        "coordinates": [
          -2.38502532,
          51.378297724999996
        ]
      },
      "properties": {
        "id": "osm:way:93087783",
        "source": "osm",
        "title": "Linear Park",
        "address": "",
        "description": "",
        "categories": [
          "natural",
          "park"
        ],
        "primary_category": "natural",
        "interest_score": 34,
        "website": "",
        "wikipedia": "",
        "wikidata": "",
        "source_url": "https://www.openstreetmap.org/way/93087783",
        "fetched_at_utc": "2026-10-07T11:42:49+00:00",
        "query_key": "parks",
        "tags": {
          "leisure": "park",
          "name": "Linear Park"
        }
      }
    },
    {
      "type": "Feature",
      "geometry": {
        "type": "Point",
        "coordinates": [
          -2.3817821038461533,
          51.37540925
        ]
      },
      "properties": {
        "id": "osm:way:93088294",
        "source": "osm",
        "title": "Linear Park",
        "address": "",
        "description": "",
        "categories": [
          "natural",
          "park"
        ],
        "primary_category": "natural",
        "interest_score": 34,
        "website": "",
        "wikipedia": "",
        "wikidata": "",
        "source_url": "https://www.openstreetmap.org/way/93088294",
        "fetched_at_utc": "2026-10-07T11:42:49+00:00",
        "query_key": "parks",
        "tags": {
          "leisure": "park",
          "name": "Linear Park"
        }
      }
    },
    {
      "type": "Feature",
      "geometry": {
        "type": "Point",
        "coordinates": [
          -2.3638550357142853,
          51.37563650714285
        ]
      },
      "properties": {
        "id": "osm:way:311180647",
        "source": "osm",
        "title": "Magdalen Gardens",
        "address": "",
        "description": "",
        "categories": [
          "natural",
          "park"
        ],
        "primary_category": "natural",
        "interest_score": 34,
        "website": "",
        "wikipedia": "",
        "wikidata": "",
        "source_url": "https://www.openstreetmap.org/way/311180647",
        "fetched_at_utc": "2026-10-07T11:42:49+00:00",
        "query_key": "parks",
        "tags": {
          "leisure": "park",
          "name": "Magdalen Gardens"
        }
      }
    },
    {
      "type": "Feature",
      "geometry": {
        "type": "Point",
        "coordinates": [
          -2.3796246235294114,
          51.37315687647058
        ]
      },
      "properties": {
        "id": "osm:way:4496129",
        "source": "osm",
        "title": "Moorlands Sandpits Play Area",
        "address": "",
        "description": "",
        "categories": [
          "natural",
          "park"
        ],
        "primary_category": "natural",
        "interest_score": 34,
        "website": "",
        "wikipedia": "",
        "wikidata": "",
        "source_url": "https://www.openstreetmap.org/way/4496129",
        "fetched_at_utc": "2026-10-07T11:42:49+00:00",
        "query_key": "parks",
        "tags": {
          "barrier": "fence",
          "leisure": "park",
          "name": "Moorlands Sandpits Play Area",
          "wheelchair:description": "The site is split into 3 sections due to being on a slope with sloping tarmac paths. There are 3 entrances, the lower 2 entrances allowing wheelchair access. The lowest entrance provides access to the bulk of the play equipment."
        }
      }
    },
    {
      "type": "Feature",
      "geometry": {
        "type": "Point",
        "coordinates": [
          -2.3436874708333333,
          51.390636358333325
        ]
      },
      "properties": {
        "id": "osm:way:1122140957",
        "source": "osm",
        "title": "North Park",
        "address": "",
        "description": "",
        "categories": [
          "natural",
          "park"
        ],
        "primary_category": "natural",
        "interest_score": 34,
        "website": "",
        "wikipedia": "",
        "wikidata": "",
        "source_url": "https://www.openstreetmap.org/way/1122140957",
        "fetched_at_utc": "2026-10-07T11:42:49+00:00",
        "query_key": "parks",
        "tags": {
          "fixme": "Unsure if this is to be maintained municipally or by the estate's developer.",
          "leisure": "park",
          "name": "North Park"
        }
      }
    },
    {
      "type": "Feature",
      "geometry": {
        "type": "Point",
        "coordinates": [
          -2.3607573500000005,
          51.379693325
        ]
      },
      "properties": {
        "id": "osm:way:3609802",
        "source": "osm",
        "title": "Pigeon Park",
        "address": "",
        "description": "",
        "categories": [
          "natural",
          "park"
        ],
        "primary_category": "natural",
        "interest_score": 34,
        "website": "",
        "wikipedia": "",
        "wikidata": "",
        "source_url": "https://www.openstreetmap.org/way/3609802",
        "fetched_at_utc": "2026-10-07T11:42:49+00:00",
        "query_key": "parks",
        "tags": {
          "barrier": "fence",
          "leisure": "park",
          "name": "Pigeon Park"
        }
      }
    },
    {
      "type": "Feature",
      "geometry": {
        "type": "Point",
        "coordinates": [
          -2.35631234375,
          51.3855794625
        ]
      },
      "properties": {
        "id": "osm:way:56044022",
        "source": "osm",
        "title": "Remembrance Gardens",
        "address": "",
        "description": "",
        "categories": [
          "natural",
          "garden"
        ],
        "primary_category": "natural",
        "interest_score": 34,
        "website": "",
        "wikipedia": "",
        "wikidata": "",
        "source_url": "https://www.openstreetmap.org/way/56044022",
        "fetched_at_utc": "2026-10-07T11:42:49+00:00",
        "query_key": "gardens",
        "tags": {
          "barrier": "fence",
          "leisure": "garden",
          "name": "Remembrance Gardens"
        }
      }
    },
    {
      "type": "Feature",
      "geometry": {
        "type": "Point",
        "coordinates": [
          -2.3972972592592594,
          51.36863984259259
        ]
      },
      "properties": {
        "id": "osm:way:4495992",
        "source": "osm",
        "title": "Roundhill",
        "address": "",
        "description": "",
        "categories": [
          "natural",
          "park"
        ],
        "primary_category": "natural",
        "interest_score": 34,
        "website": "",
        "wikipedia": "",
        "wikidata": "",
        "source_url": "https://www.openstreetmap.org/way/4495992",
        "fetched_at_utc": "2026-10-07T11:42:49+00:00",
        "query_key": "parks",
        "tags": {
          "leisure": "park",
          "name": "Roundhill",
          "old_name": "Highbarrow Hill"
        }
      }
    },
    {
      "type": "Feature",
      "geometry": {
        "type": "Point",
        "coordinates": [
          -2.3770146800000003,
          51.37683778
        ]
      },
      "properties": {
        "id": "osm:way:39589076",
        "source": "osm",
        "title": "Shaftesbury Road Memorial Gardens",
        "address": "",
        "description": "",
        "categories": [
          "natural",
          "park"
        ],
        "primary_category": "natural",
        "interest_score": 34,
        "website": "",
        "wikipedia": "",
        "wikidata": "",
        "source_url": "https://www.openstreetmap.org/way/39589076",
        "fetched_at_utc": "2026-10-07T11:42:49+00:00",
        "query_key": "parks",
        "tags": {
          "leisure": "park",
          "name": "Shaftesbury Road Memorial Gardens"
        }
      }
    },
    {
      "type": "Feature",
      "geometry": {
        "type": "Point",
        "coordinates": [
          -2.3601566,
          51.365009574999995
        ]
      },
      "properties": {
        "id": "osm:way:35033017",
        "source": "osm",
        "title": "Springfield Park",
        "address": "",
        "description": "",
        "categories": [
          "natural",
          "park"
        ],
        "primary_category": "natural",
        "interest_score": 34,
        "website": "",
        "wikipedia": "",
        "wikidata": "",
        "source_url": "https://www.openstreetmap.org/way/35033017",
        "fetched_at_utc": "2026-10-07T11:42:49+00:00",
        "query_key": "parks",
        "tags": {
          "leisure": "park",
          "name": "Springfield Park"
        }
      }
    },
    {
      "type": "Feature",
      "geometry": {
        "type": "Point",
        "coordinates": [
          -2.3628491625,
          51.394195275
        ]
      },
      "properties": {
        "id": "osm:way:5037493",
        "source": "osm",
        "title": "St Stephen's Millennium Green",
        "address": "",
        "description": "",
        "categories": [
          "natural",
          "park"
        ],
        "primary_category": "natural",
        "interest_score": 34,
        "website": "",
        "wikipedia": "",
        "wikidata": "",
        "source_url": "https://www.openstreetmap.org/way/5037493",
        "fetched_at_utc": "2026-10-07T11:42:49+00:00",
        "query_key": "parks",
        "tags": {
          "leisure": "park",
          "name": "St Stephen's Millennium Green"
        }
      }
    },
    {
      "type": "Feature",
      "geometry": {
        "type": "Point",
        "coordinates": [
          -2.3861321909090907,
          51.36721963636364
        ]
      },
      "properties": {
        "id": "osm:way:126627722",
        "source": "osm",
        "title": "Stirtingale Road Play Space",
        "address": "",
        "description": "",
        "categories": [
          "natural",
          "park"
        ],
        "primary_category": "natural",
        "interest_score": 34,
        "website": "",
        "wikipedia": "",
        "wikidata": "",
        "source_url": "https://www.openstreetmap.org/way/126627722",
        "fetched_at_utc": "2026-10-07T11:42:49+00:00",
        "query_key": "parks",
        "tags": {
          "leisure": "park",
          "name": "Stirtingale Road Play Space",
          "surface": "grass"
        }
      }
    },
    {
      "type": "Feature",
      "geometry": {
        "type": "Point",
        "coordinates": [
          -2.348333606666667,
          51.386942519999984
        ]
      },
      "properties": {
        "id": "osm:way:108449382",
        "source": "osm",
        "title": "Sydney Gardens",
        "address": "",
        "description": "",
        "categories": [
          "natural",
          "park"
        ],
        "primary_category": "natural",
        "interest_score": 34,
        "website": "",
        "wikipedia": "",
        "wikidata": "",
        "source_url": "https://www.openstreetmap.org/way/108449382",
        "fetched_at_utc": "2026-10-07T11:42:49+00:00",
        "query_key": "parks",
        "tags": {
          "layer": "-2",
          "leisure": "park",
          "name": "Sydney Gardens"
        }
      }
    },
    {
      "type": "Feature",
      "geometry": {
        "type": "Point",
        "coordinates": [
          -2.3478373321428565,
          51.38643861428572
        ]
      },
      "properties": {
        "id": "osm:way:108449384",
        "source": "osm",
        "title": "Sydney Gardens",
        "address": "",
        "description": "",
        "categories": [
          "natural",
          "park"
        ],
        "primary_category": "natural",
        "interest_score": 34,
        "website": "",
        "wikipedia": "",
        "wikidata": "",
        "source_url": "https://www.openstreetmap.org/way/108449384",
        "fetched_at_utc": "2026-10-07T11:42:49+00:00",
        "query_key": "parks",
        "tags": {
          "leisure": "park",
          "name": "Sydney Gardens"
        }
      }
    },
    {
      "type": "Feature",
      "geometry": {
        "type": "Point",
        "coordinates": [
          -2.3821865365853667,
          51.392405395121955
        ]
      },
      "properties": {
        "id": "osm:way:37922356",
        "source": "osm",
        "title": "Weston Park",
        "address": "",
        "description": "",
        "categories": [
          "natural",
          "park"
        ],
        "primary_category": "natural",
        "interest_score": 34,
        "website": "",
        "wikipedia": "",
        "wikidata": "",
        "source_url": "https://www.openstreetmap.org/way/37922356",
        "fetched_at_utc": "2026-10-07T11:42:49+00:00",
        "query_key": "parks",
        "tags": {
          "leisure": "park",
          "name": "Weston Park",
          "name:be": "Вэстан Парк",
          "name:en": "Weston Park",
          "name:ru": "Уэстон Парк",
          "name:uk": "Вестон Парк"
        }
      }
    },
    {
      "type": "Feature",
      "geometry": {
        "type": "Point",
        "coordinates": [
          -2.3949978,
          51.3751393
        ]
      },
      "properties": {
        "id": "osm:node:26523814",
        "source": "osm",
        "title": "Bath City Farm",
        "address": "Kelston View, BA2 1NW",
        "description": "Local community farm and regitered charity. Friendly farm animals and 37 acres of fields and woodland, cafe kisok, farm shop,",
        "categories": [
          "landmark"
        ],
        "primary_category": "landmark",
        "interest_score": 33,
        "website": "https://bathcityfarm.org.uk",
        "wikipedia": "",
        "wikidata": "",
        "source_url": "https://www.openstreetmap.org/node/26523814",
        "fetched_at_utc": "2026-10-07T11:42:49+00:00",
        "query_key": "attractions_and_viewpoints",
        "tags": {
          "addr:postcode": "BA2 1NW",
          "addr:street": "Kelston View",
          "description": "Local community farm and regitered charity. Friendly farm animals and 37 acres of fields and woodland, cafe kisok, farm shop,",
          "facebook": "https://www.facebook.com/BathCityFarm/",
          "name": "Bath City Farm",
          "tourism": "attraction",
          "twitter": "https://twitter.com/bathcityfarm",
          "website": "https://bathcityfarm.org.uk",
          "wheelchair": "limited"
        }
      }
    },
    {
      "type": "Feature",
      "geometry": {
        "type": "Point",
        "coordinates": [
          -2.3347360087719307,
          51.39601892631578
        ]
      },
      "properties": {
        "id": "osm:way:1558838526",
        "source": "osm",
        "title": "Bathampton Meadows",
        "address": "",
        "description": "",
        "categories": [
          "natural"
        ],
        "primary_category": "natural",
        "interest_score": 30,
        "website": "",
        "wikipedia": "",
        "wikidata": "",
        "source_url": "https://www.openstreetmap.org/way/1558838526",
        "fetched_at_utc": "2026-10-07T11:42:49+00:00",
        "query_key": "nature_reserves",
        "tags": {
          "boundary": "protected_area",
          "leisure": "nature_reserve",
          "name": "Bathampton Meadows",
          "operator": "National Trust",
          "operator:type": "charitable",
          "operator:wikidata": "Q333515"
        }
      }
    },
    {
      "type": "Feature",
      "geometry": {
        "type": "Point",
        "coordinates": [
          -2.3750493,
          51.3843918
        ]
      },
      "properties": {
        "id": "osm:node:12982811182",
        "source": "osm",
        "title": "Celebrating the Bath River Line's Natural Beauty",
        "address": "",
        "description": "",
        "categories": [
          "cultural",
          "art"
        ],
        "primary_category": "cultural",
        "interest_score": 30,
        "website": "",
        "wikipedia": "",
        "wikidata": "",
        "source_url": "https://www.openstreetmap.org/node/12982811182",
        "fetched_at_utc": "2026-10-07T11:42:49+00:00",
        "query_key": "galleries_and_arts",
        "tags": {
          "artist_name": "Little Lost Robot Studios",
          "artwork_type": "mural",
          "name": "Celebrating the Bath River Line's Natural Beauty",
          "tourism": "artwork"
        }
      }
    },
    {
      "type": "Feature",
      "geometry": {
        "type": "Point",
        "coordinates": [
          -2.3600619,
          51.38480262
        ]
      },
      "properties": {
        "id": "osm:way:1353938452",
        "source": "osm",
        "title": "Floating Globe",
        "address": "",
        "description": "",
        "categories": [
          "cultural",
          "art"
        ],
        "primary_category": "cultural",
        "interest_score": 30,
        "website": "",
        "wikipedia": "",
        "wikidata": "",
        "source_url": "https://www.openstreetmap.org/way/1353938452",
        "fetched_at_utc": "2026-10-07T11:42:49+00:00",
        "query_key": "galleries_and_arts",
        "tags": {
          "amenity": "fountain",
          "area": "yes",
          "artist_name": "William Pye",
          "name": "Floating Globe",
          "tourism": "artwork"
        }
      }
    },
    {
      "type": "Feature",
      "geometry": {
        "type": "Point",
        "coordinates": [
          -2.37044634,
          51.39916842
        ]
      },
      "properties": {
        "id": "osm:way:124534781",
        "source": "osm",
        "title": "Kingswood Theatre",
        "address": "",
        "description": "",
        "categories": [
          "cultural",
          "art"
        ],
        "primary_category": "cultural",
        "interest_score": 30,
        "website": "",
        "wikipedia": "",
        "wikidata": "",
        "source_url": "https://www.openstreetmap.org/way/124534781",
        "fetched_at_utc": "2026-10-07T11:42:49+00:00",
        "query_key": "performance_and_literary",
        "tags": {
          "amenity": "theatre",
          "building": "school",
          "name": "Kingswood Theatre",
          "not:addr:postcode": "yes",
          "operator": "Kingswood School"
        }
      }
    },
    {
      "type": "Feature",
      "geometry": {
        "type": "Point",
        "coordinates": [
          -2.3752957,
          51.3834761
        ]
      },
      "properties": {
        "id": "osm:node:6096768674",
        "source": "osm",
        "title": "Maid of the Bridge",
        "address": "",
        "description": "",
        "categories": [
          "cultural",
          "art"
        ],
        "primary_category": "cultural",
        "interest_score": 30,
        "website": "",
        "wikipedia": "",
        "wikidata": "",
        "source_url": "https://www.openstreetmap.org/node/6096768674",
        "fetched_at_utc": "2026-10-07T11:42:49+00:00",
        "query_key": "galleries_and_arts",
        "tags": {
          "artwork_type": "statue",
          "name": "Maid of the Bridge",
          "tourism": "artwork"
        }
      }
    },
    {
      "type": "Feature",
      "geometry": {
        "type": "Point",
        "coordinates": [
          -2.3764845,
          51.3996424
        ]
      },
      "properties": {
        "id": "osm:node:8693087238",
        "source": "osm",
        "title": "Minerva the Owl",
        "address": "",
        "description": "",
        "categories": [
          "cultural",
          "art"
        ],
        "primary_category": "cultural",
        "interest_score": 30,
        "website": "",
        "wikipedia": "",
        "wikidata": "",
        "source_url": "https://www.openstreetmap.org/node/8693087238",
        "fetched_at_utc": "2026-10-07T11:42:49+00:00",
        "query_key": "galleries_and_arts",
        "tags": {
          "artist_name": "CN",
          "artwork_type": "sculpture",
          "material": "wood",
          "name": "Minerva the Owl",
          "tourism": "artwork"
        }
      }
    },
    {
      "type": "Feature",
      "geometry": {
        "type": "Point",
        "coordinates": [
          -2.3711327,
          51.3821394
        ]
      },
      "properties": {
        "id": "osm:node:12397824834",
        "source": "osm",
        "title": "Nails",
        "address": "",
        "description": "",
        "categories": [
          "cultural",
          "art"
        ],
        "primary_category": "cultural",
        "interest_score": 30,
        "website": "",
        "wikipedia": "",
        "wikidata": "",
        "source_url": "https://www.openstreetmap.org/node/12397824834",
        "fetched_at_utc": "2026-10-07T11:42:49+00:00",
        "query_key": "galleries_and_arts",
        "tags": {
          "artist_name": "Peter Logan",
          "artwork_type": "sculpture",
          "material": "metal",
          "name": "Nails",
          "start_date": "1987",
          "tourism": "artwork"
        }
      }
    },
    {
      "type": "Feature",
      "geometry": {
        "type": "Point",
        "coordinates": [
          -2.3763206,
          51.386623
        ]
      },
      "properties": {
        "id": "osm:node:9167579401",
        "source": "osm",
        "title": "owl",
        "address": "",
        "description": "",
        "categories": [
          "cultural",
          "art"
        ],
        "primary_category": "cultural",
        "interest_score": 30,
        "website": "",
        "wikipedia": "",
        "wikidata": "",
        "source_url": "https://www.openstreetmap.org/node/9167579401",
        "fetched_at_utc": "2026-10-07T11:42:49+00:00",
        "query_key": "galleries_and_arts",
        "tags": {
          "name": "owl",
          "tourism": "artwork"
        }
      }
    },
    {
      "type": "Feature",
      "geometry": {
        "type": "Point",
        "coordinates": [
          -2.3584682,
          51.381301
        ]
      },
      "properties": {
        "id": "osm:node:3774030761",
        "source": "osm",
        "title": "Resurrection of Christ",
        "address": "",
        "description": "",
        "categories": [
          "cultural",
          "art"
        ],
        "primary_category": "cultural",
        "interest_score": 30,
        "website": "",
        "wikipedia": "",
        "wikidata": "",
        "source_url": "https://www.openstreetmap.org/node/3774030761",
        "fetched_at_utc": "2026-10-07T11:42:49+00:00",
        "query_key": "galleries_and_arts",
        "tags": {
          "artist_name": "Laurence Tindall",
          "artwork_type": "sculpture",
          "name": "Resurrection of Christ",
          "toilets:wheelchair": "yes",
          "tourism": "artwork",
          "wheelchair": "yes"
        }
      }
    },
    {
      "type": "Feature",
      "geometry": {
        "type": "Point",
        "coordinates": [
          -2.3573685,
          51.3817544
        ]
      },
      "properties": {
        "id": "osm:node:4825896786",
        "source": "osm",
        "title": "The Angel of Peace",
        "address": "",
        "description": "",
        "categories": [
          "cultural",
          "art"
        ],
        "primary_category": "cultural",
        "interest_score": 30,
        "website": "",
        "wikipedia": "",
        "wikidata": "",
        "source_url": "https://www.openstreetmap.org/node/4825896786",
        "fetched_at_utc": "2026-10-07T11:42:49+00:00",
        "query_key": "galleries_and_arts",
        "tags": {
          "artwork_type": "statue",
          "name": "The Angel of Peace",
          "tourism": "artwork",
          "wheelchair": "yes"
        }
      }
    },
    {
      "type": "Feature",
      "geometry": {
        "type": "Point",
        "coordinates": [
          -2.3570572,
          51.3827969
        ]
      },
      "properties": {
        "id": "osm:node:10110391327",
        "source": "osm",
        "title": "Pulteney Cruisers Ltd",
        "address": "",
        "description": "",
        "categories": [
          "landmark"
        ],
        "primary_category": "landmark",
        "interest_score": 22,
        "website": "",
        "wikipedia": "",
        "wikidata": "",
        "source_url": "https://www.openstreetmap.org/node/10110391327",
        "fetched_at_utc": "2026-10-07T11:42:49+00:00",
        "query_key": "attractions_and_viewpoints",
        "tags": {
          "name": "Pulteney Cruisers Ltd",
          "tourism": "attraction"
        }
      }
    }
  ]
}