{
  "type": "FeatureCollection",
  "features": [
    {
      "type": "Feature",
      "geometry": {
        "type": "Point",
        "coordinates": [
          -2.365396338461539,
          51.38109263846154
        ]
      },
      "properties": {
        "name": "Bath Brew House",
        "osm_type": "way",
        "osm_id": 97228692,
        "address": "14 James Street West, BA1 2BX",
        "house_name": "",
        "house_number": "14",
        "street": "James Street West",
        "suburb": "",
        "city": "",
        "postcode": "BA1 2BX",
        "country": "",
        "operator": "",
        "brewery": "",
        "website": "https://thebathbrewhouse.com/",
        "phone": "",
        "opening_hours": "",
        "cuisine": "",
        "food": "",
        "drink": "",
        "outdoor_seating": "",
        "indoor_seating": "",
        "internet_access": "",
        "real_ale": "yes",
        "real_cider": "yes",
        "live_music": "",
        "dog": "",
        "wheelchair": "limited",
        "toilets": "",
        "smoking": "",
        "wikidata": "Q99591735",
        "wikipedia": "",
        "fetched_at_utc": "2026-10-07T11:42:39+00:00",
        "source_endpoint": "osm-extract",
        "tags": {
          "addr:housenumber": "14",
          "addr:postcode": "BA1 2BX",
          "addr:street": "James Street West",
          "amenity": "pub",
          "building": "pub",
          "fhrs:id": "624015",
          "microbrewery": "yes",
          "name": "Bath Brew House",
          "real_ale": "yes",
          "real_cider": "yes",
          "toilets:wheelchair": "yes",
          "website": "https://thebathbrewhouse.com/",
          "wheelchair": "limited",
          "wikidata": "Q99591735"
        }
      }
    },
    {
      "type": "Feature",
      "geometry": {
        "type": "Point",
        "coordinates": [
          -2.3615274124999996,
          51.379996524999996
        ]
      },
      "properties": {
        "name": "Black Fox",
        "osm_type": "way",
        "osm_id": 123072405,
        "address": "47 Saint James's Parade, BA1 1UQ",
        "house_name": "",
        "house_number": "47",
        "street": "Saint James's Parade",
        "suburb": "",
        "city": "",
        "postcode": "BA1 1UQ",
        "country": "",
        "operator": "",
        "brewery": "",
        "website": "https://www.blackfoxbath.com/",
        "phone": "",
        "opening_hours": "",
        "cuisine": "",
        "food": "",
        "drink": "",
        "outdoor_seating": "",
        "indoor_seating": "",
        "internet_access": "",
        "real_ale": "",
        "real_cider": "",
        "live_music": "",
        "dog": "",
        "wheelchair": "no",
        "toilets": "",
        "smoking": "",
        "wikidata": "Q99591732",
        "wikipedia": "",
        "fetched_at_utc": "2026-10-07T11:42:39+00:00",
        "source_endpoint": "osm-extract",
        "tags": {
          "addr:housenumber": "47",
          "addr:postcode": "BA1 1UQ",
          "addr:street": "Saint James's Parade",
          "amenity": "pub",
          "building": "pub",
          "check_date:opening_hours": "2024-02-03",
          "fhrs:id": "1019084",
          "name": "Black Fox",
          "opening_hours:signed": "no",
          "website": "https://www.blackfoxbath.com/",
          "wheelchair": "no",
          "wheelchair:description": "Single step up to door approx 8 inches, with narrow door.",
          "wikidata": "Q99591732"
        }
      }
    },
    {
      "type": "Feature",
      "geometry": {
        "type": "Point",
        "coordinates": [
          -2.35969472,
          51.38238576
        ]
      },
      "properties": {
        "name": "Coeur De Lion",
        "osm_type": "way",
        "osm_id": 373546338,
        "address": "17 Northumberland Place, BA1 5AR",
        "house_name": "",
        "house_number": "17",
        "street": "Northumberland Place",
        "suburb": "",
        "city": "",
        "postcode": "BA1 5AR",
        "country": "",
        "operator": "",
        "brewery": "",
        "website": "https://www.abbeyinnsbath.co.uk/#coeur-de-lion-pub-bath",
        "phone": "",
        "opening_hours": "",
        "cuisine": "",
        "food": "",
        "drink": "",
        "outdoor_seating": "",
        "indoor_seating": "",
        "internet_access": "",
        "real_ale": "",
        "real_cider": "",
        "live_music": "",
        "dog": "",
        "wheelchair": "limited",
        "toilets": "",
        "smoking": "",
        "wikidata": "Q99592696",
        "wikipedia": "",
        "fetched_at_utc": "2026-10-07T11:42:39+00:00",
        "source_endpoint": "osm-extract",
        "tags": {
          "addr:housenumber": "17",
          "addr:postcode": "BA1 5AR",
          "addr:street": "Northumberland Place",
          "amenity": "pub",
          "building": "pub",
          "fhrs:id": "205162",
          "name": "Coeur De Lion",
          "toilets:wheelchair": "no",
          "website": "https://www.abbeyinnsbath.co.uk/#coeur-de-lion-pub-bath",
          "wheelchair": "limited",
          "wheelchair:description": "1 step ~10cm. Small inside.",
          "wikidata": "Q99592696"
        }
      }
    },
    {
      "type": "Feature",
      "geometry": {
        "type": "Point",
        "coordinates": [
          -2.359244769230769,
          51.38050573846154
        ]
      },
      "properties": {
        "name": "Crystal Palace",
        "osm_type": "way",
        "osm_id": 399319955,
        "address": "Bath, BA1 1NW",
        "house_name": "",
        "house_number": "",
        "street": "",
        "suburb": "",
        "city": "Bath",
        "postcode": "BA1 1NW",
        "country": "",
        "operator": "",
        "brewery": "",
        "website": "https://www.crystalpalacepub.co.uk/",
        "phone": "",
        "opening_hours": "",
        "cuisine": "",
        "food": "",
        "drink": "",
        "outdoor_seating": "",
        "indoor_seating": "",
        "internet_access": "",
        "real_ale": "yes",
        "real_cider": "",
        "live_music": "",
        "dog": "",
        "wheelchair": "yes",
        "toilets": "",
        "smoking": "",
        "wikidata": "Q26673173",
        "wikipedia": "",
        "fetched_at_utc": "2026-10-07T11:42:39+00:00",
        "source_endpoint": "osm-extract",
        "tags": {
          "addr:city": "Bath",
          "addr:postcode": "BA1 1NW",
          "amenity": "pub",
          "brand": "Fuller's",
          "brand:wikidata": "Q5253950",
          "fhrs:id": "556181",
          "name": "Crystal Palace",
          "real_ale": "yes",
          "toilets:wheelchair": "no",
          "website": "https://www.crystalpalacepub.co.uk/",
          "wheelchair": "yes",
          "wheelchair:description": "Has accessible toilet but used as storage area for TV, rendering it inaccessible",
          "wikidata": "Q26673173"
        }
      }
    },
    {
      "type": "Feature",
      "geometry": {
        "type": "Point",
        "coordinates": [
          -2.354641433333333,
          51.39709833333333
        ]
      },
      "properties": {
        "name": "Fairfield Arms",
        "osm_type": "way",
        "osm_id": 127649575,
        "address": "1 Fairfield Park Road, BA1 6JN",
        "house_name": "",
        "house_number": "1",
        "street": "Fairfield Park Road",
        "suburb": "",
        "city": "",
        "postcode": "BA1 6JN",
        "country": "",
        "operator": "",
        "brewery": "",
        "website": "",
        "phone": "",
        "opening_hours": "",
        "cuisine": "",
        "food": "",
        "drink": "",
        "outdoor_seating": "",
        "indoor_seating": "",
        "internet_access": "",
        "real_ale": "",
        "real_cider": "",
        "live_music": "",
        "dog": "",
        "wheelchair": "",
        "toilets": "",
        "smoking": "",
        "wikidata": "Q99591719",
        "wikipedia": "",
        "fetched_at_utc": "2026-10-07T11:42:39+00:00",
        "source_endpoint": "osm-extract",
        "tags": {
          "addr:housenumber": "1",
          "addr:postcode": "BA1 6JN",
          "addr:street": "Fairfield Park Road",
          "amenity": "pub",
          "disused:fhrs:id": "1273413",
          "facebook": "https://www.facebook.com/fairfieldarmsbath/",
          "name": "Fairfield Arms",
          "wikidata": "Q99591719"
        }
      }
    },
    {
      "type": "Feature",
      "geometry": {
        "type": "Point",
        "coordinates": [
          -2.3623982285714287,
          51.38150837142857
        ]
      },
      "properties": {
        "name": "Flan O'Briens",
        "osm_type": "way",
        "osm_id": 94821391,
        "address": "21 Westgate Street, BA1 1EP",
        "house_name": "",
        "house_number": "21",
        "street": "Westgate Street",
        "suburb": "",
        "city": "",
        "postcode": "BA1 1EP",
        "country": "",
        "operator": "",
        "brewery": "",
        "website": "",
        "phone": "",
        "opening_hours": "",
        "cuisine": "",
        "food": "",
        "drink": "",
        "outdoor_seating": "",
        "indoor_seating": "",
        "internet_access": "",
        "real_ale": "",
        "real_cider": "",
        "live_music": "",
        "dog": "",
        "wheelchair": "no",
        "toilets": "",
        "smoking": "",
        "wikidata": "Q26688929",
        "wikipedia": "",
        "fetched_at_utc": "2026-10-07T11:42:39+00:00",
        "source_endpoint": "osm-extract",
        "tags": {
          "addr:housenumber": "21",
          "addr:postcode": "BA1 1EP",
          "addr:street": "Westgate Street",
          "amenity": "pub",
          "building": "pub",
          "facebook": "https://www.facebook.com/FlansBath",
          "fhrs:id": "204358",
          "name": "Flan O'Briens",
          "toilets:wheelchair": "no",
          "twitter": "https://twitter.com/FlanOBriens",
          "wheelchair": "no",
          "wikidata": "Q26688929"
        }
      }
    },
    {
      "type": "Feature",
      "geometry": {
        "type": "Point",
        "coordinates": [
          -2.3627778,
          51.38199162857143
        ]
      },
      "properties": {
        "name": "Garricks Head",
        "osm_type": "way",
        "osm_id": 94708808,
        "address": "7-8 St Johns Place, BA1 1ET",
        "house_name": "",
        "house_number": "7-8",
        "street": "St Johns Place",
        "suburb": "",
        "city": "",
        "postcode": "BA1 1ET",
        "country": "",
        "operator": "",
        "brewery": "",
        "website": "http://www.garricksheadpub.com/",
        "phone": "",
        "opening_hours": "",
        "cuisine": "",
        "food": "",
        "drink": "",
        "outdoor_seating": "",
        "indoor_seating": "",
        "internet_access": "",
        "real_ale": "",
        "real_cider": "",
        "live_music": "",
        "dog": "",
        "wheelchair": "no",
        "toilets": "",
        "smoking": "",
        "wikidata": "Q99591722",
        "wikipedia": "",
        "fetched_at_utc": "2026-10-07T11:42:39+00:00",
        "source_endpoint": "osm-extract",
        "tags": {
          "addr:housenumber": "7-8",
          "addr:postcode": "BA1 1ET",
          "addr:street": "St Johns Place",
          "amenity": "pub",
          "building": "pub",
          "fhrs:id": "204429",
          "name": "Garricks Head",
          "source": "Bing",
          "website": "http://www.garricksheadpub.com/",
          "wheelchair": "no",
          "wikidata": "Q99591722"
        }
      }
    },
    {
      "type": "Feature",
      "geometry": {
        "type": "Point",
        "coordinates": [
          -2.362499825,
          51.3837296
        ]
      },
      "properties": {
        "name": "Hall & Woodhouse",
        "osm_type": "way",
        "osm_id": 60660934,
        "address": "1 Old King Street, BA1 2JW",
        "house_name": "",
        "house_number": "1",
        "street": "Old King Street",
        "suburb": "",
        "city": "",
        "postcode": "BA1 2JW",
        "country": "",
        "operator": "",
        "brewery": "",
        "website": "https://www.hall-woodhousebath.co.uk/",
        "phone": "",
        "opening_hours": "",
        "cuisine": "",
        "food": "",
        "drink": "",
        "outdoor_seating": "",
        "indoor_seating": "",
        "internet_access": "",
        "real_ale": "",
        "real_cider": "",
        "live_music": "",
        "dog": "",
        "wheelchair": "yes",
        "toilets": "",
        "smoking": "",
        "wikidata": "Q99591418",
        "wikipedia": "",
        "fetched_at_utc": "2026-10-07T11:42:39+00:00",
        "source_endpoint": "osm-extract",
        "tags": {
          "addr:housenumber": "1",
          "addr:postcode": "BA1 2JW",
          "addr:street": "Old King Street",
          "amenity": "pub",
          "brand": "Hall & Woodhouse",
          "brand:wikidata": "Q5642555",
          "building": "retail",
          "fhrs:id": "204594",
          "name": "Hall & Woodhouse",
          "toilets:wheelchair": "yes",
          "website": "https://www.hall-woodhousebath.co.uk/",
          "wheelchair": "yes",
          "wikidata": "Q99591418"
        }
      }
    },
    {
      "type": "Feature",
      "geometry": {
        "type": "Point",
        "coordinates": [
          -2.3612521,
          51.3857889
        ]
      },
      "properties": {
        "name": "Mandalyn's",
        "osm_type": "way",
        "osm_id": 314226393,
        "address": "13 Lansdown Road, BA1 5DX",
        "house_name": "",
        "house_number": "13",
        "street": "Lansdown Road",
        "suburb": "",
        "city": "",
        "postcode": "BA1 5DX",
        "country": "",
        "operator": "",
        "brewery": "",
        "website": "https://www.mandalyns.co.uk/",
        "phone": "",
        "opening_hours": "",
        "cuisine": "",
        "food": "",
        "drink": "",
        "outdoor_seating": "",
        "indoor_seating": "",
        "internet_access": "",
        "real_ale": "",
        "real_cider": "",
        "live_music": "",
        "dog": "",
        "wheelchair": "",
        "toilets": "",
        "smoking": "",
        "wikidata": "Q26674627",
        "wikipedia": "",
        "fetched_at_utc": "2026-10-07T11:42:39+00:00",
        "source_endpoint": "osm-extract",
        "tags": {
          "addr:housenumber": "13",
          "addr:postcode": "BA1 5DX",
          "addr:street": "Lansdown Road",
          "addr:terrace": "Fountain Buildings",
          "amenity": "pub",
          "building": "pub",
          "facebook": "https://www.facebook.com/Mandalyns-147554845280455/",
          "fhrs:id": "204786",
          "name": "Mandalyn's",
          "website": "https://www.mandalyns.co.uk/",
          "wikidata": "Q26674627"
        }
      }
    },
    {
      "type": "Feature",
      "geometry": {
        "type": "Point",
        "coordinates": [
          -2.3887197,
          51.38567342857143
        ]
      },
      "properties": {
        "name": "New Crown Inn",
        "osm_type": "way",
        "osm_id": 49369744,
        "address": "21 Newbridge Hill, BA1 3PW",
        "house_name": "",
        "house_number": "21",
        "street": "Newbridge Hill",
        "suburb": "",
        "city": "",
        "postcode": "BA1 3PW",
        "country": "",
        "operator": "",
        "brewery": "",
        "website": "https://www.thenewcrowninn.co.uk/",
        "phone": "",
        "opening_hours": "",
        "cuisine": "",
        "food": "",
        "drink": "",
        "outdoor_seating": "",
        "indoor_seating": "",
        "internet_access": "",
        "real_ale": "",
        "real_cider": "",
        "live_music": "",
        "dog": "",
        "wheelchair": "",
        "toilets": "",
        "smoking": "",
        "wikidata": "Q99591742",
        "wikipedia": "",
        "fetched_at_utc": "2026-10-07T11:42:39+00:00",
        "source_endpoint": "osm-extract",
        "tags": {
          "addr:housenumber": "21",
          "addr:postcode": "BA1 3PW",
          "addr:street": "Newbridge Hill",
          "amenity": "pub",
          "fhrs:id": "205343",
          "name": "New Crown Inn",
          "website": "https://www.thenewcrowninn.co.uk/",
          "wikidata": "Q99591742"
        }
      }
    },
    {
      "type": "Feature",
      "geometry": {
        "type": "Point",
        "coordinates": [
          -2.368435581818182,
          51.3787167
        ]
      },
      "properties": {
        "name": "Nowhere",
        "osm_type": "way",
        "osm_id": 313558322,
        "address": "44-45 Lower Bristol Road, BA2 3BD",
        "house_name": "",
        "house_number": "44-45",
        "street": "Lower Bristol Road",
        "suburb": "",
        "city": "",
        "postcode": "BA2 3BD",
        "country": "",
        "operator": "",
        "brewery": "",
        "website": "",
        "phone": "",
        "opening_hours": "",
        "cuisine": "",
        "food": "",
        "drink": "",
        "outdoor_seating": "yes",
        "indoor_seating": "yes",
        "internet_access": "",
        "real_ale": "",
        "real_cider": "",
        "live_music": "",
        "dog": "",
        "wheelchair": "yes",
        "toilets": "",
        "smoking": "outside",
        "wikidata": "",
        "wikipedia": "",
        "fetched_at_utc": "2026-10-07T11:42:39+00:00",
        "source_endpoint": "osm-extract",
        "tags": {
          "addr:housenumber": "44-45",
          "addr:postcode": "BA2 3BD",
          "addr:street": "Lower Bristol Road",
          "amenity": "pub",
          "check_date:opening_hours": "2025-10-07",
          "fhrs:id": "1870933",
          "indoor_seating": "yes",
          "name": "Nowhere",
          "opening_hours:signed": "no",
          "outdoor_seating": "yes",
          "smoking": "outside",
          "wheelchair": "yes"
        }
      }
    },
    {
      "type": "Feature",
      "geometry": {
        "type": "Point",
        "coordinates": [
          -2.3605627666666664,
          51.382684033333334
        ]
      },
      "properties": {
        "name": "Sam Wellers",
        "osm_type": "way",
        "osm_id": 373546324,
        "address": "13-14 Upper Borough Walls, BA1 1RH",
        "house_name": "",
        "house_number": "13-14",
        "street": "Upper Borough Walls",
        "suburb": "",
        "city": "",
        "postcode": "BA1 1RH",
        "country": "",
        "operator": "",
        "brewery": "",
        "website": "http://www.samwellersph.co.uk/",
        "phone": "",
        "opening_hours": "",
        "cuisine": "",
        "food": "",
        "drink": "",
        "outdoor_seating": "",
        "indoor_seating": "",
        "internet_access": "",
        "real_ale": "",
        "real_cider": "",
        "live_music": "",
        "dog": "",
        "wheelchair": "limited",
        "toilets": "",
        "smoking": "",
        "wikidata": "",
        "wikipedia": "",
        "fetched_at_utc": "2026-10-07T11:42:39+00:00",
        "source_endpoint": "osm-extract",
        "tags": {
          "addr:housenumber": "13-14",
          "addr:postcode": "BA1 1RH",
          "addr:street": "Upper Borough Walls",
          "amenity": "pub",
          "building": "pub",
          "fhrs:id": "1500578",
          "name": "Sam Wellers",
          "website": "http://www.samwellersph.co.uk/",
          "wheelchair": "limited"
        }
      }
    },
    {
      "type": "Feature",
      "geometry": {
        "type": "Point",
        "coordinates": [
          -2.35985128,
          51.38386504999998
        ]
      },
      "properties": {
        "name": "Saracen's Head Tavern",
        "osm_type": "way",
        "osm_id": 92228107,
        "address": "42 Broad Street, BA1 5LP",
        "house_name": "",
        "house_number": "42",
        "street": "Broad Street",
        "suburb": "",
        "city": "",
        "postcode": "BA1 5LP",
        "country": "",
        "operator": "",
        "brewery": "",
        "website": "https://www.greeneking.co.uk/pubs/somerset/saracens-head",
        "phone": "",
        "opening_hours": "",
        "cuisine": "",
        "food": "",
        "drink": "",
        "outdoor_seating": "",
        "indoor_seating": "",
        "internet_access": "",
        "real_ale": "",
        "real_cider": "",
        "live_music": "",
        "dog": "",
        "wheelchair": "yes",
        "toilets": "",
        "smoking": "",
        "wikidata": "Q26674044",
        "wikipedia": "",
        "fetched_at_utc": "2026-10-07T11:42:39+00:00",
        "source_endpoint": "osm-extract",
        "tags": {
          "addr:housenumber": "42",
          "addr:postcode": "BA1 5LP",
          "addr:street": "Broad Street",
          "amenity": "pub",
          "brand": "Greene King",
          "brand:wikidata": "Q5564162",
          "building": "pub",
          "fhrs:id": "205302",
          "name": "Saracen's Head Tavern",
          "toilets:wheelchair": "yes",
          "website": "https://www.greeneking.co.uk/pubs/somerset/saracens-head",
          "wheelchair": "yes",
          "wheelchair:description": "toilet access only via Walcot street entrance due to internal step",
          "wikidata": "Q26674044"
        }
      }
    },
    {
      "type": "Feature",
      "geometry": {
        "type": "Point",
        "coordinates": [
          -2.3679190857142856,
          51.38828722857143
        ]
      },
      "properties": {
        "name": "St James Wine Vaults",
        "osm_type": "way",
        "osm_id": 123133524,
        "address": "10 St James's Street, BA1 2TW",
        "house_name": "",
        "house_number": "10",
        "street": "St James's Street",
        "suburb": "",
        "city": "",
        "postcode": "BA1 2TW",
        "country": "",
        "operator": "",
        "brewery": "",
        "website": "https://www.stjameswinevaults.co.uk/",
        "phone": "",
        "opening_hours": "",
        "cuisine": "",
        "food": "",
        "drink": "",
        "outdoor_seating": "",
        "indoor_seating": "",
        "internet_access": "",
        "real_ale": "",
        "real_cider": "",
        "live_music": "",
        "dog": "",
        "wheelchair": "no",
        "toilets": "",
        "smoking": "",
        "wikidata": "Q26673899",
        "wikipedia": "",
        "fetched_at_utc": "2026-10-07T11:42:39+00:00",
        "source_endpoint": "osm-extract",
        "tags": {
          "addr:housenumber": "10",
          "addr:postcode": "BA1 2TW",
          "addr:street": "St James's Street",
          "amenity": "pub",
          "building": "pub",
          "building:levels": "3",
          "fhrs:id": "1320755",
          "name": "St James Wine Vaults",
          "website": "https://www.stjameswinevaults.co.uk/",
          "wheelchair": "no",
          "wheelchair:description": "2 Steps",
          "wikidata": "Q26673899"
        }
      }
    },
    {
      "type": "Feature",
      "geometry": {
        "type": "Point",
        "coordinates": [
          -2.3579563500000003,
          51.38093135
        ]
      },
      "properties": {
        "name": "The Ale House",
        "osm_type": "way",
        "osm_id": 89868028,
        "address": "1 York Street, Bath, BA1 1NG",
        "house_name": "",
        "house_number": "1",
        "street": "York Street",
        "suburb": "",
        "city": "Bath",
        "postcode": "BA1 1NG",
        "country": "",
        "operator": "",
        "brewery": "",
        "website": "",
        "phone": "",
        "opening_hours": "",
        "cuisine": "",
        "food": "",
        "drink": "",
        "outdoor_seating": "",
        "indoor_seating": "",
        "internet_access": "",
        "real_ale": "",
        "real_cider": "",
        "live_music": "",
        "dog": "",
        "wheelchair": "limited",
        "toilets": "",
        "smoking": "",
        "wikidata": "Q26674647",
        "wikipedia": "",
        "fetched_at_utc": "2026-10-07T11:42:39+00:00",
        "source_endpoint": "osm-extract",
        "tags": {
          "addr:city": "Bath",
          "addr:housenumber": "1",
          "addr:postcode": "BA1 1NG",
          "addr:street": "York Street",
          "amenity": "pub",
          "building": "pub",
          "fhrs:id": "688891",
          "name": "The Ale House",
          "toilets:wheelchair": "no",
          "wheelchair": "limited",
          "wikidata": "Q26674647"
        }
      }
    },
    {
      "type": "Feature",
      "geometry": {
        "type": "Point",
        "coordinates": [
          -2.36177922,
          51.38616596000001
        ]
      },
      "properties": {
        "name": "The Assembly Inn",
        "osm_type": "way",
        "osm_id": 171254679,
        "address": "17 Alfred Street, BA1 2QU",
        "house_name": "",
        "house_number": "17",
        "street": "Alfred Street",
        "suburb": "",
        "city": "",
        "postcode": "BA1 2QU",
        "country": "",
        "operator": "",
        "brewery": "",
        "website": "https://www.abbeyinnsbath.co.uk/#the-assembly-inn-bath",
        "phone": "",
        "opening_hours": "",
        "cuisine": "",
        "food": "",
        "drink": "",
        "outdoor_seating": "",
        "indoor_seating": "",
        "internet_access": "",
        "real_ale": "",
        "real_cider": "",
        "live_music": "",
        "dog": "",
        "wheelchair": "no",
        "toilets": "",
        "smoking": "",
        "wikidata": "Q99591693",
        "wikipedia": "",
        "fetched_at_utc": "2026-10-07T11:42:39+00:00",
        "source_endpoint": "osm-extract",
        "tags": {
          "addr:housenumber": "17",
          "addr:postcode": "BA1 2QU",
          "addr:street": "Alfred Street",
          "amenity": "pub",
          "building": "pub",
          "building:levels": "5",
          "fhrs:id": "998582",
          "name": "The Assembly Inn",
          "toilets:wheelchair": "no",
          "website": "https://www.abbeyinnsbath.co.uk/#the-assembly-inn-bath",
          "wheelchair": "no",
          "wikidata": "Q99591693"
        }
      }
    },
    {
      "type": "Feature",
      "geometry": {
        "type": "Point",
        "coordinates": [
          -2.3522947636363636,
          51.38680013636363
        ]
      },
      "properties": {
        "name": "The Barley Mow",
        "osm_type": "way",
        "osm_id": 398954073,
        "address": "Bathwick Street, BA2 6NZ",
        "house_name": "",
        "house_number": "",
        "street": "Bathwick Street",
        "suburb": "",
        "city": "",
        "postcode": "BA2 6NZ",
        "country": "",
        "operator": "",
        "brewery": "",
        "website": "",
        "phone": "",
        "opening_hours": "",
        "cuisine": "",
        "food": "",
        "drink": "",
        "outdoor_seating": "",
        "indoor_seating": "",
        "internet_access": "",
        "real_ale": "",
        "real_cider": "",
        "live_music": "",
        "dog": "",
        "wheelchair": "limited",
        "toilets": "",
        "smoking": "",
        "wikidata": "Q99591694",
        "wikipedia": "",
        "fetched_at_utc": "2026-10-07T11:42:39+00:00",
        "source_endpoint": "osm-extract",
        "tags": {
          "addr:postcode": "BA2 6NZ",
          "addr:street": "Bathwick Street",
          "amenity": "pub",
          "facebook": "https://www.facebook.com/Barleymowbathwick",
          "fhrs:id": "205645",
          "name": "The Barley Mow",
          "wheelchair": "limited",
          "wheelchair:description": "1 step about 6 inches high at front door. Back gates have step free access to beer garden and then 1 low step to back door",
          "wikidata": "Q99591694"
        }
      }
    },
    {
      "type": "Feature",
      "geometry": {
        "type": "Point",
        "coordinates": [
          -2.3669896437499998,
          51.373892668749995
        ]
      },
      "properties": {
        "name": "The Bear",
        "osm_type": "way",
        "osm_id": 201405528,
        "address": "8-10 Wellsway, BA2 3AQ",
        "house_name": "",
        "house_number": "8-10",
        "street": "Wellsway",
        "suburb": "",
        "city": "",
        "postcode": "BA2 3AQ",
        "country": "",
        "operator": "Zazu’s Kitchen",
        "brewery": "",
        "website": "https://www.bearbath.co.uk/",
        "phone": "",
        "opening_hours": "",
        "cuisine": "",
        "food": "",
        "drink": "",
        "outdoor_seating": "yes",
        "indoor_seating": "",
        "internet_access": "",
        "real_ale": "",
        "real_cider": "",
        "live_music": "",
        "dog": "",
        "wheelchair": "limited",
        "toilets": "",
        "smoking": "",
        "wikidata": "Q99591696",
        "wikipedia": "",
        "fetched_at_utc": "2026-10-07T11:42:39+00:00",
        "source_endpoint": "osm-extract",
        "tags": {
          "addr:housenumber": "8-10",
          "addr:postcode": "BA2 3AQ",
          "addr:street": "Wellsway",
          "amenity": "pub",
          "check_date:opening_hours": "2024-03-03",
          "fhrs:id": "1456127",
          "name": "The Bear",
          "opening_hours:signed": "no",
          "operator": "Zazu’s Kitchen",
          "outdoor_seating": "yes",
          "website": "https://www.bearbath.co.uk/",
          "wheelchair": "limited",
          "wikidata": "Q99591696"
        }
      }
    },
    {
      "type": "Feature",
      "geometry": {
        "type": "Point",
        "coordinates": [
          -2.3594570571428575,
          51.38749731428571
        ]
      },
      "properties": {
        "name": "The Bell",
        "osm_type": "way",
        "osm_id": 74536030,
        "address": "Walcot Street, BA1 5BW",
        "house_name": "",
        "house_number": "",
        "street": "Walcot Street",
        "suburb": "",
        "city": "",
        "postcode": "BA1 5BW",
        "country": "",
        "operator": "",
        "brewery": "",
        "website": "https://www.thebellinnbath.co.uk/",
        "phone": "",
        "opening_hours": "",
        "cuisine": "",
        "food": "",
        "drink": "",
        "outdoor_seating": "",
        "indoor_seating": "",
        "internet_access": "",
        "real_ale": "yes",
        "real_cider": "",
        "live_music": "",
        "dog": "",
        "wheelchair": "limited",
        "toilets": "",
        "smoking": "",
        "wikidata": "Q26674547",
        "wikipedia": "",
        "fetched_at_utc": "2026-10-07T11:42:39+00:00",
        "source_endpoint": "osm-extract",
        "tags": {
          "addr:postcode": "BA1 5BW",
          "addr:street": "Walcot Street",
          "amenity": "pub",
          "fhrs:id": "850183",
          "name": "The Bell",
          "real_ale": "yes",
          "toilets:wheelchair": "no",
          "website": "https://www.thebellinnbath.co.uk/",
          "wheelchair": "limited",
          "wheelchair:description": "Ramp is available from bar for step at front.",
          "wikidata": "Q26674547"
        }
      }
    },
    {
      "type": "Feature",
      "geometry": {
        "type": "Point",
        "coordinates": [
          -2.3767608571428567,
          51.381667400000005
        ]
      },
      "properties": {
        "name": "The Belvoir Castle",
        "osm_type": "way",
        "osm_id": 127791686,
        "address": "BA2 3EH",
        "house_name": "",
        "house_number": "",
        "street": "",
        "suburb": "",
        "city": "",
        "postcode": "BA2 3EH",
        "country": "",
        "operator": "",
        "brewery": "",
        "website": "",
        "phone": "",
        "opening_hours": "",
        "cuisine": "",
        "food": "",
        "drink": "",
        "outdoor_seating": "",
        "indoor_seating": "",
        "internet_access": "",
        "real_ale": "",
        "real_cider": "",
        "live_music": "",
        "dog": "",
        "wheelchair": "",
        "toilets": "",
        "smoking": "",
        "wikidata": "Q99591701",
        "wikipedia": "",
        "fetched_at_utc": "2026-10-07T11:42:39+00:00",
        "source_endpoint": "osm-extract",
        "tags": {
          "addr:postcode": "BA2 3EH",
          "amenity": "pub",
          "building": "pub",
          "disused:fhrs:id": "771090",
          "disused:website": "https://www.thebelvoircastle.co.uk/",
          "instagram": "https://www.instagram.com/belvoircastle.bath/",
          "name": "The Belvoir Castle",
          "wikidata": "Q99591701"
        }
      }
    },
    {
      "type": "Feature",
      "geometry": {
        "type": "Point",
        "coordinates": [
          -2.3568402555555554,
          51.38319991111111
        ]
      },
      "properties": {
        "name": "The Boater",
        "osm_type": "way",
        "osm_id": 398959637,
        "address": "9 Argyle Street, BA2 4BQ",
        "house_name": "",
        "house_number": "9",
        "street": "Argyle Street",
        "suburb": "",
        "city": "",
        "postcode": "BA2 4BQ",
        "country": "",
        "operator": "",
        "brewery": "",
        "website": "https://www.boaterbath.co.uk/",
        "phone": "",
        "opening_hours": "",
        "cuisine": "",
        "food": "",
        "drink": "",
        "outdoor_seating": "yes",
        "indoor_seating": "yes",
        "internet_access": "",
        "real_ale": "",
        "real_cider": "",
        "live_music": "",
        "dog": "",
        "wheelchair": "no",
        "toilets": "",
        "smoking": "",
        "wikidata": "Q99591703",
        "wikipedia": "",
        "fetched_at_utc": "2026-10-07T11:42:39+00:00",
        "source_endpoint": "osm-extract",
        "tags": {
          "addr:housenumber": "9",
          "addr:postcode": "BA2 4BQ",
          "addr:street": "Argyle Street",
          "amenity": "pub",
          "brand": "Fuller's",
          "brand:wikidata": "Q5253950",
          "fhrs:id": "520706",
          "indoor_seating": "yes",
          "name": "The Boater",
          "outdoor_seating": "yes",
          "website": "https://www.boaterbath.co.uk/",
          "wheelchair": "no",
          "wikidata": "Q99591703"
        }
      }
    },
    {
      "type": "Feature",
      "geometry": {
        "type": "Point",
        "coordinates": [
          -2.3624230272727273,
          51.382415263636375
        ]
      },
      "properties": {
        "name": "The Canon",
        "osm_type": "way",
        "osm_id": 120522508,
        "address": "1 Barton Street, BA1 1HQ",
        "house_name": "",
        "house_number": "1",
        "street": "Barton Street",
        "suburb": "",
        "city": "",
        "postcode": "BA1 1HQ",
        "country": "",
        "operator": "Stonegate",
        "brewery": "",
        "website": "https://www.crafted-social.co.uk/canon-bath",
        "phone": "",
        "opening_hours": "",
        "cuisine": "",
        "food": "",
        "drink": "",
        "outdoor_seating": "",
        "indoor_seating": "",
        "internet_access": "",
        "real_ale": "",
        "real_cider": "",
        "live_music": "",
        "dog": "",
        "wheelchair": "no",
        "toilets": "",
        "smoking": "",
        "wikidata": "Q99592693",
        "wikipedia": "",
        "fetched_at_utc": "2026-10-07T11:42:39+00:00",
        "source_endpoint": "osm-extract",
        "tags": {
          "addr:housenumber": "1",
          "addr:postcode": "BA1 1HQ",
          "addr:street": "Barton Street",
          "amenity": "pub",
          "building": "yes",
          "disused:fhrs:id": "939211",
          "name": "The Canon",
          "operator": "Stonegate",
          "operator:wikidata": "Q7619176",
          "website": "https://www.crafted-social.co.uk/canon-bath",
          "wheelchair": "no",
          "wikidata": "Q99592693"
        }
      }
    },
    {
      "type": "Feature",
      "geometry": {
        "type": "Point",
        "coordinates": [
          -2.3816127166666665,
          51.380794983333324
        ]
      },
      "properties": {
        "name": "The Charmbury Arms",
        "osm_type": "way",
        "osm_id": 400878106,
        "address": "BA2 3RR",
        "house_name": "",
        "house_number": "",
        "street": "",
        "suburb": "",
        "city": "",
        "postcode": "BA2 3RR",
        "country": "",
        "operator": "",
        "brewery": "",
        "website": "",
        "phone": "",
        "opening_hours": "Mo-Th 16:00-22:00; Fr-Su 12:00-22:00",
        "cuisine": "",
        "food": "",
        "drink": "",
        "outdoor_seating": "",
        "indoor_seating": "",
        "internet_access": "",
        "real_ale": "",
        "real_cider": "",
        "live_music": "",
        "dog": "",
        "wheelchair": "yes",
        "toilets": "",
        "smoking": "",
        "wikidata": "Q99591710",
        "wikipedia": "",
        "fetched_at_utc": "2026-10-07T11:42:39+00:00",
        "source_endpoint": "osm-extract",
        "tags": {
          "addr:postcode": "BA2 3RR",
          "amenity": "pub",
          "building": "pub",
          "check_date:opening_hours": "2024-01-17",
          "fhrs:id": "666603",
          "name": "The Charmbury Arms",
          "opening_hours": "Mo-Th 16:00-22:00; Fr-Su 12:00-22:00",
          "opening_hours:signed": "no",
          "wheelchair": "yes",
          "wikidata": "Q99591710"
        }
      }
    },
    {
      "type": "Feature",
      "geometry": {
        "type": "Point",
        "coordinates": [
          -2.36503546,
          51.38748201999999
        ]
      },
      "properties": {
        "name": "The Chequers",
        "osm_type": "way",
        "osm_id": 118047219,
        "address": "50 Rivers Street, Bath, BA1 2QA",
        "house_name": "",
        "house_number": "50",
        "street": "Rivers Street",
        "suburb": "",
        "city": "Bath",
        "postcode": "BA1 2QA",
        "country": "",
        "operator": "",
        "brewery": "various;guinness",
        "website": "https://www.thechequersbath.com/",
        "phone": "",
        "opening_hours": "Mo-Sa 15:00-23:00",
        "cuisine": "",
        "food": "",
        "drink": "",
        "outdoor_seating": "",
        "indoor_seating": "",
        "internet_access": "",
        "real_ale": "",
        "real_cider": "",
        "live_music": "",
        "dog": "",
        "wheelchair": "yes",
        "toilets": "",
        "smoking": "outside",
        "wikidata": "",
        "wikipedia": "",
        "fetched_at_utc": "2026-10-07T11:42:39+00:00",
        "source_endpoint": "osm-extract",
        "tags": {
          "addr:city": "Bath",
          "addr:housenumber": "50",
          "addr:postcode": "BA1 2QA",
          "addr:street": "Rivers Street",
          "amenity": "pub",
          "brewery": "various;guinness",
          "building": "yes",
          "fhrs:id": "1377137",
          "name": "The Chequers",
          "opening_hours": "Mo-Sa 15:00-23:00",
          "smoking": "outside",
          "toilets:wheelchair": "no",
          "website": "https://www.thechequersbath.com/",
          "wheelchair": "yes"
        }
      }
    },
    {
      "type": "Feature",
      "geometry": {
        "type": "Point",
        "coordinates": [
          -2.352791842857143,
          51.39503718571428
        ]
      },
      "properties": {
        "name": "The Claremont",
        "osm_type": "way",
        "osm_id": 491614315,
        "address": "5 Camden Road, BA1 6EH",
        "house_name": "",
        "house_number": "5",
        "street": "Camden Road",
        "suburb": "",
        "city": "",
        "postcode": "BA1 6EH",
        "country": "",
        "operator": "",
        "brewery": "",
        "website": "https://theclaremont.pub/",
        "phone": "",
        "opening_hours": "",
        "cuisine": "",
        "food": "",
        "drink": "",
        "outdoor_seating": "",
        "indoor_seating": "",
        "internet_access": "",
        "real_ale": "",
        "real_cider": "",
        "live_music": "",
        "dog": "",
        "wheelchair": "",
        "toilets": "",
        "smoking": "",
        "wikidata": "Q99591753",
        "wikipedia": "",
        "fetched_at_utc": "2026-10-07T11:42:39+00:00",
        "source_endpoint": "osm-extract",
        "tags": {
          "addr:housenumber": "5",
          "addr:postcode": "BA1 6EH",
          "addr:street": "Camden Road",
          "addr:terrace": "Claremont Terrace",
          "amenity": "pub",
          "fhrs:id": "1857620",
          "name": "The Claremont",
          "website": "https://theclaremont.pub/",
          "wikidata": "Q99591753"
        }
      }
    },
    {
      "type": "Feature",
      "geometry": {
        "type": "Point",
        "coordinates": [
          -2.362514675,
          51.380510825
        ]
      },
      "properties": {
        "name": "The Cork",
        "osm_type": "way",
        "osm_id": 123743543,
        "address": "11-12 Westgate Buildings, BA1 1EB",
        "house_name": "",
        "house_number": "11-12",
        "street": "Westgate Buildings",
        "suburb": "",
        "city": "",
        "postcode": "BA1 1EB",
        "country": "",
        "operator": "",
        "brewery": "",
        "website": "https://thecork.co.uk/",
        "phone": "",
        "opening_hours": "",
        "cuisine": "",
        "food": "",
        "drink": "",
        "outdoor_seating": "",
        "indoor_seating": "",
        "internet_access": "",
        "real_ale": "",
        "real_cider": "",
        "live_music": "",
        "dog": "",
        "wheelchair": "limited",
        "toilets": "",
        "smoking": "",
        "wikidata": "Q99591766",
        "wikipedia": "",
        "fetched_at_utc": "2026-10-07T11:42:39+00:00",
        "source_endpoint": "osm-extract",
        "tags": {
          "addr:housenumber": "11-12",
          "addr:postcode": "BA1 1EB",
          "addr:street": "Westgate Buildings",
          "amenity": "pub",
          "fhrs:id": "359666",
          "name": "The Cork",
          "toilets:wheelchair": "yes",
          "website": "https://thecork.co.uk/",
          "wheelchair": "limited",
          "wikidata": "Q99591766"
        }
      }
    },
    {
      "type": "Feature",
      "geometry": {
        "type": "Point",
        "coordinates": [
          -2.35723092,
          51.389865500000006
        ]
      },
      "properties": {
        "name": "The Curfew",
        "osm_type": "way",
        "osm_id": 1015286255,
        "address": "11 Cleveland Place, Bath, BA1 5DG",
        "house_name": "",
        "house_number": "11",
        "street": "Cleveland Place",
        "suburb": "",
        "city": "Bath",
        "postcode": "BA1 5DG",
        "country": "",
        "operator": "",
        "brewery": "",
        "website": "https://www.thecurfewbath.co.uk/about-us/our-bar/",
        "phone": "",
        "opening_hours": "",
        "cuisine": "",
        "food": "",
        "drink": "",
        "outdoor_seating": "",
        "indoor_seating": "",
        "internet_access": "",
        "real_ale": "yes",
        "real_cider": "",
        "live_music": "",
        "dog": "",
        "wheelchair": "no",
        "toilets": "",
        "smoking": "",
        "wikidata": "",
        "wikipedia": "",
        "fetched_at_utc": "2026-10-07T11:42:39+00:00",
        "source_endpoint": "osm-extract",
        "tags": {
          "addr:city": "Bath",
          "addr:housenumber": "11",
          "addr:postcode": "BA1 5DG",
          "addr:street": "Cleveland Place",
          "addr:terrace": "Cleveland Place West",
          "amenity": "pub",
          "fhrs:id": "1762838",
          "name": "The Curfew",
          "real_ale": "yes",
          "website": "https://www.thecurfewbath.co.uk/about-us/our-bar/",
          "wheelchair": "no"
        }
      }
    },
    {
      "type": "Feature",
      "geometry": {
        "type": "Point",
        "coordinates": [
          -2.36575202,
          51.36881151
        ]
      },
      "properties": {
        "name": "The Devonshire Arms",
        "osm_type": "way",
        "osm_id": 309945564,
        "address": "139 Wellsway, Bath, BA2 4RY",
        "house_name": "",
        "house_number": "139",
        "street": "Wellsway",
        "suburb": "",
        "city": "Bath",
        "postcode": "BA2 4RY",
        "country": "",
        "operator": "",
        "brewery": "",
        "website": "http://www.devonshire-arms-bath.co.uk/",
        "phone": "",
        "opening_hours": "",
        "cuisine": "",
        "food": "",
        "drink": "",
        "outdoor_seating": "",
        "indoor_seating": "",
        "internet_access": "wlan",
        "real_ale": "",
        "real_cider": "",
        "live_music": "",
        "dog": "",
        "wheelchair": "",
        "toilets": "",
        "smoking": "",
        "wikidata": "Q99592893",
        "wikipedia": "",
        "fetched_at_utc": "2026-10-07T11:42:39+00:00",
        "source_endpoint": "osm-extract",
        "tags": {
          "addr:city": "Bath",
          "addr:housenumber": "139",
          "addr:postcode": "BA2 4RY",
          "addr:street": "Wellsway",
          "amenity": "pub",
          "disused:fhrs:id": "1899162",
          "internet_access": "wlan",
          "internet_access:fee": "no",
          "name": "The Devonshire Arms",
          "website": "http://www.devonshire-arms-bath.co.uk/",
          "wikidata": "Q99592893"
        }
      }
    },
    {
      "type": "Feature",
      "geometry": {
        "type": "Point",
        "coordinates": [
          -2.38803367,
          51.38079147999999
        ]
      },
      "properties": {
        "name": "The Golden Fleece",
        "osm_type": "way",
        "osm_id": 475043801,
        "address": "BA2 1ES",
        "house_name": "",
        "house_number": "",
        "street": "",
        "suburb": "",
        "city": "",
        "postcode": "BA2 1ES",
        "country": "",
        "operator": "",
        "brewery": "",
        "website": "",
        "phone": "",
        "opening_hours": "",
        "cuisine": "",
        "food": "",
        "drink": "",
        "outdoor_seating": "",
        "indoor_seating": "",
        "internet_access": "",
        "real_ale": "",
        "real_cider": "",
        "live_music": "",
        "dog": "",
        "wheelchair": "",
        "toilets": "",
        "smoking": "",
        "wikidata": "Q99591725",
        "wikipedia": "",
        "fetched_at_utc": "2026-10-07T11:42:39+00:00",
        "source_endpoint": "osm-extract",
        "tags": {
          "addr:postcode": "BA2 1ES",
          "amenity": "pub",
          "check_date:opening_hours": "2024-03-07",
          "facebook": "https://www.facebook.com/TheGoldenFleece",
          "fhrs:id": "847567",
          "name": "The Golden Fleece",
          "opening_hours:signed": "no",
          "wikidata": "Q99591725"
        }
      }
    },
    {
      "type": "Feature",
      "geometry": {
        "type": "Point",
        "coordinates": [
          -2.3617038999999997,
          51.38131609999999
        ]
      },
      "properties": {
        "name": "The Grapes",
        "osm_type": "way",
        "osm_id": 120543182,
        "address": "14 Westgate Street, BA1 1EQ",
        "house_name": "",
        "house_number": "14",
        "street": "Westgate Street",
        "suburb": "",
        "city": "",
        "postcode": "BA1 1EQ",
        "country": "",
        "operator": "",
        "brewery": "",
        "website": "https://thegrapesbath.co.uk/",
        "phone": "",
        "opening_hours": "",
        "cuisine": "",
        "food": "",
        "drink": "",
        "outdoor_seating": "yes",
        "indoor_seating": "yes",
        "internet_access": "",
        "real_ale": "",
        "real_cider": "",
        "live_music": "",
        "dog": "",
        "wheelchair": "limited",
        "toilets": "",
        "smoking": "",
        "wikidata": "Q99591727",
        "wikipedia": "",
        "fetched_at_utc": "2026-10-07T11:42:39+00:00",
        "source_endpoint": "osm-extract",
        "tags": {
          "addr:housenumber": "14",
          "addr:postcode": "BA1 1EQ",
          "addr:street": "Westgate Street",
          "amenity": "pub",
          "building": "retail",
          "fhrs:id": "1171674",
          "indoor_seating": "yes",
          "name": "The Grapes",
          "outdoor_seating": "yes",
          "website": "https://thegrapesbath.co.uk/",
          "wheelchair": "limited",
          "wikidata": "Q99591727"
        }
      }
    },
    {
      "type": "Feature",
      "geometry": {
        "type": "Point",
        "coordinates": [
          -2.363913033333333,
          51.382288749999994
        ]
      },
      "properties": {
        "name": "The Griffin Inn",
        "osm_type": "way",
        "osm_id": 122112232,
        "address": "The Griffin Inn, Monmouth Street, BA1 2AP",
        "house_name": "The Griffin Inn",
        "house_number": "",
        "street": "Monmouth Street",
        "suburb": "",
        "city": "",
        "postcode": "BA1 2AP",
        "country": "",
        "operator": "",
        "brewery": "yes",
        "website": "https://thegriffinbath.co.uk/",
        "phone": "+44 1225 420919",
        "opening_hours": "Mo-Tu off; We-Th 15:00-23:00; Fr 15:00-24:00; Sa 11:00-24:00; Su 11:00-21:00",
        "cuisine": "",
        "food": "",
        "drink": "",
        "outdoor_seating": "",
        "indoor_seating": "",
        "internet_access": "wlan",
        "real_ale": "",
        "real_cider": "",
        "live_music": "",
        "dog": "",
        "wheelchair": "no",
        "toilets": "",
        "smoking": "outside",
        "wikidata": "Q26673508",
        "wikipedia": "",
        "fetched_at_utc": "2026-10-07T11:42:39+00:00",
        "source_endpoint": "osm-extract",
        "tags": {
          "addr:housename": "The Griffin Inn",
          "addr:postcode": "BA1 2AP",
          "addr:street": "Monmouth Street",
          "amenity": "pub",
          "brewery": "yes",
          "building": "yes",
          "fhrs:id": "1604776",
          "internet_access": "wlan",
          "internet_access:fee": "customers",
          "name": "The Griffin Inn",
          "opening_hours": "Mo-Tu off; We-Th 15:00-23:00; Fr 15:00-24:00; Sa 11:00-24:00; Su 11:00-21:00",
          "payment:mastercard": "yes",
          "payment:visa": "yes",
          "phone": "+44 1225 420919",
          "smoking": "outside",
          "toilets:wheelchair": "no",
          "website": "https://thegriffinbath.co.uk/",
          "wheelchair": "no",
          "wikidata": "Q26673508"
        }
      }
    },
    {
      "type": "Feature",
      "geometry": {
        "type": "Point",
        "coordinates": [
          -2.3756547099999996,
          51.38503378
        ]
      },
      "properties": {
        "name": "The Hop Pole",
        "osm_type": "way",
        "osm_id": 49378395,
        "address": "7 Upper Bristol Road, BA1 3AR",
        "house_name": "",
        "house_number": "7",
        "street": "Upper Bristol Road",
        "suburb": "",
        "city": "",
        "postcode": "BA1 3AR",
        "country": "",
        "operator": "Bath Ales",
        "brewery": "Bath Ales",
        "website": "https://bathales.com/pubs/hop.html",
        "phone": "",
        "opening_hours": "",
        "cuisine": "",
        "food": "yes",
        "drink": "",
        "outdoor_seating": "",
        "indoor_seating": "",
        "internet_access": "",
        "real_ale": "draught",
        "real_cider": "",
        "live_music": "",
        "dog": "",
        "wheelchair": "",
        "toilets": "",
        "smoking": "",
        "wikidata": "Q26673224",
        "wikipedia": "",
        "fetched_at_utc": "2026-10-07T11:42:39+00:00",
        "source_endpoint": "osm-extract",
        "tags": {
          "addr:housenumber": "7",
          "addr:postcode": "BA1 3AR",
          "addr:street": "Upper Bristol Road",
          "addr:terrace": "Albion Buildings",
          "amenity": "pub",
          "brewery": "Bath Ales",
          "fhrs:id": "1843454",
          "food": "yes",
          "name": "The Hop Pole",
          "operator": "Bath Ales",
          "real_ale": "draught",
          "website": "https://bathales.com/pubs/hop.html",
          "wikidata": "Q26673224"
        }
      }
    },
    {
      "type": "Feature",
      "geometry": {
        "type": "Point",
        "coordinates": [
          -2.3580758700000004,
          51.38078679
        ]
      },
      "properties": {
        "name": "The Huntsman",
        "osm_type": "way",
        "osm_id": 55466903,
        "address": "1 Terrace Walk, BA1 1LJ",
        "house_name": "",
        "house_number": "1",
        "street": "Terrace Walk",
        "suburb": "",
        "city": "",
        "postcode": "BA1 1LJ",
        "country": "",
        "operator": "",
        "brewery": "",
        "website": "https://www.huntsmanbathpub.co.uk/",
        "phone": "+44 1225 482900",
        "opening_hours": "Mo-Sa 10:00-23:00; Su 10:00-22:30",
        "cuisine": "",
        "food": "",
        "drink": "",
        "outdoor_seating": "",
        "indoor_seating": "",
        "internet_access": "",
        "real_ale": "",
        "real_cider": "",
        "live_music": "",
        "dog": "",
        "wheelchair": "yes",
        "toilets": "",
        "smoking": "",
        "wikidata": "Q17532467",
        "wikipedia": "",
        "fetched_at_utc": "2026-10-07T11:42:39+00:00",
        "source_endpoint": "osm-extract",
        "tags": {
          "addr:housenumber": "1",
          "addr:postcode": "BA1 1LJ",
          "addr:street": "Terrace Walk",
          "amenity": "pub",
          "brand": "Fuller's",
          "brand:wikidata": "Q5253950",
          "building": "pub",
          "fhrs:id": "579121",
          "name": "The Huntsman",
          "opening_hours": "Mo-Sa 10:00-23:00; Su 10:00-22:30",
          "phone": "+44 1225 482900",
          "toilets:wheelchair": "yes",
          "website": "https://www.huntsmanbathpub.co.uk/",
          "wheelchair": "yes",
          "wikidata": "Q17532467"
        }
      }
    },
    {
      "type": "Feature",
      "geometry": {
        "type": "Point",
        "coordinates": [
          -2.36455914,
          51.380861120000006
        ]
      },
      "properties": {
        "name": "The King Of Wessex",
        "osm_type": "way",
        "osm_id": 1203903192,
        "address": "5-10 James Street West, BA1 2BX",
        "house_name": "",
        "house_number": "5-10",
        "street": "James Street West",
        "suburb": "",
        "city": "",
        "postcode": "BA1 2BX",
        "country": "GB",
        "operator": "",
        "brewery": "",
        "website": "https://www.jdwetherspoon.com/pubs/all-pubs/england/somerset/the-king-of-wessex-bath",
        "phone": "",
        "opening_hours": "",
        "cuisine": "",
        "food": "",
        "drink": "",
        "outdoor_seating": "",
        "indoor_seating": "",
        "internet_access": "yes",
        "real_ale": "yes",
        "real_cider": "",
        "live_music": "",
        "dog": "no",
        "wheelchair": "yes",
        "toilets": "yes",
        "smoking": "",
        "wikidata": "Q99550477",
        "wikipedia": "",
        "fetched_at_utc": "2026-10-07T11:42:39+00:00",
        "source_endpoint": "osm-extract",
        "tags": {
          "addr:country": "GB",
          "addr:housenumber": "5-10",
          "addr:postcode": "BA1 2BX",
          "addr:street": "James Street West",
          "amenity": "pub",
          "brand": "Wetherspoon",
          "brand:wikidata": "Q6109362",
          "brand:wikipedia": "en:Wetherspoons",
          "building:part": "yes",
          "dog": "no",
          "fhrs:id": "204258",
          "internet_access": "yes",
          "internet_access:fee": "no",
          "level": "0",
          "name": "The King Of Wessex",
          "real_ale": "yes",
          "toilets": "yes",
          "toilets:wheelchair": "yes",
          "website": "https://www.jdwetherspoon.com/pubs/all-pubs/england/somerset/the-king-of-wessex-bath",
          "website:menu": "https://order.jdwetherspoon.com/venue/jdw/2609/menus",
          "wheelchair": "yes",
          "wikidata": "Q99550477"
        }
      }
    },
    {
      "type": "Feature",
      "geometry": {
        "type": "Point",
        "coordinates": [
          -2.3605096888888886,
          51.379993755555546
        ]
      },
      "properties": {
        "name": "The Lamb and Lion",
        "osm_type": "way",
        "osm_id": 123072490,
        "address": "15 https://www.greatukpubs.co.uk/lamb-and-lion-bath, BA1 1QU",
        "house_name": "",
        "house_number": "15",
        "street": "https://www.greatukpubs.co.uk/lamb-and-lion-bath",
        "suburb": "",
        "city": "",
        "postcode": "BA1 1QU",
        "country": "",
        "operator": "Stonegate",
        "brewery": "",
        "website": "https://www.greatukpubs.co.uk/lamb-and-lion-bath",
        "phone": "",
        "opening_hours": "",
        "cuisine": "",
        "food": "",
        "drink": "",
        "outdoor_seating": "",
        "indoor_seating": "",
        "internet_access": "",
        "real_ale": "",
        "real_cider": "",
        "live_music": "",
        "dog": "",
        "wheelchair": "yes",
        "toilets": "",
        "smoking": "",
        "wikidata": "Q99592929",
        "wikipedia": "",
        "fetched_at_utc": "2026-10-07T11:42:39+00:00",
        "source_endpoint": "osm-extract",
        "tags": {
          "addr:housenumber": "15",
          "addr:postcode": "BA1 1QU",
          "addr:street": "https://www.greatukpubs.co.uk/lamb-and-lion-bath",
          "amenity": "pub",
          "check_date:opening_hours": "2024-02-24",
          "fhrs:id": "205483",
          "name": "The Lamb and Lion",
          "opening_hours:signed": "no",
          "operator": "Stonegate",
          "operator:wikidata": "Q7619176",
          "website": "https://www.greatukpubs.co.uk/lamb-and-lion-bath",
          "wheelchair": "yes",
          "wheelchair:description": "Ramp available right hand side of building",
          "wikidata": "Q99592929"
        }
      }
    },
    {
      "type": "Feature",
      "geometry": {
        "type": "Point",
        "coordinates": [
          -2.345312688888889,
          51.39755532222222
        ]
      },
      "properties": {
        "name": "The Larkhall Inn",
        "osm_type": "way",
        "osm_id": 292180285,
        "address": "Saint Saviour's Road, Larkhall, Bath, BA1 6SD",
        "house_name": "",
        "house_number": "",
        "street": "Saint Saviour's Road",
        "suburb": "Larkhall",
        "city": "Bath",
        "postcode": "BA1 6SD",
        "country": "GB",
        "operator": "",
        "brewery": "",
        "website": "",
        "phone": "",
        "opening_hours": "Mo-Su 12:00-23:00",
        "cuisine": "",
        "food": "",
        "drink": "",
        "outdoor_seating": "",
        "indoor_seating": "",
        "internet_access": "",
        "real_ale": "",
        "real_cider": "",
        "live_music": "",
        "dog": "",
        "wheelchair": "",
        "toilets": "",
        "smoking": "",
        "wikidata": "Q26673927",
        "wikipedia": "",
        "fetched_at_utc": "2026-10-07T11:42:39+00:00",
        "source_endpoint": "osm-extract",
        "tags": {
          "addr:city": "Bath",
          "addr:country": "GB",
          "addr:postcode": "BA1 6SD",
          "addr:street": "Saint Saviour's Road",
          "addr:suburb": "Larkhall",
          "amenity": "pub",
          "fhrs:id": "1801627",
          "name": "The Larkhall Inn",
          "opening_hours": "Mo-Su 12:00-23:00",
          "wikidata": "Q26673927"
        }
      }
    },
    {
      "type": "Feature",
      "geometry": {
        "type": "Point",
        "coordinates": [
          -2.3791537000000003,
          51.377756562500004
        ]
      },
      "properties": {
        "name": "The Livingstone",
        "osm_type": "way",
        "osm_id": 400878299,
        "address": "24 Moorland Road, BA2 3PW",
        "house_name": "",
        "house_number": "24",
        "street": "Moorland Road",
        "suburb": "",
        "city": "",
        "postcode": "BA2 3PW",
        "country": "",
        "operator": "",
        "brewery": "",
        "website": "",
        "phone": "",
        "opening_hours": "Mo-Th 13:00-23:00; Fr,Sa 12:00-23:00; Su 12:00-22:30",
        "cuisine": "",
        "food": "",
        "drink": "",
        "outdoor_seating": "",
        "indoor_seating": "",
        "internet_access": "",
        "real_ale": "",
        "real_cider": "",
        "live_music": "",
        "dog": "",
        "wheelchair": "",
        "toilets": "",
        "smoking": "",
        "wikidata": "Q99592931",
        "wikipedia": "",
        "fetched_at_utc": "2026-10-07T11:42:39+00:00",
        "source_endpoint": "osm-extract",
        "tags": {
          "addr:housenumber": "24",
          "addr:postcode": "BA2 3PW",
          "addr:street": "Moorland Road",
          "amenity": "pub",
          "check_date:opening_hours": "2025-08-28",
          "fhrs:id": "205245",
          "name": "The Livingstone",
          "opening_hours": "Mo-Th 13:00-23:00; Fr,Sa 12:00-23:00; Su 12:00-22:30",
          "ref:GB:uprn": "100120047868",
          "wikidata": "Q99592931"
        }
      }
    },
    {
      "type": "Feature",
      "geometry": {
        "type": "Point",
        "coordinates": [
          -2.393580366666667,
          51.382403016666665
        ]
      },
      "properties": {
        "name": "The Locksbrook Inn",
        "osm_type": "way",
        "osm_id": 45087252,
        "address": "103 Locksbrook Road, Bath, BA1 3EN",
        "house_name": "",
        "house_number": "103",
        "street": "Locksbrook Road",
        "suburb": "",
        "city": "Bath",
        "postcode": "BA1 3EN",
        "country": "",
        "operator": "",
        "brewery": "",
        "website": "https://thelocksbrookinn.com/",
        "phone": "",
        "opening_hours": "",
        "cuisine": "",
        "food": "",
        "drink": "",
        "outdoor_seating": "",
        "indoor_seating": "",
        "internet_access": "",
        "real_ale": "",
        "real_cider": "",
        "live_music": "",
        "dog": "",
        "wheelchair": "",
        "toilets": "",
        "smoking": "",
        "wikidata": "Q26673846",
        "wikipedia": "",
        "fetched_at_utc": "2026-10-07T11:42:39+00:00",
        "source_endpoint": "osm-extract",
        "tags": {
          "addr:city": "Bath",
          "addr:housenumber": "103",
          "addr:postcode": "BA1 3EN",
          "addr:street": "Locksbrook Road",
          "amenity": "pub",
          "fhrs:id": "1683919",
          "name": "The Locksbrook Inn",
          "website": "https://thelocksbrookinn.com/",
          "wikidata": "Q26673846"
        }
      }
    },
    {
      "type": "Feature",
      "geometry": {
        "type": "Point",
        "coordinates": [
          -2.3698338666666663,
          51.38830306666666
        ]
      },
      "properties": {
        "name": "The Marlborough Tavern",
        "osm_type": "way",
        "osm_id": 49779969,
        "address": "BA1 2LY",
        "house_name": "",
        "house_number": "",
        "street": "",
        "suburb": "",
        "city": "",
        "postcode": "BA1 2LY",
        "country": "",
        "operator": "",
        "brewery": "",
        "website": "https://www.marlborough-tavern.com/",
        "phone": "",
        "opening_hours": "",
        "cuisine": "",
        "food": "",
        "drink": "",
        "outdoor_seating": "",
        "indoor_seating": "",
        "internet_access": "",
        "real_ale": "",
        "real_cider": "",
        "live_music": "",
        "dog": "",
        "wheelchair": "limited",
        "toilets": "",
        "smoking": "",
        "wikidata": "Q26688962",
        "wikipedia": "",
        "fetched_at_utc": "2026-10-07T11:42:39+00:00",
        "source_endpoint": "osm-extract",
        "tags": {
          "addr:postcode": "BA1 2LY",
          "amenity": "pub",
          "fhrs:id": "1736441",
          "name": "The Marlborough Tavern",
          "website": "https://www.marlborough-tavern.com/",
          "wheelchair": "limited",
          "wheelchair:description": "Low step",
          "wikidata": "Q26688962"
        }
      }
    },
    {
      "type": "Feature",
      "geometry": {
        "type": "Point",
        "coordinates": [
          -2.376901157142857,
          51.37423149999999
        ]
      },
      "properties": {
        "name": "The Moorfields Inn",
        "osm_type": "way",
        "osm_id": 157291252,
        "address": "73 Third Avenue, Bath, BA2 3NZ",
        "house_name": "",
        "house_number": "73",
        "street": "Third Avenue",
        "suburb": "",
        "city": "Bath",
        "postcode": "BA2 3NZ",
        "country": "",
        "operator": "",
        "brewery": "",
        "website": "https://www.thebathpubcompany.com/",
        "phone": "",
        "opening_hours": "Mo-Fr 08:00-23:00; Sa 09:00-23:00; Su 09:00-22:30",
        "cuisine": "",
        "food": "",
        "drink": "",
        "outdoor_seating": "",
        "indoor_seating": "",
        "internet_access": "",
        "real_ale": "",
        "real_cider": "",
        "live_music": "",
        "dog": "",
        "wheelchair": "",
        "toilets": "",
        "smoking": "",
        "wikidata": "Q99591738",
        "wikipedia": "",
        "fetched_at_utc": "2026-10-07T11:42:39+00:00",
        "source_endpoint": "osm-extract",
        "tags": {
          "addr:city": "Bath",
          "addr:housenumber": "73",
          "addr:postcode": "BA2 3NZ",
          "addr:street": "Third Avenue",
          "amenity": "pub",
          "building": "yes",
          "check_date:opening_hours": "2025-08-28",
          "fhrs:id": "1762818",
          "name": "The Moorfields Inn",
          "opening_hours": "Mo-Fr 08:00-23:00; Sa 09:00-23:00; Su 09:00-22:30",
          "opening_hours:signed": "no",
          "ref:GB:uprn": "10001130597",
          "website": "https://www.thebathpubcompany.com/",
          "wikidata": "Q99591738"
        }
      }
    },
    {
      "type": "Feature",
      "geometry": {
        "type": "Point",
        "coordinates": [
          -2.388162425,
          51.394337087500006
        ]
      },
      "properties": {
        "name": "The Old Crown",
        "osm_type": "way",
        "osm_id": 399314058,
        "address": "BA1 4BP",
        "house_name": "",
        "house_number": "",
        "street": "",
        "suburb": "",
        "city": "",
        "postcode": "BA1 4BP",
        "country": "",
        "operator": "",
        "brewery": "",
        "website": "https://theoldcrownweston.pub/",
        "phone": "",
        "opening_hours": "",
        "cuisine": "",
        "food": "",
        "drink": "",
        "outdoor_seating": "yes",
        "indoor_seating": "",
        "internet_access": "",
        "real_ale": "",
        "real_cider": "",
        "live_music": "",
        "dog": "",
        "wheelchair": "",
        "toilets": "",
        "smoking": "outside",
        "wikidata": "Q26674033",
        "wikipedia": "",
        "fetched_at_utc": "2026-10-07T11:42:39+00:00",
        "source_endpoint": "osm-extract",
        "tags": {
          "addr:postcode": "BA1 4BP",
          "amenity": "pub",
          "fhrs:id": "1857618",
          "name": "The Old Crown",
          "outdoor_seating": "yes",
          "smoking": "outside",
          "website": "https://theoldcrownweston.pub/",
          "wikidata": "Q26674033"
        }
      }
    },
    {
      "type": "Feature",
      "geometry": {
        "type": "Point",
        "coordinates": [
          -2.3931814714285715,
          51.37983588571428
        ]
      },
      "properties": {
        "name": "The Old Crown",
        "osm_type": "way",
        "osm_id": 400043040,
        "address": "131 High Street, Bath, BA2 1DA",
        "house_name": "",
        "house_number": "131",
        "street": "High Street",
        "suburb": "",
        "city": "Bath",
        "postcode": "BA2 1DA",
        "country": "",
        "operator": "Stonegate",
        "brewery": "",
        "website": "https://www.craftunionpubs.com/old-crown-twerton",
        "phone": "",
        "opening_hours": "",
        "cuisine": "",
        "food": "",
        "drink": "",
        "outdoor_seating": "",
        "indoor_seating": "",
        "internet_access": "",
        "real_ale": "",
        "real_cider": "",
        "live_music": "",
        "dog": "",
        "wheelchair": "",
        "toilets": "",
        "smoking": "",
        "wikidata": "Q26674867",
        "wikipedia": "",
        "fetched_at_utc": "2026-10-07T11:42:39+00:00",
        "source_endpoint": "osm-extract",
        "tags": {
          "addr:city": "Bath",
          "addr:housenumber": "131",
          "addr:postcode": "BA2 1DA",
          "addr:street": "High Street",
          "amenity": "pub",
          "fhrs:id": "1002179",
          "name": "The Old Crown",
          "operator": "Stonegate",
          "operator:wikidata": "Q7619176",
          "website": "https://www.craftunionpubs.com/old-crown-twerton",
          "wikidata": "Q26674867"
        }
      }
    },
    {
      "type": "Feature",
      "geometry": {
        "type": "Point",
        "coordinates": [
          -2.3602250166666665,
          51.38337345
        ]
      },
      "properties": {
        "name": "The Old Green Tree",
        "osm_type": "way",
        "osm_id": 122107012,
        "address": "12 Green Street, BA1 2JZ",
        "house_name": "",
        "house_number": "12",
        "street": "Green Street",
        "suburb": "",
        "city": "",
        "postcode": "BA1 2JZ",
        "country": "",
        "operator": "",
        "brewery": "",
        "website": "",
        "phone": "",
        "opening_hours": "",
        "cuisine": "",
        "food": "",
        "drink": "",
        "outdoor_seating": "",
        "indoor_seating": "",
        "internet_access": "",
        "real_ale": "yes",
        "real_cider": "",
        "live_music": "",
        "dog": "",
        "wheelchair": "no",
        "toilets": "",
        "smoking": "",
        "wikidata": "Q26675104",
        "wikipedia": "",
        "fetched_at_utc": "2026-10-07T11:42:39+00:00",
        "source_endpoint": "osm-extract",
        "tags": {
          "addr:housenumber": "12",
          "addr:postcode": "BA1 2JZ",
          "addr:street": "Green Street",
          "amenity": "pub",
          "building": "pub",
          "facebook": "https://www.facebook.com/OldGreenTree/",
          "fhrs:id": "204514",
          "name": "The Old Green Tree",
          "real_ale": "yes",
          "ref:GB:uprn": "100121171379",
          "wheelchair": "no",
          "wikidata": "Q26675104"
        }
      }
    },
    {
      "type": "Feature",
      "geometry": {
        "type": "Point",
        "coordinates": [
          -2.3612872428571428,
          51.38486044285714
        ]
      },
      "properties": {
        "name": "The Old Post Office",
        "osm_type": "way",
        "osm_id": 92222991,
        "address": "The Old Post Office, 2 George Street, Bath, BA1 2EB",
        "house_name": "The Old Post Office",
        "house_number": "2",
        "street": "George Street",
        "suburb": "",
        "city": "Bath",
        "postcode": "BA1 2EB",
        "country": "",
        "operator": "",
        "brewery": "",
        "website": "https://www.jdwetherspoon.com/pubs/the-old-post-office-bath/",
        "phone": "",
        "opening_hours": "",
        "cuisine": "",
        "food": "",
        "drink": "",
        "outdoor_seating": "yes",
        "indoor_seating": "",
        "internet_access": "",
        "real_ale": "",
        "real_cider": "",
        "live_music": "",
        "dog": "no",
        "wheelchair": "yes",
        "toilets": "",
        "smoking": "",
        "wikidata": "",
        "wikipedia": "",
        "fetched_at_utc": "2026-10-07T11:42:39+00:00",
        "source_endpoint": "osm-extract",
        "tags": {
          "addr:city": "Bath",
          "addr:housename": "The Old Post Office",
          "addr:housenumber": "2",
          "addr:postcode": "BA1 2EB",
          "addr:street": "George Street",
          "addr:terrace": "York Buildings",
          "amenity": "pub",
          "brand": "Wetherspoon",
          "brand:wikidata": "Q6109362",
          "brand:wikipedia": "https://en.wikipedia.org/wiki/Wetherspoons",
          "building": "retail",
          "dog": "no",
          "fhrs:id": "1920676",
          "name": "The Old Post Office",
          "outdoor_seating": "yes",
          "toilets:wheelchair": "yes",
          "website": "https://www.jdwetherspoon.com/pubs/the-old-post-office-bath/",
          "wheelchair": "yes",
          "wheelchair:description": "All lower floor is accessinle. stairs for upper floor"
        }
      }
    },
    {
      "type": "Feature",
      "geometry": {
        "type": "Point",
        "coordinates": [
          -2.3599422714285714,
          51.38434776190477
        ]
      },
      "properties": {
        "name": "The Pig & Fiddle",
        "osm_type": "way",
        "osm_id": 92223956,
        "address": "2 Saracen Street, Bath, BA1 5BR",
        "house_name": "",
        "house_number": "2",
        "street": "Saracen Street",
        "suburb": "",
        "city": "Bath",
        "postcode": "BA1 5BR",
        "country": "",
        "operator": "Butcombe Brewery",
        "brewery": "yes",
        "website": "https://butcombe.com/pig-and-fiddle/",
        "phone": "+441225 330190",
        "opening_hours": "Mo-Tu 08:00-22:00; We-Sa 08:00-23:00; Su 08:00-21:00",
        "cuisine": "british",
        "food": "yes",
        "drink": "",
        "outdoor_seating": "",
        "indoor_seating": "",
        "internet_access": "wlan",
        "real_ale": "",
        "real_cider": "",
        "live_music": "",
        "dog": "",
        "wheelchair": "no",
        "toilets": "",
        "smoking": "",
        "wikidata": "Q99591854",
        "wikipedia": "",
        "fetched_at_utc": "2026-10-07T11:42:39+00:00",
        "source_endpoint": "osm-extract",
        "tags": {
          "addr:city": "Bath",
          "addr:housenumber": "2",
          "addr:postcode": "BA1 5BR",
          "addr:street": "Saracen Street",
          "amenity": "pub",
          "brewery": "yes",
          "cuisine": "british",
          "email": "pigandfiddle@butcombepubs.com",
          "fhrs:id": "244519",
          "food": "yes",
          "internet_access": "wlan",
          "name": "The Pig & Fiddle",
          "opening_hours": "Mo-Tu 08:00-22:00; We-Sa 08:00-23:00; Su 08:00-21:00",
          "operator": "Butcombe Brewery",
          "phone": "+441225 330190",
          "toilets:wheelchair": "no",
          "website": "https://butcombe.com/pig-and-fiddle/",
          "wheelchair": "no",
          "wikidata": "Q99591854"
        }
      }
    },
    {
      "type": "Feature",
      "geometry": {
        "type": "Point",
        "coordinates": [
          -2.3526798571428573,
          51.385843685714285
        ]
      },
      "properties": {
        "name": "The Pulteney Arms",
        "osm_type": "way",
        "osm_id": 182152732,
        "address": "BA2 6ND",
        "house_name": "",
        "house_number": "",
        "street": "",
        "suburb": "",
        "city": "",
        "postcode": "BA2 6ND",
        "country": "",
        "operator": "",
        "brewery": "",
        "website": "https://www.thepulteneyarms.co.uk/",
        "phone": "",
        "opening_hours": "",
        "cuisine": "",
        "food": "",
        "drink": "",
        "outdoor_seating": "",
        "indoor_seating": "",
        "internet_access": "",
        "real_ale": "",
        "real_cider": "",
        "live_music": "",
        "dog": "",
        "wheelchair": "no",
        "toilets": "",
        "smoking": "",
        "wikidata": "Q26674085",
        "wikipedia": "",
        "fetched_at_utc": "2026-10-07T11:42:39+00:00",
        "source_endpoint": "osm-extract",
        "tags": {
          "addr:postcode": "BA2 6ND",
          "amenity": "pub",
          "fhrs:id": "205067",
          "name": "The Pulteney Arms",
          "toilets:wheelchair": "no",
          "website": "https://www.thepulteneyarms.co.uk/",
          "wheelchair": "no",
          "wikidata": "Q26674085"
        }
      }
    },
    {
      "type": "Feature",
      "geometry": {
        "type": "Point",
        "coordinates": [
          -2.3544887222222224,
          51.37665018888889
        ]
      },
      "properties": {
        "name": "The Ram",
        "osm_type": "way",
        "osm_id": 398947218,
        "address": "20, Widcombe, Bath, BA2 4LD",
        "house_name": "",
        "house_number": "20",
        "street": "",
        "suburb": "Widcombe",
        "city": "Bath",
        "postcode": "BA2 4LD",
        "country": "",
        "operator": "",
        "brewery": "",
        "website": "",
        "phone": "",
        "opening_hours": "",
        "cuisine": "",
        "food": "",
        "drink": "",
        "outdoor_seating": "",
        "indoor_seating": "",
        "internet_access": "",
        "real_ale": "",
        "real_cider": "",
        "live_music": "",
        "dog": "",
        "wheelchair": "no",
        "toilets": "",
        "smoking": "",
        "wikidata": "Q99591750",
        "wikipedia": "",
        "fetched_at_utc": "2026-10-07T11:42:39+00:00",
        "source_endpoint": "osm-extract",
        "tags": {
          "addr:city": "Bath",
          "addr:housenumber": "20",
          "addr:postcode": "BA2 4LD",
          "addr:substreet": "Claverton Buildings",
          "addr:suburb": "Widcombe",
          "amenity": "pub",
          "building": "pub",
          "fhrs:id": "1639322",
          "name": "The Ram",
          "wheelchair": "no",
          "wikidata": "Q99591750"
        }
      }
    },
    {
      "type": "Feature",
      "geometry": {
        "type": "Point",
        "coordinates": [
          -2.3619899583333335,
          51.38311089166666
        ]
      },
      "properties": {
        "name": "The Raven",
        "osm_type": "way",
        "osm_id": 197919643,
        "address": "6-7 Queen Street, Bath, BA1 1HE",
        "house_name": "",
        "house_number": "6-7",
        "street": "Queen Street",
        "suburb": "",
        "city": "Bath",
        "postcode": "BA1 1HE",
        "country": "",
        "operator": "",
        "brewery": "",
        "website": "https://www.theravenofbath.co.uk/",
        "phone": "",
        "opening_hours": "Mo-Th 08:00-23:00; Fr-Sa 08:00-00:00; Su 08:00-22:30",
        "cuisine": "pie",
        "food": "yes",
        "drink": "",
        "outdoor_seating": "yes",
        "indoor_seating": "",
        "internet_access": "",
        "real_ale": "yes",
        "real_cider": "",
        "live_music": "",
        "dog": "",
        "wheelchair": "no",
        "toilets": "yes",
        "smoking": "no",
        "wikidata": "Q26673630",
        "wikipedia": "",
        "fetched_at_utc": "2026-10-07T11:42:39+00:00",
        "source_endpoint": "osm-extract",
        "tags": {
          "addr:city": "Bath",
          "addr:housenumber": "6-7",
          "addr:postcode": "BA1 1HE",
          "addr:street": "Queen Street",
          "amenity": "pub",
          "building": "pub",
          "cuisine": "pie",
          "email": "enquiries@theravenofbath.co.uk",
          "fhrs:id": "204892",
          "food": "yes",
          "name": "The Raven",
          "opening_hours": "Mo-Th 08:00-23:00; Fr-Sa 08:00-00:00; Su 08:00-22:30",
          "outdoor_seating": "yes",
          "real_ale": "yes",
          "smoking": "no",
          "toilets": "yes",
          "website": "https://www.theravenofbath.co.uk/",
          "wheelchair": "no",
          "wikidata": "Q26673630"
        }
      }
    },
    {
      "type": "Feature",
      "geometry": {
        "type": "Point",
        "coordinates": [
          -2.3623089727272726,
          51.3960504909091
        ]
      },
      "properties": {
        "name": "The Richmond Arms",
        "osm_type": "way",
        "osm_id": 124200514,
        "address": "7 Richmond Place, BA1 5PZ",
        "house_name": "",
        "house_number": "7",
        "street": "Richmond Place",
        "suburb": "",
        "city": "",
        "postcode": "BA1 5PZ",
        "country": "",
        "operator": "",
        "brewery": "",
        "website": "https://www.therichmondbath.co.uk/",
        "phone": "",
        "opening_hours": "",
        "cuisine": "",
        "food": "",
        "drink": "",
        "outdoor_seating": "",
        "indoor_seating": "",
        "internet_access": "",
        "real_ale": "",
        "real_cider": "",
        "live_music": "",
        "dog": "",
        "wheelchair": "",
        "toilets": "",
        "smoking": "",
        "wikidata": "",
        "wikipedia": "",
        "fetched_at_utc": "2026-10-07T11:42:39+00:00",
        "source_endpoint": "osm-extract",
        "tags": {
          "addr:housenumber": "7",
          "addr:postcode": "BA1 5PZ",
          "addr:street": "Richmond Place",
          "amenity": "pub",
          "fhrs:id": "1798711",
          "name": "The Richmond Arms",
          "website": "https://www.therichmondbath.co.uk/"
        }
      }
    },
    {
      "type": "Feature",
      "geometry": {
        "type": "Point",
        "coordinates": [
          -2.3540892500000004,
          51.376324175
        ]
      },
      "properties": {
        "name": "The Ring o' Bells",
        "osm_type": "way",
        "osm_id": 398986729,
        "address": "10 Claverton Street, Bath, BA2 4JT",
        "house_name": "",
        "house_number": "10",
        "street": "Claverton Street",
        "suburb": "",
        "city": "Bath",
        "postcode": "BA2 4JT",
        "country": "",
        "operator": "",
        "brewery": "",
        "website": "https://ringobellsbath.com/",
        "phone": "",
        "opening_hours": "",
        "cuisine": "",
        "food": "",
        "drink": "",
        "outdoor_seating": "",
        "indoor_seating": "",
        "internet_access": "",
        "real_ale": "",
        "real_cider": "",
        "live_music": "",
        "dog": "",
        "wheelchair": "no",
        "toilets": "",
        "smoking": "",
        "wikidata": "Q99593027",
        "wikipedia": "",
        "fetched_at_utc": "2026-10-07T11:42:39+00:00",
        "source_endpoint": "osm-extract",
        "tags": {
          "addr:city": "Bath",
          "addr:housenumber": "10",
          "addr:postcode": "BA2 4JT",
          "addr:street": "Claverton Street",
          "addr:substreet": "Widcombe Parade",
          "amenity": "pub",
          "building": "pub",
          "disused:fhrs:id": "1793089",
          "facebook": "https://www.facebook.com/RingOBellsBath/",
          "name": "The Ring o' Bells",
          "toilets:wheelchair": "no",
          "website": "https://ringobellsbath.com/",
          "wheelchair": "no",
          "wikidata": "Q99593027"
        }
      }
    },
    {
      "type": "Feature",
      "geometry": {
        "type": "Point",
        "coordinates": [
          -2.344537616666667,
          51.39904151666667
        ]
      },
      "properties": {
        "name": "The Rose & Crown",
        "osm_type": "way",
        "osm_id": 292182540,
        "address": "6-8 Brougham Place, BA1 6SJ",
        "house_name": "",
        "house_number": "6-8",
        "street": "Brougham Place",
        "suburb": "",
        "city": "",
        "postcode": "BA1 6SJ",
        "country": "",
        "operator": "",
        "brewery": "",
        "website": "https://www.roseandcrownlarkhall.co.uk/",
        "phone": "",
        "opening_hours": "",
        "cuisine": "",
        "food": "",
        "drink": "",
        "outdoor_seating": "",
        "indoor_seating": "",
        "internet_access": "",
        "real_ale": "",
        "real_cider": "",
        "live_music": "",
        "dog": "",
        "wheelchair": "",
        "toilets": "",
        "smoking": "",
        "wikidata": "Q99591754",
        "wikipedia": "",
        "fetched_at_utc": "2026-10-07T11:42:39+00:00",
        "source_endpoint": "osm-extract",
        "tags": {
          "addr:housenumber": "6-8",
          "addr:postcode": "BA1 6SJ",
          "addr:street": "Brougham Place",
          "amenity": "pub",
          "building": "pub",
          "fhrs:id": "1793095",
          "name": "The Rose & Crown",
          "website": "https://www.roseandcrownlarkhall.co.uk/",
          "wikidata": "Q99591754"
        }
      }
    },
    {
      "type": "Feature",
      "geometry": {
        "type": "Point",
        "coordinates": [
          -2.381552525,
          51.38200673750001
        ]
      },
      "properties": {
        "name": "The Royal Oak",
        "osm_type": "way",
        "osm_id": 93284715,
        "address": "Lower Bristol Road, BA2 3BW",
        "house_name": "",
        "house_number": "",
        "street": "Lower Bristol Road",
        "suburb": "",
        "city": "",
        "postcode": "BA2 3BW",
        "country": "",
        "operator": "",
        "brewery": "",
        "website": "https://www.theroyaloak-bath.co.uk/",
        "phone": "",
        "opening_hours": "Mo-Fr 16:00-23:00; Sa 12:00-23:00; Su 16:00-23:00",
        "cuisine": "",
        "food": "",
        "drink": "",
        "outdoor_seating": "",
        "indoor_seating": "",
        "internet_access": "",
        "real_ale": "",
        "real_cider": "",
        "live_music": "",
        "dog": "",
        "wheelchair": "no",
        "toilets": "",
        "smoking": "",
        "wikidata": "Q99593451",
        "wikipedia": "",
        "fetched_at_utc": "2026-10-07T11:42:39+00:00",
        "source_endpoint": "osm-extract",
        "tags": {
          "addr:postcode": "BA2 3BW",
          "addr:street": "Lower Bristol Road",
          "amenity": "pub",
          "camra": "yes",
          "fhrs:id": "359654",
          "name": "The Royal Oak",
          "opening_hours": "Mo-Fr 16:00-23:00; Sa 12:00-23:00; Su 16:00-23:00",
          "source:addr": "FSA Food Hygiene Ratings Database",
          "website": "https://www.theroyaloak-bath.co.uk/",
          "wheelchair": "no",
          "wikidata": "Q99593451"
        }
      }
    },
    {
      "type": "Feature",
      "geometry": {
        "type": "Point",
        "coordinates": [
          -2.351470133333333,
          51.379459611111116
        ]
      },
      "properties": {
        "name": "The Royal Oak",
        "osm_type": "way",
        "osm_id": 172280456,
        "address": "8-10 Summerlays Place, BA2 4HN",
        "house_name": "",
        "house_number": "8-10",
        "street": "Summerlays Place",
        "suburb": "",
        "city": "",
        "postcode": "BA2 4HN",
        "country": "",
        "operator": "",
        "brewery": "",
        "website": "http://www.royaloak-bath.co.uk/",
        "phone": "",
        "opening_hours": "",
        "cuisine": "",
        "food": "",
        "drink": "",
        "outdoor_seating": "",
        "indoor_seating": "",
        "internet_access": "",
        "real_ale": "",
        "real_cider": "",
        "live_music": "",
        "dog": "",
        "wheelchair": "no",
        "toilets": "",
        "smoking": "",
        "wikidata": "",
        "wikipedia": "",
        "fetched_at_utc": "2026-10-07T11:42:39+00:00",
        "source_endpoint": "osm-extract",
        "tags": {
          "addr:housenumber": "8-10",
          "addr:postcode": "BA2 4HN",
          "addr:street": "Summerlays Place",
          "amenity": "pub",
          "disused:fhrs:id": "956911",
          "name": "The Royal Oak",
          "website": "http://www.royaloak-bath.co.uk/",
          "wheelchair": "no"
        }
      }
    },
    {
      "type": "Feature",
      "geometry": {
        "type": "Point",
        "coordinates": [
          -2.3620634124999995,
          51.3834276875
        ]
      },
      "properties": {
        "name": "The Salamander",
        "osm_type": "way",
        "osm_id": 120543184,
        "address": "3 John Street, BA1 2JL",
        "house_name": "",
        "house_number": "3",
        "street": "John Street",
        "suburb": "",
        "city": "",
        "postcode": "BA1 2JL",
        "country": "",
        "operator": "Bath Ales",
        "brewery": "Bath Ales",
        "website": "https://www.bathales.com/pid/the-salamander/",
        "phone": "",
        "opening_hours": "",
        "cuisine": "",
        "food": "yes",
        "drink": "",
        "outdoor_seating": "",
        "indoor_seating": "",
        "internet_access": "",
        "real_ale": "draught",
        "real_cider": "",
        "live_music": "",
        "dog": "",
        "wheelchair": "",
        "toilets": "",
        "smoking": "",
        "wikidata": "Q99591762",
        "wikipedia": "",
        "fetched_at_utc": "2026-10-07T11:42:39+00:00",
        "source_endpoint": "osm-extract",
        "tags": {
          "addr:housenumber": "3",
          "addr:postcode": "BA1 2JL",
          "addr:street": "John Street",
          "amenity": "pub",
          "brewery": "Bath Ales",
          "building": "retail",
          "fhrs:id": "204152",
          "food": "yes",
          "name": "The Salamander",
          "operator": "Bath Ales",
          "real_ale": "draught",
          "website": "https://www.bathales.com/pid/the-salamander/",
          "wikidata": "Q99591762"
        }
      }
    },
    {
      "type": "Feature",
      "geometry": {
        "type": "Point",
        "coordinates": [
          -2.3567126,
          51.3780319
        ]
      },
      "properties": {
        "name": "The Sports Bar",
        "osm_type": "node",
        "osm_id": 1730488618,
        "address": "",
        "house_name": "",
        "house_number": "",
        "street": "",
        "suburb": "",
        "city": "",
        "postcode": "",
        "country": "",
        "operator": "",
        "brewery": "",
        "website": "https://www.royalhotelbath.co.uk/",
        "phone": "",
        "opening_hours": "",
        "cuisine": "",
        "food": "",
        "drink": "",
        "outdoor_seating": "",
        "indoor_seating": "",
        "internet_access": "",
        "real_ale": "",
        "real_cider": "",
        "live_music": "",
        "dog": "",
        "wheelchair": "yes",
        "toilets": "",
        "smoking": "",
        "wikidata": "Q26688927",
        "wikipedia": "",
        "fetched_at_utc": "2026-10-07T11:42:39+00:00",
        "source_endpoint": "osm-extract",
        "tags": {
          "amenity": "pub",
          "fhrs:id:note": "Part of Royal Hotel",
          "name": "The Sports Bar",
          "website": "https://www.royalhotelbath.co.uk/",
          "wheelchair": "yes",
          "wikidata": "Q26688927"
        }
      }
    },
    {
      "type": "Feature",
      "geometry": {
        "type": "Point",
        "coordinates": [
          -2.360188071428571,
          51.38781852857142
        ]
      },
      "properties": {
        "name": "The Star Inn",
        "osm_type": "way",
        "osm_id": 74530685,
        "address": "BA1 5NA",
        "house_name": "",
        "house_number": "",
        "street": "",
        "suburb": "",
        "city": "",
        "postcode": "BA1 5NA",
        "country": "",
        "operator": "",
        "brewery": "",
        "website": "https://www.abbeyinnsbath.co.uk/#the-star-inn-bath",
        "phone": "",
        "opening_hours": "",
        "cuisine": "",
        "food": "",
        "drink": "",
        "outdoor_seating": "",
        "indoor_seating": "",
        "internet_access": "",
        "real_ale": "yes",
        "real_cider": "",
        "live_music": "",
        "dog": "",
        "wheelchair": "no",
        "toilets": "",
        "smoking": "",
        "wikidata": "Q26674501",
        "wikipedia": "",
        "fetched_at_utc": "2026-10-07T11:42:39+00:00",
        "source_endpoint": "osm-extract",
        "tags": {
          "addr:postcode": "BA1 5NA",
          "amenity": "pub",
          "building": "yes",
          "fhrs:id": "205755",
          "name": "The Star Inn",
          "real_ale": "yes",
          "toilets:wheelchair": "no",
          "website": "https://www.abbeyinnsbath.co.uk/#the-star-inn-bath",
          "wheelchair": "no",
          "wikidata": "Q26674501"
        }
      }
    },
    {
      "type": "Feature",
      "geometry": {
        "type": "Point",
        "coordinates": [
          -2.363622344444445,
          51.38086556666667
        ]
      },
      "properties": {
        "name": "The Trinity",
        "osm_type": "way",
        "osm_id": 204025219,
        "address": "49 James Street West, BA1 2DA",
        "house_name": "",
        "house_number": "49",
        "street": "James Street West",
        "suburb": "",
        "city": "",
        "postcode": "BA1 2DA",
        "country": "",
        "operator": "",
        "brewery": "",
        "website": "https://www.abbeyinnsbath.co.uk/#the-trinity-inn-bath",
        "phone": "",
        "opening_hours": "",
        "cuisine": "",
        "food": "",
        "drink": "",
        "outdoor_seating": "",
        "indoor_seating": "",
        "internet_access": "",
        "real_ale": "",
        "real_cider": "",
        "live_music": "",
        "dog": "",
        "wheelchair": "limited",
        "toilets": "",
        "smoking": "",
        "wikidata": "Q99591852",
        "wikipedia": "",
        "fetched_at_utc": "2026-10-07T11:42:39+00:00",
        "source_endpoint": "osm-extract",
        "tags": {
          "addr:housenumber": "49",
          "addr:postcode": "BA1 2DA",
          "addr:street": "James Street West",
          "amenity": "pub",
          "building": "retail",
          "fhrs:id": "1664744",
          "name": "The Trinity",
          "website": "https://www.abbeyinnsbath.co.uk/#the-trinity-inn-bath",
          "wheelchair": "limited",
          "wikidata": "Q99591852"
        }
      }
    },
    {
      "type": "Feature",
      "geometry": {
        "type": "Point",
        "coordinates": [
          -2.3603552,
          51.38284983999999
        ]
      },
      "properties": {
        "name": "The Volunteer Rifleman's Arms",
        "osm_type": "way",
        "osm_id": 122109223,
        "address": "3 New Bond Street Place, BA1 1BH",
        "house_name": "",
        "house_number": "3",
        "street": "New Bond Street Place",
        "suburb": "",
        "city": "",
        "postcode": "BA1 1BH",
        "country": "",
        "operator": "",
        "brewery": "",
        "website": "",
        "phone": "",
        "opening_hours": "Mo-Su 12:00-16:00",
        "cuisine": "",
        "food": "",
        "drink": "",
        "outdoor_seating": "",
        "indoor_seating": "",
        "internet_access": "",
        "real_ale": "",
        "real_cider": "",
        "live_music": "",
        "dog": "",
        "wheelchair": "no",
        "toilets": "",
        "smoking": "",
        "wikidata": "Q99591857",
        "wikipedia": "",
        "fetched_at_utc": "2026-10-07T11:42:39+00:00",
        "source_endpoint": "osm-extract",
        "tags": {
          "addr:housenumber": "3",
          "addr:postcode": "BA1 1BH",
          "addr:street": "New Bond Street Place",
          "amenity": "pub",
          "building": "pub",
          "check_date:opening_hours": "2024-03-30",
          "facebook": "https://www.facebook.com/TheVolunteerRiflemansArms",
          "fhrs:id": "205134",
          "name": "The Volunteer Rifleman's Arms",
          "opening_hours": "Mo-Su 12:00-16:00",
          "wheelchair": "no",
          "wikidata": "Q99591857"
        }
      }
    },
    {
      "type": "Feature",
      "geometry": {
        "type": "Point",
        "coordinates": [
          -2.3608177384615385,
          51.38160832307694
        ]
      },
      "properties": {
        "name": "The West Gate",
        "osm_type": "way",
        "osm_id": 122523617,
        "address": "38 Westgate Street, BA1 1EL",
        "house_name": "",
        "house_number": "38",
        "street": "Westgate Street",
        "suburb": "",
        "city": "",
        "postcode": "BA1 1EL",
        "country": "",
        "operator": "",
        "brewery": "",
        "website": "https://www.greeneking-pubs.co.uk/pubs/somerset/west-gate/",
        "phone": "",
        "opening_hours": "",
        "cuisine": "",
        "food": "",
        "drink": "",
        "outdoor_seating": "",
        "indoor_seating": "",
        "internet_access": "",
        "real_ale": "",
        "real_cider": "",
        "live_music": "",
        "dog": "",
        "wheelchair": "yes",
        "toilets": "",
        "smoking": "",
        "wikidata": "Q99591863",
        "wikipedia": "",
        "fetched_at_utc": "2026-10-07T11:42:39+00:00",
        "source_endpoint": "osm-extract",
        "tags": {
          "addr:housenumber": "38",
          "addr:postcode": "BA1 1EL",
          "addr:street": "Westgate Street",
          "amenity": "pub",
          "brand": "Greene King",
          "brand:wikidata": "Q5564162",
          "building": "pub",
          "fhrs:id": "205458",
          "name": "The West Gate",
          "toilets:wheelchair": "yes",
          "twitter": "@thewestgatepub",
          "website": "https://www.greeneking-pubs.co.uk/pubs/somerset/west-gate/",
          "wheelchair": "yes",
          "wikidata": "Q99591863"
        }
      }
    },
    {
      "type": "Feature",
      "geometry": {
        "type": "Point",
        "coordinates": [
          -2.3891981,
          51.37732970833333
        ]
      },
      "properties": {
        "name": "The White Horse",
        "osm_type": "way",
        "osm_id": 47200513,
        "address": "42 Shophouse Road, BA2 1EF",
        "house_name": "",
        "house_number": "42",
        "street": "Shophouse Road",
        "suburb": "",
        "city": "",
        "postcode": "BA2 1EF",
        "country": "",
        "operator": "",
        "brewery": "",
        "website": "https://www.whitehorsetwerton.co.uk/",
        "phone": "",
        "opening_hours": "",
        "cuisine": "",
        "food": "",
        "drink": "",
        "outdoor_seating": "",
        "indoor_seating": "",
        "internet_access": "",
        "real_ale": "",
        "real_cider": "",
        "live_music": "",
        "dog": "",
        "wheelchair": "limited",
        "toilets": "",
        "smoking": "",
        "wikidata": "Q99591864",
        "wikipedia": "",
        "fetched_at_utc": "2026-10-07T11:42:39+00:00",
        "source_endpoint": "osm-extract",
        "tags": {
          "addr:housenumber": "42",
          "addr:postcode": "BA2 1EF",
          "addr:street": "Shophouse Road",
          "amenity": "pub",
          "fhrs:id": "1693801",
          "name": "The White Horse",
          "website": "https://www.whitehorsetwerton.co.uk/",
          "wheelchair": "limited",
          "wikidata": "Q99591864"
        }
      }
    },
    {
      "type": "Feature",
      "geometry": {
        "type": "Point",
        "coordinates": [
          -2.38607365,
          51.370925716666676
        ]
      },
      "properties": {
        "name": "Trowbridge House",
        "osm_type": "way",
        "osm_id": 164652693,
        "address": "128 Coronation Avenue, BA2 2JP",
        "house_name": "",
        "house_number": "128",
        "street": "Coronation Avenue",
        "suburb": "",
        "city": "",
        "postcode": "BA2 2JP",
        "country": "",
        "operator": "",
        "brewery": "",
        "website": "",
        "phone": "",
        "opening_hours": "Su-Th 12:00-23:00; Fr,Sa 12:00-24:00",
        "cuisine": "",
        "food": "",
        "drink": "",
        "outdoor_seating": "",
        "indoor_seating": "",
        "internet_access": "",
        "real_ale": "",
        "real_cider": "",
        "live_music": "",
        "dog": "",
        "wheelchair": "",
        "toilets": "",
        "smoking": "",
        "wikidata": "Q99593196",
        "wikipedia": "",
        "fetched_at_utc": "2026-10-07T11:42:39+00:00",
        "source_endpoint": "osm-extract",
        "tags": {
          "addr:housenumber": "128",
          "addr:postcode": "BA2 2JP",
          "addr:street": "Coronation Avenue",
          "amenity": "pub",
          "disused:fhrs:id": "205708",
          "facebook": "https://www.facebook.com/Trowbridge1929",
          "name": "Trowbridge House",
          "opening_hours": "Su-Th 12:00-23:00; Fr,Sa 12:00-24:00",
          "wikidata": "Q99593196"
        }
      }
    },
    {
      "type": "Feature",
      "geometry": {
        "type": "Point",
        "coordinates": [
          -2.374599085714286,
          51.381399314285716
        ]
      },
      "properties": {
        "name": "Twerton Liberal Club",
        "osm_type": "way",
        "osm_id": 127791460,
        "address": "5 Victoria Buildings, BA2 3EH",
        "house_name": "",
        "house_number": "5",
        "street": "Victoria Buildings",
        "suburb": "",
        "city": "",
        "postcode": "BA2 3EH",
        "country": "",
        "operator": "",
        "brewery": "",
        "website": "",
        "phone": "",
        "opening_hours": "",
        "cuisine": "",
        "food": "",
        "drink": "",
        "outdoor_seating": "",
        "indoor_seating": "",
        "internet_access": "",
        "real_ale": "",
        "real_cider": "",
        "live_music": "",
        "dog": "",
        "wheelchair": "",
        "toilets": "",
        "smoking": "",
        "wikidata": "",
        "wikipedia": "",
        "fetched_at_utc": "2026-10-07T11:42:39+00:00",
        "source_endpoint": "osm-extract",
        "tags": {
          "addr:housenumber": "5",
          "addr:postcode": "BA2 3EH",
          "addr:street": "Victoria Buildings",
          "amenity": "pub",
          "building": "yes",
          "check_date:opening_hours": "2024-02-26",
          "fhrs:id": "205078",
          "membership": "private",
          "name": "Twerton Liberal Club",
          "opening_hours:signed": "no",
          "source:geometry": "Bing"
        }
      }
    },
    {
      "type": "Feature",
      "geometry": {
        "type": "Point",
        "coordinates": [
          -2.3780337571428576,
          51.38538005714286
        ]
      },
      "properties": {
        "name": "Victoria Pub and Kitchen",
        "osm_type": "way",
        "osm_id": 49380463,
        "address": "BA1 3AT",
        "house_name": "",
        "house_number": "",
        "street": "",
        "suburb": "",
        "city": "",
        "postcode": "BA1 3AT",
        "country": "",
        "operator": "",
        "brewery": "",
        "website": "https://www.victoriabath.co.uk/",
        "phone": "",
        "opening_hours": "",
        "cuisine": "",
        "food": "",
        "drink": "",
        "outdoor_seating": "",
        "indoor_seating": "",
        "internet_access": "",
        "real_ale": "",
        "real_cider": "",
        "live_music": "",
        "dog": "",
        "wheelchair": "limited",
        "toilets": "",
        "smoking": "",
        "wikidata": "Q99591745",
        "wikipedia": "",
        "fetched_at_utc": "2026-10-07T11:42:39+00:00",
        "source_endpoint": "osm-extract",
        "tags": {
          "addr:postcode": "BA1 3AT",
          "amenity": "pub",
          "fhrs:id": "520708",
          "name": "Victoria Pub and Kitchen",
          "toilets:wheelchair": "no",
          "website": "https://www.victoriabath.co.uk/",
          "wheelchair": "limited",
          "wikidata": "Q99591745"
        }
      }
    }
  ]
}