{
  "type": "FeatureCollection",
  "features": [
    {
      "type": "Feature",
      "geometry": {
        "type": "Point",
        "coordinates": [
          -3.198650173076923,
          55.95289330769231
        ]
      },
      "properties": {
        "id": "osm:way:88210696",
        "source": "osm",
        "title": "Assembly Rooms",
        "address": "54 George Street, Edinburgh, EH2 2LR",
        "description": "",
        "categories": [
          "historical",
          "cultural",
          "architecture",
          "art"
        ],
        "primary_category": "historical",
        "interest_score": 100,
        "website": "",
        "wikipedia": "en:Assembly Rooms (Edinburgh)",
        "wikidata": "Q4808669",
        "source_url": "https://www.openstreetmap.org/way/88210696",
        "fetched_at_utc": "2026-10-07T11:41:56+00:00",
        "query_key": "performance_and_literary",
        "tags": {
          "addr:city": "Edinburgh",
          "addr:housenumber": "54",
          "addr:postcode": "EH2 2LR",
          "addr:street": "George Street",
          "amenity": "theatre",
          "building": "yes",
          "building:levels": "3",
          "building:material": "stone",
          "fhrs:id": "68787",
          "heritage": "yes",
          "name": "Assembly Rooms",
          "source": "Bing;NLS_OS_Edinburgh_map_1940s;NLS_OS_Edinburgh_map_1893;survey",
          "wikidata": "Q4808669",
          "wikipedia": "en:Assembly Rooms (Edinburgh)"
        },
        "sitelinks": 3
      }
    },
    {
      "type": "Feature",
      "geometry": {
        "type": "Point",
        "coordinates": [
          -3.1744853863636364,
          55.95056657727273
        ]
      },
      "properties": {
        "id": "osm:way:25946269",
        "source": "osm",
        "title": "Dynamic Earth",
        "address": "",
        "description": "",
        "categories": [
          "museum",
          "historical",
          "cultural",
          "architecture"
        ],
        "primary_category": "museum",
        "interest_score": 100,
        "website": "https://www.dynamicearth.org.uk/",
        "wikipedia": "en:Dynamic Earth (Edinburgh)",
        "wikidata": "Q3358350",
        "source_url": "https://www.openstreetmap.org/way/25946269",
        "fetched_at_utc": "2026-10-07T11:41:56+00:00",
        "query_key": "museums",
        "tags": {
          "alt_name": "Our Dynamic Earth",
          "alt_name:es": "Centro_Futurista_Our_Dymanic",
          "building": "yes",
          "fee": "yes",
          "internet_access": "wlan",
          "internet_access:fee": "no",
          "layer": "2",
          "name": "Dynamic Earth",
          "toilets": "yes",
          "tourism": "museum",
          "website": "https://www.dynamicearth.org.uk/",
          "wheelchair": "yes",
          "wikidata": "Q3358350",
          "wikipedia": "en:Dynamic Earth (Edinburgh)"
        },
        "sitelinks": 5
      }
    },
    {
      "type": "Feature",
      "geometry": {
        "type": "Point",
        "coordinates": [
          -3.1774192454545456,
          55.98208899772726
        ]
      },
      "properties": {
        "id": "osm:way:99889822",
        "source": "osm",
        "title": "HMY Britannia",
        "address": "100 Ocean Drive, Edinburgh, EH6 6JJ",
        "description": "",
        "categories": [
          "museum",
          "historical",
          "cultural"
        ],
        "primary_category": "museum",
        "interest_score": 100,
        "website": "https://www.royalyachtbritannia.co.uk/",
        "wikipedia": "en:HMY Britannia",
        "wikidata": "Q1529544",
        "source_url": "https://www.openstreetmap.org/way/99889822",
        "fetched_at_utc": "2026-10-07T11:41:56+00:00",
        "query_key": "museums",
        "tags": {
          "addr:city": "Edinburgh",
          "addr:housenumber": "100",
          "addr:postcode": "EH6 6JJ",
          "addr:street": "Ocean Drive",
          "alt_name": "Royal Yacht Britannia",
          "building": "boat",
          "check_date": "2022-10-16",
          "check_date:opening_hours": "2023-09-01",
          "fee": "yes",
          "fhrs:id": "662972",
          "historic": "ship",
          "name": "HMY Britannia",
          "name:cs": "HMY Britannia",
          "name:cy": "HMY Britannia",
          "name:de": "Britannia",
          "name:en": "HMY Britannia",
          "name:es": "HMY Britannia",
          "name:et": "Britannia",
          "name:eu": "HMY Britannia",
          "name:fa": "اچ‌ام‌وای بریتانیا",
          "name:fi": "HMY Britannia",
          "name:fr": "Britannia",
          "name:he": "היאכטה המלכותית בריטניה",
          "name:it": "HMY Britannia",
          "name:nl": "HMY Britannia",
          "name:no": "HMY «Britannia»",
          "name:pl": "HMY Britannia",
          "name:pt": "HMY Britannia",
          "name:sco": "HMY Britannia",
          "name:sv": "HMY Britannia",
          "name:zh": "不列顛尼亞號",
          "official_name": "Her Majesty's Yacht Britannia",
          "opening_hours": "Nov-Dec,Jan-Mar 10:00-17:00; Apr-Aug 09:30-18:00; Sep 10:00-18:00; Oct 10:00-17:30",
          "ship:type": "yacht",
          "start_date": "1953",
          "toilets:wheelchair": "yes",
          "tourism": "museum",
          "website": "https://www.royalyachtbritannia.co.uk/",
          "wheelchair": "yes",
          "wikidata": "Q1529544",
          "wikipedia": "en:HMY Britannia"
        },
        "sitelinks": 22
      }
    },
    {
      "type": "Feature",
      "geometry": {
        "type": "Point",
        "coordinates": [
          -3.1855073,
          55.9503299
        ]
      },
      "properties": {
        "id": "osm:node:2955931322",
        "source": "osm",
        "title": "Museum of Childhood",
        "address": "42 High Street, Edinburgh, EH1 1TG",
        "description": "",
        "categories": [
          "museum",
          "historical",
          "cultural"
        ],
        "primary_category": "museum",
        "interest_score": 100,
        "website": "https://www.edinburghmuseums.org.uk/venue/museum-childhood",
        "wikipedia": "en:Museum of Childhood (Edinburgh)",
        "wikidata": "Q15122172",
        "source_url": "https://www.openstreetmap.org/node/2955931322",
        "fetched_at_utc": "2026-10-07T11:41:56+00:00",
        "query_key": "museums",
        "tags": {
          "addr:city": "Edinburgh",
          "addr:housenumber": "42",
          "addr:postcode": "EH1 1TG",
          "addr:street": "High Street",
          "alt_name:es": "Museo_Childhood",
          "check_date": "2026-09-20",
          "check_date:opening_hours": "2025-10-25",
          "email": "museumsandgalleries@edinburgh.gov.uk",
          "fee": "no",
          "name": "Museum of Childhood",
          "name:ko": "어린이 박물관",
          "opening_hours": "Mo-Su 10:00-17:00",
          "phone": "+44 131 529 4142",
          "source": "survey",
          "toilets": "yes",
          "toilets:handwashing": "yes",
          "tourism": "museum",
          "website": "https://www.edinburghmuseums.org.uk/venue/museum-childhood",
          "wheelchair": "yes",
          "wikidata": "Q15122172",
          "wikipedia": "en:Museum of Childhood (Edinburgh)"
        },
        "sitelinks": 4
      }
    },
    {
      "type": "Feature",
      "geometry": {
        "type": "Point",
        "coordinates": [
          -3.179385769090908,
          55.95120250363637
        ]
      },
      "properties": {
        "id": "osm:way:259067386",
        "source": "osm",
        "title": "Museum of Edinburgh",
        "address": "142-146 Canongate, Edinburgh",
        "description": "",
        "categories": [
          "museum",
          "historical",
          "cultural",
          "architecture"
        ],
        "primary_category": "museum",
        "interest_score": 100,
        "website": "https://www.edinburghmuseums.org.uk/venue/museum-edinburgh",
        "wikipedia": "",
        "wikidata": "Q11838982",
        "source_url": "https://www.openstreetmap.org/way/259067386",
        "fetched_at_utc": "2026-10-07T11:41:56+00:00",
        "query_key": "museums",
        "tags": {
          "addr:city": "Edinburgh",
          "addr:housename": "Huntly House",
          "addr:housenumber": "142-146",
          "addr:street": "Canongate",
          "building": "yes",
          "check_date": "2024-08-07",
          "email": "museumsandgalleries@edinburgh.gov.uk",
          "name": "Museum of Edinburgh",
          "opening_hours": "Mo-Sa 10:00-17:00; Aug: Su 12:00-17:00",
          "operator": "City of Edinburgh Council",
          "phone": "+44 131 529 4143",
          "source": "Bing;survey",
          "tourism": "museum",
          "website": "https://www.edinburghmuseums.org.uk/venue/museum-edinburgh",
          "wikidata": "Q11838982"
        },
        "sitelinks": 5
      }
    },
    {
      "type": "Feature",
      "geometry": {
        "type": "Point",
        "coordinates": [
          -3.1932476,
          55.950188
        ]
      },
      "properties": {
        "id": "osm:node:4618730716",
        "source": "osm",
        "title": "Museum on the Mound",
        "address": "The Mound, Edinburgh, EH1 1YZ",
        "description": "",
        "categories": [
          "museum",
          "historical",
          "cultural"
        ],
        "primary_category": "museum",
        "interest_score": 100,
        "website": "https://www.museumonthemound.com/",
        "wikipedia": "en:Museum on the Mound",
        "wikidata": "Q6941127",
        "source_url": "https://www.openstreetmap.org/node/4618730716",
        "fetched_at_utc": "2026-10-07T11:41:56+00:00",
        "query_key": "museums",
        "tags": {
          "addr:city": "Edinburgh",
          "addr:postcode": "EH1 1YZ",
          "addr:street": "The Mound",
          "check_date": "2025-12-29",
          "check_date:opening_hours": "2024-01-11",
          "fee": "no",
          "name": "Museum on the Mound",
          "opening_hours": "Mo,Su off; Tu-Fr 10:00-17:00; Sa,PH 13:00-17:00",
          "phone": "+44 131 243 5464",
          "source": "survey",
          "tourism": "museum",
          "website": "https://www.museumonthemound.com/",
          "wheelchair": "yes",
          "wikidata": "Q6941127",
          "wikipedia": "en:Museum on the Mound"
        },
        "sitelinks": 4
      }
    },
    {
      "type": "Feature",
      "geometry": {
        "type": "Point",
        "coordinates": [
          -3.18967492682927,
          55.94691255772357
        ]
      },
      "properties": {
        "id": "osm:way:467226683",
        "source": "osm",
        "title": "National Museum of Scotland",
        "address": "Chambers Street, Edinburgh, EH1 1JF",
        "description": "",
        "categories": [
          "museum",
          "historical",
          "cultural"
        ],
        "primary_category": "museum",
        "interest_score": 100,
        "website": "https://www.nms.ac.uk/national-museum-of-scotland",
        "wikipedia": "en:National Museum of Scotland",
        "wikidata": "Q1633842",
        "source_url": "https://www.openstreetmap.org/way/467226683",
        "fetched_at_utc": "2026-10-07T11:41:56+00:00",
        "query_key": "museums",
        "tags": {
          "addr:city": "Edinburgh",
          "addr:postcode": "EH1 1JF",
          "addr:street": "Chambers Street",
          "building": "museum",
          "changing_table": "yes",
          "check_date": "2025-12-09",
          "check_date:opening_hours": "2025-12-09",
          "contact:phone": "+44300 123 6789",
          "fee": "no",
          "fhrs:id": "72604",
          "internet_access": "wlan",
          "internet_access:fee": "no",
          "name": "National Museum of Scotland",
          "name:es": "Museo Nacional de Escocia",
          "name:gd": "Taigh-tasgaidh Nàiseanta na h-Alba",
          "name:ko": "스코틀랜드 국립박물관",
          "name:sco": "Naitional Museum o Scotland",
          "name:zh": "苏格兰国家博物馆",
          "old_name": "Royal Musuem of Scotland",
          "opening_hours": "Mo-Su 10:00-17:00; Jan 01 12:00-17:00; Dec 25 off; Dec 26 12:00-17:00",
          "payment:cash": "yes",
          "payment:credit_cards": "yes",
          "payment:debit_cards": "yes",
          "source": "survey",
          "toilets": "yes",
          "toilets:wheelchair": "yes",
          "tourism": "museum",
          "website": "https://www.nms.ac.uk/national-museum-of-scotland",
          "wheelchair": "yes",
          "wikidata": "Q1633842",
          "wikipedia": "en:National Museum of Scotland"
        },
        "sitelinks": 32
      }
    },
    {
      "type": "Feature",
      "geometry": {
        "type": "Point",
        "coordinates": [
          -3.2017410777777777,
          55.94875054444445
        ]
      },
      "properties": {
        "id": "osm:way:41299975",
        "source": "osm",
        "title": "National War Museum",
        "address": "",
        "description": "",
        "categories": [
          "museum",
          "historical",
          "cultural",
          "architecture"
        ],
        "primary_category": "museum",
        "interest_score": 100,
        "website": "https://www.nms.ac.uk/national-war-museum/",
        "wikipedia": "en:National War Museum",
        "wikidata": "Q6979345",
        "source_url": "https://www.openstreetmap.org/way/41299975",
        "fetched_at_utc": "2026-10-07T11:41:56+00:00",
        "query_key": "museums",
        "tags": {
          "building": "yes",
          "check_date": "2026-01-03",
          "check_date:opening_hours": "2026-01-03",
          "fee": "no",
          "name": "National War Museum",
          "name:gd": "Taigh-tasgaidh Nàiseanta a' Chogaidh",
          "name:it": "National War Museum of Scotland",
          "name:pt": "Museu Nacional da Guerra",
          "opening_hours": "Apr-Sep: Mo-Su 09:45-17:45; Oct-Mar: Mo-Su 09:45-16:45",
          "operator": "National Museums Scotland",
          "source": "Bing",
          "tourism": "museum",
          "website": "https://www.nms.ac.uk/national-war-museum/",
          "wikidata": "Q6979345",
          "wikipedia": "en:National War Museum"
        },
        "sitelinks": 3
      }
    },
    {
      "type": "Feature",
      "geometry": {
        "type": "Point",
        "coordinates": [
          -3.1825788823529413,
          55.95435598823529
        ]
      },
      "properties": {
        "id": "osm:way:465938528",
        "source": "osm",
        "title": "Nelson Monument",
        "address": "",
        "description": "",
        "categories": [
          "historical",
          "architecture",
          "memorial",
          "landmark"
        ],
        "primary_category": "historical",
        "interest_score": 100,
        "website": "https://cultureedinburgh.com/our-venues/nelson-monument",
        "wikipedia": "en:Nelson Monument, Edinburgh",
        "wikidata": "Q11838983",
        "source_url": "https://www.openstreetmap.org/way/465938528",
        "fetched_at_utc": "2026-10-07T11:41:56+00:00",
        "query_key": "attractions_and_viewpoints",
        "tags": {
          "alt_name": "Time Ball",
          "alt_name:es": "Bola del Tiempo",
          "building": "yes",
          "building:levels": "6",
          "building:material": "stone",
          "building:min_level": "5",
          "height": "32",
          "heritage": "yes",
          "historic": "monument",
          "memorial:conflict": "Napoleonic_Wars",
          "monument": "tower",
          "name": "Nelson Monument",
          "name:es": "Monumento a Nelson",
          "opening_hours": "10:00-15:30",
          "ref:canmore": "52378",
          "ref:iwm": "44667",
          "seamark:building:function": "time_ball",
          "source": "Bing;NLS_OS_Edinburgh_map_1940s;survey",
          "start_date": "1816",
          "tourism": "attraction",
          "website": "https://cultureedinburgh.com/our-venues/nelson-monument",
          "wheelchair": "no",
          "wikidata": "Q11838983",
          "wikipedia": "en:Nelson Monument, Edinburgh"
        },
        "sitelinks": 6
      }
    },
    {
      "type": "Feature",
      "geometry": {
        "type": "Point",
        "coordinates": [
          -3.1864652550000003,
          55.94901805999999
        ]
      },
      "properties": {
        "id": "osm:way:42261848",
        "source": "osm",
        "title": "St Cecilia's Hall",
        "address": "",
        "description": "",
        "categories": [
          "museum",
          "historical",
          "cultural",
          "architecture",
          "art"
        ],
        "primary_category": "museum",
        "interest_score": 100,
        "website": "https://www.stcecilias.ed.ac.uk/",
        "wikipedia": "en:St Cecilia's Hall",
        "wikidata": "Q7592777",
        "source_url": "https://www.openstreetmap.org/way/42261848",
        "fetched_at_utc": "2026-10-07T11:41:56+00:00",
        "query_key": "museums",
        "tags": {
          "amenity": "theatre",
          "building": "yes",
          "heritage": "yes",
          "name": "St Cecilia's Hall",
          "note": "Both a theatre and a museum",
          "operator": "University of Edinburgh",
          "source": "NLS_OS_Edinburgh_map_1940;Bing;survey",
          "tourism": "museum",
          "website": "https://www.stcecilias.ed.ac.uk/",
          "wikidata": "Q7592777",
          "wikipedia": "en:St Cecilia's Hall"
        },
        "sitelinks": 2
      }
    },
    {
      "type": "Feature",
      "geometry": {
        "type": "Point",
        "coordinates": [
          -3.2162627186507926,
          55.94859116071425
        ]
      },
      "properties": {
        "id": "osm:way:225470834",
        "source": "osm",
        "title": "St Mary's Episcopal Cathedral",
        "address": "23 Palmerston Place, Edinburgh",
        "description": "",
        "categories": [
          "historical",
          "architecture",
          "religious",
          "landmark"
        ],
        "primary_category": "historical",
        "interest_score": 100,
        "website": "https://www.cathedral.net/",
        "wikipedia": "en:St Mary's Cathedral, Edinburgh (Episcopal)",
        "wikidata": "Q2324015",
        "source_url": "https://www.openstreetmap.org/way/225470834",
        "fetched_at_utc": "2026-10-07T11:41:56+00:00",
        "query_key": "attractions_and_viewpoints",
        "tags": {
          "addr:city": "Edinburgh",
          "addr:housenumber": "23",
          "addr:street": "Palmerston Place",
          "alt_name": "Cathedral Church of Saint Mary the Virgin",
          "alt_name:es": "Catedral St. Mary",
          "amenity": "place_of_worship",
          "building": "cathedral",
          "check_date": "2025-04-23",
          "denomination": "episcopal",
          "heritage": "yes",
          "name": "St Mary's Episcopal Cathedral",
          "phone": "+44 131 225 6293",
          "religion": "christian",
          "source": "NLS_OS_Edinburgh_map_1940s;Bing;survey",
          "tourism": "attraction",
          "website": "https://www.cathedral.net/",
          "wheelchair": "yes",
          "wikidata": "Q2324015",
          "wikipedia": "en:St Mary's Cathedral, Edinburgh (Episcopal)"
        },
        "sitelinks": 14
      }
    },
    {
      "type": "Feature",
      "geometry": {
        "type": "Point",
        "coordinates": [
          -3.1877715,
          55.9470669
        ]
      },
      "properties": {
        "id": "osm:node:291214494",
        "source": "osm",
        "title": "Talbot Rice Gallery",
        "address": "South Bridge",
        "description": "",
        "categories": [
          "museum",
          "historical",
          "cultural"
        ],
        "primary_category": "museum",
        "interest_score": 100,
        "website": "https://www.trg.ed.ac.uk/",
        "wikipedia": "en:Talbot Rice Gallery",
        "wikidata": "Q7679039",
        "source_url": "https://www.openstreetmap.org/node/291214494",
        "fetched_at_utc": "2026-10-07T11:41:56+00:00",
        "query_key": "museums",
        "tags": {
          "addr:street": "South Bridge",
          "check_date": "2024-08-05",
          "check_date:opening_hours": "2024-01-11",
          "fee": "no",
          "name": "Talbot Rice Gallery",
          "opening_hours": "Tu-Sa 10:00-17:00",
          "phone": "+44 131 650 2210",
          "source": "survey",
          "tourism": "museum",
          "website": "https://www.trg.ed.ac.uk/",
          "wheelchair": "yes",
          "wikidata": "Q7679039",
          "wikipedia": "en:Talbot Rice Gallery"
        },
        "sitelinks": 3
      }
    },
    {
      "type": "Feature",
      "geometry": {
        "type": "Point",
        "coordinates": [
          -3.1739386320000005,
          55.952583916
        ]
      },
      "properties": {
        "id": "osm:way:41893740",
        "source": "osm",
        "title": "The King's Gallery",
        "address": "",
        "description": "",
        "categories": [
          "museum",
          "historical",
          "cultural"
        ],
        "primary_category": "museum",
        "interest_score": 100,
        "website": "",
        "wikipedia": "en:King's Gallery, Edinburgh",
        "wikidata": "Q7269994",
        "source_url": "https://www.openstreetmap.org/way/41893740",
        "fetched_at_utc": "2026-10-07T11:41:56+00:00",
        "query_key": "museums",
        "tags": {
          "building": "public",
          "check_date": "2024-03-30",
          "fee": "yes",
          "name": "The King's Gallery",
          "tourism": "museum",
          "wikidata": "Q7269994",
          "wikipedia": "en:King's Gallery, Edinburgh"
        },
        "sitelinks": 4
      }
    },
    {
      "type": "Feature",
      "geometry": {
        "type": "Point",
        "coordinates": [
          -3.1799572800000004,
          55.951473146666665
        ]
      },
      "properties": {
        "id": "osm:way:70954995",
        "source": "osm",
        "title": "The People's Story Museum",
        "address": "163 Canongate, Edinburgh, EH8 8BN",
        "description": "",
        "categories": [
          "museum",
          "historical",
          "cultural",
          "architecture"
        ],
        "primary_category": "museum",
        "interest_score": 100,
        "website": "https://www.edinburghmuseums.org.uk/Venues/The-People-s-Story",
        "wikipedia": "en:The People's Story Museum",
        "wikidata": "Q4306389",
        "source_url": "https://www.openstreetmap.org/way/70954995",
        "fetched_at_utc": "2026-10-07T11:41:56+00:00",
        "query_key": "museums",
        "tags": {
          "addr:city": "Edinburgh",
          "addr:housename": "Canongate Tolbooth",
          "addr:housenumber": "163",
          "addr:postcode": "EH8 8BN",
          "addr:street": "Canongate",
          "building": "yes",
          "check_date": "2026-09-20",
          "contact:facebook": "https://www.facebook.com/The-Peoples-Story-Museum-386895958024216/",
          "email": "museumsandgalleries@edinburgh.gov.uk",
          "fee": "no",
          "name": "The People's Story Museum",
          "opening_hours": "Mo-Sa 10:00-17:00",
          "phone": "+44 131 529 4057",
          "ref:canmore": "52527",
          "source": "Bing;survey",
          "tourism": "museum",
          "website": "https://www.edinburghmuseums.org.uk/Venues/The-People-s-Story",
          "wikidata": "Q4306389",
          "wikipedia": "en:The People's Story Museum"
        },
        "sitelinks": 3
      }
    },
    {
      "type": "Feature",
      "geometry": {
        "type": "Point",
        "coordinates": [
          -3.2008805,
          55.9480854
        ]
      },
      "properties": {
        "id": "osm:node:6715804556",
        "source": "osm",
        "title": "The Royal Scots Dragoon Guards Museum",
        "address": "",
        "description": "",
        "categories": [
          "museum",
          "historical",
          "cultural"
        ],
        "primary_category": "museum",
        "interest_score": 100,
        "website": "https://www.scotsdgmuseum.com/",
        "wikipedia": "en:Royal Scots Dragoon Guards Museum",
        "wikidata": "Q47486844",
        "source_url": "https://www.openstreetmap.org/node/6715804556",
        "fetched_at_utc": "2026-10-07T11:41:56+00:00",
        "query_key": "museums",
        "tags": {
          "fee": "no",
          "museum": "military",
          "name": "The Royal Scots Dragoon Guards Museum",
          "tourism": "museum",
          "website": "https://www.scotsdgmuseum.com/",
          "wikidata": "Q47486844",
          "wikipedia": "en:Royal Scots Dragoon Guards Museum"
        },
        "sitelinks": 1
      }
    },
    {
      "type": "Feature",
      "geometry": {
        "type": "Point",
        "coordinates": [
          -3.2003815375,
          55.94825255
        ]
      },
      "properties": {
        "id": "osm:way:446654897",
        "source": "osm",
        "title": "The Royal Scots Regimental Museum",
        "address": "",
        "description": "",
        "categories": [
          "museum",
          "historical",
          "cultural",
          "architecture"
        ],
        "primary_category": "museum",
        "interest_score": 100,
        "website": "https://www.theroyalscots.co.uk/museum/",
        "wikipedia": "en:The Museum of the Royal Scots (The Royal Regiment) and the Royal Regiment of Scotland",
        "wikidata": "Q50810299",
        "source_url": "https://www.openstreetmap.org/way/446654897",
        "fetched_at_utc": "2026-10-07T11:41:56+00:00",
        "query_key": "museums",
        "tags": {
          "building": "yes",
          "fee": "no",
          "museum": "military",
          "name": "The Royal Scots Regimental Museum",
          "official_name": "The Museum of the Royal Scots (The Royal Regiment) and the Royal Regiment of Scotland",
          "source": "NLS_OS_Edinburgh_map_1940s;Bing;survey",
          "tourism": "museum",
          "website": "https://www.theroyalscots.co.uk/museum/",
          "wikidata": "Q50810299",
          "wikipedia": "en:The Museum of the Royal Scots (The Royal Regiment) and the Royal Regiment of Scotland"
        },
        "sitelinks": 1
      }
    },
    {
      "type": "Feature",
      "geometry": {
        "type": "Point",
        "coordinates": [
          -3.185565235,
          55.95097234
        ]
      },
      "properties": {
        "id": "osm:way:70955023",
        "source": "osm",
        "title": "Trinity Apse",
        "address": "",
        "description": "",
        "categories": [
          "museum",
          "historical",
          "cultural",
          "architecture"
        ],
        "primary_category": "museum",
        "interest_score": 100,
        "website": "",
        "wikipedia": "en:Trinity College Kirk",
        "wikidata": "Q7842704",
        "source_url": "https://www.openstreetmap.org/way/70955023",
        "fetched_at_utc": "2026-10-07T11:41:56+00:00",
        "query_key": "museums",
        "tags": {
          "building": "yes",
          "name": "Trinity Apse",
          "opening_hours": "\"on appointment\"",
          "source": "Bing",
          "tourism": "museum",
          "wikidata": "Q7842704",
          "wikipedia": "en:Trinity College Kirk"
        },
        "sitelinks": 3
      }
    },
    {
      "type": "Feature",
      "geometry": {
        "type": "Point",
        "coordinates": [
          -3.171334870833334,
          55.97219351249999
        ]
      },
      "properties": {
        "id": "osm:way:90710096",
        "source": "osm",
        "title": "Trinity House",
        "address": "99 Kirkgate, Edinburgh, EH6 6BJ",
        "description": "",
        "categories": [
          "museum",
          "historical",
          "cultural",
          "architecture"
        ],
        "primary_category": "museum",
        "interest_score": 100,
        "website": "https://www.historicenvironment.scot/visit-a-place/places/trinity-house/",
        "wikipedia": "en:Trinity House of Leith",
        "wikidata": "Q7842854",
        "source_url": "https://www.openstreetmap.org/way/90710096",
        "fetched_at_utc": "2026-10-07T11:41:56+00:00",
        "query_key": "museums",
        "tags": {
          "addr:city": "Edinburgh",
          "addr:housenumber": "99",
          "addr:postcode": "EH6 6BJ",
          "addr:street": "Kirkgate",
          "building": "yes",
          "museum": "maritime",
          "name": "Trinity House",
          "operator": "Historic Environment Scotland",
          "operator:type": "public",
          "phone": "+44 131 554 3289",
          "seasonal": "yes",
          "source": "survey",
          "start_date": "1818",
          "tourism": "museum",
          "website": "https://www.historicenvironment.scot/visit-a-place/places/trinity-house/",
          "wikidata": "Q7842854",
          "wikipedia": "en:Trinity House of Leith"
        },
        "sitelinks": 4
      }
    },
    {
      "type": "Feature",
      "geometry": {
        "type": "Point",
        "coordinates": [
          -3.1937416,
          55.9496906
        ]
      },
      "properties": {
        "id": "osm:node:4618730690",
        "source": "osm",
        "title": "Writers' Museum",
        "address": "Lady Stair's Close, Edinburgh, EH1 2PA",
        "description": "",
        "categories": [
          "museum",
          "historical",
          "cultural"
        ],
        "primary_category": "museum",
        "interest_score": 100,
        "website": "https://www.edinburghmuseums.org.uk/venue/writers-museum",
        "wikipedia": "en:Writers' Museum",
        "wikidata": "Q8038444",
        "source_url": "https://www.openstreetmap.org/node/4618730690",
        "fetched_at_utc": "2026-10-07T11:41:56+00:00",
        "query_key": "museums",
        "tags": {
          "addr:city": "Edinburgh",
          "addr:postcode": "EH1 2PA",
          "addr:street": "Lady Stair's Close",
          "check_date:opening_hours": "2025-05-21",
          "fee": "no",
          "name": "Writers' Museum",
          "opening_hours": "Mo-Su 10:00-17:00",
          "source": "survey",
          "tourism": "museum",
          "website": "https://www.edinburghmuseums.org.uk/venue/writers-museum",
          "wheelchair": "no",
          "wikidata": "Q8038444",
          "wikipedia": "en:Writers' Museum"
        },
        "sitelinks": 6
      }
    },
    {
      "type": "Feature",
      "geometry": {
        "type": "Point",
        "coordinates": [
          -3.2005528410447774,
          55.94867713880596
        ]
      },
      "properties": {
        "id": "osm:way:4301292",
        "source": "osm",
        "title": "Edinburgh Castle",
        "address": "Castlehill, Edinburgh, EH1 2NG",
        "description": "",
        "categories": [
          "historical",
          "architecture",
          "landmark"
        ],
        "primary_category": "historical",
        "interest_score": 95,
        "website": "https://www.edinburghcastle.scot/",
        "wikipedia": "en:Edinburgh Castle",
        "wikidata": "Q212065",
        "source_url": "https://www.openstreetmap.org/way/4301292",
        "fetched_at_utc": "2026-10-07T11:41:56+00:00",
        "query_key": "attractions_and_viewpoints",
        "tags": {
          "addr:city": "Edinburgh",
          "addr:housename": "Edinburgh Castle",
          "addr:postcode": "EH1 2NG",
          "addr:street": "Castlehill",
          "castle_type": "fortress",
          "check_date:opening_hours": "2024-01-11",
          "fee": "yes",
          "fee:conditional": "no @ (age < 7)",
          "historic": "castle",
          "image": "https://commons.wikimedia.org/wiki/File%3AEdinburgh_Castle_from_the_south_east.JPG",
          "name": "Edinburgh Castle",
          "name:af": "Edinburg-kasteel",
          "name:ar": "قلعة إدنبرة",
          "name:az": "Edinburq qalası",
          "name:bg": "Единбургски замък",
          "name:br": "Kastell Dinedin",
          "name:ca": "Castell d'Edimburg",
          "name:ceb": "Edinburgh Castle",
          "name:cs": "Edinburský hrad",
          "name:cy": "Castell Caeredin",
          "name:da": "Edinburgh Castle",
          "name:de": "Edinburgh Castle",
          "name:es": "Castillo de Edimburgo",
          "name:et": "Edinburghi kindlus",
          "name:eu": "Edinburgheko gaztelua",
          "name:fa": "دژ ادینبورو",
          "name:fi": "Edinburghin linna",
          "name:fr": "Château d'Édimbourg",
          "name:ga": "Caisteal Dhún Éideann",
          "name:gd": "Caisteal Dhùn Èideann",
          "name:gl": "Castelo de Edimburgo",
          "name:he": "טירת אדינבורו",
          "name:hi": "एडिनबर्ग किला",
          "name:hr": "Edinburški dvorac",
          "name:hu": "Edinburgh-i vár",
          "name:hy": "Էդինբուրգյան դղյակ",
          "name:id": "Puri Edinburgh",
          "name:is": "Edinborgarkastali",
          "name:it": "Castello di Edimburgo",
          "name:ja": "エディンバラ城",
          "name:kk": "Эдинбург қамалы",
          "name:ko": "에든버러 성",
          "name:nl": "Edinburgh Castle",
          "name:no": "Edinburgh Castle",
          "name:pl": "Zamek w Edynburgu",
          "name:pt": "Castelo de Edimburgo",
          "name:ro": "Castelul Edinburgh",
          "name:ru": "Эдинбургский замок",
          "name:sco": "Edinburgh Castle",
          "name:sh": "Edinburški zamak",
          "name:sl": "Edinburški grad",
          "name:sr": "Единбуршки замак",
          "name:sv": "Edinburgh Castle",
          "name:sw": "Boma la Edinburgh",
          "name:tr": "Edinburgh Kalesi",
          "name:uk": "Единбурзький замок",
          "name:ur": "قلعہ ایڈنبرا",
          "name:vi": "Lâu đài Edinburgh",
          "name:zh": "爱丁堡城堡",
          "opening_hours": "Apr 01-Sep 30 09:30-18:00; Oct 01-Dec 23,Dec 27-31,Jan 02-Mar 31 09:30-17:00; Dec 24 09:30-16:00; Jan 01 11:00-17:00; Dec 25-26 off",
          "phone": "+44 131 225 9846",
          "source": "Bing",
          "toilets:wheelchair": "yes",
          "tourism": "attraction",
          "website": "https://www.edinburghcastle.scot/",
          "wheelchair": "limited",
          "wikidata": "Q212065",
          "wikipedia": "en:Edinburgh Castle"
        },
        "sitelinks": 57
      }
    },
    {
      "type": "Feature",
      "geometry": {
        "type": "Point",
        "coordinates": [
          -3.203388922580645,
          55.947958212903224
        ]
      },
      "properties": {
        "id": "osm:way:4260486",
        "source": "osm",
        "title": "Castle Terrace",
        "address": "",
        "description": "",
        "categories": [
          "historical",
          "architecture"
        ],
        "primary_category": "historical",
        "interest_score": 94,
        "website": "https://www.ncp.co.uk/find-a-car-park/car-parks/edinburgh-castle-terrace/",
        "wikipedia": "en:Castle Terrace Car Park",
        "wikidata": "Q72423963",
        "source_url": "https://www.openstreetmap.org/way/4260486",
        "fetched_at_utc": "2026-10-07T11:41:56+00:00",
        "query_key": "heritage_sites",
        "tags": {
          "access": "yes",
          "amenity": "parking",
          "building": "parking",
          "building:levels": "4",
          "capacity": "750",
          "capacity:disabled": "5",
          "fee": "yes",
          "heritage": "2",
          "heritage:operator": "hs",
          "heritage:website": "http://portal.historicenvironment.scot/designation/LB52510",
          "lit": "yes",
          "maxheight": "2",
          "name": "Castle Terrace",
          "opening_hours": "24/7",
          "operator": "National Car Parks",
          "operator:type": "private",
          "operator:wikidata": "Q6971273",
          "park_ride": "no",
          "parking": "multi-storey",
          "ref:GB:hs": "LB52510",
          "roof:levels": "0",
          "roof:shape": "flat",
          "website": "https://www.ncp.co.uk/find-a-car-park/car-parks/edinburgh-castle-terrace/",
          "wikidata": "Q72423963",
          "wikipedia": "en:Castle Terrace Car Park"
        },
        "sitelinks": 2
      }
    },
    {
      "type": "Feature",
      "geometry": {
        "type": "Point",
        "coordinates": [
          -3.1877404361111115,
          55.95609725277779
        ]
      },
      "properties": {
        "id": "osm:way:233934113",
        "source": "osm",
        "title": "St Mary's Metropolitan Cathedral (RC)",
        "address": "",
        "description": "",
        "categories": [
          "historical",
          "architecture",
          "religious"
        ],
        "primary_category": "historical",
        "interest_score": 94,
        "website": "",
        "wikipedia": "en:St Mary's Cathedral, Edinburgh (Catholic)",
        "wikidata": "Q519072",
        "source_url": "https://www.openstreetmap.org/way/233934113",
        "fetched_at_utc": "2026-10-07T11:41:56+00:00",
        "query_key": "heritage_sites",
        "tags": {
          "amenity": "place_of_worship",
          "building": "cathedral",
          "check_date": "2025-08-23",
          "denomination": "roman_catholic",
          "heritage": "2",
          "heritage:operator": "Historic Environment Scotland",
          "name": "St Mary's Metropolitan Cathedral (RC)",
          "ref:GB:hs": "LB27449",
          "religion": "christian",
          "source": "os_opendata_streetview",
          "wikidata": "Q519072",
          "wikipedia": "en:St Mary's Cathedral, Edinburgh (Catholic)"
        },
        "sitelinks": 14
      }
    },
    {
      "type": "Feature",
      "geometry": {
        "type": "Point",
        "coordinates": [
          -3.180240998,
          55.953651185999995
        ]
      },
      "properties": {
        "id": "osm:way:40009469",
        "source": "osm",
        "title": "Old Royal High School",
        "address": "",
        "description": "Neoclassical with two large chambers and many high ceilinged rooms. Wood pannelling throughout.",
        "categories": [
          "historical",
          "architecture"
        ],
        "primary_category": "historical",
        "interest_score": 93,
        "website": "",
        "wikipedia": "en:Old Royal High School",
        "wikidata": "Q861866",
        "source_url": "https://www.openstreetmap.org/way/40009469",
        "fetched_at_utc": "2026-10-07T11:41:56+00:00",
        "query_key": "heritage_sites",
        "tags": {
          "alt_name": "New Parliament House",
          "building": "school",
          "building:levels": "7",
          "description": "Neoclassical with two large chambers and many high ceilinged rooms. Wood pannelling throughout.",
          "heritage": "2",
          "heritage:operator": "Historic Environment Scotland",
          "name": "Old Royal High School",
          "ref:GB:hs": "LB27987",
          "roof:shape": "many",
          "source": "NLS_OS_Edinburgh_map_1940s;Bing",
          "wikidata": "Q861866",
          "wikipedia": "en:Old Royal High School"
        },
        "sitelinks": 3
      }
    },
    {
      "type": "Feature",
      "geometry": {
        "type": "Point",
        "coordinates": [
          -3.1932582738095237,
          55.95236048571429
        ]
      },
      "properties": {
        "id": "osm:way:39044819",
        "source": "osm",
        "title": "Scott Monument",
        "address": "East Princes Street Gardens, Edinburgh",
        "description": "The Scott Monument is a Victorian Gothic monument to Scottish author Sir Walter Scott. It is the second largest monument to a writer in the world.",
        "categories": [
          "historical",
          "memorial",
          "landmark"
        ],
        "primary_category": "historical",
        "interest_score": 91,
        "website": "https://www.edinburghmuseums.org.uk/venue/scott-monument",
        "wikipedia": "en:Scott Monument",
        "wikidata": "Q2502213",
        "source_url": "https://www.openstreetmap.org/way/39044819",
        "fetched_at_utc": "2026-10-07T11:41:56+00:00",
        "query_key": "attractions_and_viewpoints",
        "tags": {
          "addr:city": "Edinburgh",
          "addr:street": "East Princes Street Gardens",
          "alt_name": "Sir Walter Scott Monument",
          "architect": "George Meikle Kemp",
          "building": "tower",
          "building:material": "sandstone",
          "description": "The Scott Monument is a Victorian Gothic monument to Scottish author Sir Walter Scott. It is the second largest monument to a writer in the world.",
          "height": "61.11",
          "historic": "monument",
          "man_made": "tower",
          "name": "Scott Monument",
          "name:cy": "Cofadail Scott",
          "name:es": "Monumento a Scott",
          "name:gd": "Carragh-cuimhne Scott",
          "opening_hours": "Mo-Su 10:00-21:00",
          "phone": "+44 131 529 4068",
          "ref:canmore": "74114",
          "roof:colour": "705544",
          "source": "NLS_OS_Edinburgh_map_1893;NLS_OS_Edinburgh_map_1940s;Bing;survey",
          "start_date": "1844",
          "tourism": "attraction",
          "tower:type": "monument",
          "website": "https://www.edinburghmuseums.org.uk/venue/scott-monument",
          "wheelchair": "no",
          "wikidata": "Q2502213",
          "wikipedia": "en:Scott Monument"
        },
        "sitelinks": 17
      }
    },
    {
      "type": "Feature",
      "geometry": {
        "type": "Point",
        "coordinates": [
          -3.1901045,
          55.9448519
        ]
      },
      "properties": {
        "id": "osm:node:5025640452",
        "source": "osm",
        "title": "Anatomical Museum",
        "address": "",
        "description": "",
        "categories": [
          "museum",
          "historical",
          "cultural"
        ],
        "primary_category": "museum",
        "interest_score": 90,
        "website": "https://www.ed.ac.uk/biomedical-sciences/anatomy/anatomical-museum",
        "wikipedia": "",
        "wikidata": "Q26986300",
        "source_url": "https://www.openstreetmap.org/node/5025640452",
        "fetched_at_utc": "2026-10-07T11:41:56+00:00",
        "query_key": "museums",
        "tags": {
          "name": "Anatomical Museum",
          "opening_hours": "Sa[-1] 10:00-16:00; Jun-Jul off",
          "source": "survey",
          "tourism": "museum",
          "website": "https://www.ed.ac.uk/biomedical-sciences/anatomy/anatomical-museum",
          "wikidata": "Q26986300"
        },
        "sitelinks": 0
      }
    },
    {
      "type": "Feature",
      "geometry": {
        "type": "Point",
        "coordinates": [
          -3.18443376,
          55.954518655
        ]
      },
      "properties": {
        "id": "osm:way:320974678",
        "source": "osm",
        "title": "Dugald Stewart Monument",
        "address": "",
        "description": "",
        "categories": [
          "historical",
          "architecture",
          "memorial",
          "landmark"
        ],
        "primary_category": "historical",
        "interest_score": 90,
        "website": "",
        "wikipedia": "en:Dugald Stewart Monument",
        "wikidata": "Q5312471",
        "source_url": "https://www.openstreetmap.org/way/320974678",
        "fetched_at_utc": "2026-10-07T11:41:56+00:00",
        "query_key": "attractions_and_viewpoints",
        "tags": {
          "building": "yes",
          "height": "3",
          "historic": "memorial",
          "material": "stone",
          "memorial": "memorial",
          "memorial:type": "monument",
          "name": "Dugald Stewart Monument",
          "ref:canmore": "116623",
          "source": "Bing;NLS_OS_Edinburgh_map_1940s;survey",
          "tourism": "attraction",
          "wikidata": "Q5312471",
          "wikipedia": "en:Dugald Stewart Monument"
        },
        "sitelinks": 5
      }
    },
    {
      "type": "Feature",
      "geometry": {
        "type": "Point",
        "coordinates": [
          -3.1913043,
          55.9469224
        ]
      },
      "properties": {
        "id": "osm:node:258016781",
        "source": "osm",
        "title": "Greyfriars Bobby",
        "address": "",
        "description": "",
        "categories": [
          "art",
          "cultural",
          "historical",
          "landmark",
          "memorial"
        ],
        "primary_category": "historical",
        "interest_score": 90,
        "website": "https://greyfriarsbobby.org/",
        "wikipedia": "en:Greyfriars Bobby",
        "wikidata": "Q17570789",
        "source_url": "https://www.openstreetmap.org/node/258016781",
        "fetched_at_utc": "2026-10-07T11:41:56+00:00",
        "query_key": "galleries_and_arts",
        "tags": {
          "amenity": "fountain",
          "artwork_type": "statue",
          "historic": "memorial",
          "material": "granite",
          "memorial": "fountain",
          "name": "Greyfriars Bobby",
          "ref:canmore": "115646",
          "source": "Bing;survey",
          "subject": "Greyfriars Bobby",
          "subject:wikidata": "Q1360835",
          "tourism": "attraction;artwork",
          "website": "https://greyfriarsbobby.org/",
          "wheelchair": "yes",
          "wikidata": "Q17570789",
          "wikipedia": "en:Greyfriars Bobby"
        },
        "sitelinks": 4
      }
    },
    {
      "type": "Feature",
      "geometry": {
        "type": "Point",
        "coordinates": [
          -3.1817364235294114,
          55.95475744117647
        ]
      },
      "properties": {
        "id": "osm:way:22412844",
        "source": "osm",
        "title": "National Monument of Scotland",
        "address": "",
        "description": "",
        "categories": [
          "historical",
          "architecture",
          "memorial",
          "landmark"
        ],
        "primary_category": "historical",
        "interest_score": 90,
        "website": "",
        "wikipedia": "en:National Monument of Scotland",
        "wikidata": "Q6974379",
        "source_url": "https://www.openstreetmap.org/way/22412844",
        "fetched_at_utc": "2026-10-07T11:41:56+00:00",
        "query_key": "attractions_and_viewpoints",
        "tags": {
          "alt_name": "The Acropolis;Edinburgh's Disgrace",
          "alt_name:es": "La Acrópolis;La vergüenza de Edimburgo",
          "building": "yes",
          "historic": "monument",
          "name": "National Monument of Scotland",
          "name:es": "Monumento Nacional de Escocia",
          "note": "Scotland's national memorial to the Scottish soldiers and sailors who died fighting in the Napoleonic Wars. Sometimes otherwise referred to as \"Scotland's Disgrace\", \"Edinburgh's Disgrace\", \"the Pride and Poverty of Scotland\" and \"Edinburgh's Folly\"",
          "ref:canmore": "75954",
          "roof:material": "sandstone",
          "source": "Bing;NLS_OS_Edinburgh_map_1940s;survey",
          "tourism": "attraction",
          "wheelchair": "no",
          "wikidata": "Q6974379",
          "wikipedia": "en:National Monument of Scotland"
        },
        "sitelinks": 12
      }
    },
    {
      "type": "Feature",
      "geometry": {
        "type": "Point",
        "coordinates": [
          -3.18579908,
          55.95336682000001
        ]
      },
      "properties": {
        "id": "osm:way:239888879",
        "source": "osm",
        "title": "Political Martyrs' Monument",
        "address": "",
        "description": "To the memory of Thomas Muir, Thomas Fyshe Palmer, William Skirving, Maurice Margarot, and Joseph Gerrald. -- Erected by the Friends of Parliamentary Reform in England and Scotland. 1844",
        "categories": [
          "historical",
          "architecture",
          "memorial",
          "landmark"
        ],
        "primary_category": "historical",
        "interest_score": 90,
        "website": "",
        "wikipedia": "en:Political Martyrs' Monument",
        "wikidata": "Q7210212",
        "source_url": "https://www.openstreetmap.org/way/239888879",
        "fetched_at_utc": "2026-10-07T11:41:56+00:00",
        "query_key": "attractions_and_viewpoints",
        "tags": {
          "alt_name": "Martyrs' Monument",
          "building": "yes",
          "building:colour": "#9d9592",
          "building:material": "sandstone",
          "height": "27",
          "historic": "monument",
          "inscription": "To the memory of Thomas Muir, Thomas Fyshe Palmer, William Skirving, Maurice Margarot, and Joseph Gerrald. -- Erected by the Friends of Parliamentary Reform in England and Scotland. 1844",
          "man_made": "obelisk",
          "name": "Political Martyrs' Monument",
          "ref:canmore": "117414",
          "roof:colour": "#9d9592",
          "roof:height": "2",
          "roof:material": "sandstone",
          "roof:shape": "pyramidal",
          "start_date": "1844-08-21",
          "tourism": "attraction",
          "wheelchair": "no",
          "wikidata": "Q7210212",
          "wikipedia": "en:Political Martyrs' Monument"
        },
        "sitelinks": 5
      }
    },
    {
      "type": "Feature",
      "geometry": {
        "type": "Point",
        "coordinates": [
          -3.2114812736842104,
          55.95527834736843
        ]
      },
      "properties": {
        "id": "osm:way:93234798",
        "source": "osm",
        "title": "St Bernard's Well",
        "address": "",
        "description": "",
        "categories": [
          "historical",
          "architecture",
          "memorial",
          "landmark"
        ],
        "primary_category": "historical",
        "interest_score": 90,
        "website": "",
        "wikipedia": "en:Stockbridge,_Edinburgh#St_Bernard's_Well",
        "wikidata": "Q17570795",
        "source_url": "https://www.openstreetmap.org/way/93234798",
        "fetched_at_utc": "2026-10-07T11:41:56+00:00",
        "query_key": "attractions_and_viewpoints",
        "tags": {
          "building": "yes",
          "historic": "monument",
          "monument": "temple",
          "name": "St Bernard's Well",
          "ref:canmore": "52586",
          "source": "NLS_OS_Edinburgh_map_1940s;Bing;survey",
          "tourism": "attraction",
          "wheelchair": "no",
          "wikidata": "Q17570795",
          "wikipedia": "en:Stockbridge,_Edinburgh#St_Bernard's_Well"
        },
        "sitelinks": 0
      }
    },
    {
      "type": "Feature",
      "geometry": {
        "type": "Point",
        "coordinates": [
          -3.19441284,
          55.9521716
        ]
      },
      "properties": {
        "id": "osm:way:313680590",
        "source": "osm",
        "title": "Adam Black Memorial",
        "address": "",
        "description": "",
        "categories": [
          "historical",
          "cultural",
          "art",
          "memorial"
        ],
        "primary_category": "historical",
        "interest_score": 88,
        "website": "",
        "wikipedia": "en:Adam Black",
        "wikidata": "Q17570709",
        "source_url": "https://www.openstreetmap.org/way/313680590",
        "fetched_at_utc": "2026-10-07T11:41:56+00:00",
        "query_key": "galleries_and_arts",
        "tags": {
          "area": "yes",
          "artist:wikidata": "Q17309173",
          "artwork_type": "statue",
          "historic": "memorial",
          "memorial": "statue",
          "name": "Adam Black Memorial",
          "ref:canmore": "116670",
          "subject:wikidata": "Q277594",
          "tourism": "artwork",
          "wikidata": "Q17570709",
          "wikipedia": "en:Adam Black"
        },
        "sitelinks": 0
      }
    },
    {
      "type": "Feature",
      "geometry": {
        "type": "Point",
        "coordinates": [
          -3.1740704759259253,
          55.97373997592593
        ]
      },
      "properties": {
        "id": "osm:way:313684839",
        "source": "osm",
        "title": "Cables Wynd House",
        "address": "Edinburgh, EH6 6DQ",
        "description": "",
        "categories": [
          "historical",
          "architecture"
        ],
        "primary_category": "historical",
        "interest_score": 88,
        "website": "",
        "wikipedia": "en:Cables Wynd House",
        "wikidata": "Q5015709",
        "source_url": "https://www.openstreetmap.org/way/313684839",
        "fetched_at_utc": "2026-10-07T11:41:56+00:00",
        "query_key": "heritage_sites",
        "tags": {
          "addr:city": "Edinburgh",
          "addr:postcode": "EH6 6DQ",
          "building": "apartments",
          "building:levels": "10",
          "heritage": "2",
          "heritage:operator": "Historic Environment Scotland",
          "listed_status": "Category A",
          "listed_url": "http://portal.historicenvironment.scot/designation/LB52403",
          "loc_name": "The Banana Flats",
          "name": "Cables Wynd House",
          "name:sco": "Cables Wynd Hoose",
          "source": "Bing",
          "wikidata": "Q5015709",
          "wikipedia": "en:Cables Wynd House"
        },
        "sitelinks": 2
      }
    },
    {
      "type": "Feature",
      "geometry": {
        "type": "Point",
        "coordinates": [
          -3.222018907246377,
          55.95307232463768
        ]
      },
      "properties": {
        "id": "osm:way:23051228",
        "source": "osm",
        "title": "Dean Cemetery",
        "address": "",
        "description": "",
        "categories": [
          "historical",
          "architecture"
        ],
        "primary_category": "historical",
        "interest_score": 88,
        "website": "",
        "wikipedia": "en:Dean Cemetery",
        "wikidata": "Q5246062",
        "source_url": "https://www.openstreetmap.org/way/23051228",
        "fetched_at_utc": "2026-10-07T11:41:56+00:00",
        "query_key": "heritage_sites",
        "tags": {
          "heritage": "yes",
          "landuse": "cemetery",
          "name": "Dean Cemetery",
          "opening_hours": "09:00-17:00",
          "ref:canmore": "119274",
          "wikidata": "Q5246062",
          "wikipedia": "en:Dean Cemetery"
        },
        "sitelinks": 4
      }
    },
    {
      "type": "Feature",
      "geometry": {
        "type": "Point",
        "coordinates": [
          -3.1989995,
          55.9554575
        ]
      },
      "properties": {
        "id": "osm:node:1867328555",
        "source": "osm",
        "title": "New Town",
        "address": "",
        "description": "",
        "categories": [
          "historical",
          "architecture"
        ],
        "primary_category": "historical",
        "interest_score": 88,
        "website": "",
        "wikipedia": "en:New Town, Edinburgh",
        "wikidata": "Q590710",
        "source_url": "https://www.openstreetmap.org/node/1867328555",
        "fetched_at_utc": "2026-10-07T11:41:56+00:00",
        "query_key": "heritage_sites",
        "tags": {
          "alt_name": "Am Baile Ùr",
          "heritage": "1",
          "heritage:operator": "whc",
          "heritage:website": "http://whc.unesco.org/en/list/728",
          "name": "New Town",
          "name:gd": "Am Baile Ùr",
          "name:sco": "New Toun",
          "place": "suburb",
          "ref:whc": "728",
          "whc:criteria": "(ii)(iv)",
          "whc:inscription_date": "1995",
          "wikidata": "Q590710",
          "wikimedia_commons": "File:Edinburgh New Town.jpg",
          "wikipedia": "en:New Town, Edinburgh"
        },
        "sitelinks": 26
      }
    },
    {
      "type": "Feature",
      "geometry": {
        "type": "Point",
        "coordinates": [
          -3.1914536,
          55.9495699
        ]
      },
      "properties": {
        "id": "osm:node:1867328561",
        "source": "osm",
        "title": "Old Town",
        "address": "",
        "description": "",
        "categories": [
          "historical",
          "architecture"
        ],
        "primary_category": "historical",
        "interest_score": 88,
        "website": "",
        "wikipedia": "en:Old Town, Edinburgh",
        "wikidata": "Q591133",
        "source_url": "https://www.openstreetmap.org/node/1867328561",
        "fetched_at_utc": "2026-10-07T11:41:56+00:00",
        "query_key": "heritage_sites",
        "tags": {
          "heritage": "1",
          "heritage:operator": "whc",
          "heritage:website": "http://whc.unesco.org/en/list/728",
          "name": "Old Town",
          "name:gd": "Sean Bhaile Dhùn Èideann",
          "name:sco": "Auld Toun",
          "place": "suburb",
          "ref:whc": "728",
          "whc:criteria": "(ii)(iv)",
          "whc:inscription_date": "1995",
          "wikidata": "Q591133",
          "wikimedia_commons": "File:Old_Town_Edinburgh.JPG",
          "wikipedia": "en:Old Town, Edinburgh"
        },
        "sitelinks": 25
      }
    },
    {
      "type": "Feature",
      "geometry": {
        "type": "Point",
        "coordinates": [
          -3.1724019249999995,
          55.95269532343751
        ]
      },
      "properties": {
        "id": "osm:relation:16769442",
        "source": "osm",
        "title": "Palace of Holyroodhouse",
        "address": "Canongate, The Royal Mile, Edinburgh, EH8 8DX",
        "description": "",
        "categories": [
          "historical",
          "architecture",
          "landmark"
        ],
        "primary_category": "historical",
        "interest_score": 88,
        "website": "https://www.royalcollection.org.uk/visit/palace-of-holyroodhouse",
        "wikipedia": "en:Holyrood Palace",
        "wikidata": "Q505950",
        "source_url": "https://www.openstreetmap.org/relation/16769442",
        "fetched_at_utc": "2026-10-07T11:41:56+00:00",
        "query_key": "attractions_and_viewpoints",
        "tags": {
          "addr:city": "Edinburgh",
          "addr:housename": "Palace of Holyroodhouse",
          "addr:postcode": "EH8 8DX",
          "addr:street": "Canongate",
          "addr:suburb": "The Royal Mile",
          "alt_name": "Holyrood Palace",
          "alt_name:es": "Palacio_de_Holyroodhouse",
          "building": "yes",
          "castle_type": "palace",
          "contact:phone": "+44 20 7766 7334",
          "historic": "castle",
          "name": "Palace of Holyroodhouse",
          "name:zh": "荷里路德宫",
          "opening_hours": "Nov 01-Mar 29 09:30-16:30; Mar 31-Oct 31 09:30-18:00",
          "tourism": "attraction",
          "website": "https://www.royalcollection.org.uk/visit/palace-of-holyroodhouse",
          "wikidata": "Q505950",
          "wikipedia": "en:Holyrood Palace"
        },
        "sitelinks": 43
      }
    },
    {
      "type": "Feature",
      "geometry": {
        "type": "Point",
        "coordinates": [
          -3.184382765517242,
          55.96778776551725
        ]
      },
      "properties": {
        "id": "osm:way:425560608",
        "source": "osm",
        "title": "Rosebank Cemetery",
        "address": "",
        "description": "",
        "categories": [
          "historical",
          "architecture"
        ],
        "primary_category": "historical",
        "interest_score": 88,
        "website": "",
        "wikipedia": "en:Rosebank Cemetery",
        "wikidata": "Q7368066",
        "source_url": "https://www.openstreetmap.org/way/425560608",
        "fetched_at_utc": "2026-10-07T11:41:56+00:00",
        "query_key": "heritage_sites",
        "tags": {
          "heritage": "yes",
          "landuse": "cemetery",
          "name": "Rosebank Cemetery",
          "ref:canmore": "78511",
          "source": "NLS_OS_Edinburgh_map_1940s;Bing",
          "start_date": "1846-09-20",
          "wikidata": "Q7368066",
          "wikipedia": "en:Rosebank Cemetery"
        },
        "sitelinks": 1
      }
    },
    {
      "type": "Feature",
      "geometry": {
        "type": "Point",
        "coordinates": [
          -3.190183522222222,
          55.94964806666667
        ]
      },
      "properties": {
        "id": "osm:way:164545444",
        "source": "osm",
        "title": "Mercat Cross",
        "address": "",
        "description": "",
        "categories": [
          "historical",
          "architecture",
          "memorial"
        ],
        "primary_category": "historical",
        "interest_score": 86,
        "website": "",
        "wikipedia": "en:Mercat Cross, Edinburgh",
        "wikidata": "Q6818041",
        "source_url": "https://www.openstreetmap.org/way/164545444",
        "fetched_at_utc": "2026-10-07T11:41:56+00:00",
        "query_key": "historic_sites",
        "tags": {
          "building": "yes",
          "historic": "monument",
          "memorial": "mercat_cross",
          "name": "Mercat Cross",
          "name:es": "Cruz de mercado",
          "ref:canmore": "52546",
          "source": "NLS_OS_Edinburgh_map_1940s;Bing;survey",
          "wikidata": "Q6818041",
          "wikipedia": "en:Mercat Cross, Edinburgh"
        },
        "sitelinks": 2
      }
    },
    {
      "type": "Feature",
      "geometry": {
        "type": "Point",
        "coordinates": [
          -3.2211983818181817,
          55.95468795454545
        ]
      },
      "properties": {
        "id": "osm:way:173379555",
        "source": "osm",
        "title": "Bristo Baptist Church",
        "address": "EH4 3AP",
        "description": "",
        "categories": [
          "historical",
          "architecture",
          "religious"
        ],
        "primary_category": "historical",
        "interest_score": 84,
        "website": "https://www.bristobaptist.org",
        "wikipedia": "",
        "wikidata": "Q17805686",
        "source_url": "https://www.openstreetmap.org/way/173379555",
        "fetched_at_utc": "2026-10-07T11:41:56+00:00",
        "query_key": "heritage_sites",
        "tags": {
          "addr:postcode": "EH4 3AP",
          "amenity": "place_of_worship",
          "building": "church",
          "check_date": "2023-12-15",
          "denomination": "baptist",
          "fhrs:id": "663771",
          "heritage": "yes",
          "name": "Bristo Baptist Church",
          "religion": "christian",
          "source": "Bing;survey",
          "website": "https://www.bristobaptist.org",
          "wikidata": "Q17805686"
        },
        "sitelinks": 0
      }
    },
    {
      "type": "Feature",
      "geometry": {
        "type": "Point",
        "coordinates": [
          -3.185109317647058,
          55.95061758235292
        ]
      },
      "properties": {
        "id": "osm:way:293890858",
        "source": "osm",
        "title": "John Knox House",
        "address": "45 High Street, Edinburgh, EH1 1SR",
        "description": "",
        "categories": [
          "historical",
          "architecture",
          "landmark"
        ],
        "primary_category": "historical",
        "interest_score": 84,
        "website": "https://www.scottishstorytellingcentre.com/john-knox-house/",
        "wikipedia": "en:John Knox House",
        "wikidata": "Q6243358",
        "source_url": "https://www.openstreetmap.org/way/293890858",
        "fetched_at_utc": "2026-10-07T11:41:56+00:00",
        "query_key": "attractions_and_viewpoints",
        "tags": {
          "addr:city": "Edinburgh",
          "addr:housenumber": "45",
          "addr:postcode": "EH1 1SR",
          "addr:street": "High Street",
          "building": "yes",
          "building:levels": "3",
          "fee": "yes",
          "historic": "house",
          "name": "John Knox House",
          "roof:levels": "1",
          "source": "Bing",
          "tourism": "attraction",
          "website": "https://www.scottishstorytellingcentre.com/john-knox-house/",
          "wikidata": "Q6243358",
          "wikimedia_commons": "Category:John Knox House",
          "wikipedia": "en:John Knox House"
        },
        "sitelinks": 5
      }
    },
    {
      "type": "Feature",
      "geometry": {
        "type": "Point",
        "coordinates": [
          -3.207197375,
          55.957961675
        ]
      },
      "properties": {
        "id": "osm:way:98616658",
        "source": "osm",
        "title": "Old Stockbridge Market Entrance",
        "address": "",
        "description": "Stockbridge Market",
        "categories": [
          "historical",
          "architecture",
          "memorial",
          "landmark"
        ],
        "primary_category": "historical",
        "interest_score": 84,
        "website": "",
        "wikipedia": "",
        "wikidata": "Q17812263",
        "source_url": "https://www.openstreetmap.org/way/98616658",
        "fetched_at_utc": "2026-10-07T11:41:56+00:00",
        "query_key": "attractions_and_viewpoints",
        "tags": {
          "barrier": "wall",
          "heritage": "2",
          "heritage:operator": "Historic Environment Scotland",
          "historic": "monument",
          "inscription": "Stockbridge Market",
          "monument": "gateway",
          "name": "Old Stockbridge Market Entrance",
          "ref:GB:hs": "LB27768",
          "ref:canmore": "138207",
          "start_date": "1825",
          "tourism": "attraction",
          "wikidata": "Q17812263"
        },
        "sitelinks": 0
      }
    },
    {
      "type": "Feature",
      "geometry": {
        "type": "Point",
        "coordinates": [
          -3.22526606612903,
          55.94017412258067
        ]
      },
      "properties": {
        "id": "osm:way:41127498",
        "source": "osm",
        "title": "Saint Martin of Tours Episcopal Church",
        "address": "",
        "description": "",
        "categories": [
          "historical",
          "architecture",
          "religious"
        ],
        "primary_category": "historical",
        "interest_score": 84,
        "website": "https://stmartinsedinburgh.org.uk/",
        "wikipedia": "",
        "wikidata": "Q17806061",
        "source_url": "https://www.openstreetmap.org/way/41127498",
        "fetched_at_utc": "2026-10-07T11:41:56+00:00",
        "query_key": "heritage_sites",
        "tags": {
          "amenity": "place_of_worship",
          "building": "church",
          "check_date": "2024-09-14",
          "denomination": "scottish_episcopal",
          "heritage": "yes",
          "name": "Saint Martin of Tours Episcopal Church",
          "religion": "christian",
          "source": "NLS_OS_Edinburgh_map_1940s;Bing",
          "website": "https://stmartinsedinburgh.org.uk/",
          "wikidata": "Q17806061"
        },
        "sitelinks": 0
      }
    },
    {
      "type": "Feature",
      "geometry": {
        "type": "Point",
        "coordinates": [
          -3.2205269235294107,
          55.950925725
        ]
      },
      "properties": {
        "id": "osm:way:103163117",
        "source": "osm",
        "title": "Belford Hostel",
        "address": "6-8 Douglas Gardens, Edinburgh",
        "description": "former Belford Church converted into an hostel",
        "categories": [
          "historical",
          "architecture"
        ],
        "primary_category": "historical",
        "interest_score": 83,
        "website": "https://www.edinburghhostels.com/belford-hostel-edinburgh.html",
        "wikipedia": "",
        "wikidata": "Q17795202",
        "source_url": "https://www.openstreetmap.org/way/103163117",
        "fetched_at_utc": "2026-10-07T11:41:56+00:00",
        "query_key": "heritage_sites",
        "tags": {
          "addr:city": "Edinburgh",
          "addr:housenumber": "6-8",
          "addr:street": "Douglas Gardens",
          "building": "church",
          "description": "former Belford Church converted into an hostel",
          "heritage": "yes",
          "internet_access": "wlan",
          "internet_access:fee": "no",
          "name": "Belford Hostel",
          "phone": "+44 131 202 6107",
          "source": "NLS_OS_Edinburgh_map_1940s;Bing;survey",
          "tourism": "hostel",
          "website": "https://www.edinburghhostels.com/belford-hostel-edinburgh.html",
          "wikidata": "Q17795202"
        },
        "sitelinks": 0
      }
    },
    {
      "type": "Feature",
      "geometry": {
        "type": "Point",
        "coordinates": [
          -3.2138858777777775,
          55.9333314111111
        ]
      },
      "properties": {
        "id": "osm:way:324049962",
        "source": "osm",
        "title": "Merchiston Tower",
        "address": "",
        "description": "Birth place of John Napier (Inventor of logarithms)",
        "categories": [
          "historical",
          "architecture"
        ],
        "primary_category": "historical",
        "interest_score": 83,
        "website": "",
        "wikipedia": "en:Merchiston Tower",
        "wikidata": "Q1921452",
        "source_url": "https://www.openstreetmap.org/way/324049962",
        "fetched_at_utc": "2026-10-07T11:41:56+00:00",
        "query_key": "historic_sites",
        "tags": {
          "alt_name": "Merchiston Castle",
          "building": "yes",
          "castle_type": "tower",
          "description": "Birth place of John Napier (Inventor of logarithms)",
          "historic": "castle",
          "historic:civilization": "medieval",
          "name": "Merchiston Tower",
          "source": "NLS_OS_Edinburgh_map_1940s;Bing",
          "wikidata": "Q1921452",
          "wikipedia": "en:Merchiston Tower"
        },
        "sitelinks": 2
      }
    },
    {
      "type": "Feature",
      "geometry": {
        "type": "Point",
        "coordinates": [
          -3.2238121,
          55.9807285
        ]
      },
      "properties": {
        "id": "osm:node:10199734008",
        "source": "osm",
        "title": "HMS Claverhouse",
        "address": "",
        "description": "",
        "categories": [
          "historical",
          "memorial"
        ],
        "primary_category": "historical",
        "interest_score": 82,
        "website": "https://www.nationaltransporttrust.org.uk/heritage-sites/heritage-detail/granton---burntisland-train-ferry?lr=1",
        "wikipedia": "en:HMS Claverhouse",
        "wikidata": "Q5631892",
        "source_url": "https://www.openstreetmap.org/node/10199734008",
        "fetched_at_utc": "2026-10-07T11:41:56+00:00",
        "query_key": "historic_sites",
        "tags": {
          "historic": "memorial",
          "memorial": "plaque",
          "name": "HMS Claverhouse",
          "website": "https://www.nationaltransporttrust.org.uk/heritage-sites/heritage-detail/granton---burntisland-train-ferry?lr=1",
          "wikidata": "Q5631892",
          "wikipedia": "en:HMS Claverhouse"
        },
        "sitelinks": 1
      }
    },
    {
      "type": "Feature",
      "geometry": {
        "type": "Point",
        "coordinates": [
          -3.1715858953846157,
          55.95313887384616
        ]
      },
      "properties": {
        "id": "osm:way:41893742",
        "source": "osm",
        "title": "Holyrood Abbey",
        "address": "",
        "description": "",
        "categories": [
          "historical",
          "architecture",
          "landmark"
        ],
        "primary_category": "historical",
        "interest_score": 82,
        "website": "",
        "wikipedia": "en:Holyrood Abbey",
        "wikidata": "Q966862",
        "source_url": "https://www.openstreetmap.org/way/41893742",
        "fetched_at_utc": "2026-10-07T11:41:56+00:00",
        "query_key": "attractions_and_viewpoints",
        "tags": {
          "building": "church",
          "historic": "ruins",
          "name": "Holyrood Abbey",
          "name:ko": "홀리루드 사원",
          "tourism": "attraction",
          "wikidata": "Q966862",
          "wikipedia": "en:Holyrood Abbey"
        },
        "sitelinks": 24
      }
    },
    {
      "type": "Feature",
      "geometry": {
        "type": "Point",
        "coordinates": [
          -3.2326178,
          55.9804211
        ]
      },
      "properties": {
        "id": "osm:node:10199790844",
        "source": "osm",
        "title": "Madelvic Car Factory",
        "address": "",
        "description": "",
        "categories": [
          "historical",
          "memorial"
        ],
        "primary_category": "historical",
        "interest_score": 82,
        "website": "https://www.nationaltransporttrust.org.uk/heritage-sites/heritage-detail/madelvic-motor-factory?lr=1",
        "wikipedia": "en:Madelvic Motor Carriage Company",
        "wikidata": "Q15243451",
        "source_url": "https://www.openstreetmap.org/node/10199790844",
        "fetched_at_utc": "2026-10-07T11:41:56+00:00",
        "query_key": "historic_sites",
        "tags": {
          "historic": "memorial",
          "memorial": "plaque",
          "name": "Madelvic Car Factory",
          "website": "https://www.nationaltransporttrust.org.uk/heritage-sites/heritage-detail/madelvic-motor-factory?lr=1",
          "wikidata": "Q15243451",
          "wikipedia": "en:Madelvic Motor Carriage Company"
        },
        "sitelinks": 2
      }
    },
    {
      "type": "Feature",
      "geometry": {
        "type": "Point",
        "coordinates": [
          -3.1927335,
          55.9576982
        ]
      },
      "properties": {
        "id": "osm:node:4625806993",
        "source": "osm",
        "title": "Museum Collections Centre",
        "address": "10 Broughton Market, Edinburgh, EH3 6NU",
        "description": "This centre houses the reserve collections of the city museums.",
        "categories": [
          "museum",
          "historical",
          "cultural"
        ],
        "primary_category": "museum",
        "interest_score": 81,
        "website": "https://www.edinburghmuseums.org.uk/Venues/Museum-Collections-Centre",
        "wikipedia": "",
        "wikidata": "",
        "source_url": "https://www.openstreetmap.org/node/4625806993",
        "fetched_at_utc": "2026-10-07T11:41:56+00:00",
        "query_key": "museums",
        "tags": {
          "addr:city": "Edinburgh",
          "addr:housenumber": "10",
          "addr:postcode": "EH3 6NU",
          "addr:street": "Broughton Market",
          "description": "This centre houses the reserve collections of the city museums.",
          "name": "Museum Collections Centre",
          "opening_hours": "Tu[1] 14:00+ || \"by appointment\"",
          "phone": "+44 131 556 9536",
          "source": "survey",
          "tourism": "museum",
          "website": "https://www.edinburghmuseums.org.uk/Venues/Museum-Collections-Centre",
          "wheelchair": "yes",
          "wheelchair:description": "Most parts are wheelchair accessible. Some items are stored upstairs. Items of special interest can be brought down for visitors or researchers as required."
        }
      }
    },
    {
      "type": "Feature",
      "geometry": {
        "type": "Point",
        "coordinates": [
          -3.1834893,
          55.9455689
        ]
      },
      "properties": {
        "id": "osm:node:5198142641",
        "source": "osm",
        "title": "Richard Scott 1914-1983",
        "address": "",
        "description": "James Mackenzie Professor of Medicine in relation to General Practice in the University of Edinburgh taught and practiced here. First Professor of General Practice in the world.",
        "categories": [
          "blue_plaque",
          "historical",
          "memorial"
        ],
        "primary_category": "blue_plaque",
        "interest_score": 81,
        "website": "",
        "wikipedia": "",
        "wikidata": "",
        "source_url": "https://www.openstreetmap.org/node/5198142641",
        "fetched_at_utc": "2026-10-07T11:41:56+00:00",
        "query_key": "historic_sites",
        "tags": {
          "historic": "memorial",
          "image": "https://www.geograph.org.uk/photo/5547763",
          "inscription": "James Mackenzie Professor of Medicine in relation to General Practice in the University of Edinburgh taught and practiced here. First Professor of General Practice in the world.",
          "memorial": "blue_plaque",
          "name": "Richard Scott 1914-1983",
          "subject:wikipedia": "en:Richard Scott (doctor)"
        }
      }
    },
    {
      "type": "Feature",
      "geometry": {
        "type": "Point",
        "coordinates": [
          -3.169656615384615,
          55.97519128461538
        ]
      },
      "properties": {
        "id": "osm:way:306711504",
        "source": "osm",
        "title": "Lamb's House",
        "address": "",
        "description": "",
        "categories": [
          "historical",
          "architecture"
        ],
        "primary_category": "historical",
        "interest_score": 78,
        "website": "",
        "wikipedia": "en:Lamb's House",
        "wikidata": "Q17570809",
        "source_url": "https://www.openstreetmap.org/way/306711504",
        "fetched_at_utc": "2026-10-07T11:41:56+00:00",
        "query_key": "historic_sites",
        "tags": {
          "building": "yes",
          "historic": "building",
          "name": "Lamb's House",
          "operator": "The National Trust For Scotland",
          "source": "Bing",
          "wikidata": "Q17570809",
          "wikipedia": "en:Lamb's House"
        },
        "sitelinks": 2
      }
    },
    {
      "type": "Feature",
      "geometry": {
        "type": "Point",
        "coordinates": [
          -3.232298636363636,
          55.97576556363637
        ]
      },
      "properties": {
        "id": "osm:way:61796087",
        "source": "osm",
        "title": "St Margaret and Mary",
        "address": "",
        "description": "",
        "categories": [
          "historical",
          "architecture",
          "religious"
        ],
        "primary_category": "historical",
        "interest_score": 78,
        "website": "",
        "wikipedia": "",
        "wikidata": "Q17811197",
        "source_url": "https://www.openstreetmap.org/way/61796087",
        "fetched_at_utc": "2026-10-07T11:41:56+00:00",
        "query_key": "heritage_sites",
        "tags": {
          "amenity": "place_of_worship",
          "building": "yes",
          "denomination": "roman_catholic",
          "heritage": "yes",
          "name": "St Margaret and Mary",
          "religion": "christian",
          "source": "NLS_OS_Edinburgh_map_1940s;Bing",
          "wikidata": "Q17811197"
        },
        "sitelinks": 0
      }
    },
    {
      "type": "Feature",
      "geometry": {
        "type": "Point",
        "coordinates": [
          -3.195508686666666,
          55.953391017777754
        ]
      },
      "properties": {
        "id": "osm:way:81125134",
        "source": "osm",
        "title": "The Dome Bar and Grill",
        "address": "14 George Street, Edinburgh, EH2 2PF",
        "description": "",
        "categories": [
          "historical",
          "architecture"
        ],
        "primary_category": "historical",
        "interest_score": 78,
        "website": "https://www.thedomeedinburgh.com/",
        "wikipedia": "",
        "wikidata": "Q7730592",
        "source_url": "https://www.openstreetmap.org/way/81125134",
        "fetched_at_utc": "2026-10-07T11:41:56+00:00",
        "query_key": "heritage_sites",
        "tags": {
          "addr:city": "Edinburgh",
          "addr:housenumber": "14",
          "addr:postcode": "EH2 2PF",
          "addr:street": "George Street",
          "amenity": "restaurant",
          "building": "bank",
          "building:levels": "2",
          "building:material": "stone",
          "check_date": "2026-02-01",
          "fhrs:id": "141580",
          "heritage": "2",
          "heritage:operator": "Historic Environment Scotland",
          "name": "The Dome Bar and Grill",
          "note": "conference and private dining",
          "ref:GB:hs": "LB28862",
          "source": "NLS_OS_Edinburgh_map_1940s;Bing",
          "website": "https://www.thedomeedinburgh.com/",
          "wheelchair": "yes",
          "wikidata": "Q7730592"
        },
        "sitelinks": 3
      }
    },
    {
      "type": "Feature",
      "geometry": {
        "type": "Point",
        "coordinates": [
          -3.1891563583333333,
          55.95103148333333
        ]
      },
      "properties": {
        "id": "osm:way:70836441",
        "source": "osm",
        "title": "City Art Centre",
        "address": "2 Market Street, Edinburgh, EH1 1DE",
        "description": "",
        "categories": [
          "cultural",
          "architecture",
          "art"
        ],
        "primary_category": "cultural",
        "interest_score": 76,
        "website": "https://www.edinburghmuseums.org.uk/venue/city-art-centre",
        "wikipedia": "en:City Art Centre",
        "wikidata": "Q17569430",
        "source_url": "https://www.openstreetmap.org/way/70836441",
        "fetched_at_utc": "2026-10-07T11:41:56+00:00",
        "query_key": "galleries_and_arts",
        "tags": {
          "addr:city": "Edinburgh",
          "addr:housenumber": "2",
          "addr:postcode": "EH1 1DE",
          "addr:street": "Market Street",
          "building": "yes",
          "building:levels": "6",
          "building:material": "stone",
          "check_date": "2025-12-29",
          "fee": "no",
          "name": "City Art Centre",
          "payment:cash": "yes",
          "payment:credit_cards": "yes",
          "payment:debit_cards": "yes",
          "roof:levels": "1",
          "source": "Bing",
          "toilets:wheelchair": "yes",
          "tourism": "gallery",
          "website": "https://www.edinburghmuseums.org.uk/venue/city-art-centre",
          "wheelchair": "yes",
          "wikidata": "Q17569430",
          "wikipedia": "en:City Art Centre"
        },
        "sitelinks": 0
      }
    },
    {
      "type": "Feature",
      "geometry": {
        "type": "Point",
        "coordinates": [
          -3.189068022222222,
          55.94262374444444
        ]
      },
      "properties": {
        "id": "osm:way:4308724",
        "source": "osm",
        "title": "Edinburgh University Library",
        "address": "30 George Square, Edinburgh, EH8 9LJ",
        "description": "",
        "categories": [
          "cultural",
          "architecture",
          "literary"
        ],
        "primary_category": "cultural",
        "interest_score": 76,
        "website": "https://www.ed.ac.uk/information-services/library-museum-gallery/",
        "wikipedia": "en:Edinburgh University Library",
        "wikidata": "Q5338276",
        "source_url": "https://www.openstreetmap.org/way/4308724",
        "fetched_at_utc": "2026-10-07T11:41:56+00:00",
        "query_key": "performance_and_literary",
        "tags": {
          "access": "members",
          "addr:city": "Edinburgh",
          "addr:housenumber": "30",
          "addr:postcode": "EH8 9LJ",
          "addr:street": "George Square",
          "air_conditioning": "yes",
          "alt_name": "The Main Library",
          "amenity": "library",
          "architect": "Sir Basil Spence",
          "building": "yes",
          "building:levels": "8",
          "check_date": "2026-03-31",
          "internet_access": "terminal",
          "internet_access:fee": "no",
          "name": "Edinburgh University Library",
          "opening_date": "1967",
          "opening_hours": "24/7",
          "roof:shape": "flat",
          "source": "Bing;survey;https://webarchive.nrscotland.gov.uk/20170903012952/http://www.basilspence.org.uk/learning/buildings/edinburgh-university-library",
          "website": "https://www.ed.ac.uk/information-services/library-museum-gallery/",
          "wheelchair": "yes",
          "wikidata": "Q5338276",
          "wikipedia": "en:Edinburgh University Library"
        },
        "sitelinks": 3
      }
    },
    {
      "type": "Feature",
      "geometry": {
        "type": "Point",
        "coordinates": [
          -3.1863259934782606,
          55.946629639130435
        ]
      },
      "properties": {
        "id": "osm:way:26564861",
        "source": "osm",
        "title": "Festival Theatre",
        "address": "13 / 29 Nicolson Street, Edinburgh, EH8 9FT",
        "description": "",
        "categories": [
          "cultural",
          "architecture",
          "art"
        ],
        "primary_category": "cultural",
        "interest_score": 76,
        "website": "https://www.capitaltheatres.com/",
        "wikipedia": "en:Edinburgh Festival Theatre",
        "wikidata": "Q3047596",
        "source_url": "https://www.openstreetmap.org/way/26564861",
        "fetched_at_utc": "2026-10-07T11:41:56+00:00",
        "query_key": "performance_and_literary",
        "tags": {
          "addr:city": "Edinburgh",
          "addr:housenumber": "13 / 29",
          "addr:postcode": "EH8 9FT",
          "addr:street": "Nicolson Street",
          "amenity": "theatre",
          "building": "yes",
          "check_date": "2026-04-19",
          "edinburgh_international": "Festival Theatre",
          "name": "Festival Theatre",
          "payment:cash": "yes",
          "payment:credit_cards": "yes",
          "payment:debit_cards": "yes",
          "phone": "+44 131 529 6000",
          "website": "https://www.capitaltheatres.com/",
          "wheelchair": "yes",
          "wikidata": "Q3047596",
          "wikipedia": "en:Edinburgh Festival Theatre"
        },
        "sitelinks": 7
      }
    },
    {
      "type": "Feature",
      "geometry": {
        "type": "Point",
        "coordinates": [
          -3.18969184375,
          55.9512429
        ]
      },
      "properties": {
        "id": "osm:way:70826506",
        "source": "osm",
        "title": "Fruitmarket",
        "address": "45 Market Street, Edinburgh, EH1 1DF",
        "description": "",
        "categories": [
          "cultural",
          "architecture",
          "art"
        ],
        "primary_category": "cultural",
        "interest_score": 76,
        "website": "https://www.fruitmarket.co.uk/",
        "wikipedia": "en:Fruitmarket Gallery",
        "wikidata": "Q4402028",
        "source_url": "https://www.openstreetmap.org/way/70826506",
        "fetched_at_utc": "2026-10-07T11:41:56+00:00",
        "query_key": "galleries_and_arts",
        "tags": {
          "addr:city": "Edinburgh",
          "addr:housenumber": "45",
          "addr:postcode": "EH1 1DF",
          "addr:street": "Market Street",
          "alt_name:es": "Galería_Fruitmarkerket",
          "building": "yes",
          "building:levels": "2",
          "building:material": "stone",
          "check_date": "2024-04-23",
          "contact:instagram": "https://www.instagram.com/fruitmarketgallery",
          "contact:phone": "+44 131 225 2383",
          "fee": "no",
          "name": "Fruitmarket",
          "opening_hours": "11:00-18:00",
          "source": "Bing;survey",
          "toilets:wheelchair": "yes",
          "tourism": "gallery",
          "website": "https://www.fruitmarket.co.uk/",
          "wheelchair": "yes",
          "wikidata": "Q4402028",
          "wikipedia": "en:Fruitmarket Gallery"
        },
        "sitelinks": 3
      }
    },
    {
      "type": "Feature",
      "geometry": {
        "type": "Point",
        "coordinates": [
          -3.2326255,
          55.9382356
        ]
      },
      "properties": {
        "id": "osm:node:10000355057",
        "source": "osm",
        "title": "Heart of Midlothian Museum",
        "address": "Tynecastle Terrace, Edinburgh",
        "description": "",
        "categories": [
          "museum",
          "historical",
          "cultural"
        ],
        "primary_category": "museum",
        "interest_score": 76,
        "website": "https://www.heartsfc.co.uk/tickets-and-hospitality/tours/hearts-museum",
        "wikipedia": "",
        "wikidata": "",
        "source_url": "https://www.openstreetmap.org/node/10000355057",
        "fetched_at_utc": "2026-10-07T11:41:56+00:00",
        "query_key": "museums",
        "tags": {
          "addr:city": "Edinburgh",
          "addr:street": "Tynecastle Terrace",
          "name": "Heart of Midlothian Museum",
          "operator": "Hearts FC",
          "tourism": "museum",
          "website": "https://www.heartsfc.co.uk/tickets-and-hospitality/tours/hearts-museum"
        }
      }
    },
    {
      "type": "Feature",
      "geometry": {
        "type": "Point",
        "coordinates": [
          -3.1931532,
          55.9542174
        ]
      },
      "properties": {
        "id": "osm:node:12223010635",
        "source": "osm",
        "title": "Melville's Monument",
        "address": "",
        "description": "",
        "categories": [
          "architecture",
          "historical",
          "memorial"
        ],
        "primary_category": "historical",
        "interest_score": 76,
        "website": "",
        "wikipedia": "en:Melville Monument",
        "wikidata": "Q17570686",
        "source_url": "https://www.openstreetmap.org/node/12223010635",
        "fetched_at_utc": "2026-10-07T11:41:56+00:00",
        "query_key": "historic_sites",
        "tags": {
          "height": "45",
          "historic": "monument",
          "min_height": "40",
          "name": "Melville's Monument",
          "ref:canmore": "52413",
          "wikidata": "Q17570686",
          "wikipedia": "en:Melville Monument"
        },
        "sitelinks": 3
      }
    },
    {
      "type": "Feature",
      "geometry": {
        "type": "Point",
        "coordinates": [
          -3.1858277,
          55.9506736
        ]
      },
      "properties": {
        "id": "osm:node:2977624480",
        "source": "osm",
        "title": "Museum of Magic, Fortune-Telling and Witchcraft",
        "address": "",
        "description": "",
        "categories": [
          "museum",
          "historical",
          "cultural"
        ],
        "primary_category": "museum",
        "interest_score": 76,
        "website": "https://www.museummfw.com/",
        "wikipedia": "",
        "wikidata": "",
        "source_url": "https://www.openstreetmap.org/node/2977624480",
        "fetched_at_utc": "2026-10-07T11:41:56+00:00",
        "query_key": "museums",
        "tags": {
          "check_date": "2024-10-30",
          "name": "Museum of Magic, Fortune-Telling and Witchcraft",
          "source": "survey",
          "tourism": "museum",
          "website": "https://www.museummfw.com/"
        }
      }
    },
    {
      "type": "Feature",
      "geometry": {
        "type": "Point",
        "coordinates": [
          -3.1838357,
          55.9637837
        ]
      },
      "properties": {
        "id": "osm:node:9422760984",
        "source": "osm",
        "title": "Museum of Scottish Fire Heritage",
        "address": "1A Dryden Terrace, Edinburgh, EH7 4NB",
        "description": "",
        "categories": [
          "museum",
          "historical",
          "cultural"
        ],
        "primary_category": "museum",
        "interest_score": 76,
        "website": "https://museumofscottishfireheritage.org/",
        "wikipedia": "",
        "wikidata": "",
        "source_url": "https://www.openstreetmap.org/node/9422760984",
        "fetched_at_utc": "2026-10-07T11:41:56+00:00",
        "query_key": "museums",
        "tags": {
          "addr:city": "Edinburgh",
          "addr:housenumber": "1A",
          "addr:postcode": "EH7 4NB",
          "addr:street": "Dryden Terrace",
          "check_date": "2026-01-17",
          "contact:facebook": "https://www.facebook.com/MuseumScotFire",
          "contact:instagram": "https://www.instagram.com/MuseumScotFire",
          "contact:twitter": "https://twitter.com/MuseumScotFire",
          "email": "heritage@firescotland.gov.uk",
          "fee": "no",
          "museum": "fire",
          "name": "Museum of Scottish Fire Heritage",
          "opening_hours": "Tu-Sa 10:00-16:00",
          "phone": "+44 131 550 4954",
          "tourism": "museum",
          "website": "https://museumofscottishfireheritage.org/"
        }
      }
    },
    {
      "type": "Feature",
      "geometry": {
        "type": "Point",
        "coordinates": [
          -3.1956194695652176,
          55.95089119782607
        ]
      },
      "properties": {
        "id": "osm:way:5182746",
        "source": "osm",
        "title": "National Gallery",
        "address": "",
        "description": "",
        "categories": [
          "cultural",
          "architecture",
          "art"
        ],
        "primary_category": "cultural",
        "interest_score": 76,
        "website": "https://www.nationalgalleries.org/",
        "wikipedia": "en:Scottish National Gallery",
        "wikidata": "Q942713",
        "source_url": "https://www.openstreetmap.org/way/5182746",
        "fetched_at_utc": "2026-10-07T11:41:56+00:00",
        "query_key": "galleries_and_arts",
        "tags": {
          "building": "yes",
          "fee": "no",
          "name": "National Gallery",
          "name:es": "Galería_Nacional_de_Escocia",
          "name:gd": "Gailearaidh Nàiseanta na h-Alba",
          "name:ko": "스코틀랜드 국립 갤러리",
          "name:sco": "Naitional Gailerie",
          "official_name": "National Galleries Scotland: National",
          "official_name:gd": "Gailearaidhean Nàiseanta na h-Alba: Nàiseanta",
          "old_name": "Scottish National Gallery",
          "opening_hours": "Mo-Su 10:00-17:00; Th 10:00-19:00",
          "operator": "National Galleries of Scotland",
          "operator:wikidata": "Q2051997",
          "short_name": "National",
          "tourism": "gallery",
          "website": "https://www.nationalgalleries.org/",
          "wikidata": "Q942713",
          "wikipedia": "en:Scottish National Gallery"
        },
        "sitelinks": 39
      }
    },
    {
      "type": "Feature",
      "geometry": {
        "type": "Point",
        "coordinates": [
          -3.2043596580645155,
          55.94698136129032
        ]
      },
      "properties": {
        "id": "osm:way:62064478",
        "source": "osm",
        "title": "Royal Lyceum Theatre",
        "address": "30b Grindlay Street, Edinburgh, EH3 9AX",
        "description": "",
        "categories": [
          "cultural",
          "architecture",
          "art"
        ],
        "primary_category": "cultural",
        "interest_score": 76,
        "website": "https://www.lyceum.org.uk/",
        "wikipedia": "en:Royal Lyceum Theatre",
        "wikidata": "Q7374418",
        "source_url": "https://www.openstreetmap.org/way/62064478",
        "fetched_at_utc": "2026-10-07T11:41:56+00:00",
        "query_key": "performance_and_literary",
        "tags": {
          "addr:city": "Edinburgh",
          "addr:country": "GB",
          "addr:housename": "Royal Lyceum Theatre",
          "addr:housenumber": "30b",
          "addr:postcode": "EH3 9AX",
          "addr:street": "Grindlay Street",
          "alt_name": "The Lyceum",
          "amenity": "theatre",
          "building": "yes",
          "building:levels": "5",
          "check_date": "2025-03-16",
          "name": "Royal Lyceum Theatre",
          "phone": "+44 131 248 4848",
          "source": "NLS_OS_Edinburgh_map_1940s;Bing;survey",
          "website": "https://www.lyceum.org.uk/",
          "wikidata": "Q7374418",
          "wikipedia": "en:Royal Lyceum Theatre"
        },
        "sitelinks": 6
      }
    },
    {
      "type": "Feature",
      "geometry": {
        "type": "Point",
        "coordinates": [
          -3.196272832142857,
          55.951678474999994
        ]
      },
      "properties": {
        "id": "osm:way:5182745",
        "source": "osm",
        "title": "Royal Scottish Academy",
        "address": "The Mound, Edinburgh, EH2 2EL",
        "description": "",
        "categories": [
          "cultural",
          "architecture",
          "art"
        ],
        "primary_category": "cultural",
        "interest_score": 76,
        "website": "https://www.royalscottishacademy.org/",
        "wikipedia": "en:Royal Scottish Academy",
        "wikidata": "Q7374813",
        "source_url": "https://www.openstreetmap.org/way/5182745",
        "fetched_at_utc": "2026-10-07T11:41:56+00:00",
        "query_key": "galleries_and_arts",
        "tags": {
          "addr:city": "Edinburgh",
          "addr:postcode": "EH2 2EL",
          "addr:street": "The Mound",
          "alt_name:es": "Academia_Real_Escocia",
          "building": "yes",
          "fee": "no",
          "name": "Royal Scottish Academy",
          "name:gd": "Acadamh Rìoghail na h-Alba",
          "name:ko": "로얄 스코틀랜드 아카데미",
          "name:sco": "Ryal Scots Academy",
          "operator": "Royal Scottish Academy",
          "tourism": "gallery",
          "website": "https://www.royalscottishacademy.org/",
          "wikidata": "Q7374813",
          "wikipedia": "en:Royal Scottish Academy"
        },
        "sitelinks": 4
      }
    },
    {
      "type": "Feature",
      "geometry": {
        "type": "Point",
        "coordinates": [
          -3.2010366600000006,
          55.95104996
        ]
      },
      "properties": {
        "id": "osm:way:314600289",
        "source": "osm",
        "title": "Scottish American War Memorial",
        "address": "",
        "description": "",
        "categories": [
          "historical",
          "memorial"
        ],
        "primary_category": "historical",
        "interest_score": 76,
        "website": "",
        "wikipedia": "en:Scottish American Memorial",
        "wikidata": "Q7435775",
        "source_url": "https://www.openstreetmap.org/way/314600289",
        "fetched_at_utc": "2026-10-07T11:41:56+00:00",
        "query_key": "historic_sites",
        "tags": {
          "alt_name": "The Call 1914",
          "historic": "memorial",
          "memorial": "statue",
          "memorial:conflict": "WW1",
          "name": "Scottish American War Memorial",
          "ref:canmore": "116463",
          "ref:iwm": "2219",
          "start_date": "1927",
          "war_memorial": "yes",
          "wikidata": "Q7435775",
          "wikipedia": "en:Scottish American Memorial"
        },
        "sitelinks": 1
      }
    },
    {
      "type": "Feature",
      "geometry": {
        "type": "Point",
        "coordinates": [
          -3.193637210526316,
          55.95552015368421
        ]
      },
      "properties": {
        "id": "osm:way:73090302",
        "source": "osm",
        "title": "Scottish National Portrait Gallery",
        "address": "1 Queen Street, Edinburgh, EH2 1JD",
        "description": "",
        "categories": [
          "cultural",
          "architecture",
          "art"
        ],
        "primary_category": "cultural",
        "interest_score": 76,
        "website": "https://www.nationalgalleries.org/visit/scottish-national-portrait-gallery",
        "wikipedia": "en:Scottish National Portrait Gallery",
        "wikidata": "Q2441562",
        "source_url": "https://www.openstreetmap.org/way/73090302",
        "fetched_at_utc": "2026-10-07T11:41:56+00:00",
        "query_key": "galleries_and_arts",
        "tags": {
          "addr:city": "Edinburgh",
          "addr:housenumber": "1",
          "addr:postcode": "EH2 1JD",
          "addr:street": "Queen Street",
          "alt_name:es": "Galería_Nacional_de_Escocia",
          "alt_name:gd": "Gailearaidh Dhealbhan Nàiseanta na h-Alba",
          "building": "yes",
          "check_date": "2026-01-13",
          "fee": "no",
          "internet_access": "wlan",
          "internet_access:fee": "no",
          "name": "Scottish National Portrait Gallery",
          "name:ar": "معرض الصور الوطني الاسكتلندي",
          "name:arz": "معرض الصور الوطنيه الاسكتلنديه",
          "name:de": "Scottish National Portrait Gallery",
          "name:en": "Scottish National Portrait Gallery",
          "name:es": "Galería Nacional Escocesa del Retrato",
          "name:fr": "Scottish National Portrait Gallery",
          "name:gd": "Gailearaidh Dhealbhan-daoine Nàiseanta na h-Alba",
          "name:he": "גלריית הדיוקנאות הלאומית של סקוטלנד",
          "name:it": "Scottish National Portrait Gallery",
          "name:ja": "スコットランド国立肖像画美術館",
          "name:ko": "스코틀랜드 국립 초상화 미술관",
          "name:nl": "Scottish National Portrait Gallery",
          "name:no": "Scottish National Portrait Gallery",
          "name:pt": "Galeria Nacional Escocesa de Retratos",
          "name:ru": "Национальная портретная галерея Шотландии",
          "name:sv": "Scottish National Portrait Gallery",
          "name:uk": "Національна портретна галерея Шотландії",
          "name:zh": "蘇格蘭國立肖像美術館",
          "official_name": "National Galleries Scotland: Portrait",
          "opening_hours": "Mo-Su 10:00-17:00; Th 10:00-19:00",
          "operator": "National Galleries of Scotland",
          "operator:wikidata": "Q2051997",
          "short_name": "Portrait",
          "source": "Bing;NLS_OS_Edinburgh_map_1940s;NLS_OS_Edinburgh_map_1893;survey",
          "tourism": "gallery",
          "website": "https://www.nationalgalleries.org/visit/scottish-national-portrait-gallery",
          "wheelchair": "yes",
          "wikidata": "Q2441562",
          "wikipedia": "en:Scottish National Portrait Gallery"
        },
        "sitelinks": 18
      }
    },
    {
      "type": "Feature",
      "geometry": {
        "type": "Point",
        "coordinates": [
          -3.199723137037037,
          55.948398344444435
        ]
      },
      "properties": {
        "id": "osm:way:511343921",
        "source": "osm",
        "title": "Scottish National War Memorial",
        "address": "",
        "description": "TO THE GLORY OF GOD & IN MEMORY OF SCOTS WHO FELL 1914 1918",
        "categories": [
          "historical",
          "memorial"
        ],
        "primary_category": "historical",
        "interest_score": 76,
        "website": "",
        "wikipedia": "en:Scottish National War Memorial",
        "wikidata": "Q7437874",
        "source_url": "https://www.openstreetmap.org/way/511343921",
        "fetched_at_utc": "2026-10-07T11:41:56+00:00",
        "query_key": "historic_sites",
        "tags": {
          "building": "chapel",
          "historic": "memorial",
          "inscription": "TO THE GLORY OF GOD & IN MEMORY OF SCOTS WHO FELL 1914 1918",
          "memorial": "war_memorial",
          "memorial:conflict": "WW1;WW2;20th_Century_Wars",
          "name": "Scottish National War Memorial",
          "ref:canmore": "79631",
          "ref:iwm": "2002",
          "wikidata": "Q7437874",
          "wikipedia": "en:Scottish National War Memorial"
        },
        "sitelinks": 4
      }
    },
    {
      "type": "Feature",
      "geometry": {
        "type": "Point",
        "coordinates": [
          -3.1781149111111113,
          55.95144437777778
        ]
      },
      "properties": {
        "id": "osm:way:41908995",
        "source": "osm",
        "title": "Scottish Poetry Library",
        "address": "5 Crichton's Close, Edinburgh, EH8 8DT",
        "description": "",
        "categories": [
          "cultural",
          "architecture",
          "literary"
        ],
        "primary_category": "cultural",
        "interest_score": 76,
        "website": "https://www.scottishpoetrylibrary.org.uk/",
        "wikipedia": "en:Scottish Poetry Library",
        "wikidata": "Q15275733",
        "source_url": "https://www.openstreetmap.org/way/41908995",
        "fetched_at_utc": "2026-10-07T11:41:56+00:00",
        "query_key": "performance_and_literary",
        "tags": {
          "addr:city": "Edinburgh",
          "addr:housenumber": "5",
          "addr:parentstreet": "Canongate",
          "addr:postcode": "EH8 8DT",
          "addr:street": "Crichton's Close",
          "amenity": "library",
          "building": "yes",
          "building:levels": "2",
          "height": "6",
          "name": "Scottish Poetry Library",
          "roof:material": "metal",
          "website": "https://www.scottishpoetrylibrary.org.uk/",
          "wikidata": "Q15275733",
          "wikipedia": "en:Scottish Poetry Library"
        },
        "sitelinks": 4
      }
    },
    {
      "type": "Feature",
      "geometry": {
        "type": "Point",
        "coordinates": [
          -3.1846803,
          55.9467674
        ]
      },
      "properties": {
        "id": "osm:node:3072411821",
        "source": "osm",
        "title": "Surgeons' Hall Museums",
        "address": "Nicolson Street, Edinburgh, EH8 9DW",
        "description": "",
        "categories": [
          "museum",
          "historical",
          "cultural"
        ],
        "primary_category": "museum",
        "interest_score": 76,
        "website": "https://museum.rcsed.ac.uk/",
        "wikipedia": "",
        "wikidata": "",
        "source_url": "https://www.openstreetmap.org/node/3072411821",
        "fetched_at_utc": "2026-10-07T11:41:56+00:00",
        "query_key": "museums",
        "tags": {
          "addr:city": "Edinburgh",
          "addr:country": "GB",
          "addr:housename": "The Royal College of Surgeons of Edinburgh",
          "addr:postcode": "EH8 9DW",
          "addr:street": "Nicolson Street",
          "alt_name:es": "Museo Surgeons",
          "check_date": "2024-08-10",
          "fee": "yes",
          "name": "Surgeons' Hall Museums",
          "opening_hours": "Mo-Su 10:00-17:00",
          "phone": "+44 131 527 1711",
          "source": "survey",
          "toilets:wheelchair": "yes",
          "tourism": "museum",
          "website": "https://museum.rcsed.ac.uk/",
          "wheelchair": "yes"
        }
      }
    },
    {
      "type": "Feature",
      "geometry": {
        "type": "Point",
        "coordinates": [
          -3.1888197,
          55.9519466
        ]
      },
      "properties": {
        "id": "osm:node:13564998178",
        "source": "osm",
        "title": "The Jellicoe Express -- 1917 - 2017",
        "address": "",
        "description": "The Royal Navy train known as the Jellicoe Express stopped here.  From 1917 it ran daily between London and Thurso during both world wars.  It was named after Admiral Sir John Jellicoe and carried service personnel to and from Naval bases around the count",
        "categories": [
          "historical",
          "memorial"
        ],
        "primary_category": "historical",
        "interest_score": 76,
        "website": "",
        "wikipedia": "en:Highland Railway",
        "wikidata": "Q693105",
        "source_url": "https://www.openstreetmap.org/node/13564998178",
        "fetched_at_utc": "2026-10-07T11:41:56+00:00",
        "query_key": "historic_sites",
        "tags": {
          "colour": "white",
          "direction": "155",
          "historic": "memorial",
          "inscription": "The Royal Navy train known as the Jellicoe Express stopped here.  From 1917 it ran daily between London and Thurso during both world wars.  It was named after Admiral Sir John Jellicoe and carried service personnel to and from Naval bases around the count",
          "material": "metal",
          "memorial": "plaque",
          "name": "The Jellicoe Express -- 1917 - 2017",
          "wikidata": "Q693105",
          "wikipedia": "en:Highland Railway"
        },
        "sitelinks": 5
      }
    },
    {
      "type": "Feature",
      "geometry": {
        "type": "Point",
        "coordinates": [
          -3.1742923676470585,
          55.964629385294124
        ]
      },
      "properties": {
        "id": "osm:way:287051326",
        "source": "osm",
        "title": "The Out of the Blue Drill Hall",
        "address": "36 Dalmeny Street, Edinburgh, EH6 8RG",
        "description": "",
        "categories": [
          "cultural",
          "architecture",
          "art"
        ],
        "primary_category": "cultural",
        "interest_score": 76,
        "website": "https://www.outoftheblue.org.uk/",
        "wikipedia": "en:Dalmeny Street drill hall",
        "wikidata": "Q5307543",
        "source_url": "https://www.openstreetmap.org/way/287051326",
        "fetched_at_utc": "2026-10-07T11:41:56+00:00",
        "query_key": "galleries_and_arts",
        "tags": {
          "addr:city": "Edinburgh",
          "addr:housenumber": "36",
          "addr:postcode": "EH6 8RG",
          "addr:street": "Dalmeny Street",
          "alt_name": "Drill Hall",
          "amenity": "arts_centre",
          "building": "yes",
          "check_date": "2024-12-06",
          "name": "The Out of the Blue Drill Hall",
          "phone": "+44 131 555 7100",
          "source": "NLS_OS_Edinburgh_map_1940s;Bing;survey",
          "website": "https://www.outoftheblue.org.uk/",
          "wikidata": "Q5307543",
          "wikipedia": "en:Dalmeny Street drill hall"
        },
        "sitelinks": 1
      }
    },
    {
      "type": "Feature",
      "geometry": {
        "type": "Point",
        "coordinates": [
          -3.1816286261904763,
          55.941241940476196
        ]
      },
      "properties": {
        "id": "osm:way:474682456",
        "source": "osm",
        "title": "The Queen's Hall",
        "address": "87-89 Clerk Street, Edinburgh, EH8 9JG",
        "description": "",
        "categories": [
          "cultural",
          "architecture",
          "art"
        ],
        "primary_category": "cultural",
        "interest_score": 76,
        "website": "https://www.thequeenshall.net/",
        "wikipedia": "en:Queen's Hall, Edinburgh",
        "wikidata": "Q7270008",
        "source_url": "https://www.openstreetmap.org/way/474682456",
        "fetched_at_utc": "2026-10-07T11:41:56+00:00",
        "query_key": "performance_and_literary",
        "tags": {
          "addr:city": "Edinburgh",
          "addr:housenumber": "87-89",
          "addr:postcode": "EH8 9JG",
          "addr:street": "Clerk Street",
          "amenity": "theatre",
          "building": "yes",
          "check_date": "2026-01-30",
          "edinburgh_fringe": "The Queen's Hall",
          "edinburgh_international": "The Queen's Hall",
          "fhrs:id": "145914",
          "internet_access": "wlan",
          "internet_access:fee": "no",
          "name": "The Queen's Hall",
          "payment:cash": "yes",
          "payment:credit_cards": "yes",
          "payment:debit_cards": "yes",
          "phone": "+44 131 668 2019",
          "source": "NLS_OS_Edinburgh_map_1940s;Bing;survey",
          "theatre:genre": "chamber_music",
          "website": "https://www.thequeenshall.net/",
          "wheelchair": "yes",
          "wikidata": "Q7270008",
          "wikipedia": "en:Queen's Hall, Edinburgh"
        },
        "sitelinks": 3
      }
    },
    {
      "type": "Feature",
      "geometry": {
        "type": "Point",
        "coordinates": [
          -3.205105981944444,
          55.94728382777777
        ]
      },
      "properties": {
        "id": "osm:way:230567157",
        "source": "osm",
        "title": "Usher Hall",
        "address": "Lothian Road, Edinburgh, EH1 2EA",
        "description": "",
        "categories": [
          "cultural",
          "architecture",
          "art"
        ],
        "primary_category": "cultural",
        "interest_score": 76,
        "website": "https://www.usherhall.co.uk/",
        "wikipedia": "en:Usher Hall",
        "wikidata": "Q1636910",
        "source_url": "https://www.openstreetmap.org/way/230567157",
        "fetched_at_utc": "2026-10-07T11:41:56+00:00",
        "query_key": "performance_and_literary",
        "tags": {
          "addr:city": "Edinburgh",
          "addr:postcode": "EH1 2EA",
          "addr:street": "Lothian Road",
          "amenity": "theatre",
          "building": "yes",
          "building:levels": "3",
          "fhrs:id": "139313",
          "name": "Usher Hall",
          "nohousenumber": "yes",
          "phone": "+44 131 228 1155",
          "source": "NLS_OS_Edinburgh_map_1940s;Bing;survey",
          "website": "https://www.usherhall.co.uk/",
          "wheelchair": "yes",
          "wikidata": "Q1636910",
          "wikipedia": "en:Usher Hall"
        },
        "sitelinks": 13
      }
    },
    {
      "type": "Feature",
      "geometry": {
        "type": "Point",
        "coordinates": [
          -3.158307833333333,
          55.95440871666667
        ]
      },
      "properties": {
        "id": "osm:way:460962807",
        "source": "osm",
        "title": "Cairn for Margaret Hall",
        "address": "",
        "description": "This cairn commemorates an event on 17 October 1720 when Nicol Muschat, a surgeon, dragged his wife to a nearby spot and brutally murdered her. He was eventually tried and hanged for this crime. At his trial he said that he had simply tired of her.",
        "categories": [
          "historical",
          "memorial"
        ],
        "primary_category": "historical",
        "interest_score": 74,
        "website": "",
        "wikipedia": "en:Holyrood Park#Muschat's Cairn",
        "wikidata": "",
        "source_url": "https://www.openstreetmap.org/way/460962807",
        "fetched_at_utc": "2026-10-07T11:41:56+00:00",
        "query_key": "historic_sites",
        "tags": {
          "access": "yes",
          "description": "This cairn commemorates an event on 17 October 1720 when Nicol Muschat, a surgeon, dragged his wife to a nearby spot and brutally murdered her. He was eventually tried and hanged for this crime. At his trial he said that he had simply tired of her.",
          "historic": "memorial",
          "image": "https://www.geograph.org.uk/photo/7909684",
          "memorial": "cairn",
          "name": "Cairn for Margaret Hall",
          "ref:canmore": "157263",
          "wikipedia": "en:Holyrood Park#Muschat's Cairn"
        }
      }
    },
    {
      "type": "Feature",
      "geometry": {
        "type": "Point",
        "coordinates": [
          -3.2064848529914536,
          55.950040772649565
        ]
      },
      "properties": {
        "id": "osm:way:62061248",
        "source": "osm",
        "title": "Church of St John the Evangelist",
        "address": "Princes Street, Edinburgh, EH2 4BJ",
        "description": "",
        "categories": [
          "architecture",
          "religious",
          "landmark"
        ],
        "primary_category": "architecture",
        "interest_score": 74,
        "website": "https://www.stjohns-edinburgh.org.uk/",
        "wikipedia": "en:St John's, Edinburgh",
        "wikidata": "Q5117460",
        "source_url": "https://www.openstreetmap.org/way/62061248",
        "fetched_at_utc": "2026-10-07T11:41:56+00:00",
        "query_key": "attractions_and_viewpoints",
        "tags": {
          "addr:city": "Edinburgh",
          "addr:postcode": "EH2 4BJ",
          "addr:street": "Princes Street",
          "alt_name": "St John's Church",
          "alt_name:es": "Iglesia_Sant_John",
          "amenity": "place_of_worship",
          "building": "church",
          "building:levels": "1",
          "building:material": "sandstone",
          "check_date": "2024-09-22",
          "denomination": "scottish_episcopal",
          "name": "Church of St John the Evangelist",
          "phone": "+44 131 229 7565",
          "religion": "christian",
          "roof:material": "slate",
          "roof:shape": "gabled",
          "source": "NLS_OS_Edinburgh_map_1940s;Bing;survey",
          "tourism": "attraction",
          "website": "https://www.stjohns-edinburgh.org.uk/",
          "wikidata": "Q5117460",
          "wikipedia": "en:St John's, Edinburgh"
        },
        "sitelinks": 3
      }
    },
    {
      "type": "Feature",
      "geometry": {
        "type": "Point",
        "coordinates": [
          -3.2082145,
          55.9524878
        ]
      },
      "properties": {
        "id": "osm:node:2853530751",
        "source": "osm",
        "title": "Georgian House",
        "address": "7 Charlotte Square, Edinburgh",
        "description": "",
        "categories": [
          "historical",
          "landmark"
        ],
        "primary_category": "historical",
        "interest_score": 74,
        "website": "https://www.nts.org.uk/Property/Georgian-House/",
        "wikipedia": "en:The Georgian House, Edinburgh",
        "wikidata": "Q7736202",
        "source_url": "https://www.openstreetmap.org/node/2853530751",
        "fetched_at_utc": "2026-10-07T11:41:56+00:00",
        "query_key": "attractions_and_viewpoints",
        "tags": {
          "addr:city": "Edinburgh",
          "addr:housenumber": "7",
          "addr:street": "Charlotte Square",
          "historic": "house",
          "name": "Georgian House",
          "opening_hours:url": "https://www.nts.org.uk/visit/places/georgian-house/planning-your-visit#opening-times",
          "operator": "National Trust for Scotland",
          "operator:wikidata": "Q599997",
          "source": "survey",
          "toilets": "yes",
          "tourism": "attraction",
          "website": "https://www.nts.org.uk/Property/Georgian-House/",
          "wikidata": "Q7736202",
          "wikimedia_commons": "Category:The Georgian House, Edinburgh",
          "wikipedia": "en:The Georgian House, Edinburgh"
        },
        "sitelinks": 2
      }
    },
    {
      "type": "Feature",
      "geometry": {
        "type": "Point",
        "coordinates": [
          -3.192299622471911,
          55.94661975280899
        ]
      },
      "properties": {
        "id": "osm:way:287130390",
        "source": "osm",
        "title": "Greyfriars Kirk",
        "address": "Greyfriars Place, Edinburgh, EH1 2QQ",
        "description": "",
        "categories": [
          "architecture",
          "religious",
          "landmark"
        ],
        "primary_category": "architecture",
        "interest_score": 74,
        "website": "https://greyfriarskirk.com/",
        "wikipedia": "en:Greyfriars Kirk",
        "wikidata": "Q2113456",
        "source_url": "https://www.openstreetmap.org/way/287130390",
        "fetched_at_utc": "2026-10-07T11:41:56+00:00",
        "query_key": "attractions_and_viewpoints",
        "tags": {
          "addr:city": "Edinburgh",
          "addr:postcode": "EH1 2QQ",
          "addr:street": "Greyfriars Place",
          "alt_name": "Greyfriars Tolbooth & Highland Kirk",
          "amenity": "place_of_worship",
          "building": "church",
          "building:levels": "1",
          "check_date": "2026-05-22",
          "denomination": "church_of_scotland",
          "fhrs:id": "1210143",
          "name": "Greyfriars Kirk",
          "name:es": "Iglesia de Greyfriars",
          "name:gd": "Eaglais nam Manach Liath",
          "name:sco": "Greyfriars Kirk",
          "phone": "+44 131 225 1900",
          "religion": "christian",
          "source": "NLS_OS_Edinburgh_map_1940s;Bing;survey",
          "tourism": "attraction",
          "website": "https://greyfriarskirk.com/",
          "wheelchair": "yes",
          "wikidata": "Q2113456",
          "wikipedia": "en:Greyfriars Kirk"
        },
        "sitelinks": 9
      }
    },
    {
      "type": "Feature",
      "geometry": {
        "type": "Point",
        "coordinates": [
          -3.1939333,
          55.9572559
        ]
      },
      "properties": {
        "id": "osm:node:5964650331",
        "source": "osm",
        "title": "Herbert Nigel Gresley",
        "address": "",
        "description": "Herbert Nigel Gresley (1876-1941) World renowned designer of steam locomotives incluging Flying Scotsman & Mallardf was born here 19 June 1876",
        "categories": [
          "blue_plaque",
          "historical",
          "memorial"
        ],
        "primary_category": "blue_plaque",
        "interest_score": 74,
        "website": "",
        "wikipedia": "",
        "wikidata": "",
        "source_url": "https://www.openstreetmap.org/node/5964650331",
        "fetched_at_utc": "2026-10-07T11:41:56+00:00",
        "query_key": "historic_sites",
        "tags": {
          "historic": "memorial",
          "inscription": "Herbert Nigel Gresley (1876-1941) World renowned designer of steam locomotives incluging Flying Scotsman & Mallardf was born here 19 June 1876",
          "memorial": "blue_plaque",
          "name": "Herbert Nigel Gresley",
          "subject:wikidata": "Q320438",
          "subject:wikipedia": "en:Nigel Gresley"
        }
      }
    },
    {
      "type": "Feature",
      "geometry": {
        "type": "Point",
        "coordinates": [
          -3.2001566,
          55.9487878
        ]
      },
      "properties": {
        "id": "osm:node:505014478",
        "source": "osm",
        "title": "Mons Meg",
        "address": "",
        "description": "",
        "categories": [
          "historical",
          "landmark"
        ],
        "primary_category": "historical",
        "interest_score": 74,
        "website": "https://www.edinburghcastle.scot/see-and-do/highlights/mons-meg",
        "wikipedia": "en:Mons Meg",
        "wikidata": "Q952412",
        "source_url": "https://www.openstreetmap.org/node/505014478",
        "fetched_at_utc": "2026-10-07T11:41:56+00:00",
        "query_key": "attractions_and_viewpoints",
        "tags": {
          "historic": "cannon",
          "name": "Mons Meg",
          "tourism": "attraction",
          "website": "https://www.edinburghcastle.scot/see-and-do/highlights/mons-meg",
          "wikidata": "Q952412",
          "wikipedia": "en:Mons Meg"
        },
        "sitelinks": 18
      }
    },
    {
      "type": "Feature",
      "geometry": {
        "type": "Point",
        "coordinates": [
          -3.1832022,
          55.9476769
        ]
      },
      "properties": {
        "id": "osm:node:5198142639",
        "source": "osm",
        "title": "Peter Ware Higgs, born 1929",
        "address": "",
        "description": "Theoretical physicist and Nobel Laureate in Physics 2013. Wrote the paper which predicted the Higgs boson in this building in 1964.",
        "categories": [
          "blue_plaque",
          "historical",
          "memorial"
        ],
        "primary_category": "blue_plaque",
        "interest_score": 74,
        "website": "",
        "wikipedia": "",
        "wikidata": "",
        "source_url": "https://www.openstreetmap.org/node/5198142639",
        "fetched_at_utc": "2026-10-07T11:41:56+00:00",
        "query_key": "historic_sites",
        "tags": {
          "historic": "memorial",
          "inscription": "Theoretical physicist and Nobel Laureate in Physics 2013. Wrote the paper which predicted the Higgs boson in this building in 1964.",
          "memorial": "blue_plaque",
          "name": "Peter Ware Higgs, born 1929",
          "subject:wikipedia": "en:Peter Higgs"
        }
      }
    },
    {
      "type": "Feature",
      "geometry": {
        "type": "Point",
        "coordinates": [
          -3.1923452,
          55.939604
        ]
      },
      "properties": {
        "id": "osm:node:11497924741",
        "source": "osm",
        "title": "Sir Arthur Conan Doyle, creator of Sherlock Holmes, lived here 1876 - 1877",
        "address": "",
        "description": "Sir Arthur Conan Doyle, creator of Sherlock Holmes, lived here 1876 - 1877",
        "categories": [
          "blue_plaque",
          "historical",
          "memorial"
        ],
        "primary_category": "blue_plaque",
        "interest_score": 74,
        "website": "",
        "wikipedia": "",
        "wikidata": "",
        "source_url": "https://www.openstreetmap.org/node/11497924741",
        "fetched_at_utc": "2026-10-07T11:41:56+00:00",
        "query_key": "historic_sites",
        "tags": {
          "historic": "memorial",
          "inscription": "Sir Arthur Conan Doyle, creator of Sherlock Holmes, lived here 1876 - 1877",
          "memorial": "blue_plaque"
        }
      }
    },
    {
      "type": "Feature",
      "geometry": {
        "type": "Point",
        "coordinates": [
          -3.194702,
          55.9488757
        ]
      },
      "properties": {
        "id": "osm:node:6297782779",
        "source": "osm",
        "title": "Sir Rudolph Bing",
        "address": "",
        "description": "Founding Director Edinburgh International Festival 1947",
        "categories": [
          "blue_plaque",
          "historical",
          "memorial"
        ],
        "primary_category": "blue_plaque",
        "interest_score": 74,
        "website": "",
        "wikipedia": "",
        "wikidata": "",
        "source_url": "https://www.openstreetmap.org/node/6297782779",
        "fetched_at_utc": "2026-10-07T11:41:56+00:00",
        "query_key": "historic_sites",
        "tags": {
          "historic": "memorial",
          "inscription": "Founding Director Edinburgh International Festival 1947",
          "memorial": "blue_plaque",
          "name": "Sir Rudolph Bing"
        }
      }
    },
    {
      "type": "Feature",
      "geometry": {
        "type": "Point",
        "coordinates": [
          -3.1908440237762243,
          55.94942768041958
        ]
      },
      "properties": {
        "id": "osm:way:42407060",
        "source": "osm",
        "title": "St Giles' Cathedral",
        "address": "Royal Mile, Edinburgh, EH1 1RE",
        "description": "",
        "categories": [
          "architecture",
          "religious",
          "landmark"
        ],
        "primary_category": "architecture",
        "interest_score": 74,
        "website": "https://www.stgilescathedral.org.uk/",
        "wikipedia": "en:St Giles' Cathedral",
        "wikidata": "Q1547466",
        "source_url": "https://www.openstreetmap.org/way/42407060",
        "fetched_at_utc": "2026-10-07T11:41:56+00:00",
        "query_key": "attractions_and_viewpoints",
        "tags": {
          "addr:city": "Edinburgh",
          "addr:postcode": "EH1 1RE",
          "addr:street": "Royal Mile",
          "alt_name": "High Kirk of Edinburgh",
          "alt_name:es": "Iglesia Mayor de Edimburgo",
          "alt_name:sco": "Heich Kirk o Edinburgh",
          "amenity": "place_of_worship",
          "building": "cathedral",
          "denomination": "church_of_scotland",
          "fhrs:id": "148187",
          "name": "St Giles' Cathedral",
          "name:es": "Catedral de San Gil",
          "name:gd": "Cathair-eaglais Naomh Giles",
          "name:ko": "세인트 자일스 대성당",
          "name:sco": "St Giles' Cathedral",
          "opening_hours": "Apr-Oct Mo-Fr 10:00-18:00; Apr-Oct Sa 09:00-17:00; Apr-Oct,Nov-Mar Su 13:00-17:00; Nov-Mar Mo-Sa 09:00-17:00",
          "religion": "christian",
          "source": "NLS_OS_Edinburgh_map_1940s;Bing;survey",
          "tourism": "attraction",
          "website": "https://www.stgilescathedral.org.uk/",
          "wheelchair": "yes",
          "wikidata": "Q1547466",
          "wikipedia": "en:St Giles' Cathedral"
        },
        "sitelinks": 29
      }
    },
    {
      "type": "Feature",
      "geometry": {
        "type": "Point",
        "coordinates": [
          -3.204986897999999,
          55.949669518
        ]
      },
      "properties": {
        "id": "osm:way:62061368",
        "source": "osm",
        "title": "The Parish Church of St Cuthbert",
        "address": "5 Lothian Road, Edinburgh, EH1 2EP",
        "description": "",
        "categories": [
          "architecture",
          "religious",
          "landmark"
        ],
        "primary_category": "architecture",
        "interest_score": 74,
        "website": "https://www.st-cuthberts.net/",
        "wikipedia": "en:St Cuthbert's Church, Edinburgh",
        "wikidata": "Q7756122",
        "source_url": "https://www.openstreetmap.org/way/62061368",
        "fetched_at_utc": "2026-10-07T11:41:56+00:00",
        "query_key": "attractions_and_viewpoints",
        "tags": {
          "addr:city": "Edinburgh",
          "addr:housenumber": "5",
          "addr:postcode": "EH1 2EP",
          "addr:street": "Lothian Road",
          "alt_name": "St Cuthbert's Parish Church",
          "alt_name:es": "Iglesia_Saint_Cuthbert",
          "alt_name:sco": "St Cuthbert's Pairish Kirk",
          "amenity": "place_of_worship",
          "building": "church",
          "building:material": "sandstone",
          "denomination": "church_of_scotland",
          "fhrs:id": "123124",
          "height": "8",
          "name": "The Parish Church of St Cuthbert",
          "name:gd": "Eaglais Pharraist an Naoimh Cuthbert",
          "name:sco": "The Pairish Kirk o St Cuthbert",
          "phone": "+44 131 229 1142",
          "religion": "christian",
          "service_times": "Su 09:30, 11:00, 18:00",
          "source": "NLS_OS_Edinburgh_1940s;Bing;survey",
          "tourism": "attraction",
          "website": "https://www.st-cuthberts.net/",
          "wikidata": "Q7756122",
          "wikipedia": "en:St Cuthbert's Church, Edinburgh"
        },
        "sitelinks": 3
      }
    },
    {
      "type": "Feature",
      "geometry": {
        "type": "Point",
        "coordinates": [
          -3.1870959,
          55.9453046
        ]
      },
      "properties": {
        "id": "osm:node:10789093307",
        "source": "osm",
        "title": "The University of Edinburgh In honour of Thomas Bayes FRS c. 1702-1761. Bayes' T",
        "address": "",
        "description": "The University of Edinburgh In honour of Thomas Bayes FRS c. 1702-1761. Bayes' Theorem P(X|Y) = P(Y|X)P(X)/P(Y)",
        "categories": [
          "blue_plaque",
          "historical",
          "memorial"
        ],
        "primary_category": "blue_plaque",
        "interest_score": 74,
        "website": "",
        "wikipedia": "",
        "wikidata": "",
        "source_url": "https://www.openstreetmap.org/node/10789093307",
        "fetched_at_utc": "2026-10-07T11:41:56+00:00",
        "query_key": "historic_sites",
        "tags": {
          "historic": "memorial",
          "inscription": "The University of Edinburgh In honour of Thomas Bayes FRS c. 1702-1761. Bayes' Theorem P(X|Y) = P(Y|X)P(X)/P(Y)",
          "memorial": "blue_plaque"
        }
      }
    },
    {
      "type": "Feature",
      "geometry": {
        "type": "Point",
        "coordinates": [
          -3.173492311111111,
          55.95272822222222
        ]
      },
      "properties": {
        "id": "osm:way:41893739",
        "source": "osm",
        "title": "Abbey Court House",
        "address": "",
        "description": "",
        "categories": [
          "historical",
          "architecture"
        ],
        "primary_category": "historical",
        "interest_score": 72,
        "website": "",
        "wikipedia": "",
        "wikidata": "Q17571047",
        "source_url": "https://www.openstreetmap.org/way/41893739",
        "fetched_at_utc": "2026-10-07T11:41:56+00:00",
        "query_key": "heritage_sites",
        "tags": {
          "building": "civic",
          "building:levels": "2",
          "heritage": "yes",
          "name": "Abbey Court House",
          "roof:levels": "0",
          "wikidata": "Q17571047"
        },
        "sitelinks": 0
      }
    },
    {
      "type": "Feature",
      "geometry": {
        "type": "Point",
        "coordinates": [
          -3.189206822033899,
          55.95290351355931
        ]
      },
      "properties": {
        "id": "osm:relation:14213049",
        "source": "osm",
        "title": "Balmoral Hotel",
        "address": "1 Princes Street, Edinburgh, EH2 2EQ",
        "description": "",
        "categories": [
          "historical",
          "architecture"
        ],
        "primary_category": "historical",
        "interest_score": 72,
        "website": "",
        "wikipedia": "",
        "wikidata": "Q3700280",
        "source_url": "https://www.openstreetmap.org/relation/14213049",
        "fetched_at_utc": "2026-10-07T11:41:56+00:00",
        "query_key": "heritage_sites",
        "tags": {
          "addr:city": "Edinburgh",
          "addr:housenumber": "1",
          "addr:postcode": "EH2 2EQ",
          "addr:street": "Princes Street",
          "building": "hotel",
          "fhrs:id": "122903",
          "heritage": "2",
          "heritage:operator": "Historic Environment Scotland",
          "name": "Balmoral Hotel",
          "name:ko": "발모랄 호텔",
          "old_name": "North British Station Hotel",
          "ref:GB:hs": "LB30315",
          "source": "Bing;NLS_OS_Edinburgh_map_1940s;survey",
          "source:addr:postcode": "FHRS Open Data",
          "tourism": "hotel",
          "wikidata": "Q3700280"
        },
        "sitelinks": 11
      }
    },
    {
      "type": "Feature",
      "geometry": {
        "type": "Point",
        "coordinates": [
          -3.221764914285714,
          55.95091926428572
        ]
      },
      "properties": {
        "id": "osm:way:555982683",
        "source": "osm",
        "title": "Belford Bridge",
        "address": "",
        "description": "",
        "categories": [
          "historical",
          "architecture"
        ],
        "primary_category": "historical",
        "interest_score": 72,
        "website": "",
        "wikipedia": "",
        "wikidata": "Q17809569",
        "source_url": "https://www.openstreetmap.org/way/555982683",
        "fetched_at_utc": "2026-10-07T11:41:56+00:00",
        "query_key": "heritage_sites",
        "tags": {
          "bridge:structure": "arch",
          "heritage": "yes",
          "layer": "1",
          "man_made": "bridge",
          "name": "Belford Bridge",
          "start_date": "1887",
          "wikidata": "Q17809569"
        },
        "sitelinks": 0
      }
    },
    {
      "type": "Feature",
      "geometry": {
        "type": "Point",
        "coordinates": [
          -3.1875143588235297,
          55.97176456470589
        ]
      },
      "properties": {
        "id": "osm:way:555968554",
        "source": "osm",
        "title": "Bonnington Bridge",
        "address": "",
        "description": "",
        "categories": [
          "historical",
          "architecture"
        ],
        "primary_category": "historical",
        "interest_score": 72,
        "website": "",
        "wikipedia": "",
        "wikidata": "Q17808824",
        "source_url": "https://www.openstreetmap.org/way/555968554",
        "fetched_at_utc": "2026-10-07T11:41:56+00:00",
        "query_key": "heritage_sites",
        "tags": {
          "bridge:structure": "arch",
          "heritage": "yes",
          "layer": "1",
          "man_made": "bridge",
          "name": "Bonnington Bridge",
          "start_date": "1903",
          "wikidata": "Q17808824"
        },
        "sitelinks": 0
      }
    },
    {
      "type": "Feature",
      "geometry": {
        "type": "Point",
        "coordinates": [
          -3.183187745454546,
          55.96971619999999
        ]
      },
      "properties": {
        "id": "osm:way:309495081",
        "source": "osm",
        "title": "Bonnington Court",
        "address": "",
        "description": "",
        "categories": [
          "historical",
          "architecture"
        ],
        "primary_category": "historical",
        "interest_score": 72,
        "website": "",
        "wikipedia": "",
        "wikidata": "Q56631170",
        "source_url": "https://www.openstreetmap.org/way/309495081",
        "fetched_at_utc": "2026-10-07T11:41:56+00:00",
        "query_key": "heritage_sites",
        "tags": {
          "building": "apartments",
          "heritage": "yes",
          "loc_name": "Cardboard Box Factory",
          "name": "Bonnington Court",
          "source": "Bing;survey",
          "wikidata": "Q56631170"
        },
        "sitelinks": 0
      }
    },
    {
      "type": "Feature",
      "geometry": {
        "type": "Point",
        "coordinates": [
          -3.220075957142857,
          55.95064859999999
        ]
      },
      "properties": {
        "id": "osm:way:322330780",
        "source": "osm",
        "title": "Calax House",
        "address": "",
        "description": "",
        "categories": [
          "historical",
          "architecture"
        ],
        "primary_category": "historical",
        "interest_score": 72,
        "website": "",
        "wikipedia": "",
        "wikidata": "Q17804348",
        "source_url": "https://www.openstreetmap.org/way/322330780",
        "fetched_at_utc": "2026-10-07T11:41:56+00:00",
        "query_key": "heritage_sites",
        "tags": {
          "building": "house",
          "heritage": "yes",
          "name": "Calax House",
          "source": "NLS_OS_Edinburgh_map_1940s;Bing",
          "wikidata": "Q17804348"
        },
        "sitelinks": 0
      }
    },
    {
      "type": "Feature",
      "geometry": {
        "type": "Point",
        "coordinates": [
          -3.2246644,
          55.93947924583335
        ]
      },
      "properties": {
        "id": "osm:way:326360980",
        "source": "osm",
        "title": "Dalry Cemetery",
        "address": "",
        "description": "",
        "categories": [
          "historical",
          "architecture"
        ],
        "primary_category": "historical",
        "interest_score": 72,
        "website": "",
        "wikipedia": "",
        "wikidata": "Q56630924",
        "source_url": "https://www.openstreetmap.org/way/326360980",
        "fetched_at_utc": "2026-10-07T11:41:56+00:00",
        "query_key": "heritage_sites",
        "tags": {
          "heritage": "yes",
          "landuse": "cemetery",
          "name": "Dalry Cemetery",
          "opening_hours": "Mo-Su 09:00-16:00",
          "ref:canmore": "87699",
          "wikidata": "Q56630924"
        },
        "sitelinks": 0
      }
    },
    {
      "type": "Feature",
      "geometry": {
        "type": "Point",
        "coordinates": [
          -3.2240785969696972,
          55.940588530303025
        ]
      },
      "properties": {
        "id": "osm:way:43327356",
        "source": "osm",
        "title": "Dalry Cemetery Lodge",
        "address": "",
        "description": "",
        "categories": [
          "historical",
          "architecture"
        ],
        "primary_category": "historical",
        "interest_score": 72,
        "website": "",
        "wikipedia": "",
        "wikidata": "Q17805944",
        "source_url": "https://www.openstreetmap.org/way/43327356",
        "fetched_at_utc": "2026-10-07T11:41:56+00:00",
        "query_key": "heritage_sites",
        "tags": {
          "building": "detached",
          "building:levels": "1",
          "heritage": "yes",
          "name": "Dalry Cemetery Lodge",
          "roof:levels": "1",
          "source": "NLS_OS_Edinburgh_map_1940s;Bing",
          "wikidata": "Q17805944"
        },
        "sitelinks": 0
      }
    },
    {
      "type": "Feature",
      "geometry": {
        "type": "Point",
        "coordinates": [
          -3.2223971315789477,
          55.95472633684211
        ]
      },
      "properties": {
        "id": "osm:way:23166563",
        "source": "osm",
        "title": "Dean Cemetery",
        "address": "",
        "description": "",
        "categories": [
          "historical",
          "architecture"
        ],
        "primary_category": "historical",
        "interest_score": 72,
        "website": "",
        "wikipedia": "",
        "wikidata": "Q17570833",
        "source_url": "https://www.openstreetmap.org/way/23166563",
        "fetched_at_utc": "2026-10-07T11:41:56+00:00",
        "query_key": "heritage_sites",
        "tags": {
          "alt_name": "Dean Cemetery Extension",
          "heritage": "yes",
          "landuse": "cemetery",
          "name": "Dean Cemetery",
          "ref:canmore": "275013",
          "wikidata": "Q17570833"
        },
        "sitelinks": 0
      }
    },
    {
      "type": "Feature",
      "geometry": {
        "type": "Point",
        "coordinates": [
          -3.1500676812500004,
          55.941954374999995
        ]
      },
      "properties": {
        "id": "osm:way:265251297",
        "source": "osm",
        "title": "Duddingston (South) Lodge",
        "address": "",
        "description": "",
        "categories": [
          "historical",
          "architecture"
        ],
        "primary_category": "historical",
        "interest_score": 72,
        "website": "",
        "wikipedia": "",
        "wikidata": "Q17801819",
        "source_url": "https://www.openstreetmap.org/way/265251297",
        "fetched_at_utc": "2026-10-07T11:41:56+00:00",
        "query_key": "heritage_sites",
        "tags": {
          "building": "lodge",
          "heritage": "2",
          "heritage:operator": "Historic Environment Scotland",
          "name": "Duddingston (South) Lodge",
          "ref:GB:hs": "LB49511",
          "wikidata": "Q17801819"
        },
        "sitelinks": 0
      }
    },
    {
      "type": "Feature",
      "geometry": {
        "type": "Point",
        "coordinates": [
          -3.177827176923077,
          55.9476591076923
        ]
      },
      "properties": {
        "id": "osm:way:41712975",
        "source": "osm",
        "title": "Dumbiedykes Lodge",
        "address": "",
        "description": "",
        "categories": [
          "historical",
          "architecture"
        ],
        "primary_category": "historical",
        "interest_score": 72,
        "website": "",
        "wikipedia": "",
        "wikidata": "Q77779694",
        "source_url": "https://www.openstreetmap.org/way/41712975",
        "fetched_at_utc": "2026-10-07T11:41:56+00:00",
        "query_key": "heritage_sites",
        "tags": {
          "building": "lodge",
          "heritage": "2",
          "heritage:operator": "Historic Environment Scotland",
          "name": "Dumbiedykes Lodge",
          "ref:GB:hs": "LB49510",
          "wikidata": "Q77779694"
        },
        "sitelinks": 0
      }
    },
    {
      "type": "Feature",
      "geometry": {
        "type": "Point",
        "coordinates": [
          -3.2017153,
          55.9488973
        ]
      },
      "properties": {
        "id": "osm:node:4437637818",
        "source": "osm",
        "title": "Earl Haig",
        "address": "",
        "description": "",
        "categories": [
          "historical",
          "cultural",
          "art",
          "memorial"
        ],
        "primary_category": "historical",
        "interest_score": 72,
        "website": "",
        "wikipedia": "",
        "wikidata": "Q17813234",
        "source_url": "https://www.openstreetmap.org/node/4437637818",
        "fetched_at_utc": "2026-10-07T11:41:56+00:00",
        "query_key": "galleries_and_arts",
        "tags": {
          "artist:wikidata": "Q16029268",
          "artwork_type": "statue",
          "historic": "memorial",
          "material": "bronze",
          "memorial": "statue",
          "name": "Earl Haig",
          "note_IWM": "No IWM ID",
          "ref:canmore": "236873",
          "statue": "equestrian",
          "subject:wikidata": "Q312564",
          "subject:wikipedia": "en:Douglas Haig, 1st Earl Haig",
          "tourism": "artwork",
          "war_memorial": "yes",
          "wikidata": "Q17813234",
          "wikimedia_commons": "File:Earl Haig statue, Edinburgh Castle.jpg"
        },
        "sitelinks": 0
      }
    },
    {
      "type": "Feature",
      "geometry": {
        "type": "Point",
        "coordinates": [
          -3.1717810799999997,
          55.95786181000001
        ]
      },
      "properties": {
        "id": "osm:way:90271551",
        "source": "osm",
        "title": "Elgin House",
        "address": "",
        "description": "",
        "categories": [
          "historical",
          "architecture"
        ],
        "primary_category": "historical",
        "interest_score": 72,
        "website": "",
        "wikipedia": "",
        "wikidata": "Q77778834",
        "source_url": "https://www.openstreetmap.org/way/90271551",
        "fetched_at_utc": "2026-10-07T11:41:56+00:00",
        "query_key": "heritage_sites",
        "tags": {
          "building": "commercial",
          "building:levels": "3",
          "building:material": "stone",
          "heritage": "2",
          "heritage:operator": "Historic Environment Scotland",
          "name": "Elgin House",
          "ref:GB:hs": "LB49055",
          "roof:levels": "0",
          "roof:material": "slate",
          "source": "NLS_OS_Edinburgh_map_1940s;Bing",
          "start_date": "1879",
          "wikidata": "Q77778834"
        },
        "sitelinks": 0
      }
    },
    {
      "type": "Feature",
      "geometry": {
        "type": "Point",
        "coordinates": [
          -3.20156885,
          55.9720416
        ]
      },
      "properties": {
        "id": "osm:way:29258098",
        "source": "osm",
        "title": "Ferry Road",
        "address": "",
        "description": "",
        "categories": [
          "historical",
          "architecture"
        ],
        "primary_category": "historical",
        "interest_score": 72,
        "website": "",
        "wikipedia": "",
        "wikidata": "Q17793888",
        "source_url": "https://www.openstreetmap.org/way/29258098",
        "fetched_at_utc": "2026-10-07T11:41:56+00:00",
        "query_key": "heritage_sites",
        "tags": {
          "bridge": "yes",
          "heritage": "2",
          "highway": "primary",
          "lanes": "2",
          "layer": "1",
          "lit": "yes",
          "maxspeed": "30 mph",
          "name": "Ferry Road",
          "name:gd": "Rathad a' Phuirt",
          "ref": "A902",
          "sidewalk": "both",
          "source": "Bing;survey",
          "surface": "asphalt",
          "wikidata": "Q17793888"
        },
        "sitelinks": 0
      }
    },
    {
      "type": "Feature",
      "geometry": {
        "type": "Point",
        "coordinates": [
          -3.1730294083333335,
          55.95174020833334
        ]
      },
      "properties": {
        "id": "osm:way:41893743",
        "source": "osm",
        "title": "Holyrood Lodge",
        "address": "",
        "description": "",
        "categories": [
          "historical",
          "architecture"
        ],
        "primary_category": "historical",
        "interest_score": 72,
        "website": "",
        "wikipedia": "",
        "wikidata": "Q17791843",
        "source_url": "https://www.openstreetmap.org/way/41893743",
        "fetched_at_utc": "2026-10-07T11:41:56+00:00",
        "query_key": "heritage_sites",
        "tags": {
          "building": "lodge",
          "heritage": "2",
          "heritage:operator": "Historic Environment Scotland",
          "name": "Holyrood Lodge",
          "ref:GB:hs": "LB28023",
          "wikidata": "Q17791843"
        },
        "sitelinks": 0
      }
    },
    {
      "type": "Feature",
      "geometry": {
        "type": "Point",
        "coordinates": [
          -3.2060025,
          55.9343924
        ]
      },
      "properties": {
        "id": "osm:node:443034406",
        "source": "osm",
        "title": "John Livingston's Tomb",
        "address": "",
        "description": "",
        "categories": [
          "historical",
          "architecture"
        ],
        "primary_category": "historical",
        "interest_score": 72,
        "website": "",
        "wikipedia": "",
        "wikidata": "Q56631105",
        "source_url": "https://www.openstreetmap.org/node/443034406",
        "fetched_at_utc": "2026-10-07T11:41:56+00:00",
        "query_key": "heritage_sites",
        "tags": {
          "heritage": "yes",
          "historic": "tomb",
          "name": "John Livingston's Tomb",
          "note": "the tomb is apparently here even if the main commemorative headstone is inside the walls (North)",
          "ref:canmore": "52585",
          "source": "survey",
          "wikidata": "Q56631105"
        },
        "sitelinks": 0
      }
    },
    {
      "type": "Feature",
      "geometry": {
        "type": "Point",
        "coordinates": [
          -3.2016175944444445,
          55.94749010555555
        ]
      },
      "properties": {
        "id": "osm:way:656353979",
        "source": "osm",
        "title": "King's Bridge",
        "address": "",
        "description": "",
        "categories": [
          "historical",
          "architecture"
        ],
        "primary_category": "historical",
        "interest_score": 72,
        "website": "",
        "wikipedia": "",
        "wikidata": "Q17570853",
        "source_url": "https://www.openstreetmap.org/way/656353979",
        "fetched_at_utc": "2026-10-07T11:41:56+00:00",
        "query_key": "heritage_sites",
        "tags": {
          "bridge:structure": "arch",
          "heritage": "yes",
          "layer": "1",
          "man_made": "bridge",
          "name": "King's Bridge",
          "wikidata": "Q17570853"
        },
        "sitelinks": 0
      }
    },
    {
      "type": "Feature",
      "geometry": {
        "type": "Point",
        "coordinates": [
          -3.20414885,
          55.9781398
        ]
      },
      "properties": {
        "id": "osm:way:52255117",
        "source": "osm",
        "title": "Lennox Row",
        "address": "",
        "description": "",
        "categories": [
          "historical",
          "architecture"
        ],
        "primary_category": "historical",
        "interest_score": 72,
        "website": "",
        "wikipedia": "",
        "wikidata": "Q17793903",
        "source_url": "https://www.openstreetmap.org/way/52255117",
        "fetched_at_utc": "2026-10-07T11:41:56+00:00",
        "query_key": "heritage_sites",
        "tags": {
          "bridge": "yes",
          "heritage": "yes",
          "highway": "residential",
          "layer": "1",
          "maxspeed": "20 mph",
          "maxweight:signed": "no",
          "name": "Lennox Row",
          "sidewalk": "both",
          "sidewalk:both:surface": "asphalt",
          "source": "Bing;survey",
          "surface": "asphalt",
          "wikidata": "Q17793903"
        },
        "sitelinks": 0
      }
    },
    {
      "type": "Feature",
      "geometry": {
        "type": "Point",
        "coordinates": [
          -3.157872041176471,
          55.95431548235294
        ]
      },
      "properties": {
        "id": "osm:way:460961694",
        "source": "osm",
        "title": "Meadowbank Lodge",
        "address": "Duke's Walk, Edinburgh, EH8 8JD",
        "description": "",
        "categories": [
          "historical",
          "architecture"
        ],
        "primary_category": "historical",
        "interest_score": 72,
        "website": "",
        "wikipedia": "",
        "wikidata": "Q77779702",
        "source_url": "https://www.openstreetmap.org/way/460961694",
        "fetched_at_utc": "2026-10-07T11:41:56+00:00",
        "query_key": "heritage_sites",
        "tags": {
          "addr:city": "Edinburgh",
          "addr:housename": "Meadowbank Lodge",
          "addr:postcode": "EH8 8JD",
          "addr:street": "Duke's Walk",
          "building": "lodge",
          "building:levels": "2",
          "heritage": "2",
          "heritage:operator": "Historic Environment Scotland",
          "name": "Meadowbank Lodge",
          "ref:GB:hs": "LB49513",
          "wikidata": "Q77779702"
        },
        "sitelinks": 0
      }
    },
    {
      "type": "Feature",
      "geometry": {
        "type": "Point",
        "coordinates": [
          -3.22831408372093,
          55.9372328767442
        ]
      },
      "properties": {
        "id": "osm:way:27144663",
        "source": "osm",
        "title": "North Merchiston Cemetery",
        "address": "",
        "description": "",
        "categories": [
          "historical",
          "architecture"
        ],
        "primary_category": "historical",
        "interest_score": 72,
        "website": "",
        "wikipedia": "",
        "wikidata": "Q56630874",
        "source_url": "https://www.openstreetmap.org/way/27144663",
        "fetched_at_utc": "2026-10-07T11:41:56+00:00",
        "query_key": "heritage_sites",
        "tags": {
          "heritage": "yes",
          "landuse": "cemetery",
          "name": "North Merchiston Cemetery",
          "ref:canmore": "87698",
          "wikidata": "Q56630874"
        },
        "sitelinks": 0
      }
    },
    {
      "type": "Feature",
      "geometry": {
        "type": "Point",
        "coordinates": [
          -3.216700316666667,
          55.94885127916667
        ]
      },
      "properties": {
        "id": "osm:way:175512124",
        "source": "osm",
        "title": "Old Coates House",
        "address": "",
        "description": "",
        "categories": [
          "historical",
          "architecture"
        ],
        "primary_category": "historical",
        "interest_score": 72,
        "website": "",
        "wikipedia": "",
        "wikidata": "Q17571113",
        "source_url": "https://www.openstreetmap.org/way/175512124",
        "fetched_at_utc": "2026-10-07T11:41:56+00:00",
        "query_key": "heritage_sites",
        "tags": {
          "building": "yes",
          "heritage": "yes",
          "name": "Old Coates House",
          "source": "NLS_OS_Edinburgh_map_1940s;Bing",
          "wikidata": "Q17571113"
        },
        "sitelinks": 0
      }
    },
    {
      "type": "Feature",
      "geometry": {
        "type": "Point",
        "coordinates": [
          -3.2355493624999996,
          55.94600755
        ]
      },
      "properties": {
        "id": "osm:way:555982686",
        "source": "osm",
        "title": "Old Colt Bridge",
        "address": "",
        "description": "",
        "categories": [
          "historical",
          "architecture"
        ],
        "primary_category": "historical",
        "interest_score": 72,
        "website": "",
        "wikipedia": "",
        "wikidata": "Q17791492",
        "source_url": "https://www.openstreetmap.org/way/555982686",
        "fetched_at_utc": "2026-10-07T11:41:56+00:00",
        "query_key": "heritage_sites",
        "tags": {
          "bridge:structure": "humpback",
          "heritage": "yes",
          "layer": "1",
          "man_made": "bridge",
          "name": "Old Colt Bridge",
          "name:sco": "Auld Brig",
          "start_date": "1766",
          "wikidata": "Q17791492"
        },
        "sitelinks": 0
      }
    },
    {
      "type": "Feature",
      "geometry": {
        "type": "Point",
        "coordinates": [
          -3.23198725,
          55.94553995
        ]
      },
      "properties": {
        "id": "osm:way:4251194",
        "source": "osm",
        "title": "Roseburn Path",
        "address": "",
        "description": "",
        "categories": [
          "historical",
          "architecture"
        ],
        "primary_category": "historical",
        "interest_score": 72,
        "website": "",
        "wikipedia": "",
        "wikidata": "Q17795388",
        "source_url": "https://www.openstreetmap.org/way/4251194",
        "fetched_at_utc": "2026-10-07T11:41:56+00:00",
        "query_key": "heritage_sites",
        "tags": {
          "bicycle": "designated",
          "bridge": "yes",
          "foot": "designated",
          "heritage": "yes",
          "highway": "cycleway",
          "layer": "1",
          "lit": "yes",
          "name": "Roseburn Path",
          "segregated": "no",
          "surface": "asphalt",
          "width": "2",
          "wikidata": "Q17795388"
        },
        "sitelinks": 0
      }
    },
    {
      "type": "Feature",
      "geometry": {
        "type": "Point",
        "coordinates": [
          -3.1720989299999998,
          55.97525165999999
        ]
      },
      "properties": {
        "id": "osm:way:557972139",
        "source": "osm",
        "title": "Sandport Bridge",
        "address": "",
        "description": "",
        "categories": [
          "historical",
          "architecture"
        ],
        "primary_category": "historical",
        "interest_score": 72,
        "website": "",
        "wikipedia": "",
        "wikidata": "Q17810971",
        "source_url": "https://www.openstreetmap.org/way/557972139",
        "fetched_at_utc": "2026-10-07T11:41:56+00:00",
        "query_key": "heritage_sites",
        "tags": {
          "alt_name": "Sandport Place Bridge",
          "bridge:structure": "humpback",
          "heritage": "yes",
          "layer": "1",
          "man_made": "bridge",
          "name": "Sandport Bridge",
          "old_name": "Upper Drawbridge",
          "wikidata": "Q17810971"
        },
        "sitelinks": 0
      }
    },
    {
      "type": "Feature",
      "geometry": {
        "type": "Point",
        "coordinates": [
          -3.21697865,
          55.94901792727273
        ]
      },
      "properties": {
        "id": "osm:way:276423015",
        "source": "osm",
        "title": "Song School",
        "address": "",
        "description": "",
        "categories": [
          "historical",
          "architecture"
        ],
        "primary_category": "historical",
        "interest_score": 72,
        "website": "",
        "wikipedia": "",
        "wikidata": "Q17570540",
        "source_url": "https://www.openstreetmap.org/way/276423015",
        "fetched_at_utc": "2026-10-07T11:41:56+00:00",
        "query_key": "heritage_sites",
        "tags": {
          "building": "yes",
          "heritage": "yes",
          "name": "Song School",
          "source": "NLS_OS_Edinburgh_map_1940s;Bing",
          "wikidata": "Q17570540"
        },
        "sitelinks": 0
      }
    },
    {
      "type": "Feature",
      "geometry": {
        "type": "Point",
        "coordinates": [
          -3.18686685,
          55.94872805
        ]
      },
      "properties": {
        "id": "osm:way:4684275",
        "source": "osm",
        "title": "South Bridge",
        "address": "",
        "description": "\"To look over the South Bridge and see the Cowgate below full of crying hawkers, is to view one rank of society from another in the twinkling of an eye.\" Robert Louis Stevenson 1878",
        "categories": [
          "architecture",
          "historical",
          "memorial"
        ],
        "primary_category": "historical",
        "interest_score": 72,
        "website": "",
        "wikipedia": "",
        "wikidata": "Q7566401",
        "source_url": "https://www.openstreetmap.org/way/4684275",
        "fetched_at_utc": "2026-10-07T11:41:56+00:00",
        "query_key": "heritage_sites",
        "tags": {
          "bridge": "yes",
          "cycleway:both": "share_busway",
          "heritage": "yes",
          "highway": "primary",
          "lanes": "4",
          "lanes:backward": "2",
          "lanes:forward": "2",
          "lanes:psv:backward:conditional": "1 @ (Mo-Fr 07:30-09:30,16:00-18:30)",
          "lanes:psv:forward:conditional": "1 @ (Mo-Fr 07:30-09:30,16:00-18:30)",
          "layer": "1",
          "lit": "yes",
          "maxspeed": "20 mph",
          "maxweight:signed": "no",
          "name": "South Bridge",
          "name:gd": "Drochaid a Deas",
          "ref": "A7",
          "sidewalk": "both",
          "sidewalk:both:surface": "paving_stones",
          "source": "Bing;survey",
          "surface": "asphalt",
          "wikidata": "Q7566401"
        },
        "sitelinks": 1
      }
    },
    {
      "type": "Feature",
      "geometry": {
        "type": "Point",
        "coordinates": [
          -3.210396452941177,
          55.956303938235294
        ]
      },
      "properties": {
        "id": "osm:way:555982681",
        "source": "osm",
        "title": "St Bernard's Bridge",
        "address": "",
        "description": "",
        "categories": [
          "historical",
          "architecture"
        ],
        "primary_category": "historical",
        "interest_score": 72,
        "website": "",
        "wikipedia": "",
        "wikidata": "Q17791497",
        "source_url": "https://www.openstreetmap.org/way/555982681",
        "fetched_at_utc": "2026-10-07T11:41:56+00:00",
        "query_key": "heritage_sites",
        "tags": {
          "alt_name": "Mackenzie Bridge",
          "bridge:structure": "arch",
          "heritage": "yes",
          "layer": "1",
          "man_made": "bridge",
          "name": "St Bernard's Bridge",
          "start_date": "1824",
          "wikidata": "Q17791497"
        },
        "sitelinks": 0
      }
    },
    {
      "type": "Feature",
      "geometry": {
        "type": "Point",
        "coordinates": [
          -3.1711925,
          55.9418312
        ]
      },
      "properties": {
        "id": "osm:node:6781855165",
        "source": "osm",
        "title": "St Leonard's Fountain",
        "address": "",
        "description": "",
        "categories": [
          "historical",
          "architecture"
        ],
        "primary_category": "historical",
        "interest_score": 72,
        "website": "",
        "wikipedia": "",
        "wikidata": "Q77779706",
        "source_url": "https://www.openstreetmap.org/node/6781855165",
        "fetched_at_utc": "2026-10-07T11:41:56+00:00",
        "query_key": "heritage_sites",
        "tags": {
          "amenity": "fountain",
          "heritage": "2",
          "heritage:operator": "Historic Environment Scotland",
          "name": "St Leonard's Fountain",
          "ref:GB:hs": "LB49514",
          "ref:canmore": "196232",
          "wikidata": "Q77779706"
        },
        "sitelinks": 0
      }
    },
    {
      "type": "Feature",
      "geometry": {
        "type": "Point",
        "coordinates": [
          -3.1718816857142857,
          55.941788442857145
        ]
      },
      "properties": {
        "id": "osm:way:405916749",
        "source": "osm",
        "title": "St Leonard's Lodge",
        "address": "",
        "description": "",
        "categories": [
          "historical",
          "architecture"
        ],
        "primary_category": "historical",
        "interest_score": 72,
        "website": "",
        "wikipedia": "",
        "wikidata": "Q77779699",
        "source_url": "https://www.openstreetmap.org/way/405916749",
        "fetched_at_utc": "2026-10-07T11:41:56+00:00",
        "query_key": "heritage_sites",
        "tags": {
          "building": "lodge",
          "heritage": "2",
          "heritage:operator": "Historic Environment Scotland",
          "name": "St Leonard's Lodge",
          "ref:GB:hs": "LB49512",
          "wikidata": "Q77779699"
        },
        "sitelinks": 0
      }
    },
    {
      "type": "Feature",
      "geometry": {
        "type": "Point",
        "coordinates": [
          -3.1846213249999993,
          55.94770371875
        ]
      },
      "properties": {
        "id": "osm:way:41982456",
        "source": "osm",
        "title": "St Patrick's Roman Catholic School",
        "address": "",
        "description": "",
        "categories": [
          "historical",
          "architecture"
        ],
        "primary_category": "historical",
        "interest_score": 72,
        "website": "",
        "wikipedia": "",
        "wikidata": "Q17811041",
        "source_url": "https://www.openstreetmap.org/way/41982456",
        "fetched_at_utc": "2026-10-07T11:41:56+00:00",
        "query_key": "heritage_sites",
        "tags": {
          "building": "yes",
          "denomination": "roman_catholic",
          "heritage": "yes",
          "name": "St Patrick's Roman Catholic School",
          "religion": "christian",
          "source": "NLS_OS_Edinburgh_map_1940s;Bing",
          "wikidata": "Q17811041"
        },
        "sitelinks": 0
      }
    },
    {
      "type": "Feature",
      "geometry": {
        "type": "Point",
        "coordinates": [
          -3.208771985714286,
          55.95794754999999
        ]
      },
      "properties": {
        "id": "osm:way:555974447",
        "source": "osm",
        "title": "Stock Bridge",
        "address": "",
        "description": "",
        "categories": [
          "historical",
          "architecture"
        ],
        "primary_category": "historical",
        "interest_score": 72,
        "website": "",
        "wikipedia": "",
        "wikidata": "Q17810844",
        "source_url": "https://www.openstreetmap.org/way/555974447",
        "fetched_at_utc": "2026-10-07T11:41:56+00:00",
        "query_key": "heritage_sites",
        "tags": {
          "bridge:structure": "arch",
          "heritage": "yes",
          "layer": "1",
          "man_made": "bridge",
          "name": "Stock Bridge",
          "name:ang": "Stocc Brycg",
          "name:sco": "Stock Brig",
          "start_date": "1801",
          "wikidata": "Q17810844"
        },
        "sitelinks": 0
      }
    },
    {
      "type": "Feature",
      "geometry": {
        "type": "Point",
        "coordinates": [
          -3.2132611,
          55.940493000000004
        ]
      },
      "properties": {
        "id": "osm:way:172430092",
        "source": "osm",
        "title": "Viewforth",
        "address": "",
        "description": "",
        "categories": [
          "historical",
          "architecture"
        ],
        "primary_category": "historical",
        "interest_score": 72,
        "website": "",
        "wikipedia": "",
        "wikidata": "Q17794547",
        "source_url": "https://www.openstreetmap.org/way/172430092",
        "fetched_at_utc": "2026-10-07T11:41:56+00:00",
        "query_key": "heritage_sites",
        "tags": {
          "bicycle": "yes",
          "bridge": "yes",
          "cycleway:both": "no",
          "foot": "yes",
          "heritage": "yes",
          "highway": "unclassified",
          "lanes": "1",
          "layer": "1",
          "lit": "yes",
          "maxspeed": "20 mph",
          "maxweight:signed": "no",
          "name": "Viewforth",
          "oneway": "alternating",
          "sidewalk:both": "yes",
          "sidewalk:both:surface": "asphalt",
          "surface": "asphalt",
          "wikidata": "Q17794547"
        },
        "sitelinks": 0
      }
    },
    {
      "type": "Feature",
      "geometry": {
        "type": "Point",
        "coordinates": [
          -3.217075750980393,
          55.94922158627452
        ]
      },
      "properties": {
        "id": "osm:way:175512119",
        "source": "osm",
        "title": "Walpole Hall",
        "address": "",
        "description": "",
        "categories": [
          "historical",
          "architecture"
        ],
        "primary_category": "historical",
        "interest_score": 72,
        "website": "",
        "wikipedia": "",
        "wikidata": "Q17570537",
        "source_url": "https://www.openstreetmap.org/way/175512119",
        "fetched_at_utc": "2026-10-07T11:41:56+00:00",
        "query_key": "heritage_sites",
        "tags": {
          "building": "yes",
          "heritage": "yes",
          "name": "Walpole Hall",
          "source": "NLS_OS_Edinburgh_map_1940s;Bing",
          "wikidata": "Q17570537"
        },
        "sitelinks": 0
      }
    },
    {
      "type": "Feature",
      "geometry": {
        "type": "Point",
        "coordinates": [
          -3.164153315789474,
          55.938774099999996
        ]
      },
      "properties": {
        "id": "osm:way:266622244",
        "source": "osm",
        "title": "Wells O' Wearie Cottage",
        "address": "",
        "description": "",
        "categories": [
          "historical",
          "architecture"
        ],
        "primary_category": "historical",
        "interest_score": 72,
        "website": "",
        "wikipedia": "",
        "wikidata": "Q77779710",
        "source_url": "https://www.openstreetmap.org/way/266622244",
        "fetched_at_utc": "2026-10-07T11:41:56+00:00",
        "query_key": "heritage_sites",
        "tags": {
          "building": "house",
          "heritage": "2",
          "heritage:operator": "Historic Environment Scotland",
          "name": "Wells O' Wearie Cottage",
          "ref:GB:hs": "LB49515",
          "wikidata": "Q77779710"
        },
        "sitelinks": 0
      }
    },
    {
      "type": "Feature",
      "geometry": {
        "type": "Point",
        "coordinates": [
          -3.22818095,
          55.941224000000005
        ]
      },
      "properties": {
        "id": "osm:way:5197319",
        "source": "osm",
        "title": "West Approach Road",
        "address": "",
        "description": "",
        "categories": [
          "historical",
          "architecture"
        ],
        "primary_category": "historical",
        "interest_score": 72,
        "website": "",
        "wikipedia": "",
        "wikidata": "Q17807640",
        "source_url": "https://www.openstreetmap.org/way/5197319",
        "fetched_at_utc": "2026-10-07T11:41:56+00:00",
        "query_key": "heritage_sites",
        "tags": {
          "bicycle": "no",
          "bridge": "yes",
          "foot": "no",
          "heritage": "yes",
          "highway": "tertiary",
          "lanes": "2",
          "layer": "1",
          "lit": "yes",
          "maxspeed": "30 mph",
          "name": "West Approach Road",
          "source": "OS_OpenData_StreetView",
          "surface": "asphalt",
          "wikidata": "Q17807640"
        },
        "sitelinks": 0
      }
    },
    {
      "type": "Feature",
      "geometry": {
        "type": "Point",
        "coordinates": [
          -3.1796630125000007,
          55.9729122875
        ]
      },
      "properties": {
        "id": "osm:way:557160126",
        "source": "osm",
        "title": "West Bowling Green Street Bridge",
        "address": "",
        "description": "",
        "categories": [
          "historical",
          "architecture"
        ],
        "primary_category": "historical",
        "interest_score": 72,
        "website": "",
        "wikipedia": "",
        "wikidata": "Q17811131",
        "source_url": "https://www.openstreetmap.org/way/557160126",
        "fetched_at_utc": "2026-10-07T11:41:56+00:00",
        "query_key": "heritage_sites",
        "tags": {
          "bridge:structure": "arch",
          "heritage": "yes",
          "layer": "1",
          "man_made": "bridge",
          "name": "West Bowling Green Street Bridge",
          "start_date": "1886",
          "wikidata": "Q17811131"
        },
        "sitelinks": 0
      }
    },
    {
      "type": "Feature",
      "geometry": {
        "type": "Point",
        "coordinates": [
          -3.207638264705882,
          55.95175269999999
        ]
      },
      "properties": {
        "id": "osm:way:309203675",
        "source": "osm",
        "title": "Albert Memorial",
        "address": "",
        "description": "",
        "categories": [
          "historical",
          "architecture",
          "memorial"
        ],
        "primary_category": "historical",
        "interest_score": 70,
        "website": "",
        "wikipedia": "",
        "wikidata": "Q17570702",
        "source_url": "https://www.openstreetmap.org/way/309203675",
        "fetched_at_utc": "2026-10-07T11:41:56+00:00",
        "query_key": "historic_sites",
        "tags": {
          "artist:wikidata": "Q3297902",
          "artist_name": "Sir John Steell",
          "building": "yes",
          "historic": "monument",
          "memorial": "statue",
          "name": "Albert Memorial",
          "ref:canmore": "74081",
          "source": "NLS_OS_Edinburgh_map_1940s;Bing;survey",
          "start_date": "1876",
          "statue": "equestrian",
          "subject:wikidata": "Q152245",
          "wikidata": "Q17570702"
        },
        "sitelinks": 0
      }
    },
    {
      "type": "Feature",
      "geometry": {
        "type": "Point",
        "coordinates": [
          -3.1783204470588236,
          55.95343836470589
        ]
      },
      "properties": {
        "id": "osm:way:321129859",
        "source": "osm",
        "title": "Burns Monument",
        "address": "",
        "description": "",
        "categories": [
          "historical",
          "architecture",
          "memorial"
        ],
        "primary_category": "historical",
        "interest_score": 70,
        "website": "",
        "wikipedia": "",
        "wikidata": "Q17570683",
        "source_url": "https://www.openstreetmap.org/way/321129859",
        "fetched_at_utc": "2026-10-07T11:41:56+00:00",
        "query_key": "historic_sites",
        "tags": {
          "building": "yes",
          "historic": "monument",
          "name": "Burns Monument",
          "ref:canmore": "116444",
          "wikidata": "Q17570683"
        },
        "sitelinks": 0
      }
    },
    {
      "type": "Feature",
      "geometry": {
        "type": "Point",
        "coordinates": [
          -3.2075942799999995,
          55.95317403599999
        ]
      },
      "properties": {
        "id": "osm:way:308919343",
        "source": "osm",
        "title": "Catherine Sinclair Monument",
        "address": "",
        "description": "",
        "categories": [
          "historical",
          "architecture",
          "memorial"
        ],
        "primary_category": "historical",
        "interest_score": 70,
        "website": "",
        "wikipedia": "",
        "wikidata": "Q17570693",
        "source_url": "https://www.openstreetmap.org/way/308919343",
        "fetched_at_utc": "2026-10-07T11:41:56+00:00",
        "query_key": "historic_sites",
        "tags": {
          "building": "yes",
          "historic": "monument",
          "name": "Catherine Sinclair Monument",
          "ref:canmore": "114128",
          "source": "NLS OS_Edinburgh_map_1940s;NLS OS_Edinburgh_map_1893",
          "wikidata": "Q17570693"
        },
        "sitelinks": 0
      }
    },
    {
      "type": "Feature",
      "geometry": {
        "type": "Point",
        "coordinates": [
          -3.1924724130434785,
          55.94832288695653
        ]
      },
      "properties": {
        "id": "osm:way:42121790",
        "source": "osm",
        "title": "Central Library",
        "address": "7-9 George IV Bridge, Edinburgh, EH1 1EG",
        "description": "",
        "categories": [
          "cultural",
          "architecture",
          "literary"
        ],
        "primary_category": "cultural",
        "interest_score": 70,
        "website": "",
        "wikipedia": "en:Central Library, Edinburgh",
        "wikidata": "Q5061355",
        "source_url": "https://www.openstreetmap.org/way/42121790",
        "fetched_at_utc": "2026-10-07T11:41:56+00:00",
        "query_key": "performance_and_literary",
        "tags": {
          "addr:city": "Edinburgh",
          "addr:housenumber": "7-9",
          "addr:postcode": "EH1 1EG",
          "addr:street": "George IV Bridge",
          "amenity": "library",
          "building": "yes",
          "check_date": "2025-11-10",
          "check_date:opening_hours": "2025-11-10",
          "internet_access": "wlan",
          "name": "Central Library",
          "opening_hours": "Mo-We 10:00-20:00; Th-Sa 10:00-17:00",
          "phone": "+44 131 242 8000",
          "source": "survey",
          "wikidata": "Q5061355",
          "wikipedia": "en:Central Library, Edinburgh"
        },
        "sitelinks": 6
      }
    },
    {
      "type": "Feature",
      "geometry": {
        "type": "Point",
        "coordinates": [
          -3.2136980161764708,
          55.95400517352941
        ]
      },
      "properties": {
        "id": "osm:way:270192920",
        "source": "osm",
        "title": "Dean Gardens",
        "address": "",
        "description": "",
        "categories": [
          "natural",
          "garden"
        ],
        "primary_category": "natural",
        "interest_score": 70,
        "website": "http://www.deangardens.org/",
        "wikipedia": "en:Dean Gardens, Edinburgh",
        "wikidata": "Q38251370",
        "source_url": "https://www.openstreetmap.org/way/270192920",
        "fetched_at_utc": "2026-10-07T11:41:56+00:00",
        "query_key": "gardens",
        "tags": {
          "access": "private",
          "leisure": "garden",
          "name": "Dean Gardens",
          "note": "split between gardens estimated",
          "old_name": "Eton Terrace Gardens",
          "website": "http://www.deangardens.org/",
          "wikidata": "Q38251370",
          "wikipedia": "en:Dean Gardens, Edinburgh"
        },
        "sitelinks": 1
      }
    },
    {
      "type": "Feature",
      "geometry": {
        "type": "Point",
        "coordinates": [
          -3.1948860217391304,
          55.949203547826095
        ]
      },
      "properties": {
        "id": "osm:way:43365583",
        "source": "osm",
        "title": "General Assembly Hall",
        "address": "",
        "description": "",
        "categories": [
          "cultural",
          "architecture",
          "art"
        ],
        "primary_category": "cultural",
        "interest_score": 70,
        "website": "",
        "wikipedia": "en:General Assembly Hall of the Church of Scotland",
        "wikidata": "Q5531709",
        "source_url": "https://www.openstreetmap.org/way/43365583",
        "fetched_at_utc": "2026-10-07T11:41:56+00:00",
        "query_key": "performance_and_literary",
        "tags": {
          "amenity": "theatre",
          "building": "yes",
          "building:levels": "3",
          "check_date": "2024-09-24",
          "denomination": "church_of_scotland",
          "name": "General Assembly Hall",
          "name:ko": "제너럴 어셈블리 홀",
          "official_name": "General Assembly Hall of the Church of Scotland",
          "operator": "Church of Scotland",
          "religion": "christian",
          "source": "Bing",
          "wikidata": "Q5531709",
          "wikipedia": "en:General Assembly Hall of the Church of Scotland"
        },
        "sitelinks": 2
      }
    },
    {
      "type": "Feature",
      "geometry": {
        "type": "Point",
        "coordinates": [
          -3.160170472345134,
          55.946394731637206
        ]
      },
      "properties": {
        "id": "osm:way:41663265",
        "source": "osm",
        "title": "Holyrood Park",
        "address": "Queens Drive, Edinburgh, EH8 8HG",
        "description": "",
        "categories": [
          "natural",
          "park"
        ],
        "primary_category": "natural",
        "interest_score": 70,
        "website": "https://www.visitscotland.com/info/see-do/holyrood-park-and-arthurs-seat-p914341",
        "wikipedia": "en:Holyrood Park",
        "wikidata": "Q2640532",
        "source_url": "https://www.openstreetmap.org/way/41663265",
        "fetched_at_utc": "2026-10-07T11:41:56+00:00",
        "query_key": "parks",
        "tags": {
          "addr:city": "Edinburgh",
          "addr:housename": "Holyrood Park",
          "addr:postcode": "EH8 8HG",
          "addr:street": "Queens Drive",
          "alt_name": "Holyrood Park and Arthur's Seat",
          "alt_name:gd": "Pàirc na Bànrigh",
          "leisure": "park",
          "name": "Holyrood Park",
          "name:gd": "Pàirc an Ròid",
          "source": "Yahoo",
          "start_date": "1541",
          "website": "https://www.visitscotland.com/info/see-do/holyrood-park-and-arthurs-seat-p914341",
          "wikidata": "Q2640532",
          "wikipedia": "en:Holyrood Park"
        },
        "sitelinks": 10
      }
    },
    {
      "type": "Feature",
      "geometry": {
        "type": "Point",
        "coordinates": [
          -3.1916523,
          55.95445980000001
        ]
      },
      "properties": {
        "id": "osm:way:314699624",
        "source": "osm",
        "title": "Memorial to John, Fourth Earl of Hopetoun",
        "address": "",
        "description": "",
        "categories": [
          "historical",
          "architecture",
          "memorial"
        ],
        "primary_category": "historical",
        "interest_score": 70,
        "website": "",
        "wikipedia": "",
        "wikidata": "Q17570750",
        "source_url": "https://www.openstreetmap.org/way/314699624",
        "fetched_at_utc": "2026-10-07T11:41:56+00:00",
        "query_key": "historic_sites",
        "tags": {
          "building": "yes",
          "historic": "memorial",
          "memorial": "statue",
          "name": "Memorial to John, Fourth Earl of Hopetoun",
          "ref:canmore": "115378",
          "wikidata": "Q17570750"
        },
        "sitelinks": 0
      }
    },
    {
      "type": "Feature",
      "geometry": {
        "type": "Point",
        "coordinates": [
          -3.2242106428571424,
          55.95182909642858
        ]
      },
      "properties": {
        "id": "osm:way:22938944",
        "source": "osm",
        "title": "Modern Two",
        "address": "73 Belford Road, Edinburgh, EH4 3DR",
        "description": "",
        "categories": [
          "cultural",
          "architecture",
          "art"
        ],
        "primary_category": "cultural",
        "interest_score": 70,
        "website": "",
        "wikipedia": "en:Modern Two",
        "wikidata": "Q2679817",
        "source_url": "https://www.openstreetmap.org/way/22938944",
        "fetched_at_utc": "2026-10-07T11:41:56+00:00",
        "query_key": "galleries_and_arts",
        "tags": {
          "addr:city": "Edinburgh",
          "addr:housenumber": "73",
          "addr:postcode": "EH4 3DR",
          "addr:street": "Belford Road",
          "alt_name": "Dean Gallery",
          "alt_name:es": "Galería_Dean",
          "building": "yes",
          "check_date": "2025-07-24",
          "fee": "yes",
          "fhrs:id": "522431",
          "name": "Modern Two",
          "name:gd": "Gailearaidh Nàiseanta Nuadh-ealain na h-Alba",
          "not:addr:postcode": "EH4 3DS",
          "opening_hours": "Mo-Su 10:00-17:00",
          "owner": "City of Edinburgh Council",
          "payment:cash": "yes",
          "payment:credit_cards": "yes",
          "payment:debit_cards": "yes",
          "source": "NLS_OS_Edinburgh_map_1940s;Bing;survey",
          "tourism": "gallery",
          "wikidata": "Q2679817",
          "wikipedia": "en:Modern Two"
        },
        "sitelinks": 8
      }
    },
    {
      "type": "Feature",
      "geometry": {
        "type": "Point",
        "coordinates": [
          -3.2009154,
          55.9491409
        ]
      },
      "properties": {
        "id": "osm:node:5002102709",
        "source": "osm",
        "title": "One O'Clock Gun Exhibition",
        "address": "",
        "description": "",
        "categories": [
          "museum",
          "historical",
          "cultural"
        ],
        "primary_category": "museum",
        "interest_score": 70,
        "website": "",
        "wikipedia": "",
        "wikidata": "",
        "source_url": "https://www.openstreetmap.org/node/5002102709",
        "fetched_at_utc": "2026-10-07T11:41:56+00:00",
        "query_key": "museums",
        "tags": {
          "check_date": "2025-02-08",
          "fee": "no",
          "name": "One O'Clock Gun Exhibition",
          "tourism": "museum"
        }
      }
    },
    {
      "type": "Feature",
      "geometry": {
        "type": "Point",
        "coordinates": [
          -3.1830322333333334,
          55.95480345555555
        ]
      },
      "properties": {
        "id": "osm:way:135170177",
        "source": "osm",
        "title": "Playfair Monument",
        "address": "",
        "description": "",
        "categories": [
          "historical",
          "architecture",
          "memorial"
        ],
        "primary_category": "historical",
        "interest_score": 70,
        "website": "",
        "wikipedia": "",
        "wikidata": "Q17570689",
        "source_url": "https://www.openstreetmap.org/way/135170177",
        "fetched_at_utc": "2026-10-07T11:41:56+00:00",
        "query_key": "historic_sites",
        "tags": {
          "building": "yes",
          "height": "6",
          "historic": "memorial",
          "memorial": "sculpture",
          "name": "Playfair Monument",
          "ref:canmore": "116624",
          "wikidata": "Q17570689"
        },
        "sitelinks": 0
      }
    },
    {
      "type": "Feature",
      "geometry": {
        "type": "Point",
        "coordinates": [
          -3.20015,
          55.9481162
        ]
      },
      "properties": {
        "id": "osm:node:1356336502",
        "source": "osm",
        "title": "Prisoners of War Museum",
        "address": "",
        "description": "",
        "categories": [
          "museum",
          "historical",
          "cultural"
        ],
        "primary_category": "museum",
        "interest_score": 70,
        "website": "",
        "wikipedia": "",
        "wikidata": "",
        "source_url": "https://www.openstreetmap.org/node/1356336502",
        "fetched_at_utc": "2026-10-07T11:41:56+00:00",
        "query_key": "museums",
        "tags": {
          "check_date": "2025-02-08",
          "fee": "no",
          "name": "Prisoners of War Museum",
          "source": "Bing;survey",
          "tourism": "museum"
        }
      }
    },
    {
      "type": "Feature",
      "geometry": {
        "type": "Point",
        "coordinates": [
          -3.1782451,
          55.9808885
        ]
      },
      "properties": {
        "id": "osm:node:1241884003",
        "source": "osm",
        "title": "The Spirit of Leithers",
        "address": "",
        "description": "",
        "categories": [
          "museum",
          "historical",
          "cultural"
        ],
        "primary_category": "museum",
        "interest_score": 70,
        "website": "",
        "wikipedia": "",
        "wikidata": "",
        "source_url": "https://www.openstreetmap.org/node/1241884003",
        "fetched_at_utc": "2026-10-07T11:41:56+00:00",
        "query_key": "museums",
        "tags": {
          "check_date": "2022-10-16",
          "fee": "no",
          "level": "0",
          "name": "The Spirit of Leithers",
          "old_name": "Tui",
          "tourism": "museum"
        }
      }
    },
    {
      "type": "Feature",
      "geometry": {
        "type": "Point",
        "coordinates": [
          -3.1958678208791222,
          55.95404856813186
        ]
      },
      "properties": {
        "id": "osm:way:81243762",
        "source": "osm",
        "title": "New Town Church",
        "address": "15-17 George Street, Edinburgh",
        "description": "",
        "categories": [
          "architecture",
          "religious",
          "landmark"
        ],
        "primary_category": "architecture",
        "interest_score": 68,
        "website": "",
        "wikipedia": "en:Edinburgh: New Town Church",
        "wikidata": "Q7592411",
        "source_url": "https://www.openstreetmap.org/way/81243762",
        "fetched_at_utc": "2026-10-07T11:41:56+00:00",
        "query_key": "attractions_and_viewpoints",
        "tags": {
          "addr:city": "Edinburgh",
          "addr:housenumber": "15-17",
          "addr:street": "George Street",
          "amenity": "place_of_worship",
          "building": "church",
          "check_date": "2024-04-27",
          "contact:phone": "+44 131 225 3847",
          "contact:website": "https://www.edinburghnewtownchurch.org.uk/",
          "denomination": "church_of_scotland",
          "email": "info@edinburghnewtownchurch.org.uk",
          "name": "New Town Church",
          "old_name": "St Andrew's and St George's West",
          "old_name:es": "Iglesia_San_Andrés_San_George",
          "ref:dove": "12029",
          "religion": "christian",
          "source": "NLS_OS_Edinburgh_map_1940s;Bing;survey",
          "tourism": "attraction",
          "wikidata": "Q7592411",
          "wikipedia": "en:Edinburgh: New Town Church"
        },
        "sitelinks": 2
      }
    },
    {
      "type": "Feature",
      "geometry": {
        "type": "Point",
        "coordinates": [
          -3.2044907825,
          55.963243602499986
        ]
      },
      "properties": {
        "id": "osm:way:229219608",
        "source": "osm",
        "title": "First Church of Christ Scientist",
        "address": "",
        "description": "This building was built as a Christian Science Church in 1911, but is now offices.(wikipedia)",
        "categories": [
          "historical",
          "architecture"
        ],
        "primary_category": "historical",
        "interest_score": 67,
        "website": "",
        "wikipedia": "",
        "wikidata": "Q17807208",
        "source_url": "https://www.openstreetmap.org/way/229219608",
        "fetched_at_utc": "2026-10-07T11:41:56+00:00",
        "query_key": "historic_sites",
        "tags": {
          "alt_name": "Union House",
          "building": "church",
          "description": "This building was built as a Christian Science Church in 1911, but is now offices.(wikipedia)",
          "historic": "building",
          "listed_status": "Category B",
          "name": "First Church of Christ Scientist",
          "source": "NLS_OS_Edinburgh_map_1940s;Bing",
          "wikidata": "Q17807208"
        },
        "sitelinks": 0
      }
    },
    {
      "type": "Feature",
      "geometry": {
        "type": "Point",
        "coordinates": [
          -3.1915551,
          55.9488724
        ]
      },
      "properties": {
        "id": "osm:node:5026096772",
        "source": "osm",
        "title": "Advocates Library",
        "address": "11 Parliament Square, Edinburgh",
        "description": "",
        "categories": [
          "cultural",
          "literary"
        ],
        "primary_category": "cultural",
        "interest_score": 66,
        "website": "https://www.advocates.org.uk/faculty-of-advocates/the-advocates-library/",
        "wikipedia": "en:Advocates Library",
        "wikidata": "Q2888216",
        "source_url": "https://www.openstreetmap.org/node/5026096772",
        "fetched_at_utc": "2026-10-07T11:41:56+00:00",
        "query_key": "performance_and_literary",
        "tags": {
          "addr:city": "Edinburgh",
          "addr:housenumber": "11",
          "addr:street": "Parliament Square",
          "amenity": "library",
          "library:type": "law",
          "name": "Advocates Library",
          "operator": "Faculty of Advocates",
          "operator:type": "association",
          "source": "survey",
          "start_date": "1689",
          "website": "https://www.advocates.org.uk/faculty-of-advocates/the-advocates-library/",
          "wikidata": "Q2888216",
          "wikipedia": "en:Advocates Library"
        },
        "sitelinks": 6
      }
    },
    {
      "type": "Feature",
      "geometry": {
        "type": "Point",
        "coordinates": [
          -3.1849863919999994,
          55.95676162000001
        ]
      },
      "properties": {
        "id": "osm:way:320954869",
        "source": "osm",
        "title": "Edinburgh Playhouse",
        "address": "18-22 Greenside Place, Edinburgh, EH1 3AA",
        "description": "",
        "categories": [
          "cultural",
          "art"
        ],
        "primary_category": "cultural",
        "interest_score": 66,
        "website": "https://www.atgtickets.com/edinburgh/",
        "wikipedia": "en:Edinburgh Playhouse",
        "wikidata": "Q5338244",
        "source_url": "https://www.openstreetmap.org/way/320954869",
        "fetched_at_utc": "2026-10-07T11:41:56+00:00",
        "query_key": "performance_and_literary",
        "tags": {
          "addr:city": "Edinburgh",
          "addr:housenumber": "18-22",
          "addr:postcode": "EH1 3AA",
          "addr:street": "Greenside Place",
          "amenity": "theatre",
          "building": "theatre",
          "check_date": "2026-02-21",
          "fhrs:id": "102243;522873",
          "name": "Edinburgh Playhouse",
          "source": "NLS_OS_Edinburgh_map_1940s;Bing;survey",
          "website": "https://www.atgtickets.com/edinburgh/",
          "wheelchair": "yes",
          "wikidata": "Q5338244",
          "wikipedia": "en:Edinburgh Playhouse"
        },
        "sitelinks": 6
      }
    },
    {
      "type": "Feature",
      "geometry": {
        "type": "Point",
        "coordinates": [
          -3.202873492592593,
          55.941894651851854
        ]
      },
      "properties": {
        "id": "osm:way:28669087",
        "source": "osm",
        "title": "King's Theatre",
        "address": "2 Leven Street, Edinburgh, EH3 9LQ",
        "description": "",
        "categories": [
          "cultural",
          "art"
        ],
        "primary_category": "cultural",
        "interest_score": 66,
        "website": "https://www.capitaltheatres.com/our-venues/kings-theatre/",
        "wikipedia": "en:King's Theatre, Edinburgh",
        "wikidata": "Q6411122",
        "source_url": "https://www.openstreetmap.org/way/28669087",
        "fetched_at_utc": "2026-10-07T11:41:56+00:00",
        "query_key": "performance_and_literary",
        "tags": {
          "addr:city": "Edinburgh",
          "addr:housenumber": "2",
          "addr:postcode": "EH3 9LQ",
          "addr:street": "Leven Street",
          "amenity": "theatre",
          "building": "civic",
          "building:levels": "6",
          "check_date": "2026-08-02",
          "email": "enquiries@capitaltheatres.com",
          "name": "King's Theatre",
          "phone": "+44 131 529 6000",
          "roof:levels": "1",
          "source": "NLS_OS_Edinburgh_map_1940s;Bing;survey",
          "website": "https://www.capitaltheatres.com/our-venues/kings-theatre/",
          "wheelchair": "yes",
          "wikidata": "Q6411122",
          "wikipedia": "en:King's Theatre, Edinburgh"
        },
        "sitelinks": 5
      }
    },
    {
      "type": "Feature",
      "geometry": {
        "type": "Point",
        "coordinates": [
          -3.1800469,
          55.9754823
        ]
      },
      "properties": {
        "id": "osm:node:4235737794",
        "source": "osm",
        "title": "Leith Public Library",
        "address": "28-30 Ferry Road, Edinburgh",
        "description": "",
        "categories": [
          "cultural",
          "literary"
        ],
        "primary_category": "cultural",
        "interest_score": 66,
        "website": "https://www.edinburgh.gov.uk/directory-record/1812913/leith-library-",
        "wikipedia": "en:Leith Library",
        "wikidata": "Q6520392",
        "source_url": "https://www.openstreetmap.org/node/4235737794",
        "fetched_at_utc": "2026-10-07T11:41:56+00:00",
        "query_key": "performance_and_literary",
        "tags": {
          "addr:city": "Edinburgh",
          "addr:housenumber": "28-30",
          "addr:street": "Ferry Road",
          "amenity": "library",
          "check_date": "2026-06-30",
          "check_date:opening_hours": "2024-04-14",
          "internet_access": "wlan",
          "name": "Leith Public Library",
          "opening_hours": "Mo-We 10:00-20:00, Th-Sa 10:00-17:00",
          "phone": "+44 131 529 5517",
          "source": "survey",
          "website": "https://www.edinburgh.gov.uk/directory-record/1812913/leith-library-",
          "wheelchair": "yes",
          "wheelchair:description": "The front door can be a bit awkward and heavy.",
          "wikidata": "Q6520392",
          "wikipedia": "en:Leith Library"
        },
        "sitelinks": 2
      }
    },
    {
      "type": "Feature",
      "geometry": {
        "type": "Point",
        "coordinates": [
          -3.180472,
          55.9757238
        ]
      },
      "properties": {
        "id": "osm:node:4235737795",
        "source": "osm",
        "title": "Leith Theatre",
        "address": "28-30 Ferry Road, Edinburgh, EH6 4AE",
        "description": "",
        "categories": [
          "cultural",
          "art"
        ],
        "primary_category": "cultural",
        "interest_score": 66,
        "website": "https://www.leiththeatre.co.uk/",
        "wikipedia": "en:Leith Theatre",
        "wikidata": "Q17807607",
        "source_url": "https://www.openstreetmap.org/node/4235737795",
        "fetched_at_utc": "2026-10-07T11:41:56+00:00",
        "query_key": "performance_and_literary",
        "tags": {
          "addr:city": "Edinburgh",
          "addr:housenumber": "28-30",
          "addr:postcode": "EH6 4AE",
          "addr:street": "Ferry Road",
          "amenity": "theatre",
          "check_date": "2022-10-14",
          "name": "Leith Theatre",
          "operator": "Leith Theatre Trust",
          "phone": "+44 131 629 0810",
          "source": "survey",
          "website": "https://www.leiththeatre.co.uk/",
          "wikidata": "Q17807607",
          "wikipedia": "en:Leith Theatre"
        },
        "sitelinks": 1
      }
    },
    {
      "type": "Feature",
      "geometry": {
        "type": "Point",
        "coordinates": [
          -3.188262,
          55.945338
        ]
      },
      "properties": {
        "id": "osm:node:5110780767",
        "source": "osm",
        "title": "McEwan Lantern Pillar",
        "address": "",
        "description": "",
        "categories": [
          "historical",
          "memorial"
        ],
        "primary_category": "historical",
        "interest_score": 66,
        "website": "https://canmore.org.uk/site/125296/edinburgh-teviot-place-bristo-square-mcewan-lantern-pillar",
        "wikipedia": "",
        "wikidata": "Q17791706",
        "source_url": "https://www.openstreetmap.org/node/5110780767",
        "fetched_at_utc": "2026-10-07T11:41:56+00:00",
        "query_key": "historic_sites",
        "tags": {
          "historic": "memorial",
          "memorial": "statue",
          "name": "McEwan Lantern Pillar",
          "note": "relocated to here 2017",
          "ref:canmore": "125296",
          "website": "https://canmore.org.uk/site/125296/edinburgh-teviot-place-bristo-square-mcewan-lantern-pillar",
          "wikidata": "Q17791706"
        },
        "sitelinks": 0
      }
    },
    {
      "type": "Feature",
      "geometry": {
        "type": "Point",
        "coordinates": [
          -3.1917230529411764,
          55.948672288235294
        ]
      },
      "properties": {
        "id": "osm:way:42121791",
        "source": "osm",
        "title": "National Library of Scotland",
        "address": "Cowgate, Edinburgh, EH1 1JN",
        "description": "",
        "categories": [
          "cultural",
          "literary"
        ],
        "primary_category": "cultural",
        "interest_score": 66,
        "website": "https://www.nls.uk/",
        "wikipedia": "en:National Library of Scotland",
        "wikidata": "Q1670994",
        "source_url": "https://www.openstreetmap.org/way/42121791",
        "fetched_at_utc": "2026-10-07T11:41:56+00:00",
        "query_key": "performance_and_literary",
        "tags": {
          "addr:city": "Edinburgh",
          "addr:postcode": "EH1 1JN",
          "addr:street": "Cowgate",
          "amenity": "library",
          "building": "civic",
          "check_date": "2025-09-14",
          "name": "National Library of Scotland",
          "name:gd": "Leabharlann Nàiseanta na h-Alba",
          "name:sco": "Naitional Leebrar o Scotland",
          "phone": "+44 131 623 3700",
          "source": "NLS_OS_Edinburgh_map_1940s;Bing;survey",
          "source:addr:postcode": "code-point_open",
          "toilets": "yes",
          "toilets:access": "public",
          "toilets:fee": "no",
          "toilets:handwashing": "yes",
          "toilets:menstrual_products": "yes",
          "toilets:paper_supplied": "yes",
          "website": "https://www.nls.uk/",
          "wikidata": "Q1670994",
          "wikipedia": "en:National Library of Scotland"
        },
        "sitelinks": 31
      }
    },
    {
      "type": "Feature",
      "geometry": {
        "type": "Point",
        "coordinates": [
          -3.1816073,
          55.9478014
        ]
      },
      "properties": {
        "id": "osm:node:4598371942",
        "source": "osm",
        "title": "Pleasance Theatre",
        "address": "",
        "description": "",
        "categories": [
          "cultural",
          "art"
        ],
        "primary_category": "cultural",
        "interest_score": 66,
        "website": "https://www.pleasance.co.uk/",
        "wikipedia": "en:The Pleasance",
        "wikidata": "Q16898562",
        "source_url": "https://www.openstreetmap.org/node/4598371942",
        "fetched_at_utc": "2026-10-07T11:41:56+00:00",
        "query_key": "performance_and_literary",
        "tags": {
          "amenity": "theatre",
          "check_date": "2024-07-24",
          "level": "1",
          "name": "Pleasance Theatre",
          "note": "The theatre occopies part of the upper floor of the building. Entered through the same door as the bar.",
          "phone": "+44 131 556 6550",
          "source": "survey",
          "website": "https://www.pleasance.co.uk/",
          "wikidata": "Q16898562",
          "wikipedia": "en:The Pleasance"
        },
        "sitelinks": 1
      }
    },
    {
      "type": "Feature",
      "geometry": {
        "type": "Point",
        "coordinates": [
          -3.2102167500000003,
          55.965018883333336
        ]
      },
      "properties": {
        "id": "osm:way:57709519",
        "source": "osm",
        "title": "RBGE Inverleith House",
        "address": "",
        "description": "",
        "categories": [
          "cultural",
          "art"
        ],
        "primary_category": "cultural",
        "interest_score": 66,
        "website": "http://www.rbge.org.uk/the-gardens/edinburgh/inverleith-house",
        "wikipedia": "en:Inverleith House",
        "wikidata": "Q16931444",
        "source_url": "https://www.openstreetmap.org/way/57709519",
        "fetched_at_utc": "2026-10-07T11:41:56+00:00",
        "query_key": "galleries_and_arts",
        "tags": {
          "building": "house",
          "fee": "no",
          "name": "RBGE Inverleith House",
          "source": "NLS_OS_Edinburgh_map_1940s;Bing",
          "tourism": "gallery",
          "website": "http://www.rbge.org.uk/the-gardens/edinburgh/inverleith-house",
          "wikidata": "Q16931444",
          "wikipedia": "en:Inverleith House"
        },
        "sitelinks": 1
      }
    },
    {
      "type": "Feature",
      "geometry": {
        "type": "Point",
        "coordinates": [
          -3.1916095,
          55.9491104
        ]
      },
      "properties": {
        "id": "osm:node:6320794668",
        "source": "osm",
        "title": "Signet Library",
        "address": "Parliament Square, Edinburgh, EH1 1RF",
        "description": "",
        "categories": [
          "cultural",
          "literary"
        ],
        "primary_category": "cultural",
        "interest_score": 66,
        "website": "https://www.thesignetlibrary.co.uk/",
        "wikipedia": "en:Society of Writers to His Majesty's Signet",
        "wikidata": "Q7552690",
        "source_url": "https://www.openstreetmap.org/node/6320794668",
        "fetched_at_utc": "2026-10-07T11:41:56+00:00",
        "query_key": "performance_and_literary",
        "tags": {
          "access": "private",
          "addr:city": "Edinburgh",
          "addr:postcode": "EH1 1RF",
          "addr:street": "Parliament Square",
          "amenity": "library",
          "name": "Signet Library",
          "operator": "Society of Writers to His Majesty's Signet",
          "operator:type": "association",
          "start_date": "1822",
          "website": "https://www.thesignetlibrary.co.uk/",
          "wikidata": "Q7552690",
          "wikipedia": "en:Society of Writers to His Majesty's Signet"
        },
        "sitelinks": 1
      }
    },
    {
      "type": "Feature",
      "geometry": {
        "type": "Point",
        "coordinates": [
          -3.2047837,
          55.9476505
        ]
      },
      "properties": {
        "id": "osm:node:564723450",
        "source": "osm",
        "title": "Traverse Theatre",
        "address": "10 Cambridge Street, Edinburgh",
        "description": "",
        "categories": [
          "cultural",
          "art"
        ],
        "primary_category": "cultural",
        "interest_score": 66,
        "website": "https://www.traverse.co.uk/",
        "wikipedia": "en:Traverse Theatre",
        "wikidata": "Q7836167",
        "source_url": "https://www.openstreetmap.org/node/564723450",
        "fetched_at_utc": "2026-10-07T11:41:56+00:00",
        "query_key": "performance_and_literary",
        "tags": {
          "addr:city": "Edinburgh",
          "addr:housenumber": "10",
          "addr:street": "Cambridge Street",
          "amenity": "theatre",
          "name": "Traverse Theatre",
          "source": "survey",
          "website": "https://www.traverse.co.uk/",
          "wikidata": "Q7836167",
          "wikipedia": "en:Traverse Theatre"
        },
        "sitelinks": 4
      }
    },
    {
      "type": "Feature",
      "geometry": {
        "type": "Point",
        "coordinates": [
          -3.2098191,
          55.9312163
        ]
      },
      "properties": {
        "id": "osm:node:3975619625",
        "source": "osm",
        "title": "Bore Stone",
        "address": "",
        "description": "Large stone with plaque, stating that the Royal Standard (flag) was pitched in the stone ahead of the Battle of Flodden (1513).",
        "categories": [
          "historical",
          "memorial"
        ],
        "primary_category": "historical",
        "interest_score": 65,
        "website": "",
        "wikipedia": "",
        "wikidata": "Q56631513",
        "source_url": "https://www.openstreetmap.org/node/3975619625",
        "fetched_at_utc": "2026-10-07T11:41:56+00:00",
        "query_key": "historic_sites",
        "tags": {
          "description": "Large stone with plaque, stating that the Royal Standard (flag) was pitched in the stone ahead of the Battle of Flodden (1513).",
          "historic": "memorial",
          "inscription": "In which the Royal Standard was last pitched for the muster of the Scottish army on the Borough-muir before the Battle of Flodden 1513 It long lay in the adjoining field, was then built into the wall near this spot, and finally placed here by [...].",
          "material": "stone",
          "memorial": "stone",
          "memorial:conflict": "Flodden_Campaign",
          "name": "Bore Stone",
          "ref:canmore": "52669",
          "ref:iwm": "44636",
          "start_date": "1513",
          "wikidata": "Q56631513"
        },
        "sitelinks": 0
      }
    },
    {
      "type": "Feature",
      "geometry": {
        "type": "Point",
        "coordinates": [
          -3.21681056,
          55.9308724
        ]
      },
      "properties": {
        "id": "osm:way:867700212",
        "source": "osm",
        "title": "College War Memorial",
        "address": "",
        "description": "World Wars Memorial",
        "categories": [
          "historical",
          "memorial"
        ],
        "primary_category": "historical",
        "interest_score": 65,
        "website": "",
        "wikipedia": "",
        "wikidata": "Q17808949",
        "source_url": "https://www.openstreetmap.org/way/867700212",
        "fetched_at_utc": "2026-10-07T11:41:56+00:00",
        "query_key": "historic_sites",
        "tags": {
          "description": "World Wars Memorial",
          "historic": "memorial",
          "memorial": "arch",
          "memorial:conflict": "WW1;WW2;Korean_War",
          "name": "College War Memorial",
          "ref:canmore": "142176",
          "ref:iwm": "College",
          "start_date": "1921",
          "war_memorial": "yes",
          "wikidata": "Q17808949"
        },
        "sitelinks": 0
      }
    },
    {
      "type": "Feature",
      "geometry": {
        "type": "Point",
        "coordinates": [
          -3.1833669,
          55.9404805
        ]
      },
      "properties": {
        "id": "osm:node:13645889214",
        "source": "osm",
        "title": "Figurine of a lion rampant atop a stone column",
        "address": "",
        "description": "Figurine of a lion rampant atop a stone column",
        "categories": [
          "historical",
          "memorial"
        ],
        "primary_category": "historical",
        "interest_score": 65,
        "website": "",
        "wikipedia": "",
        "wikidata": "Q17801536",
        "source_url": "https://www.openstreetmap.org/node/13645889214",
        "fetched_at_utc": "2026-10-07T11:41:56+00:00",
        "query_key": "historic_sites",
        "tags": {
          "description": "Figurine of a lion rampant atop a stone column",
          "historic": "monument",
          "ref:canmore": "125730",
          "wikidata": "Q17801536"
        },
        "sitelinks": 0
      }
    },
    {
      "type": "Feature",
      "geometry": {
        "type": "Point",
        "coordinates": [
          -3.1910418,
          55.9452828
        ]
      },
      "properties": {
        "id": "osm:node:13645889212",
        "source": "osm",
        "title": "Figurine of a unicorn rampant atop a stone column",
        "address": "",
        "description": "Figurine of a unicorn rampant atop a stone column",
        "categories": [
          "historical",
          "memorial"
        ],
        "primary_category": "historical",
        "interest_score": 65,
        "website": "",
        "wikipedia": "",
        "wikidata": "Q17791406",
        "source_url": "https://www.openstreetmap.org/node/13645889212",
        "fetched_at_utc": "2026-10-07T11:41:56+00:00",
        "query_key": "historic_sites",
        "tags": {
          "description": "Figurine of a unicorn rampant atop a stone column",
          "historic": "monument",
          "ref:canmore": "125728",
          "wikidata": "Q17791406"
        },
        "sitelinks": 0
      }
    },
    {
      "type": "Feature",
      "geometry": {
        "type": "Point",
        "coordinates": [
          -3.1832538,
          55.9402958
        ]
      },
      "properties": {
        "id": "osm:node:13645889215",
        "source": "osm",
        "title": "Figurine of a unicorn rampant atop a stone column",
        "address": "",
        "description": "Figurine of a unicorn rampant atop a stone column",
        "categories": [
          "historical",
          "memorial"
        ],
        "primary_category": "historical",
        "interest_score": 65,
        "website": "",
        "wikipedia": "",
        "wikidata": "Q17801536",
        "source_url": "https://www.openstreetmap.org/node/13645889215",
        "fetched_at_utc": "2026-10-07T11:41:56+00:00",
        "query_key": "historic_sites",
        "tags": {
          "description": "Figurine of a unicorn rampant atop a stone column",
          "historic": "monument",
          "inscription": "Presented to the City of Edinburgh by Messrs T. Nelson and Sons",
          "ref:canmore": "125730",
          "wikidata": "Q17801536"
        },
        "sitelinks": 0
      }
    },
    {
      "type": "Feature",
      "geometry": {
        "type": "Point",
        "coordinates": [
          -3.1972581,
          55.9535176
        ]
      },
      "properties": {
        "id": "osm:node:708975731",
        "source": "osm",
        "title": "George IV statue",
        "address": "",
        "description": "George IV visited Scotland MDCCCXXII",
        "categories": [
          "historical",
          "memorial"
        ],
        "primary_category": "historical",
        "interest_score": 65,
        "website": "",
        "wikipedia": "",
        "wikidata": "Q17570721",
        "source_url": "https://www.openstreetmap.org/node/708975731",
        "fetched_at_utc": "2026-10-07T11:41:56+00:00",
        "query_key": "historic_sites",
        "tags": {
          "description": "George IV visited Scotland MDCCCXXII",
          "historic": "memorial",
          "memorial": "statue",
          "name": "George IV statue",
          "ref:canmore": "99083",
          "source": "survey;Bing",
          "wikidata": "Q17570721",
          "wikimedia_commons": "File:George IV Statue (Edinburgh) - 01.jpg"
        },
        "sitelinks": 0
      }
    },
    {
      "type": "Feature",
      "geometry": {
        "type": "Point",
        "coordinates": [
          -3.2003081,
          55.9420153
        ]
      },
      "properties": {
        "id": "osm:node:2265831081",
        "source": "osm",
        "title": "Masons' Pillars",
        "address": "",
        "description": "Figurine of a unicorn rampant atop a stone column",
        "categories": [
          "historical",
          "memorial"
        ],
        "primary_category": "historical",
        "interest_score": 65,
        "website": "",
        "wikipedia": "",
        "wikidata": "Q17791411",
        "source_url": "https://www.openstreetmap.org/node/2265831081",
        "fetched_at_utc": "2026-10-07T11:41:56+00:00",
        "query_key": "historic_sites",
        "tags": {
          "description": "Figurine of a unicorn rampant atop a stone column",
          "historic": "monument",
          "name": "Masons' Pillars",
          "ref:canmore": "125726",
          "wikidata": "Q17791411"
        },
        "sitelinks": 0
      }
    },
    {
      "type": "Feature",
      "geometry": {
        "type": "Point",
        "coordinates": [
          -3.2003903,
          55.9529833
        ]
      },
      "properties": {
        "id": "osm:node:3342159195",
        "source": "osm",
        "title": "William Pitt Statue",
        "address": "",
        "description": "Born MDCCLIX, Died MDCCCVI",
        "categories": [
          "historical",
          "memorial"
        ],
        "primary_category": "historical",
        "interest_score": 65,
        "website": "",
        "wikipedia": "",
        "wikidata": "Q17570760",
        "source_url": "https://www.openstreetmap.org/node/3342159195",
        "fetched_at_utc": "2026-10-07T11:41:56+00:00",
        "query_key": "historic_sites",
        "tags": {
          "description": "Born MDCCLIX, Died MDCCCVI",
          "historic": "memorial",
          "memorial": "statue",
          "name": "William Pitt Statue",
          "ref:canmore": "99079",
          "source": "survey;Bing",
          "wikidata": "Q17570760"
        },
        "sitelinks": 0
      }
    },
    {
      "type": "Feature",
      "geometry": {
        "type": "Point",
        "coordinates": [
          -3.1964228,
          55.9488817
        ]
      },
      "properties": {
        "id": "osm:node:2836251939",
        "source": "osm",
        "title": "Witches' Well",
        "address": "",
        "description": "Bronze feature on wall with plaque above.",
        "categories": [
          "historical",
          "memorial"
        ],
        "primary_category": "historical",
        "interest_score": 65,
        "website": "",
        "wikipedia": "",
        "wikidata": "Q95568172",
        "source_url": "https://www.openstreetmap.org/node/2836251939",
        "fetched_at_utc": "2026-10-07T11:41:56+00:00",
        "query_key": "historic_sites",
        "tags": {
          "amenity": "fountain",
          "artist_name": "John Duncan",
          "description": "Bronze feature on wall with plaque above.",
          "historic": "memorial",
          "inscription": "This fountain designed by John Duncan R.S.A. is near the site on which many witches were burned at the stake.  ...",
          "memorial": "plaque",
          "name": "Witches' Well",
          "wikidata": "Q95568172"
        },
        "sitelinks": 3
      }
    },
    {
      "type": "Feature",
      "geometry": {
        "type": "Point",
        "coordinates": [
          -3.2020023914634126,
          55.939099063414645
        ]
      },
      "properties": {
        "id": "osm:way:4348244",
        "source": "osm",
        "title": "Bruntsfield Links",
        "address": "",
        "description": "",
        "categories": [
          "natural",
          "park"
        ],
        "primary_category": "natural",
        "interest_score": 64,
        "website": "",
        "wikipedia": "en:Bruntsfield Links",
        "wikidata": "Q4979595",
        "source_url": "https://www.openstreetmap.org/way/4348244",
        "fetched_at_utc": "2026-10-07T11:41:56+00:00",
        "query_key": "parks",
        "tags": {
          "leisure": "park",
          "name": "Bruntsfield Links",
          "wikidata": "Q4979595",
          "wikipedia": "en:Bruntsfield Links"
        },
        "sitelinks": 8
      }
    },
    {
      "type": "Feature",
      "geometry": {
        "type": "Point",
        "coordinates": [
          -3.18247302944785,
          55.954915668098145
        ]
      },
      "properties": {
        "id": "osm:way:1519743672",
        "source": "osm",
        "title": "Calton Hill",
        "address": "",
        "description": "",
        "categories": [
          "natural",
          "park"
        ],
        "primary_category": "natural",
        "interest_score": 64,
        "website": "",
        "wikipedia": "en:Calton Hill",
        "wikidata": "Q1199959",
        "source_url": "https://www.openstreetmap.org/way/1519743672",
        "fetched_at_utc": "2026-10-07T11:41:56+00:00",
        "query_key": "parks",
        "tags": {
          "leisure": "park",
          "name": "Calton Hill",
          "name:gd": "Cnoc Calton",
          "wikidata": "Q1199959",
          "wikipedia": "en:Calton Hill"
        },
        "sitelinks": 23
      }
    },
    {
      "type": "Feature",
      "geometry": {
        "type": "Point",
        "coordinates": [
          -3.2075488363636357,
          55.95184055454546
        ]
      },
      "properties": {
        "id": "osm:way:4933268",
        "source": "osm",
        "title": "Charlotte Square Gardens",
        "address": "",
        "description": "",
        "categories": [
          "natural",
          "garden"
        ],
        "primary_category": "natural",
        "interest_score": 64,
        "website": "",
        "wikipedia": "en:Charlotte Square",
        "wikidata": "Q5086152",
        "source_url": "https://www.openstreetmap.org/way/4933268",
        "fetched_at_utc": "2026-10-07T11:41:56+00:00",
        "query_key": "gardens",
        "tags": {
          "access": "private",
          "barrier": "fence",
          "garden:type": "private",
          "leisure": "garden",
          "name": "Charlotte Square Gardens",
          "name:zh": "夏洛特广场",
          "source": "NLS_OS_Edinburgh_map_1940s;Bing;survey",
          "wikidata": "Q5086152",
          "wikipedia": "en:Charlotte Square"
        },
        "sitelinks": 4
      }
    },
    {
      "type": "Feature",
      "geometry": {
        "type": "Point",
        "coordinates": [
          -3.1888426941176475,
          55.94370334705882
        ]
      },
      "properties": {
        "id": "osm:way:4075023",
        "source": "osm",
        "title": "George Square Gardens",
        "address": "",
        "description": "",
        "categories": [
          "natural",
          "garden"
        ],
        "primary_category": "natural",
        "interest_score": 64,
        "website": "",
        "wikipedia": "en:George Square, Edinburgh",
        "wikidata": "Q5544755",
        "source_url": "https://www.openstreetmap.org/way/4075023",
        "fetched_at_utc": "2026-10-07T11:41:56+00:00",
        "query_key": "gardens",
        "tags": {
          "access": "yes",
          "barrier": "fence",
          "fee": "no",
          "leisure": "garden",
          "name": "George Square Gardens",
          "opening_hours": "Oct-Apr Mo-Fr 07:00-16:00; Apr-Oct Mo-Fr 07:00-19:00",
          "operator": "University of Edinburgh",
          "source": "NLS_OS_Edinburgh_map_1940;Bing;survey",
          "wikidata": "Q5544755",
          "wikipedia": "en:George Square, Edinburgh"
        },
        "sitelinks": 4
      }
    },
    {
      "type": "Feature",
      "geometry": {
        "type": "Point",
        "coordinates": [
          -3.163534661392406,
          55.97107789430379
        ]
      },
      "properties": {
        "id": "osm:relation:8423665",
        "source": "osm",
        "title": "Leith Links",
        "address": "",
        "description": "",
        "categories": [
          "natural",
          "park"
        ],
        "primary_category": "natural",
        "interest_score": 64,
        "website": "",
        "wikipedia": "en:Leith Links",
        "wikidata": "Q6520393",
        "source_url": "https://www.openstreetmap.org/relation/8423665",
        "fetched_at_utc": "2026-10-07T11:41:56+00:00",
        "query_key": "parks",
        "tags": {
          "leisure": "park",
          "name": "Leith Links",
          "name:gd": "Fighdean Lìte",
          "wikidata": "Q6520393",
          "wikipedia": "en:Leith Links"
        },
        "sitelinks": 2
      }
    },
    {
      "type": "Feature",
      "geometry": {
        "type": "Point",
        "coordinates": [
          -3.159902354918032,
          55.96061767295081
        ]
      },
      "properties": {
        "id": "osm:way:26626296",
        "source": "osm",
        "title": "Lochend Park",
        "address": "",
        "description": "",
        "categories": [
          "natural",
          "park"
        ],
        "primary_category": "natural",
        "interest_score": 64,
        "website": "",
        "wikipedia": "en:Lochend Park",
        "wikidata": "Q19585967",
        "source_url": "https://www.openstreetmap.org/way/26626296",
        "fetched_at_utc": "2026-10-07T11:41:56+00:00",
        "query_key": "parks",
        "tags": {
          "leisure": "park",
          "name": "Lochend Park",
          "wikidata": "Q19585967",
          "wikipedia": "en:Lochend Park"
        },
        "sitelinks": 1
      }
    },
    {
      "type": "Feature",
      "geometry": {
        "type": "Point",
        "coordinates": [
          -3.17721581147541,
          55.9572553819672
        ]
      },
      "properties": {
        "id": "osm:way:22415647",
        "source": "osm",
        "title": "London Road Gardens",
        "address": "",
        "description": "",
        "categories": [
          "natural",
          "park"
        ],
        "primary_category": "natural",
        "interest_score": 64,
        "website": "",
        "wikipedia": "en:London Road Gardens, Edinburgh",
        "wikidata": "Q54869777",
        "source_url": "https://www.openstreetmap.org/way/22415647",
        "fetched_at_utc": "2026-10-07T11:41:56+00:00",
        "query_key": "parks",
        "tags": {
          "access": "yes",
          "alt_name": "Royal Terrace Gardens",
          "leisure": "park",
          "name": "London Road Gardens",
          "wikidata": "Q54869777",
          "wikipedia": "en:London Road Gardens, Edinburgh"
        },
        "sitelinks": 1
      }
    },
    {
      "type": "Feature",
      "geometry": {
        "type": "Point",
        "coordinates": [
          -3.2076888741176477,
          55.965875422352916
        ]
      },
      "properties": {
        "id": "osm:way:5209575",
        "source": "osm",
        "title": "Royal Botanic Garden Edinburgh",
        "address": "",
        "description": "",
        "categories": [
          "natural",
          "garden"
        ],
        "primary_category": "natural",
        "interest_score": 64,
        "website": "",
        "wikipedia": "en:Royal Botanic Garden Edinburgh",
        "wikidata": "Q1807521",
        "source_url": "https://www.openstreetmap.org/way/5209575",
        "fetched_at_utc": "2026-10-07T11:41:56+00:00",
        "query_key": "gardens",
        "tags": {
          "access": "yes",
          "alt_name": "Royal Botanic Garden",
          "alt_name:gd": "Gàrradh Lusan Rìoghail Dhùn Èideann",
          "check_date": "2026-07-17",
          "check_date:opening_hours": "2026-07-17",
          "contact:website": "http://www.rbge.org.uk/",
          "fee": "no",
          "garden:type": "botanical",
          "leisure": "garden",
          "name": "Royal Botanic Garden Edinburgh",
          "name:ceb": "Royal Botanic Garden Edinburgh",
          "name:cs": "Královská botanická zahrada v Edinburku",
          "name:de": "Königlicher Botanischer Garten Edinburgh",
          "name:es": "Real jardín botánico de Edimburgo",
          "name:fr": "Jardin botanique royal d'Édimbourg",
          "name:gd": "Lios Luibheach Rìoghail Dhùn Èideann",
          "name:id": "Taman Botani Kerajaan Edinburgh",
          "name:it": "Giardino botanico reale di Edimburgo",
          "name:ko": "에든버러 왕립식물원",
          "name:ml": "റോയൽ ബൊട്ടാണിക് ഗാർഡൻ",
          "name:nl": "Royal Botanic Garden Edinburgh",
          "name:pl": "Królewski Ogród Botaniczny w Edynburgu",
          "name:pms": "Giardin botànich real d'Edimborgh",
          "name:pt": "Real Jardim Botânico de Edimburgo",
          "name:ru": "Королевский ботанический сад Эдинбурга",
          "name:sv": "Royal Botanic Garden Edinburgh",
          "name:uk": "Королівський ботанічний сад Единбургу",
          "name:zh": "愛丁堡皇家植物園",
          "opening_hours": "Feb-Oct 10:00-17:00; Nov,Jan 10:00-16:00; Dec 10:00-15:30",
          "ref:canmore": "69986",
          "source": "Bing;survey",
          "start_date": "1670",
          "wikidata": "Q1807521",
          "wikipedia": "en:Royal Botanic Garden Edinburgh"
        },
        "sitelinks": 19
      }
    },
    {
      "type": "Feature",
      "geometry": {
        "type": "Point",
        "coordinates": [
          -3.1931731578947367,
          55.95414036842104
        ]
      },
      "properties": {
        "id": "osm:way:78693281",
        "source": "osm",
        "title": "St Andrew Square Garden",
        "address": "",
        "description": "",
        "categories": [
          "natural",
          "garden"
        ],
        "primary_category": "natural",
        "interest_score": 64,
        "website": "",
        "wikipedia": "en:St Andrew Square, Edinburgh",
        "wikidata": "Q7592419",
        "source_url": "https://www.openstreetmap.org/way/78693281",
        "fetched_at_utc": "2026-10-07T11:41:56+00:00",
        "query_key": "gardens",
        "tags": {
          "barrier": "fence",
          "leisure": "garden",
          "name": "St Andrew Square Garden",
          "name:gd": "Ceàrnag an Naoimh Anndras",
          "name:ko": "세인트 앤드류 스퀘어",
          "opening_hours": "07:00-20:00",
          "start_date": "1772",
          "wheelchair": "yes",
          "wikidata": "Q7592419",
          "wikipedia": "en:St Andrew Square, Edinburgh"
        },
        "sitelinks": 6
      }
    },
    {
      "type": "Feature",
      "geometry": {
        "type": "Point",
        "coordinates": [
          -3.190451346258503,
          55.94192647551018
        ]
      },
      "properties": {
        "id": "osm:way:233760765",
        "source": "osm",
        "title": "The Meadows",
        "address": "",
        "description": "",
        "categories": [
          "natural",
          "park"
        ],
        "primary_category": "natural",
        "interest_score": 64,
        "website": "",
        "wikipedia": "en:The Meadows, Edinburgh",
        "wikidata": "Q7750795",
        "source_url": "https://www.openstreetmap.org/way/233760765",
        "fetched_at_utc": "2026-10-07T11:41:56+00:00",
        "query_key": "parks",
        "tags": {
          "leisure": "park",
          "name": "The Meadows",
          "wheelchair": "yes",
          "wikidata": "Q7750795",
          "wikipedia": "en:The Meadows, Edinburgh"
        },
        "sitelinks": 7
      }
    },
    {
      "type": "Feature",
      "geometry": {
        "type": "Point",
        "coordinates": [
          -3.1994623128571416,
          55.94954716476192
        ]
      },
      "properties": {
        "id": "osm:relation:963806",
        "source": "osm",
        "title": "West Princes Street Gardens",
        "address": "",
        "description": "",
        "categories": [
          "natural",
          "park"
        ],
        "primary_category": "natural",
        "interest_score": 64,
        "website": "",
        "wikipedia": "en:Princes Street Gardens",
        "wikidata": "Q980646",
        "source_url": "https://www.openstreetmap.org/relation/963806",
        "fetched_at_utc": "2026-10-07T11:41:56+00:00",
        "query_key": "parks",
        "tags": {
          "leisure": "park",
          "name": "West Princes Street Gardens",
          "name:gd": "Gàrradh Sràid a' Phrionnsa an Iar",
          "name:ko": "웨스트 프린스 스트리트 가든",
          "opening_hours": "Jan 01-Mar 24: 07:00-18:00; Mar 25-Apr 21: 07:00-19:00; Apr 22-May 26: 07:00-20:00; May 27-Aug 25: 07:00-22:00; Aug 26-Sep 22: 07:00-20:00; Sep 23-Oct 27: 07:00-19:00; Oct 28-Dec 31: 07:00-18:00",
          "opening_hours:url": "https://www.edinburghoutdoors.org.uk/directory-record/112/princes-street-gardens",
          "wikidata": "Q980646",
          "wikipedia": "en:Princes Street Gardens"
        },
        "sitelinks": 14
      }
    },
    {
      "type": "Feature",
      "geometry": {
        "type": "Point",
        "coordinates": [
          -3.1986589650000004,
          55.9485219
        ]
      },
      "properties": {
        "id": "osm:way:41299992",
        "source": "osm",
        "title": "Gatehouse",
        "address": "",
        "description": "",
        "categories": [
          "historical",
          "landmark"
        ],
        "primary_category": "historical",
        "interest_score": 63,
        "website": "",
        "wikipedia": "",
        "wikidata": "Q17569927",
        "source_url": "https://www.openstreetmap.org/way/41299992",
        "fetched_at_utc": "2026-10-07T11:41:56+00:00",
        "query_key": "attractions_and_viewpoints",
        "tags": {
          "building": "gatehouse",
          "historic": "city_gate",
          "image": "https://commons.wikimedia.org/wiki/File%3ASentries_at_Edinburgh_Castle_Gatehouse.jpg",
          "name": "Gatehouse",
          "name:es": "Portería",
          "source": "Bing",
          "tourism": "attraction",
          "wikidata": "Q17569927"
        },
        "sitelinks": 0
      }
    },
    {
      "type": "Feature",
      "geometry": {
        "type": "Point",
        "coordinates": [
          -3.2258844377142855,
          55.94758330685714
        ]
      },
      "properties": {
        "id": "osm:relation:74779",
        "source": "osm",
        "title": "Donaldson's College",
        "address": "",
        "description": "",
        "categories": [
          "historical",
          "architecture"
        ],
        "primary_category": "historical",
        "interest_score": 62,
        "website": "",
        "wikipedia": "",
        "wikidata": "Q75853158",
        "source_url": "https://www.openstreetmap.org/relation/74779",
        "fetched_at_utc": "2026-10-07T11:41:56+00:00",
        "query_key": "historic_sites",
        "tags": {
          "building": "yes",
          "historic": "building",
          "name": "Donaldson's College",
          "wikidata": "Q75853158"
        },
        "sitelinks": 0
      }
    },
    {
      "type": "Feature",
      "geometry": {
        "type": "Point",
        "coordinates": [
          -3.180290864285715,
          55.94865652142857
        ]
      },
      "properties": {
        "id": "osm:way:169951096",
        "source": "osm",
        "title": "Hutton Memorial Garden",
        "address": "",
        "description": "",
        "categories": [
          "historical",
          "natural",
          "garden",
          "memorial"
        ],
        "primary_category": "historical",
        "interest_score": 62,
        "website": "",
        "wikipedia": "",
        "wikidata": "",
        "source_url": "https://www.openstreetmap.org/way/169951096",
        "fetched_at_utc": "2026-10-07T11:41:56+00:00",
        "query_key": "historic_sites",
        "tags": {
          "historic": "memorial",
          "leisure": "garden",
          "memorial": "garden",
          "name": "Hutton Memorial Garden",
          "source": "survey;bing"
        }
      }
    },
    {
      "type": "Feature",
      "geometry": {
        "type": "Point",
        "coordinates": [
          -3.1841190460000006,
          55.95479626999998
        ]
      },
      "properties": {
        "id": "osm:way:286995862",
        "source": "osm",
        "title": "Observatory House",
        "address": "",
        "description": "",
        "categories": [
          "historical",
          "architecture"
        ],
        "primary_category": "historical",
        "interest_score": 62,
        "website": "",
        "wikipedia": "",
        "wikidata": "Q17570598",
        "source_url": "https://www.openstreetmap.org/way/286995862",
        "fetched_at_utc": "2026-10-07T11:41:56+00:00",
        "query_key": "historic_sites",
        "tags": {
          "access": "private",
          "building": "historic",
          "building:levels": "3",
          "historic": "manor",
          "name": "Observatory House",
          "wikidata": "Q17570598"
        },
        "sitelinks": 0
      }
    },
    {
      "type": "Feature",
      "geometry": {
        "type": "Point",
        "coordinates": [
          -3.1741971470588233,
          55.95350515882353
        ]
      },
      "properties": {
        "id": "osm:way:302939054",
        "source": "osm",
        "title": "Queen Mary's Bath House",
        "address": "",
        "description": "",
        "categories": [
          "historical",
          "architecture"
        ],
        "primary_category": "historical",
        "interest_score": 62,
        "website": "",
        "wikipedia": "",
        "wikidata": "Q113047710",
        "source_url": "https://www.openstreetmap.org/way/302939054",
        "fetched_at_utc": "2026-10-07T11:41:56+00:00",
        "query_key": "historic_sites",
        "tags": {
          "building": "yes",
          "building:levels": "2",
          "building:material": "stone",
          "historic": "building",
          "name": "Queen Mary's Bath House",
          "source": "Bing",
          "wikidata": "Q113047710"
        },
        "sitelinks": 0
      }
    },
    {
      "type": "Feature",
      "geometry": {
        "type": "Point",
        "coordinates": [
          -3.1873093,
          55.9674344
        ]
      },
      "properties": {
        "id": "osm:node:3203932126",
        "source": "osm",
        "title": "Quintinshill Rail Disaster Memorial",
        "address": "",
        "description": "",
        "categories": [
          "historical",
          "memorial"
        ],
        "primary_category": "historical",
        "interest_score": 62,
        "website": "",
        "wikipedia": "en:Quintinshill rail disaster#Memorials",
        "wikidata": "",
        "source_url": "https://www.openstreetmap.org/node/3203932126",
        "fetched_at_utc": "2026-10-07T11:41:56+00:00",
        "query_key": "historic_sites",
        "tags": {
          "historic": "memorial",
          "memorial": "war_memorial",
          "name": "Quintinshill Rail Disaster Memorial",
          "ref:canmore": "78511",
          "source": "survey",
          "subject:wikidata": "Q1312413",
          "wikipedia": "en:Quintinshill rail disaster#Memorials"
        }
      }
    },
    {
      "type": "Feature",
      "geometry": {
        "type": "Point",
        "coordinates": [
          -3.1981296,
          55.9488199
        ]
      },
      "properties": {
        "id": "osm:node:5337269693",
        "source": "osm",
        "title": "72nd Highlanders Memorial",
        "address": "",
        "description": "",
        "categories": [
          "historical",
          "memorial"
        ],
        "primary_category": "historical",
        "interest_score": 60,
        "website": "",
        "wikipedia": "",
        "wikidata": "Q77776441",
        "source_url": "https://www.openstreetmap.org/node/5337269693",
        "fetched_at_utc": "2026-10-07T11:41:56+00:00",
        "query_key": "historic_sites",
        "tags": {
          "alt_name": "The Afgan Needle",
          "historic": "memorial",
          "memorial": "obelisk",
          "memorial:conflict": "First_Anglo-Afghan_War;Second_Anglo-Afghan_War",
          "name": "72nd Highlanders Memorial",
          "ref:canmore": "236887",
          "ref:iwm": "53582",
          "start_date": "1885",
          "war_memorial": "yes",
          "wikidata": "Q77776441"
        },
        "sitelinks": 0
      }
    },
    {
      "type": "Feature",
      "geometry": {
        "type": "Point",
        "coordinates": [
          -3.1969169,
          55.9489614
        ]
      },
      "properties": {
        "id": "osm:node:5337269698",
        "source": "osm",
        "title": "78th Highlanders Memorial",
        "address": "",
        "description": "",
        "categories": [
          "historical",
          "memorial"
        ],
        "primary_category": "historical",
        "interest_score": 60,
        "website": "",
        "wikipedia": "",
        "wikidata": "Q17795306",
        "source_url": "https://www.openstreetmap.org/node/5337269698",
        "fetched_at_utc": "2026-10-07T11:41:56+00:00",
        "query_key": "historic_sites",
        "tags": {
          "alt_name": "The India Cross",
          "historic": "memorial",
          "memorial": "celtic_cross",
          "memorial:conflict": "Indian_Rebellion",
          "name": "78th Highlanders Memorial",
          "ref:canmore": "236890",
          "ref:iwm": "53581",
          "start_date": "1862",
          "war_memorial": "yes",
          "wikidata": "Q17795306"
        },
        "sitelinks": 0
      }
    },
    {
      "type": "Feature",
      "geometry": {
        "type": "Point",
        "coordinates": [
          -3.1973060555555555,
          55.951688569444435
        ]
      },
      "properties": {
        "id": "osm:way:314597264",
        "source": "osm",
        "title": "Allan Ramsay Memorial",
        "address": "",
        "description": "",
        "categories": [
          "historical",
          "memorial"
        ],
        "primary_category": "historical",
        "interest_score": 60,
        "website": "",
        "wikipedia": "",
        "wikidata": "Q17570763",
        "source_url": "https://www.openstreetmap.org/way/314597264",
        "fetched_at_utc": "2026-10-07T11:41:56+00:00",
        "query_key": "historic_sites",
        "tags": {
          "historic": "memorial",
          "memorial": "statue",
          "name": "Allan Ramsay Memorial",
          "ref:canmore": "116836",
          "source": "NLS_OS_Edinburgh_map_1940s;Bing;survey",
          "wikidata": "Q17570763"
        },
        "sitelinks": 0
      }
    },
    {
      "type": "Feature",
      "geometry": {
        "type": "Point",
        "coordinates": [
          -3.190662396992481,
          55.946240323308295
        ]
      },
      "properties": {
        "id": "osm:way:42580755",
        "source": "osm",
        "title": "Bedlam Theatre",
        "address": "11B Bristo Place, Edinburgh, EH1 1EZ",
        "description": "",
        "categories": [
          "cultural",
          "art"
        ],
        "primary_category": "cultural",
        "interest_score": 60,
        "website": "",
        "wikipedia": "en:Bedlam Theatre",
        "wikidata": "Q4879291",
        "source_url": "https://www.openstreetmap.org/way/42580755",
        "fetched_at_utc": "2026-10-07T11:41:56+00:00",
        "query_key": "performance_and_literary",
        "tags": {
          "addr:city": "Edinburgh",
          "addr:housenumber": "11B",
          "addr:postcode": "EH1 1EZ",
          "addr:street": "Bristo Place",
          "amenity": "theatre",
          "building": "university",
          "check_date": "2026-01-05",
          "edinburgh_fringe": "Bedlam Theatre",
          "fhrs:id": "124426",
          "name": "Bedlam Theatre",
          "name:gd": "Talla-cluiche Bedlam",
          "operator": "University of Edinburgh",
          "source": "NLS_OS_Edinburgh_map_1940s;Bing;survey",
          "wikidata": "Q4879291",
          "wikipedia": "en:Bedlam Theatre"
        },
        "sitelinks": 1
      }
    },
    {
      "type": "Feature",
      "geometry": {
        "type": "Point",
        "coordinates": [
          -3.1945382,
          55.9501258
        ]
      },
      "properties": {
        "id": "osm:node:2274485025",
        "source": "osm",
        "title": "Black Watch Memorial",
        "address": "",
        "description": "",
        "categories": [
          "historical",
          "memorial"
        ],
        "primary_category": "historical",
        "interest_score": 60,
        "website": "",
        "wikipedia": "",
        "wikidata": "Q17569383",
        "source_url": "https://www.openstreetmap.org/node/2274485025",
        "fetched_at_utc": "2026-10-07T11:41:56+00:00",
        "query_key": "historic_sites",
        "tags": {
          "alt_name": "South African War Memorial to Black Watch",
          "historic": "memorial",
          "memorial": "statue",
          "memorial:conflict": "Second_Boer_War",
          "name": "Black Watch Memorial",
          "ref:canmore": "113613",
          "ref:iwm": "44665",
          "start_date": "1910",
          "war_memorial": "yes",
          "wikidata": "Q17569383"
        },
        "sitelinks": 0
      }
    },
    {
      "type": "Feature",
      "geometry": {
        "type": "Point",
        "coordinates": [
          -3.1853985,
          55.9460243
        ]
      },
      "properties": {
        "id": "osm:node:442615638",
        "source": "osm",
        "title": "Brassfounders Column",
        "address": "",
        "description": "",
        "categories": [
          "historical",
          "memorial"
        ],
        "primary_category": "historical",
        "interest_score": 60,
        "website": "",
        "wikipedia": "",
        "wikidata": "Q17812523",
        "source_url": "https://www.openstreetmap.org/node/442615638",
        "fetched_at_utc": "2026-10-07T11:41:56+00:00",
        "query_key": "historic_sites",
        "tags": {
          "historic": "monument",
          "name": "Brassfounders Column",
          "ref:canmore": "118660",
          "source": "Bing;survey",
          "wikidata": "Q17812523"
        },
        "sitelinks": 1
      }
    },
    {
      "type": "Feature",
      "geometry": {
        "type": "Point",
        "coordinates": [
          -3.1905167,
          55.9492304
        ]
      },
      "properties": {
        "id": "osm:node:2940854453",
        "source": "osm",
        "title": "Charles II of England",
        "address": "",
        "description": "",
        "categories": [
          "historical",
          "memorial"
        ],
        "primary_category": "historical",
        "interest_score": 60,
        "website": "",
        "wikipedia": "",
        "wikidata": "Q17570718",
        "source_url": "https://www.openstreetmap.org/node/2940854453",
        "fetched_at_utc": "2026-10-07T11:41:56+00:00",
        "query_key": "historic_sites",
        "tags": {
          "artist:wikidata": "Q610462",
          "historic": "memorial",
          "memorial": "statue",
          "name": "Charles II of England",
          "name:es": "Carlos II de Inglaterra",
          "ref:canmore": "52292",
          "start_date": "1685",
          "statue": "equestrian",
          "subject:wikidata": "Q122553",
          "wikidata": "Q17570718"
        },
        "sitelinks": 0
      }
    },
    {
      "type": "Feature",
      "geometry": {
        "type": "Point",
        "coordinates": [
          -3.209494876923077,
          55.93264864230769
        ]
      },
      "properties": {
        "id": "osm:way:130755064",
        "source": "osm",
        "title": "Church Hill Theatre",
        "address": "33 Morningside Road, Edinburgh, EH10 4DR",
        "description": "",
        "categories": [
          "cultural",
          "art"
        ],
        "primary_category": "cultural",
        "interest_score": 60,
        "website": "",
        "wikipedia": "en:Church Hill Theatre",
        "wikidata": "Q5116619",
        "source_url": "https://www.openstreetmap.org/way/130755064",
        "fetched_at_utc": "2026-10-07T11:41:56+00:00",
        "query_key": "performance_and_literary",
        "tags": {
          "addr:city": "Edinburgh",
          "addr:housenumber": "33",
          "addr:postcode": "EH10 4DR",
          "addr:street": "Morningside Road",
          "alt_name": "Churchhill Theatre",
          "amenity": "theatre",
          "building": "church",
          "fhrs:id": "123980",
          "name": "Church Hill Theatre",
          "note": "former Morningside Free Church until 1960",
          "operator": "City of Edinburgh Council",
          "phone": "+44 131 447 7597",
          "source": "NLS_OS_Edinburgh_map_1940s;Bing;survey",
          "start_date": "1892",
          "wikidata": "Q5116619",
          "wikipedia": "en:Church Hill Theatre"
        },
        "sitelinks": 2
      }
    },
    {
      "type": "Feature",
      "geometry": {
        "type": "Point",
        "coordinates": [
          -3.1973957,
          55.9489209
        ]
      },
      "properties": {
        "id": "osm:node:5337269697",
        "source": "osm",
        "title": "Colonel Mackenzie Statue",
        "address": "",
        "description": "",
        "categories": [
          "historical",
          "memorial"
        ],
        "primary_category": "historical",
        "interest_score": 60,
        "website": "",
        "wikipedia": "",
        "wikidata": "Q17795478",
        "source_url": "https://www.openstreetmap.org/node/5337269697",
        "fetched_at_utc": "2026-10-07T11:41:56+00:00",
        "query_key": "historic_sites",
        "tags": {
          "historic": "memorial",
          "memorial": "celtic_cross",
          "name": "Colonel Mackenzie Statue",
          "ref:canmore": "236896",
          "ref:iwm": "53580",
          "war_memorial": "yes",
          "wikidata": "Q17795478"
        },
        "sitelinks": 0
      }
    },
    {
      "type": "Feature",
      "geometry": {
        "type": "Point",
        "coordinates": [
          -3.1924433,
          55.9495516
        ]
      },
      "properties": {
        "id": "osm:node:2112878976",
        "source": "osm",
        "title": "David Hume Memorial",
        "address": "",
        "description": "",
        "categories": [
          "historical",
          "memorial"
        ],
        "primary_category": "historical",
        "interest_score": 60,
        "website": "",
        "wikipedia": "",
        "wikidata": "Q55842333",
        "source_url": "https://www.openstreetmap.org/node/2112878976",
        "fetched_at_utc": "2026-10-07T11:41:56+00:00",
        "query_key": "historic_sites",
        "tags": {
          "historic": "memorial",
          "memorial": "statue",
          "name": "David Hume Memorial",
          "ref:canmore": "179670",
          "wikidata": "Q55842333"
        },
        "sitelinks": 0
      }
    },
    {
      "type": "Feature",
      "geometry": {
        "type": "Point",
        "coordinates": [
          -3.192736,
          55.9524624
        ]
      },
      "properties": {
        "id": "osm:node:2466426304",
        "source": "osm",
        "title": "David Livingstone Memorial",
        "address": "",
        "description": "",
        "categories": [
          "historical",
          "memorial"
        ],
        "primary_category": "historical",
        "interest_score": 60,
        "website": "",
        "wikipedia": "",
        "wikidata": "Q17570753",
        "source_url": "https://www.openstreetmap.org/node/2466426304",
        "fetched_at_utc": "2026-10-07T11:41:56+00:00",
        "query_key": "historic_sites",
        "tags": {
          "historic": "memorial",
          "memorial": "statue",
          "name": "David Livingstone Memorial",
          "ref:canmore": "116834",
          "source": "NLS_OS_Edinburgh_map_1940s;Bing;survey",
          "wikidata": "Q17570753"
        },
        "sitelinks": 1
      }
    },
    {
      "type": "Feature",
      "geometry": {
        "type": "Point",
        "coordinates": [
          -3.2056512,
          55.9502996
        ]
      },
      "properties": {
        "id": "osm:node:2934518744",
        "source": "osm",
        "title": "Dean Ramsay Memorial",
        "address": "",
        "description": "",
        "categories": [
          "historical",
          "memorial"
        ],
        "primary_category": "historical",
        "interest_score": 60,
        "website": "",
        "wikipedia": "",
        "wikidata": "Q114153227",
        "source_url": "https://www.openstreetmap.org/node/2934518744",
        "fetched_at_utc": "2026-10-07T11:41:56+00:00",
        "query_key": "historic_sites",
        "tags": {
          "historic": "memorial",
          "memorial": "sculpture",
          "name": "Dean Ramsay Memorial",
          "ref:canmore": "117448",
          "wikidata": "Q114153227"
        },
        "sitelinks": 0
      }
    },
    {
      "type": "Feature",
      "geometry": {
        "type": "Point",
        "coordinates": [
          -3.2035115,
          55.9524599
        ]
      },
      "properties": {
        "id": "osm:node:708975728",
        "source": "osm",
        "title": "Dr Thomas Chalmers Statue",
        "address": "",
        "description": "",
        "categories": [
          "historical",
          "memorial"
        ],
        "primary_category": "historical",
        "interest_score": 60,
        "website": "",
        "wikipedia": "",
        "wikidata": "Q17570715",
        "source_url": "https://www.openstreetmap.org/node/708975728",
        "fetched_at_utc": "2026-10-07T11:41:56+00:00",
        "query_key": "historic_sites",
        "tags": {
          "historic": "memorial",
          "memorial": "statue",
          "name": "Dr Thomas Chalmers Statue",
          "ref:canmore": "99085",
          "source": "survey;Bing",
          "wikidata": "Q17570715"
        },
        "sitelinks": 0
      }
    },
    {
      "type": "Feature",
      "geometry": {
        "type": "Point",
        "coordinates": [
          -3.1891568599999998,
          55.953474400000005
        ]
      },
      "properties": {
        "id": "osm:way:287551981",
        "source": "osm",
        "title": "Duke of Wellington Statue",
        "address": "",
        "description": "",
        "categories": [
          "historical",
          "memorial"
        ],
        "primary_category": "historical",
        "interest_score": 60,
        "website": "",
        "wikipedia": "",
        "wikidata": "Q17570765",
        "source_url": "https://www.openstreetmap.org/way/287551981",
        "fetched_at_utc": "2026-10-07T11:41:56+00:00",
        "query_key": "historic_sites",
        "tags": {
          "artist:wikidata": "Q3297902",
          "historic": "memorial",
          "memorial": "statue",
          "name": "Duke of Wellington Statue",
          "ref:canmore": "115603",
          "start_date": "1848",
          "statue": "equestrian",
          "subject:wikidata": "Q131691",
          "wikidata": "Q17570765"
        },
        "sitelinks": 0
      }
    },
    {
      "type": "Feature",
      "geometry": {
        "type": "Point",
        "coordinates": [
          -3.1906958100000002,
          55.97860557
        ]
      },
      "properties": {
        "id": "osm:way:214288343",
        "source": "osm",
        "title": "Edinburgh Sculpture Workshop",
        "address": "",
        "description": "",
        "categories": [
          "cultural",
          "architecture",
          "art"
        ],
        "primary_category": "cultural",
        "interest_score": 60,
        "website": "https://edinburghsculpture.org",
        "wikipedia": "",
        "wikidata": "Q105320063",
        "source_url": "https://www.openstreetmap.org/way/214288343",
        "fetched_at_utc": "2026-10-07T11:41:56+00:00",
        "query_key": "galleries_and_arts",
        "tags": {
          "amenity": "arts_centre",
          "building": "yes",
          "check_date": "2026-02-08",
          "name": "Edinburgh Sculpture Workshop",
          "source": "local_knowledge",
          "website": "https://edinburghsculpture.org",
          "wikidata": "Q105320063"
        },
        "sitelinks": 1
      }
    },
    {
      "type": "Feature",
      "geometry": {
        "type": "Point",
        "coordinates": [
          -3.191713,
          55.9494934
        ]
      },
      "properties": {
        "id": "osm:node:2934518745",
        "source": "osm",
        "title": "Fifth Duke of Buccleuch Memorial",
        "address": "",
        "description": "",
        "categories": [
          "historical",
          "memorial"
        ],
        "primary_category": "historical",
        "interest_score": 60,
        "website": "",
        "wikipedia": "",
        "wikidata": "Q17570712",
        "source_url": "https://www.openstreetmap.org/node/2934518745",
        "fetched_at_utc": "2026-10-07T11:41:56+00:00",
        "query_key": "historic_sites",
        "tags": {
          "historic": "memorial",
          "memorial": "statue",
          "name": "Fifth Duke of Buccleuch Memorial",
          "ref:canmore": "113247",
          "wikidata": "Q17570712"
        },
        "sitelinks": 0
      }
    },
    {
      "type": "Feature",
      "geometry": {
        "type": "Point",
        "coordinates": [
          -3.1978503,
          55.9488848
        ]
      },
      "properties": {
        "id": "osm:node:5337269695",
        "source": "osm",
        "title": "Frederick, Duke of York Statue",
        "address": "",
        "description": "",
        "categories": [
          "historical",
          "memorial"
        ],
        "primary_category": "historical",
        "interest_score": 60,
        "website": "",
        "wikipedia": "",
        "wikidata": "Q17791177",
        "source_url": "https://www.openstreetmap.org/node/5337269695",
        "fetched_at_utc": "2026-10-07T11:41:56+00:00",
        "query_key": "historic_sites",
        "tags": {
          "historic": "memorial",
          "memorial": "statue",
          "name": "Frederick, Duke of York Statue",
          "ref:canmore": "236871",
          "wikidata": "Q17791177"
        },
        "sitelinks": 0
      }
    },
    {
      "type": "Feature",
      "geometry": {
        "type": "Point",
        "coordinates": [
          -3.188112483333333,
          55.94291268333333
        ]
      },
      "properties": {
        "id": "osm:way:5325197",
        "source": "osm",
        "title": "Gordon Aikman Lecture Theatre",
        "address": "32 George Square, Edinburgh, EH8 9LH",
        "description": "",
        "categories": [
          "cultural",
          "art"
        ],
        "primary_category": "cultural",
        "interest_score": 60,
        "website": "",
        "wikipedia": "en:Gordon Aikman Lecture Theatre",
        "wikidata": "Q17803246",
        "source_url": "https://www.openstreetmap.org/way/5325197",
        "fetched_at_utc": "2026-10-07T11:41:56+00:00",
        "query_key": "performance_and_literary",
        "tags": {
          "addr:city": "Edinburgh",
          "addr:country": "GB",
          "addr:housenumber": "32",
          "addr:postcode": "EH8 9LH",
          "addr:street": "George Square",
          "alt_name": "George Square Lecture Theatre",
          "amenity": "theatre",
          "architect": "Robert Matthew",
          "building": "university",
          "building:levels": "4",
          "check_date": "2024-04-04",
          "edinburgh_fringe": "Assembly Rooms",
          "name": "Gordon Aikman Lecture Theatre",
          "note": "used as a general theatre in addition to a lecture theatre",
          "roof:shape": "flat",
          "start_date": "1970",
          "wheelchair": "yes",
          "wikidata": "Q17803246",
          "wikipedia": "en:Gordon Aikman Lecture Theatre"
        },
        "sitelinks": 2
      }
    },
    {
      "type": "Feature",
      "geometry": {
        "type": "Point",
        "coordinates": [
          -3.1915775,
          55.9495516
        ]
      },
      "properties": {
        "id": "osm:node:529443421",
        "source": "osm",
        "title": "Heart of Midlothian",
        "address": "",
        "description": "",
        "categories": [
          "cultural",
          "art"
        ],
        "primary_category": "cultural",
        "interest_score": 60,
        "website": "",
        "wikipedia": "en:Heart of Midlothian (Royal Mile)",
        "wikidata": "Q1592420",
        "source_url": "https://www.openstreetmap.org/node/529443421",
        "fetched_at_utc": "2026-10-07T11:41:56+00:00",
        "query_key": "galleries_and_arts",
        "tags": {
          "artwork_type": "mosaic",
          "name": "Heart of Midlothian",
          "name:es": "Corazon de Midlothian",
          "tourism": "artwork",
          "wikidata": "Q1592420",
          "wikimedia_commons": "Category:Heart of Midlothian (Royal Mile)",
          "wikipedia": "en:Heart of Midlothian (Royal Mile)"
        },
        "sitelinks": 5
      }
    },
    {
      "type": "Feature",
      "geometry": {
        "type": "Point",
        "coordinates": [
          -3.2164969,
          55.9462847
        ]
      },
      "properties": {
        "id": "osm:node:9760074407",
        "source": "osm",
        "title": "Heart Of Midlothian War Memorial",
        "address": "",
        "description": "",
        "categories": [
          "historical",
          "memorial"
        ],
        "primary_category": "historical",
        "interest_score": 60,
        "website": "",
        "wikipedia": "",
        "wikidata": "Q56631065",
        "source_url": "https://www.openstreetmap.org/node/9760074407",
        "fetched_at_utc": "2026-10-07T11:41:56+00:00",
        "query_key": "historic_sites",
        "tags": {
          "amenity": "clock",
          "historic": "memorial",
          "memorial": "war_memorial",
          "memorial:conflict": "WW1;WW2",
          "name": "Heart Of Midlothian War Memorial",
          "ref:canmore": "237149",
          "ref:iwm": "1351",
          "start_date": "1922",
          "wikidata": "Q56631065"
        },
        "sitelinks": 0
      }
    },
    {
      "type": "Feature",
      "geometry": {
        "type": "Point",
        "coordinates": [
          -3.1950781,
          55.9496357
        ]
      },
      "properties": {
        "id": "osm:node:2934518746",
        "source": "osm",
        "title": "John Knox Memorial",
        "address": "",
        "description": "",
        "categories": [
          "historical",
          "memorial"
        ],
        "primary_category": "historical",
        "interest_score": 60,
        "website": "",
        "wikipedia": "",
        "wikidata": "Q77776488",
        "source_url": "https://www.openstreetmap.org/node/2934518746",
        "fetched_at_utc": "2026-10-07T11:41:56+00:00",
        "query_key": "historic_sites",
        "tags": {
          "historic": "memorial",
          "memorial": "statue",
          "name": "John Knox Memorial",
          "ref:canmore": "235803",
          "wikidata": "Q77776488"
        },
        "sitelinks": 0
      }
    },
    {
      "type": "Feature",
      "geometry": {
        "type": "Point",
        "coordinates": [
          -3.1632592,
          55.9719746
        ]
      },
      "properties": {
        "id": "osm:node:7160189298",
        "source": "osm",
        "title": "John Rattray Statue",
        "address": "",
        "description": "",
        "categories": [
          "historical",
          "memorial"
        ],
        "primary_category": "historical",
        "interest_score": 60,
        "website": "",
        "wikipedia": "",
        "wikidata": "Q95388920",
        "source_url": "https://www.openstreetmap.org/node/7160189298",
        "fetched_at_utc": "2026-10-07T11:41:56+00:00",
        "query_key": "historic_sites",
        "tags": {
          "artist_name": "David Annand",
          "historic": "memorial",
          "material": "bronze",
          "memorial": "statue",
          "name": "John Rattray Statue",
          "start_date": "2019-09-11",
          "wikidata": "Q95388920"
        },
        "sitelinks": 0
      }
    },
    {
      "type": "Feature",
      "geometry": {
        "type": "Point",
        "coordinates": [
          -3.1954466200000002,
          55.9519948
        ]
      },
      "properties": {
        "id": "osm:way:313680591",
        "source": "osm",
        "title": "John Wilson Memorial",
        "address": "",
        "description": "",
        "categories": [
          "historical",
          "memorial"
        ],
        "primary_category": "historical",
        "interest_score": 60,
        "website": "",
        "wikipedia": "",
        "wikidata": "Q17570768",
        "source_url": "https://www.openstreetmap.org/way/313680591",
        "fetched_at_utc": "2026-10-07T11:41:56+00:00",
        "query_key": "historic_sites",
        "tags": {
          "historic": "memorial",
          "memorial": "statue",
          "name": "John Wilson Memorial",
          "ref:canmore": "116835",
          "wikidata": "Q17570768"
        },
        "sitelinks": 0
      }
    },
    {
      "type": "Feature",
      "geometry": {
        "type": "Point",
        "coordinates": [
          -3.1811937666666665,
          55.961325066666674
        ]
      },
      "properties": {
        "id": "osm:way:42145852",
        "source": "osm",
        "title": "McDonald Road Library",
        "address": "2-4 McDonald Road, Edinburgh",
        "description": "",
        "categories": [
          "cultural",
          "architecture",
          "literary"
        ],
        "primary_category": "cultural",
        "interest_score": 60,
        "website": "https://www.edinburgh.gov.uk/directory_record/5066/mcdonald_road_library/",
        "wikipedia": "",
        "wikidata": "Q11839315",
        "source_url": "https://www.openstreetmap.org/way/42145852",
        "fetched_at_utc": "2026-10-07T11:41:56+00:00",
        "query_key": "performance_and_literary",
        "tags": {
          "addr:city": "Edinburgh",
          "addr:housenumber": "2-4",
          "addr:street": "McDonald Road",
          "amenity": "library",
          "building": "yes",
          "check_date": "2026-01-17",
          "check_date:opening_hours": "2026-01-20",
          "email": "mcdonaldroad.library@edinburgh.gov.uk",
          "internet_access": "wlan",
          "internet_access:fee": "no",
          "name": "McDonald Road Library",
          "opening_hours": "Mo-We 10:00-20:00; Th-Sa 10:00-17:00; Su off",
          "phone": "+44 131 529 5636",
          "source": "survey",
          "toilets:wheelchair": "yes",
          "website": "https://www.edinburgh.gov.uk/directory_record/5066/mcdonald_road_library/",
          "wheelchair": "yes",
          "wikidata": "Q11839315"
        },
        "sitelinks": 2
      }
    },
    {
      "type": "Feature",
      "geometry": {
        "type": "Point",
        "coordinates": [
          -3.171613516666667,
          55.970715000000006
        ]
      },
      "properties": {
        "id": "osm:way:1434158740",
        "source": "osm",
        "title": "Queen Victoria",
        "address": "",
        "description": "",
        "categories": [
          "historical",
          "memorial"
        ],
        "primary_category": "historical",
        "interest_score": 60,
        "website": "",
        "wikipedia": "",
        "wikidata": "Q17811847",
        "source_url": "https://www.openstreetmap.org/way/1434158740",
        "fetched_at_utc": "2026-10-07T11:41:56+00:00",
        "query_key": "historic_sites",
        "tags": {
          "artwork_type": "statue",
          "historic": "monument",
          "name": "Queen Victoria",
          "ref:canmore": "137687",
          "source": "survey",
          "start_date": "1907",
          "wikidata": "Q17811847"
        },
        "sitelinks": 0
      }
    },
    {
      "type": "Feature",
      "geometry": {
        "type": "Point",
        "coordinates": [
          -3.189377113043479,
          55.944876991304334
        ]
      },
      "properties": {
        "id": "osm:way:5325196",
        "source": "osm",
        "title": "Reid Concert Hall",
        "address": "Bristo Square",
        "description": "",
        "categories": [
          "cultural",
          "art"
        ],
        "primary_category": "cultural",
        "interest_score": 60,
        "website": "",
        "wikipedia": "en:Reid Concert Hall",
        "wikidata": "Q50839383",
        "source_url": "https://www.openstreetmap.org/way/5325196",
        "fetched_at_utc": "2026-10-07T11:41:56+00:00",
        "query_key": "performance_and_literary",
        "tags": {
          "addr:housename": "Reid Concert Hall",
          "addr:street": "Bristo Square",
          "amenity": "theatre",
          "building": "university",
          "building:levels": "2",
          "check_date": "2026-08-13",
          "edinburgh_fringe": "Cow Barn",
          "name": "Reid Concert Hall",
          "roof:shape": "flat",
          "wikidata": "Q50839383",
          "wikipedia": "en:Reid Concert Hall"
        },
        "sitelinks": 2
      }
    },
    {
      "type": "Feature",
      "geometry": {
        "type": "Point",
        "coordinates": [
          -3.2024555,
          55.9500395
        ]
      },
      "properties": {
        "id": "osm:node:1784442040",
        "source": "osm",
        "title": "Robert Louis Stevenson Memorial",
        "address": "",
        "description": "A man of letters.  R. L. S.  1850–1894",
        "categories": [
          "historical",
          "memorial"
        ],
        "primary_category": "historical",
        "interest_score": 60,
        "website": "",
        "wikipedia": "",
        "wikidata": "Q17569970",
        "source_url": "https://www.openstreetmap.org/node/1784442040",
        "fetched_at_utc": "2026-10-07T11:41:56+00:00",
        "query_key": "historic_sites",
        "tags": {
          "historic": "memorial",
          "inscription": "A man of letters.  R. L. S.  1850–1894",
          "material": "stone",
          "memorial": "sculpture",
          "name": "Robert Louis Stevenson Memorial",
          "ref:canmore": "237928",
          "wikidata": "Q17569970"
        },
        "sitelinks": 0
      }
    },
    {
      "type": "Feature",
      "geometry": {
        "type": "Point",
        "coordinates": [
          -3.2139402,
          55.9496576
        ]
      },
      "properties": {
        "id": "osm:node:36581493",
        "source": "osm",
        "title": "Robert Viscount Melville",
        "address": "",
        "description": "",
        "categories": [
          "historical",
          "memorial"
        ],
        "primary_category": "historical",
        "interest_score": 60,
        "website": "",
        "wikipedia": "",
        "wikidata": "Q17570757",
        "source_url": "https://www.openstreetmap.org/node/36581493",
        "fetched_at_utc": "2026-10-07T11:41:56+00:00",
        "query_key": "historic_sites",
        "tags": {
          "historic": "monument",
          "monument": "statue",
          "name": "Robert Viscount Melville",
          "ref:canmore": "237962",
          "source": "Bing;survey",
          "wikidata": "Q17570757"
        },
        "sitelinks": 0
      }
    },
    {
      "type": "Feature",
      "geometry": {
        "type": "Point",
        "coordinates": [
          -3.1994165888888886,
          55.95137483333333
        ]
      },
      "properties": {
        "id": "osm:way:397175911",
        "source": "osm",
        "title": "Royal Scots Greys Memorial",
        "address": "",
        "description": "",
        "categories": [
          "historical",
          "memorial"
        ],
        "primary_category": "historical",
        "interest_score": 60,
        "website": "",
        "wikipedia": "",
        "wikidata": "Q17813285",
        "source_url": "https://www.openstreetmap.org/way/397175911",
        "fetched_at_utc": "2026-10-07T11:41:56+00:00",
        "query_key": "historic_sites",
        "tags": {
          "artist:wikidata": "Q8005562",
          "historic": "memorial",
          "memorial": "statue",
          "memorial:conflict": "Second_Boer_War;WW1;WW2;Korean_War;Northern_Ireland_Conflict;Iraq_War",
          "name": "Royal Scots Greys Memorial",
          "ref:canmore": "111863",
          "ref:iwm": "53588",
          "start_date": "1906",
          "statue": "equestrian",
          "war_memorial": "yes",
          "wikidata": "Q17813285"
        },
        "sitelinks": 0
      }
    },
    {
      "type": "Feature",
      "geometry": {
        "type": "Point",
        "coordinates": [
          -3.1970555531914897,
          55.951129755319144
        ]
      },
      "properties": {
        "id": "osm:way:87686766",
        "source": "osm",
        "title": "Royal Scots Monument",
        "address": "",
        "description": "",
        "categories": [
          "historical",
          "memorial"
        ],
        "primary_category": "historical",
        "interest_score": 60,
        "website": "",
        "wikipedia": "",
        "wikidata": "Q17795453",
        "source_url": "https://www.openstreetmap.org/way/87686766",
        "fetched_at_utc": "2026-10-07T11:41:56+00:00",
        "query_key": "historic_sites",
        "tags": {
          "historic": "memorial",
          "memorial": "composite",
          "name": "Royal Scots Monument",
          "ref:canmore": "111794",
          "ref:iwm": "53589",
          "source": "Bing;survey",
          "start_date": "1952",
          "wikidata": "Q17795453"
        },
        "sitelinks": 0
      }
    },
    {
      "type": "Feature",
      "geometry": {
        "type": "Point",
        "coordinates": [
          -3.1975915,
          55.9489272
        ]
      },
      "properties": {
        "id": "osm:node:5337269696",
        "source": "osm",
        "title": "Scottish Horse Memorial",
        "address": "",
        "description": "",
        "categories": [
          "historical",
          "memorial"
        ],
        "primary_category": "historical",
        "interest_score": 60,
        "website": "",
        "wikipedia": "",
        "wikidata": "Q77776444",
        "source_url": "https://www.openstreetmap.org/node/5337269696",
        "fetched_at_utc": "2026-10-07T11:41:56+00:00",
        "query_key": "historic_sites",
        "tags": {
          "historic": "memorial",
          "memorial": "cross",
          "name": "Scottish Horse Memorial",
          "ref:canmore": "237907",
          "wikidata": "Q77776444"
        },
        "sitelinks": 0
      }
    },
    {
      "type": "Feature",
      "geometry": {
        "type": "Point",
        "coordinates": [
          -3.2019837,
          55.9502176
        ]
      },
      "properties": {
        "id": "osm:node:1784442037",
        "source": "osm",
        "title": "Scottish Norwegian Training Areas Memorial",
        "address": "",
        "description": "During the war years 1940 - 45\nthe norwegian brigade and other army units\nwere raised and trained in scotland\nhere we found hospitality, friendship\nand hope during dark years of exile\nin grateful memory of our friends and allies...",
        "categories": [
          "historical",
          "memorial"
        ],
        "primary_category": "historical",
        "interest_score": 60,
        "website": "",
        "wikipedia": "",
        "wikidata": "Q114167541",
        "source_url": "https://www.openstreetmap.org/node/1784442037",
        "fetched_at_utc": "2026-10-07T11:41:56+00:00",
        "query_key": "historic_sites",
        "tags": {
          "historic": "memorial",
          "inscription": "During the war years 1940 - 45\nthe norwegian brigade and other army units\nwere raised and trained in scotland\nhere we found hospitality, friendship\nand hope during dark years of exile\nin grateful memory of our friends and allies...",
          "memorial": "stone",
          "memorial:conflict": "WW2",
          "name": "Scottish Norwegian Training Areas Memorial",
          "ref:canmore": "282353",
          "ref:iwm": "44625",
          "start_date": "1978",
          "wikidata": "Q114167541"
        },
        "sitelinks": 0
      }
    },
    {
      "type": "Feature",
      "geometry": {
        "type": "Point",
        "coordinates": [
          -3.1861285200000005,
          55.9534763
        ]
      },
      "properties": {
        "id": "osm:way:322220495",
        "source": "osm",
        "title": "Scottish-American Soldiers Monument",
        "address": "",
        "description": "In memory of Scottish-American soldiers",
        "categories": [
          "historical",
          "memorial"
        ],
        "primary_category": "historical",
        "interest_score": 60,
        "website": "",
        "wikipedia": "",
        "wikidata": "Q17570821",
        "source_url": "https://www.openstreetmap.org/way/322220495",
        "fetched_at_utc": "2026-10-07T11:41:56+00:00",
        "query_key": "historic_sites",
        "tags": {
          "alt_name": "American Civil War Memorial",
          "historic": "memorial",
          "inscription": "In memory of Scottish-American soldiers",
          "memorial": "statue",
          "memorial:conflict": "American_Civil_War",
          "name": "Scottish-American Soldiers Monument",
          "ref:canmore": "117416",
          "ref:iwm": "82779",
          "start_date": "1893",
          "war_memorial": "yes",
          "wikidata": "Q17570821"
        },
        "sitelinks": 0
      }
    },
    {
      "type": "Feature",
      "geometry": {
        "type": "Point",
        "coordinates": [
          -3.2050471294117644,
          55.95038812352941
        ]
      },
      "properties": {
        "id": "osm:way:314600291",
        "source": "osm",
        "title": "Sir James Young Simpson Memorial",
        "address": "",
        "description": "",
        "categories": [
          "historical",
          "memorial"
        ],
        "primary_category": "historical",
        "interest_score": 60,
        "website": "",
        "wikipedia": "",
        "wikidata": "Q17813295",
        "source_url": "https://www.openstreetmap.org/way/314600291",
        "fetched_at_utc": "2026-10-07T11:41:56+00:00",
        "query_key": "historic_sites",
        "tags": {
          "historic": "memorial",
          "memorial": "statue",
          "name": "Sir James Young Simpson Memorial",
          "ref:canmore": "116838",
          "subject:wikipedia": "en:James Young Simpson",
          "wikidata": "Q17813295"
        },
        "sitelinks": 0
      }
    },
    {
      "type": "Feature",
      "geometry": {
        "type": "Point",
        "coordinates": [
          -3.1838840850000003,
          55.946682814999996
        ]
      },
      "properties": {
        "id": "osm:way:301380003",
        "source": "osm",
        "title": "Symposium Hall",
        "address": "",
        "description": "",
        "categories": [
          "cultural",
          "art"
        ],
        "primary_category": "cultural",
        "interest_score": 60,
        "website": "",
        "wikipedia": "en:King Khalid Building",
        "wikidata": "Q23467777",
        "source_url": "https://www.openstreetmap.org/way/301380003",
        "fetched_at_utc": "2026-10-07T11:41:56+00:00",
        "query_key": "performance_and_literary",
        "tags": {
          "alt_name": "theSpace @ Symposium Hall",
          "amenity": "theatre",
          "building": "church",
          "name": "Symposium Hall",
          "operator": "Royal College of Surgeons of Edinburgh",
          "source": "NLS_OS_Edinburgh_map_1940s;Bing",
          "wikidata": "Q23467777",
          "wikipedia": "en:King Khalid Building"
        },
        "sitelinks": 1
      }
    },
    {
      "type": "Feature",
      "geometry": {
        "type": "Point",
        "coordinates": [
          -3.195017127941176,
          55.94882514754899
        ]
      },
      "properties": {
        "id": "osm:way:42997989",
        "source": "osm",
        "title": "The Hub",
        "address": "348-350 Castlehill, Edinburgh, EH1 2NE",
        "description": "",
        "categories": [
          "cultural",
          "art"
        ],
        "primary_category": "cultural",
        "interest_score": 60,
        "website": "",
        "wikipedia": "en:The Hub, Edinburgh",
        "wikidata": "Q1453649",
        "source_url": "https://www.openstreetmap.org/way/42997989",
        "fetched_at_utc": "2026-10-07T11:41:56+00:00",
        "query_key": "performance_and_literary",
        "tags": {
          "addr:city": "Edinburgh",
          "addr:housenumber": "348-350",
          "addr:postcode": "EH1 2NE",
          "addr:street": "Castlehill",
          "amenity": "theatre",
          "building": "church",
          "check_date": "2024-09-24",
          "height": "15",
          "name": "The Hub",
          "name:es": "El Centro",
          "name:ko": "더 허브",
          "name:zh-Hant": "樞紐",
          "old_amenity": "place_of_worship",
          "old_name": "Victoria Hall;Highland Tolbooth St John's Church",
          "old_name:es": "Hall de Victoria;Iglesia de San Juan de Tolbooth de las Tierras Altas",
          "source": "NLS_OS_Edinburgh_map_1940s;Bing",
          "wheelchair": "yes",
          "wikidata": "Q1453649",
          "wikipedia": "en:The Hub, Edinburgh"
        },
        "sitelinks": 6
      }
    },
    {
      "type": "Feature",
      "geometry": {
        "type": "Point",
        "coordinates": [
          -3.20263292,
          55.95081368000001
        ]
      },
      "properties": {
        "id": "osm:way:314600292",
        "source": "osm",
        "title": "Thomas Guthrie Memorial",
        "address": "",
        "description": "An eloquent preacher of the gospel. Founder of the Edinburgh Original Ragged Industrial Schools, and by tongue and pen, the apostle of the movement elsewhere. One of the earliest temperance reformers. A friend of the poor and of the oppressed.",
        "categories": [
          "historical",
          "memorial"
        ],
        "primary_category": "historical",
        "interest_score": 60,
        "website": "",
        "wikipedia": "",
        "wikidata": "Q17813224",
        "source_url": "https://www.openstreetmap.org/way/314600292",
        "fetched_at_utc": "2026-10-07T11:41:56+00:00",
        "query_key": "historic_sites",
        "tags": {
          "historic": "memorial",
          "inscription": "An eloquent preacher of the gospel. Founder of the Edinburgh Original Ragged Industrial Schools, and by tongue and pen, the apostle of the movement elsewhere. One of the earliest temperance reformers. A friend of the poor and of the oppressed.",
          "memorial": "statue",
          "name": "Thomas Guthrie Memorial",
          "ref:canmore": "116837",
          "subject:wikipedia": "en:Thomas Guthrie",
          "wikidata": "Q17813224"
        },
        "sitelinks": 0
      }
    },
    {
      "type": "Feature",
      "geometry": {
        "type": "Point",
        "coordinates": [
          -3.1889308,
          55.9475844
        ]
      },
      "properties": {
        "id": "osm:node:4327957218",
        "source": "osm",
        "title": "W.H. Playfair Statue",
        "address": "",
        "description": "",
        "categories": [
          "historical",
          "memorial"
        ],
        "primary_category": "historical",
        "interest_score": 60,
        "website": "",
        "wikipedia": "",
        "wikidata": "Q66602371",
        "source_url": "https://www.openstreetmap.org/node/4327957218",
        "fetched_at_utc": "2026-10-07T11:41:56+00:00",
        "query_key": "historic_sites",
        "tags": {
          "historic": "memorial",
          "memorial": "statue",
          "name": "W.H. Playfair Statue",
          "source": "survey",
          "subject:wikidata": "Q706350",
          "wikidata": "Q66602371"
        },
        "sitelinks": 0
      }
    },
    {
      "type": "Feature",
      "geometry": {
        "type": "Point",
        "coordinates": [
          -3.1930543,
          55.9459112
        ]
      },
      "properties": {
        "id": "osm:node:1982074287",
        "source": "osm",
        "title": "War Memorial",
        "address": "",
        "description": "",
        "categories": [
          "historical",
          "memorial"
        ],
        "primary_category": "historical",
        "interest_score": 60,
        "website": "",
        "wikipedia": "",
        "wikidata": "Q17794974",
        "source_url": "https://www.openstreetmap.org/node/1982074287",
        "fetched_at_utc": "2026-10-07T11:41:56+00:00",
        "query_key": "historic_sites",
        "tags": {
          "historic": "memorial",
          "memorial": "pillar",
          "memorial:conflict": "WW1",
          "name": "War Memorial",
          "ref:canmore": "122498",
          "ref:iwm": "13400",
          "war_memorial": "yes",
          "wikidata": "Q17794974"
        },
        "sitelinks": 0
      }
    },
    {
      "type": "Feature",
      "geometry": {
        "type": "Point",
        "coordinates": [
          -3.1904945,
          55.9716894
        ]
      },
      "properties": {
        "id": "osm:node:8437613729",
        "source": "osm",
        "title": "Water of Leith Walkway Stedfastgate",
        "address": "",
        "description": "BB [Boys' Brigade]\n1983\n---\nWATER OF LEITH WALKWAY STEDFASTGATE\n---\nOPENED 8TH OCTOBER 1983 BY RT HON TOM MORGAN CBE LORD PROVOST\n---\nNAMED TO COMMEMORATE THE CENTENARY OF THE BOYS' BRIGADE BY RT HON LORD MURRAY PC HON PRESIDENT LEITH BATTALION\n---\nCITY O",
        "categories": [
          "historical",
          "memorial"
        ],
        "primary_category": "historical",
        "interest_score": 60,
        "website": "",
        "wikipedia": "",
        "wikidata": "Q105581473",
        "source_url": "https://www.openstreetmap.org/node/8437613729",
        "fetched_at_utc": "2026-10-07T11:41:56+00:00",
        "query_key": "historic_sites",
        "tags": {
          "direction": "230",
          "historic": "memorial",
          "inscription": "BB [Boys' Brigade]\n1983\n---\nWATER OF LEITH WALKWAY STEDFASTGATE\n---\nOPENED 8TH OCTOBER 1983 BY RT HON TOM MORGAN CBE LORD PROVOST\n---\nNAMED TO COMMEMORATE THE CENTENARY OF THE BOYS' BRIGADE BY RT HON LORD MURRAY PC HON PRESIDENT LEITH BATTALION\n---\nCITY O",
          "memorial": "plaque",
          "name": "Water of Leith Walkway Stedfastgate",
          "start_date": "1983-10-08",
          "wikidata": "Q105581473",
          "wikimedia_commons": "File:Water_of_Leith_Walkway_Stedfastgate_plaque.jpg"
        },
        "sitelinks": 0
      }
    },
    {
      "type": "Feature",
      "geometry": {
        "type": "Point",
        "coordinates": [
          -3.1897924,
          55.9473911
        ]
      },
      "properties": {
        "id": "osm:node:3046175814",
        "source": "osm",
        "title": "William Chambers Statue",
        "address": "",
        "description": "",
        "categories": [
          "historical",
          "memorial"
        ],
        "primary_category": "historical",
        "interest_score": 60,
        "website": "",
        "wikipedia": "",
        "wikidata": "Q17813191",
        "source_url": "https://www.openstreetmap.org/node/3046175814",
        "fetched_at_utc": "2026-10-07T11:41:56+00:00",
        "query_key": "historic_sites",
        "tags": {
          "historic": "memorial",
          "memorial": "statue",
          "name": "William Chambers Statue",
          "ref:canmore": "74098",
          "source": "survey",
          "subject:wikidata": "Q3568493",
          "subject:wikipedia": "en:William Chambers (publisher)",
          "wheelchair": "yes",
          "wikidata": "Q17813191"
        },
        "sitelinks": 0
      }
    },
    {
      "type": "Feature",
      "geometry": {
        "type": "Point",
        "coordinates": [
          -3.2122833,
          55.9485402
        ]
      },
      "properties": {
        "id": "osm:node:3246039646",
        "source": "osm",
        "title": "William Gladstone Memorial",
        "address": "",
        "description": "",
        "categories": [
          "historical",
          "memorial"
        ],
        "primary_category": "historical",
        "interest_score": 60,
        "website": "",
        "wikipedia": "",
        "wikidata": "Q17570728",
        "source_url": "https://www.openstreetmap.org/node/3246039646",
        "fetched_at_utc": "2026-10-07T11:41:56+00:00",
        "query_key": "historic_sites",
        "tags": {
          "historic": "memorial",
          "memorial": "statue",
          "name": "William Gladstone Memorial",
          "ref:canmore": "146163",
          "source": "Bing;survey",
          "subject:wikidata": "Q160852",
          "wikidata": "Q17570728"
        },
        "sitelinks": 0
      }
    },
    {
      "type": "Feature",
      "geometry": {
        "type": "Point",
        "coordinates": [
          -3.202137644444444,
          55.95076527777778
        ]
      },
      "properties": {
        "id": "osm:way:505364483",
        "source": "osm",
        "title": "Wojtek Memorial",
        "address": "",
        "description": "In memory of the Polish men and women who fought for your freedom and ours",
        "categories": [
          "historical",
          "memorial"
        ],
        "primary_category": "historical",
        "interest_score": 60,
        "website": "",
        "wikipedia": "",
        "wikidata": "Q66604758",
        "source_url": "https://www.openstreetmap.org/way/505364483",
        "fetched_at_utc": "2026-10-07T11:41:56+00:00",
        "query_key": "historic_sites",
        "tags": {
          "historic": "memorial",
          "inscription": "In memory of the Polish men and women who fought for your freedom and ours",
          "memorial": "statue",
          "memorial:conflict": "WW2",
          "name": "Wojtek Memorial",
          "ref:canmore": "357109",
          "ref:iwm": "73819",
          "source": "survey",
          "start_date": "2015",
          "subject:wikipedia": "en:Wojtek (bear)",
          "war_memorial": "yes",
          "wikidata": "Q66604758"
        },
        "sitelinks": 0
      }
    },
    {
      "type": "Feature",
      "geometry": {
        "type": "Point",
        "coordinates": [
          -3.1956037,
          55.9490288
        ]
      },
      "properties": {
        "id": "osm:node:268408103",
        "source": "osm",
        "title": "Camera Obscura & World of Illusions",
        "address": "549 Castlehill, Edinburgh, EH1 2ND",
        "description": "",
        "categories": [
          "landmark"
        ],
        "primary_category": "landmark",
        "interest_score": 58,
        "website": "https://www.camera-obscura.co.uk/",
        "wikipedia": "en:Camera Obscura, Edinburgh",
        "wikidata": "Q4211494",
        "source_url": "https://www.openstreetmap.org/node/268408103",
        "fetched_at_utc": "2026-10-07T11:41:56+00:00",
        "query_key": "attractions_and_viewpoints",
        "tags": {
          "addr:city": "Edinburgh",
          "addr:housenumber": "549",
          "addr:postcode": "EH1 2ND",
          "addr:street": "Castlehill",
          "amenity": "camera_obscura",
          "check_date": "2024-07-29",
          "contact:email": "info@camera-obscura.co.uk",
          "name": "Camera Obscura & World of Illusions",
          "name:hy": "Օբսքուրա Կամերա",
          "name:ru": "Камера-обскура",
          "name:zh": "暗箱和幻影世界",
          "opening_hours": "08:00-22:00",
          "phone": "+44 131 226 3709",
          "shop": "gift",
          "source": "survey",
          "toilets": "yes",
          "tourism": "attraction",
          "website": "https://www.camera-obscura.co.uk/",
          "wheelchair": "no",
          "wikidata": "Q4211494",
          "wikipedia": "en:Camera Obscura, Edinburgh"
        },
        "sitelinks": 6
      }
    },
    {
      "type": "Feature",
      "geometry": {
        "type": "Point",
        "coordinates": [
          -3.1936847,
          55.9494286
        ]
      },
      "properties": {
        "id": "osm:node:4618730691",
        "source": "osm",
        "title": "Gladstone's Land",
        "address": "477B Lawnmarket, Edinburgh, EH1 2NT",
        "description": "",
        "categories": [
          "historical",
          "landmark"
        ],
        "primary_category": "historical",
        "interest_score": 58,
        "website": "https://www.nts.org.uk/visit/places/gladstones-land",
        "wikipedia": "",
        "wikidata": "Q5566312",
        "source_url": "https://www.openstreetmap.org/node/4618730691",
        "fetched_at_utc": "2026-10-07T11:41:56+00:00",
        "query_key": "attractions_and_viewpoints",
        "tags": {
          "addr:city": "Edinburgh",
          "addr:housenumber": "477B",
          "addr:postcode": "EH1 2NT",
          "addr:street": "Lawnmarket",
          "fee": "yes",
          "historic": "house",
          "name": "Gladstone's Land",
          "opening_hours:url": "https://www.nts.org.uk/visit/places/gladstones-land/planning-your-visit",
          "operator": "The National Trust for Scotland",
          "operator:wikidata": "Q599997",
          "source": "survey",
          "toilets": "yes",
          "tourism": "attraction",
          "website": "https://www.nts.org.uk/visit/places/gladstones-land",
          "wikidata": "Q5566312",
          "wikimedia_commons": "Category:Gladstone's Land"
        },
        "sitelinks": 4
      }
    },
    {
      "type": "Feature",
      "geometry": {
        "type": "Point",
        "coordinates": [
          -3.1983183,
          55.9509652
        ]
      },
      "properties": {
        "id": "osm:node:6297552516",
        "source": "osm",
        "title": "Lulla-Bye",
        "address": "",
        "description": "In memory of our precious babies, gone but never forgotten",
        "categories": [
          "historical",
          "cultural",
          "art",
          "memorial"
        ],
        "primary_category": "historical",
        "interest_score": 58,
        "website": "",
        "wikipedia": "",
        "wikidata": "",
        "source_url": "https://www.openstreetmap.org/node/6297552516",
        "fetched_at_utc": "2026-10-07T11:41:56+00:00",
        "query_key": "galleries_and_arts",
        "tags": {
          "artist:wikidata": "Q4761299",
          "artist_name": "Andy Scott",
          "artwork_type": "statue",
          "historic": "memorial",
          "inscription": "In memory of our precious babies, gone but never forgotten",
          "material": "bronze",
          "memorial": "statue",
          "name": "Lulla-Bye",
          "start_date": "2019-02-02",
          "tourism": "artwork"
        }
      }
    },
    {
      "type": "Feature",
      "geometry": {
        "type": "Point",
        "coordinates": [
          -3.1872562882978737,
          55.94742399148932
        ]
      },
      "properties": {
        "id": "osm:relation:33710",
        "source": "osm",
        "title": "Old College",
        "address": "South Bridge, Edinburgh, EH8 9YL",
        "description": "",
        "categories": [
          "landmark"
        ],
        "primary_category": "landmark",
        "interest_score": 58,
        "website": "https://www.ed.ac.uk/",
        "wikipedia": "en:Old College, University of Edinburgh",
        "wikidata": "Q4283940",
        "source_url": "https://www.openstreetmap.org/relation/33710",
        "fetched_at_utc": "2026-10-07T11:41:56+00:00",
        "query_key": "attractions_and_viewpoints",
        "tags": {
          "addr:city": "Edinburgh",
          "addr:country": "GB",
          "addr:postcode": "EH8 9YL",
          "addr:street": "South Bridge",
          "building": "university",
          "layer": "-1",
          "name": "Old College",
          "opening_hours": "Mo-Su 08:00-21:30",
          "source": "NLS_OS_Edinburgh_map_1940s;Bing;survey",
          "start_date": "1789",
          "tourism": "attraction",
          "website": "https://www.ed.ac.uk/",
          "wheelchair": "yes",
          "wikidata": "Q4283940",
          "wikipedia": "en:Old College, University of Edinburgh"
        },
        "sitelinks": 7
      }
    },
    {
      "type": "Feature",
      "geometry": {
        "type": "Point",
        "coordinates": [
          -3.1793762,
          55.9515659
        ]
      },
      "properties": {
        "id": "osm:node:60133881",
        "source": "osm",
        "title": "Robert Fergusson",
        "address": "",
        "description": "",
        "categories": [
          "historical",
          "cultural",
          "art",
          "memorial"
        ],
        "primary_category": "historical",
        "interest_score": 58,
        "website": "",
        "wikipedia": "",
        "wikidata": "",
        "source_url": "https://www.openstreetmap.org/node/60133881",
        "fetched_at_utc": "2026-10-07T11:41:56+00:00",
        "query_key": "galleries_and_arts",
        "tags": {
          "artist_name": "David Annand",
          "artwork_type": "statue",
          "historic": "memorial",
          "memorial": "statue",
          "name": "Robert Fergusson",
          "ref:canmore": "302344",
          "tourism": "artwork",
          "url": "http://curiousedinburgh.org/2017/09/19/statue-and-grave-of-robert-fergusson"
        }
      }
    },
    {
      "type": "Feature",
      "geometry": {
        "type": "Point",
        "coordinates": [
          -3.188360292307692,
          55.95582714615385
        ]
      },
      "properties": {
        "id": "osm:way:73094106",
        "source": "osm",
        "title": "St Andrew's Hall",
        "address": "",
        "description": "",
        "categories": [
          "historical",
          "architecture"
        ],
        "primary_category": "historical",
        "interest_score": 58,
        "website": "",
        "wikipedia": "",
        "wikidata": "",
        "source_url": "https://www.openstreetmap.org/way/73094106",
        "fetched_at_utc": "2026-10-07T11:41:56+00:00",
        "query_key": "heritage_sites",
        "tags": {
          "building": "church",
          "building:use": "office",
          "fixme": "has recently been extended to accommodate the restaurant, outline to be updated once aerial imagery is available",
          "heritage": "2",
          "heritage:operator": "Historic Environment Scotland",
          "name": "St Andrew's Hall",
          "ref:GB:hs": "LB27449"
        }
      }
    },
    {
      "type": "Feature",
      "geometry": {
        "type": "Point",
        "coordinates": [
          -3.2034750961538467,
          55.958538415384595
        ]
      },
      "properties": {
        "id": "osm:way:465223757",
        "source": "osm",
        "title": "St Stephen's Church",
        "address": "105 St Stephen Street, Edinburgh, EH3 5AB",
        "description": "",
        "categories": [
          "landmark"
        ],
        "primary_category": "landmark",
        "interest_score": 58,
        "website": "http://saintstephensstockbridge.com/",
        "wikipedia": "en:St Stephen's Church, Edinburgh",
        "wikidata": "Q7595476",
        "source_url": "https://www.openstreetmap.org/way/465223757",
        "fetched_at_utc": "2026-10-07T11:41:56+00:00",
        "query_key": "attractions_and_viewpoints",
        "tags": {
          "addr:city": "Edinburgh",
          "addr:housenumber": "105",
          "addr:postcode": "EH3 5AB",
          "addr:street": "St Stephen Street",
          "alt_name:es": "Iglesia St. Stephen's",
          "architect": "William Henry Playfair",
          "building": "church",
          "height": "49",
          "name": "St Stephen's Church",
          "note": "No longer a place of worship",
          "old_name": "St Stephen’s Centre;Saint Stephen's Church",
          "operator": "Benzie's Foundation",
          "phone": "+44 131 556 2661",
          "source": "NLS_OS_Edinburgh_map_1940s;Bing;survey",
          "start_date": "1828",
          "tourism": "attraction",
          "website": "http://saintstephensstockbridge.com/",
          "wikidata": "Q7595476",
          "wikipedia": "en:St Stephen's Church, Edinburgh"
        },
        "sitelinks": 3
      }
    },
    {
      "type": "Feature",
      "geometry": {
        "type": "Point",
        "coordinates": [
          -3.1958749,
          55.9487433
        ]
      },
      "properties": {
        "id": "osm:node:2914760336",
        "source": "osm",
        "title": "The Scotch Whisky Experience",
        "address": "354 Castlehill, Edinburgh, EH1 2NE",
        "description": "",
        "categories": [
          "landmark"
        ],
        "primary_category": "landmark",
        "interest_score": 58,
        "website": "https://www.scotchwhiskyexperience.co.uk/",
        "wikipedia": "en:Scotch Whisky Experience",
        "wikidata": "Q4526278",
        "source_url": "https://www.openstreetmap.org/node/2914760336",
        "fetched_at_utc": "2026-10-07T11:41:56+00:00",
        "query_key": "attractions_and_viewpoints",
        "tags": {
          "addr:city": "Edinburgh",
          "addr:housenumber": "354",
          "addr:postcode": "EH1 2NE",
          "addr:street": "Castlehill",
          "fee": "yes",
          "name": "The Scotch Whisky Experience",
          "phone": "+44 131 220 0441",
          "source": "survey",
          "toilets:wheelchair": "yes",
          "tourism": "attraction",
          "website": "https://www.scotchwhiskyexperience.co.uk/",
          "wheelchair": "yes",
          "wikidata": "Q4526278",
          "wikipedia": "en:Scotch Whisky Experience"
        },
        "sitelinks": 6
      }
    },
    {
      "type": "Feature",
      "geometry": {
        "type": "Point",
        "coordinates": [
          -3.1955714,
          55.9606194
        ]
      },
      "properties": {
        "id": "osm:node:12248040410",
        "source": "osm",
        "title": "Scotland Street Railway Tunnel",
        "address": "",
        "description": "1847-1868 Built to link Waverley with the Fife ferries, this tunnel was so steep that it required trains to be cable-hauled by a stationary steam engine",
        "categories": [
          "historical",
          "memorial"
        ],
        "primary_category": "historical",
        "interest_score": 57,
        "website": "https://www.nationaltransporttrust.org.uk/heritage-sites/heritage-detail/scotland-street-tunnel-edinburgh",
        "wikipedia": "",
        "wikidata": "",
        "source_url": "https://www.openstreetmap.org/node/12248040410",
        "fetched_at_utc": "2026-10-07T11:41:56+00:00",
        "query_key": "historic_sites",
        "tags": {
          "colour": "red",
          "description": "1847-1868 Built to link Waverley with the Fife ferries, this tunnel was so steep that it required trains to be cable-hauled by a stationary steam engine",
          "direction": "345",
          "historic": "memorial",
          "material": "metal",
          "memorial": "plaque",
          "name": "Scotland Street Railway Tunnel",
          "operator": "National Transport Trust",
          "website": "https://www.nationaltransporttrust.org.uk/heritage-sites/heritage-detail/scotland-street-tunnel-edinburgh"
        }
      }
    },
    {
      "type": "Feature",
      "geometry": {
        "type": "Point",
        "coordinates": [
          -3.23876768918919,
          55.93698439459459
        ]
      },
      "properties": {
        "id": "osm:way:97245959",
        "source": "osm",
        "title": "Gorgie War Memorial Hall",
        "address": "338 Gorgie Road, Edinburgh, EH11 2QU",
        "description": "",
        "categories": [
          "historical",
          "architecture",
          "memorial"
        ],
        "primary_category": "historical",
        "interest_score": 56,
        "website": "",
        "wikipedia": "",
        "wikidata": "",
        "source_url": "https://www.openstreetmap.org/way/97245959",
        "fetched_at_utc": "2026-10-07T11:41:56+00:00",
        "query_key": "historic_sites",
        "tags": {
          "addr:city": "Edinburgh",
          "addr:housenumber": "338",
          "addr:postcode": "EH11 2QU",
          "addr:street": "Gorgie Road",
          "building": "yes",
          "fhrs:id": "661711",
          "historic": "memorial",
          "memorial": "hall",
          "memorial:conflict": "WW1",
          "name": "Gorgie War Memorial Hall",
          "ref:canmore": "304566",
          "ref:iwm": "60021",
          "start_date": "1923",
          "war_memorial": "yes"
        }
      }
    },
    {
      "type": "Feature",
      "geometry": {
        "type": "Point",
        "coordinates": [
          -3.210171366666667,
          55.96719894999999
        ]
      },
      "properties": {
        "id": "osm:way:131188230",
        "source": "osm",
        "title": "Queen Mother's Shell House",
        "address": "",
        "description": "Queen Elizabeth the Queen Mother\n\n1900 - 2002\n\nThis national memorial was created through the generosity of many born in Scotland and further afield to honour a much loved Scottish lady.",
        "categories": [
          "historical",
          "architecture",
          "memorial"
        ],
        "primary_category": "historical",
        "interest_score": 56,
        "website": "",
        "wikipedia": "",
        "wikidata": "",
        "source_url": "https://www.openstreetmap.org/way/131188230",
        "fetched_at_utc": "2026-10-07T11:41:56+00:00",
        "query_key": "historic_sites",
        "tags": {
          "building": "yes",
          "historic": "memorial",
          "inscription": "Queen Elizabeth the Queen Mother\n\n1900 - 2002\n\nThis national memorial was created through the generosity of many born in Scotland and further afield to honour a much loved Scottish lady.",
          "memorial": "building",
          "name": "Queen Mother's Shell House",
          "source": "Bing"
        }
      }
    },
    {
      "type": "Feature",
      "geometry": {
        "type": "Point",
        "coordinates": [
          -3.1852574199999997,
          55.95095281599999
        ]
      },
      "properties": {
        "id": "osm:way:70955043",
        "source": "osm",
        "title": "Scottish Book Trust",
        "address": "",
        "description": "",
        "categories": [
          "historical",
          "architecture",
          "memorial"
        ],
        "primary_category": "historical",
        "interest_score": 56,
        "website": "",
        "wikipedia": "",
        "wikidata": "",
        "source_url": "https://www.openstreetmap.org/way/70955043",
        "fetched_at_utc": "2026-10-07T11:41:56+00:00",
        "query_key": "historic_sites",
        "tags": {
          "building": "yes",
          "historic": "memorial",
          "memorial": "hall",
          "name": "Scottish Book Trust",
          "old_name": "Sandeman Memorial Halls",
          "ref:canmore": "149605",
          "source": "Bing"
        }
      }
    },
    {
      "type": "Feature",
      "geometry": {
        "type": "Point",
        "coordinates": [
          -3.18309939117647,
          55.95517919705883
        ]
      },
      "properties": {
        "id": "osm:way:326060905",
        "source": "osm",
        "title": "City Dome",
        "address": "",
        "description": "",
        "categories": [
          "cultural",
          "architecture",
          "art"
        ],
        "primary_category": "cultural",
        "interest_score": 54,
        "website": "",
        "wikipedia": "",
        "wikidata": "Q17570590",
        "source_url": "https://www.openstreetmap.org/way/326060905",
        "fetched_at_utc": "2026-10-07T11:41:56+00:00",
        "query_key": "galleries_and_arts",
        "tags": {
          "building": "yes",
          "fee": "no",
          "height": "15",
          "name": "City Dome",
          "roof:shape": "dome",
          "source": "Bing;NLS_OS_Edinburgh_map_1940s;survey",
          "tourism": "gallery",
          "wikidata": "Q17570590"
        },
        "sitelinks": 0
      }
    },
    {
      "type": "Feature",
      "geometry": {
        "type": "Point",
        "coordinates": [
          -3.2183427818181816,
          55.9400966909091
        ]
      },
      "properties": {
        "id": "osm:way:23143574",
        "source": "osm",
        "title": "Fountainbridge Library",
        "address": "137 Dundee Street, Edinburgh",
        "description": "",
        "categories": [
          "cultural",
          "architecture",
          "literary"
        ],
        "primary_category": "cultural",
        "interest_score": 54,
        "website": "",
        "wikipedia": "",
        "wikidata": "Q17796090",
        "source_url": "https://www.openstreetmap.org/way/23143574",
        "fetched_at_utc": "2026-10-07T11:41:56+00:00",
        "query_key": "performance_and_literary",
        "tags": {
          "addr:city": "Edinburgh",
          "addr:housenumber": "137",
          "addr:street": "Dundee Street",
          "amenity": "library",
          "building": "yes",
          "check_date": "2026-07-09",
          "name": "Fountainbridge Library",
          "opening_hours": "Mo,We 13:00-20:00; Tu,Th-Sa 10:00-17:00",
          "source": "NLS_OS_Edinburgh_map_1940s;Bing;survey",
          "toilets:wheelchair": "yes",
          "wheelchair": "yes",
          "wikidata": "Q17796090"
        },
        "sitelinks": 0
      }
    },
    {
      "type": "Feature",
      "geometry": {
        "type": "Point",
        "coordinates": [
          -3.169382,
          55.9720546
        ]
      },
      "properties": {
        "id": "osm:node:5735242338",
        "source": "osm",
        "title": "This church is more than a building, it is a collection of unique people. We str",
        "address": "",
        "description": "This church is more than a building, it is a collection of unique people. We strive to offer a warm welcome to all.",
        "categories": [
          "historical",
          "cultural",
          "art",
          "memorial"
        ],
        "primary_category": "historical",
        "interest_score": 54,
        "website": "",
        "wikipedia": "",
        "wikidata": "",
        "source_url": "https://www.openstreetmap.org/node/5735242338",
        "fetched_at_utc": "2026-10-07T11:41:56+00:00",
        "query_key": "galleries_and_arts",
        "tags": {
          "artwork_type": "painting",
          "inscription": "This church is more than a building, it is a collection of unique people. We strive to offer a warm welcome to all.",
          "memorial": "plaque",
          "operator": "South Leith Parish Church",
          "tourism": "artwork"
        }
      }
    },
    {
      "type": "Feature",
      "geometry": {
        "type": "Point",
        "coordinates": [
          -3.1835939,
          55.9549404
        ]
      },
      "properties": {
        "id": "osm:node:13317059309",
        "source": "osm",
        "title": "Thomas Henderson Memorial",
        "address": "",
        "description": "",
        "categories": [
          "historical",
          "memorial"
        ],
        "primary_category": "historical",
        "interest_score": 53,
        "website": "",
        "wikipedia": "",
        "wikidata": "",
        "source_url": "https://www.openstreetmap.org/node/13317059309",
        "fetched_at_utc": "2026-10-07T11:41:56+00:00",
        "query_key": "historic_sites",
        "tags": {
          "historic": "memorial",
          "image": "https://www.geograph.org.uk/photo/7924598",
          "memorial": "tablet",
          "name": "Thomas Henderson Memorial",
          "subject:wikidata": "Q1334001"
        }
      }
    },
    {
      "type": "Feature",
      "geometry": {
        "type": "Point",
        "coordinates": [
          -3.1863417,
          55.9612769
        ]
      },
      "properties": {
        "id": "osm:node:13391449920",
        "source": "osm",
        "title": "Annandale Street Bus Garage",
        "address": "",
        "description": "A 1922 exhibition hall converted in 1926 to an Edinburgh Corporation bus depot. Now the home of Britain's largest municipal bus company.",
        "categories": [
          "historical",
          "memorial"
        ],
        "primary_category": "historical",
        "interest_score": 52,
        "website": "https://www.nationaltransporttrust.org.uk/heritage-sites/heritage-detail/annandale-street-bus-garage---edinburgh",
        "wikipedia": "",
        "wikidata": "",
        "source_url": "https://www.openstreetmap.org/node/13391449920",
        "fetched_at_utc": "2026-10-07T11:41:56+00:00",
        "query_key": "historic_sites",
        "tags": {
          "colour": "red",
          "historic": "memorial",
          "inscription": "A 1922 exhibition hall converted in 1926 to an Edinburgh Corporation bus depot. Now the home of Britain's largest municipal bus company.",
          "material": "metal",
          "memorial": "plaque",
          "name": "Annandale Street Bus Garage",
          "operator": "National Transport Trust",
          "website": "https://www.nationaltransporttrust.org.uk/heritage-sites/heritage-detail/annandale-street-bus-garage---edinburgh"
        }
      }
    },
    {
      "type": "Feature",
      "geometry": {
        "type": "Point",
        "coordinates": [
          -3.247894685000001,
          55.927282745000014
        ]
      },
      "properties": {
        "id": "osm:way:317659511",
        "source": "osm",
        "title": "Corn Exchange",
        "address": "11 New Market Road, Edinburgh, EH14 1RJ",
        "description": "",
        "categories": [
          "cultural",
          "architecture",
          "music"
        ],
        "primary_category": "cultural",
        "interest_score": 52,
        "website": "https://www.edinburghcornexchange.co.uk",
        "wikipedia": "",
        "wikidata": "",
        "source_url": "https://www.openstreetmap.org/way/317659511",
        "fetched_at_utc": "2026-10-07T11:41:56+00:00",
        "query_key": "performance_and_literary",
        "tags": {
          "addr:city": "Edinburgh",
          "addr:housenumber": "11",
          "addr:postcode": "EH14 1RJ",
          "addr:street": "New Market Road",
          "amenity": "music_venue",
          "building": "yes",
          "check_date": "2026-09-20",
          "fhrs:id": "1422546",
          "name": "Corn Exchange",
          "operator": "Academy Group",
          "source": "bing",
          "website": "https://www.edinburghcornexchange.co.uk"
        }
      }
    },
    {
      "type": "Feature",
      "geometry": {
        "type": "Point",
        "coordinates": [
          -3.1796982,
          55.9763768
        ]
      },
      "properties": {
        "id": "osm:node:6467132795",
        "source": "osm",
        "title": "David Kilpatrick School",
        "address": "",
        "description": "\"DAVID KILPATRICK\" PUBLIC SCHOOL LEITH / THE MEMORIAL STONE OF THIS PUBLIC SCHOOL / WAS LAID / ON 27TH SEPTEMBER 1913 / [ ... ] NOT / FULLY UTILISED FOR EDUCATIONAL WORK UNTIL 2ND SEPTEMBER 1918",
        "categories": [
          "historical",
          "memorial"
        ],
        "primary_category": "historical",
        "interest_score": 52,
        "website": "https://canmore.org.uk/site/302214",
        "wikipedia": "",
        "wikidata": "",
        "source_url": "https://www.openstreetmap.org/node/6467132795",
        "fetched_at_utc": "2026-10-07T11:41:56+00:00",
        "query_key": "historic_sites",
        "tags": {
          "historic": "memorial",
          "inscription": "\"DAVID KILPATRICK\" PUBLIC SCHOOL LEITH / THE MEMORIAL STONE OF THIS PUBLIC SCHOOL / WAS LAID / ON 27TH SEPTEMBER 1913 / [ ... ] NOT / FULLY UTILISED FOR EDUCATIONAL WORK UNTIL 2ND SEPTEMBER 1918",
          "inscription:url": "https://canmore.org.uk/event/613460",
          "memorial": "plaque",
          "name": "David Kilpatrick School",
          "ref:canmore": "302214",
          "website": "https://canmore.org.uk/site/302214"
        }
      }
    },
    {
      "type": "Feature",
      "geometry": {
        "type": "Point",
        "coordinates": [
          -3.1788534153846157,
          55.95211316153845
        ]
      },
      "properties": {
        "id": "osm:way:8043028",
        "source": "osm",
        "title": "Dunbar's Close Garden",
        "address": "",
        "description": "",
        "categories": [
          "natural",
          "garden",
          "landmark"
        ],
        "primary_category": "natural",
        "interest_score": 52,
        "website": "",
        "wikipedia": "",
        "wikidata": "Q13889055",
        "source_url": "https://www.openstreetmap.org/way/8043028",
        "fetched_at_utc": "2026-10-07T11:41:56+00:00",
        "query_key": "attractions_and_viewpoints",
        "tags": {
          "access": "yes",
          "leisure": "garden",
          "name": "Dunbar's Close Garden",
          "name:es": "Jardín del Close de Dunbar",
          "tourism": "attraction",
          "wikidata": "Q13889055"
        },
        "sitelinks": 1
      }
    },
    {
      "type": "Feature",
      "geometry": {
        "type": "Point",
        "coordinates": [
          -3.177925,
          55.9431859
        ]
      },
      "properties": {
        "id": "osm:node:9121903894",
        "source": "osm",
        "title": "Edinburgh and Dalkeith Railway",
        "address": "",
        "description": "Warehouses of the Edinburgh and Dalkeith Railway. 'Innocent' line, opened 1831. The City's first railway, built to carry coal and agricultural goods. Horse and rope hauled until 1846. Closed in 1968",
        "categories": [
          "historical",
          "memorial"
        ],
        "primary_category": "historical",
        "interest_score": 52,
        "website": "https://www.nationaltransporttrust.org.uk/heritage-sites/heritage-detail/edinburgh-dalkeith-railway",
        "wikipedia": "",
        "wikidata": "",
        "source_url": "https://www.openstreetmap.org/node/9121903894",
        "fetched_at_utc": "2026-10-07T11:41:56+00:00",
        "query_key": "historic_sites",
        "tags": {
          "historic": "memorial",
          "inscription": "Warehouses of the Edinburgh and Dalkeith Railway. 'Innocent' line, opened 1831. The City's first railway, built to carry coal and agricultural goods. Horse and rope hauled until 1846. Closed in 1968",
          "memorial": "plaque",
          "name": "Edinburgh and Dalkeith Railway",
          "website": "https://www.nationaltransporttrust.org.uk/heritage-sites/heritage-detail/edinburgh-dalkeith-railway"
        }
      }
    },
    {
      "type": "Feature",
      "geometry": {
        "type": "Point",
        "coordinates": [
          -3.2414356,
          55.9783271
        ]
      },
      "properties": {
        "id": "osm:node:13647763687",
        "source": "osm",
        "title": "Granton Gasworks Station 1902-1942",
        "address": "",
        "description": "Buillt on a private branch line by the Edinburgh & Leith Gas Commissioners to serve their workers in an area of limited public transport",
        "categories": [
          "historical",
          "memorial"
        ],
        "primary_category": "historical",
        "interest_score": 52,
        "website": "https://www.nationaltransporttrust.org.uk/heritage-sites/heritage-detail/granton-gas-works-station-edinburgh",
        "wikipedia": "",
        "wikidata": "",
        "source_url": "https://www.openstreetmap.org/node/13647763687",
        "fetched_at_utc": "2026-10-07T11:41:56+00:00",
        "query_key": "historic_sites",
        "tags": {
          "historic": "memorial",
          "inscription": "Buillt on a private branch line by the Edinburgh & Leith Gas Commissioners to serve their workers in an area of limited public transport",
          "memorial": "plaque",
          "name": "Granton Gasworks Station 1902-1942",
          "website": "https://www.nationaltransporttrust.org.uk/heritage-sites/heritage-detail/granton-gas-works-station-edinburgh",
          "wikimedia_commons": "Granton_Gasworks_railway_station_plaque.jpg"
        }
      }
    },
    {
      "type": "Feature",
      "geometry": {
        "type": "Point",
        "coordinates": [
          -3.211038,
          55.9413628
        ]
      },
      "properties": {
        "id": "osm:node:9121903885",
        "source": "osm",
        "title": "Leamington Lift Bridge",
        "address": "",
        "description": "Erected over the Union Canal at Fountainbridge in 1906. Relocated here in 1923 when the canal was cut back from Port Hopetoun to Lochrin Basin",
        "categories": [
          "historical",
          "memorial"
        ],
        "primary_category": "historical",
        "interest_score": 52,
        "website": "https://www.nationaltransporttrust.org.uk/heritage-sites/heritage-detail/leamington-lift-bridge-edinburgh",
        "wikipedia": "",
        "wikidata": "",
        "source_url": "https://www.openstreetmap.org/node/9121903885",
        "fetched_at_utc": "2026-10-07T11:41:56+00:00",
        "query_key": "historic_sites",
        "tags": {
          "historic": "memorial",
          "inscription": "Erected over the Union Canal at Fountainbridge in 1906. Relocated here in 1923 when the canal was cut back from Port Hopetoun to Lochrin Basin",
          "memorial": "plaque",
          "name": "Leamington Lift Bridge",
          "website": "https://www.nationaltransporttrust.org.uk/heritage-sites/heritage-detail/leamington-lift-bridge-edinburgh"
        }
      }
    },
    {
      "type": "Feature",
      "geometry": {
        "type": "Point",
        "coordinates": [
          -3.1738558,
          55.9677408
        ]
      },
      "properties": {
        "id": "osm:node:11944863434",
        "source": "osm",
        "title": "Leith Tramways Depot",
        "address": "",
        "description": "This 1938 Modernist Movement building held offices for the tram depot that stood behind it, where electric trams were stabled until 1956",
        "categories": [
          "historical",
          "memorial"
        ],
        "primary_category": "historical",
        "interest_score": 52,
        "website": "https://www.nationaltransporttrust.org.uk/heritage-sites/heritage-detail/leith-tram-depot---edinburgh?lr=1",
        "wikipedia": "",
        "wikidata": "",
        "source_url": "https://www.openstreetmap.org/node/11944863434",
        "fetched_at_utc": "2026-10-07T11:41:56+00:00",
        "query_key": "historic_sites",
        "tags": {
          "colour": "red",
          "historic": "memorial",
          "inscription": "This 1938 Modernist Movement building held offices for the tram depot that stood behind it, where electric trams were stabled until 1956",
          "material": "metal",
          "memorial": "plaque",
          "name": "Leith Tramways Depot",
          "website": "https://www.nationaltransporttrust.org.uk/heritage-sites/heritage-detail/leith-tram-depot---edinburgh?lr=1"
        }
      }
    },
    {
      "type": "Feature",
      "geometry": {
        "type": "Point",
        "coordinates": [
          -3.2009621,
          55.9521558
        ]
      },
      "properties": {
        "id": "osm:node:7344053784",
        "source": "osm",
        "title": "Margaret Tait",
        "address": "",
        "description": "",
        "categories": [
          "historical",
          "memorial"
        ],
        "primary_category": "historical",
        "interest_score": 52,
        "website": "https://www.margarettait100.com",
        "wikipedia": "",
        "wikidata": "",
        "source_url": "https://www.openstreetmap.org/node/7344053784",
        "fetched_at_utc": "2026-10-07T11:41:56+00:00",
        "query_key": "historic_sites",
        "tags": {
          "historic": "memorial",
          "memorial": "plaque",
          "name": "Margaret Tait",
          "website": "https://www.margarettait100.com"
        }
      }
    },
    {
      "type": "Feature",
      "geometry": {
        "type": "Point",
        "coordinates": [
          -3.1888824,
          55.9665663
        ]
      },
      "properties": {
        "id": "osm:node:13534034444",
        "source": "osm",
        "title": "Powderhall Stables",
        "address": "",
        "description": "Baronial-style stables built in 1893 for horses hauling Edinburgh refuse to the adjacent waste incinerator - the 'Powderhall Destructor'",
        "categories": [
          "historical",
          "memorial"
        ],
        "primary_category": "historical",
        "interest_score": 52,
        "website": "https://www.nationaltransporttrust.org.uk/heritage-sites/heritage-detail/powderhall-stables",
        "wikipedia": "",
        "wikidata": "",
        "source_url": "https://www.openstreetmap.org/node/13534034444",
        "fetched_at_utc": "2026-10-07T11:41:56+00:00",
        "query_key": "historic_sites",
        "tags": {
          "colour": "red",
          "direction": "SSW",
          "historic": "memorial",
          "inscription": "Baronial-style stables built in 1893 for horses hauling Edinburgh refuse to the adjacent waste incinerator - the 'Powderhall Destructor'",
          "material": "metal",
          "memorial": "plaque",
          "name": "Powderhall Stables",
          "website": "https://www.nationaltransporttrust.org.uk/heritage-sites/heritage-detail/powderhall-stables"
        }
      }
    },
    {
      "type": "Feature",
      "geometry": {
        "type": "Point",
        "coordinates": [
          -3.1828099,
          55.9641543
        ]
      },
      "properties": {
        "id": "osm:node:11574566662",
        "source": "osm",
        "title": "Shrubhill Workshops & Power Station",
        "address": "",
        "description": "Opened 1898 to service Edinburgh Corporation's cable-trams. Converted 1922 to build, power and maintain electric trams until 1956.",
        "categories": [
          "historical",
          "memorial"
        ],
        "primary_category": "historical",
        "interest_score": 52,
        "website": "https://www.transportheritage.com",
        "wikipedia": "",
        "wikidata": "",
        "source_url": "https://www.openstreetmap.org/node/11574566662",
        "fetched_at_utc": "2026-10-07T11:41:56+00:00",
        "query_key": "historic_sites",
        "tags": {
          "colour": "red",
          "historic": "memorial",
          "inscription": "Opened 1898 to service Edinburgh Corporation's cable-trams. Converted 1922 to build, power and maintain electric trams until 1956.",
          "memorial": "plaque",
          "name": "Shrubhill Workshops & Power Station",
          "operator": "National Transport Trust",
          "website": "https://www.transportheritage.com"
        }
      }
    },
    {
      "type": "Feature",
      "geometry": {
        "type": "Point",
        "coordinates": [
          -3.1614143818181817,
          55.95095028181817
        ]
      },
      "properties": {
        "id": "osm:way:239893682",
        "source": "osm",
        "title": "St Anthony's Chapel",
        "address": "",
        "description": "",
        "categories": [
          "historical",
          "architecture",
          "landmark"
        ],
        "primary_category": "historical",
        "interest_score": 52,
        "website": "",
        "wikipedia": "",
        "wikidata": "",
        "source_url": "https://www.openstreetmap.org/way/239893682",
        "fetched_at_utc": "2026-10-07T11:41:56+00:00",
        "query_key": "attractions_and_viewpoints",
        "tags": {
          "historic": "ruins",
          "name": "St Anthony's Chapel",
          "name:es": "Capilla de San Antonio",
          "ruins": "chapel",
          "tourism": "attraction"
        }
      }
    },
    {
      "type": "Feature",
      "geometry": {
        "type": "Point",
        "coordinates": [
          -3.1704718,
          55.9786334
        ]
      },
      "properties": {
        "id": "osm:node:12052779475",
        "source": "osm",
        "title": "Victoria Swing Bridge",
        "address": "",
        "description": "Completed 1874 to carry both road and rail traffic over the Water of Leith. Scotland's largest counter- weighted swing bridge",
        "categories": [
          "historical",
          "memorial"
        ],
        "primary_category": "historical",
        "interest_score": 52,
        "website": "https://www.nationaltransporttrust.org.uk/heritage-sites/heritage-detail/victoria-swingbridge---edinburgh",
        "wikipedia": "",
        "wikidata": "",
        "source_url": "https://www.openstreetmap.org/node/12052779475",
        "fetched_at_utc": "2026-10-07T11:41:56+00:00",
        "query_key": "historic_sites",
        "tags": {
          "historic": "memorial",
          "inscription": "Completed 1874 to carry both road and rail traffic over the Water of Leith. Scotland's largest counter- weighted swing bridge",
          "memorial": "plaque",
          "name": "Victoria Swing Bridge",
          "website": "https://www.nationaltransporttrust.org.uk/heritage-sites/heritage-detail/victoria-swingbridge---edinburgh"
        }
      }
    },
    {
      "type": "Feature",
      "geometry": {
        "type": "Point",
        "coordinates": [
          -3.1706489,
          55.952111
        ]
      },
      "properties": {
        "id": "osm:node:4462104374",
        "source": "osm",
        "title": "Wentworth Elm",
        "address": "",
        "description": "",
        "categories": [
          "landmark"
        ],
        "primary_category": "landmark",
        "interest_score": 52,
        "website": "",
        "wikipedia": "en:Ulmus × hollandica 'Wentworthii Pendula'",
        "wikidata": "Q7879358",
        "source_url": "https://www.openstreetmap.org/node/4462104374",
        "fetched_at_utc": "2026-10-07T11:41:56+00:00",
        "query_key": "attractions_and_viewpoints",
        "tags": {
          "denotation": "urban",
          "name": "Wentworth Elm",
          "natural": "tree",
          "source": "Bing;survey",
          "species": "Ulmus 'Wentworthii Pendula'",
          "start_date": "1909",
          "tourism": "attraction",
          "wikidata": "Q7879358",
          "wikipedia": "en:Ulmus × hollandica 'Wentworthii Pendula'"
        },
        "sitelinks": 1
      }
    },
    {
      "type": "Feature",
      "geometry": {
        "type": "Point",
        "coordinates": [
          -3.1714019,
          55.9535717
        ]
      },
      "properties": {
        "id": "osm:node:4462105418",
        "source": "osm",
        "title": "Wentworth Elm",
        "address": "",
        "description": "",
        "categories": [
          "landmark"
        ],
        "primary_category": "landmark",
        "interest_score": 52,
        "website": "",
        "wikipedia": "en:Ulmus × hollandica 'Wentworthii Pendula'",
        "wikidata": "Q7879358",
        "source_url": "https://www.openstreetmap.org/node/4462105418",
        "fetched_at_utc": "2026-10-07T11:41:56+00:00",
        "query_key": "attractions_and_viewpoints",
        "tags": {
          "denotation": "urban",
          "name": "Wentworth Elm",
          "natural": "tree",
          "source": "Bing;survey",
          "species": "Ulmus 'Wentworthii Pendula'",
          "start_date": "1909",
          "tourism": "attraction",
          "wikidata": "Q7879358",
          "wikipedia": "en:Ulmus × hollandica 'Wentworthii Pendula'"
        },
        "sitelinks": 1
      }
    },
    {
      "type": "Feature",
      "geometry": {
        "type": "Point",
        "coordinates": [
          -3.2141427,
          55.9529376
        ]
      },
      "properties": {
        "id": "osm:node:12248302684",
        "source": "osm",
        "title": "Dean Bridge 1832",
        "address": "",
        "description": "Designed by Thomas Telford born Eskdalemuir 1757. This plaque was erected 1957 by then Institution of Civil Engineers to commemorate the bicentenary of the birth of Thomas Telford, first president of the institution",
        "categories": [
          "historical",
          "memorial"
        ],
        "primary_category": "historical",
        "interest_score": 51,
        "website": "",
        "wikipedia": "",
        "wikidata": "",
        "source_url": "https://www.openstreetmap.org/node/12248302684",
        "fetched_at_utc": "2026-10-07T11:41:56+00:00",
        "query_key": "historic_sites",
        "tags": {
          "description": "Designed by Thomas Telford born Eskdalemuir 1757. This plaque was erected 1957 by then Institution of Civil Engineers to commemorate the bicentenary of the birth of Thomas Telford, first president of the institution",
          "direction": "247",
          "historic": "memorial",
          "material": "metal",
          "memorial": "plaque",
          "name": "Dean Bridge 1832"
        }
      }
    },
    {
      "type": "Feature",
      "geometry": {
        "type": "Point",
        "coordinates": [
          -3.1796606,
          55.9544114
        ]
      },
      "properties": {
        "id": "osm:node:519288713",
        "source": "osm",
        "title": "Democracy Cairn",
        "address": "",
        "description": "Scottish Parliament monument",
        "categories": [
          "historical",
          "memorial"
        ],
        "primary_category": "historical",
        "interest_score": 51,
        "website": "",
        "wikipedia": "",
        "wikidata": "",
        "source_url": "https://www.openstreetmap.org/node/519288713",
        "fetched_at_utc": "2026-10-07T11:41:56+00:00",
        "query_key": "historic_sites",
        "tags": {
          "alt_name": "Parliament Cairn",
          "description": "Scottish Parliament monument",
          "historic": "monument",
          "monument": "cairn",
          "name": "Democracy Cairn",
          "name:sco": "Democracie Cairn",
          "ref:canmore": "306329",
          "source": "survey;Bing"
        }
      }
    },
    {
      "type": "Feature",
      "geometry": {
        "type": "Point",
        "coordinates": [
          -3.1971615,
          55.9472581
        ]
      },
      "properties": {
        "id": "osm:node:2265831236",
        "source": "osm",
        "title": "Grassmarket 500th Anniversary Stone",
        "address": "",
        "description": "stone",
        "categories": [
          "historical",
          "memorial"
        ],
        "primary_category": "historical",
        "interest_score": 51,
        "website": "",
        "wikipedia": "",
        "wikidata": "",
        "source_url": "https://www.openstreetmap.org/node/2265831236",
        "fetched_at_utc": "2026-10-07T11:41:56+00:00",
        "query_key": "historic_sites",
        "tags": {
          "description": "stone",
          "historic": "monument",
          "name": "Grassmarket 500th Anniversary Stone",
          "source": "in background of photo"
        }
      }
    },
    {
      "type": "Feature",
      "geometry": {
        "type": "Point",
        "coordinates": [
          -3.1914473,
          55.9425646
        ]
      },
      "properties": {
        "id": "osm:node:11417090769",
        "source": "osm",
        "title": "Millennium Stone",
        "address": "",
        "description": "Laid in 2000 to commemorate the Meadows\nMillennium Park status",
        "categories": [
          "historical",
          "memorial"
        ],
        "primary_category": "historical",
        "interest_score": 51,
        "website": "",
        "wikipedia": "",
        "wikidata": "",
        "source_url": "https://www.openstreetmap.org/node/11417090769",
        "fetched_at_utc": "2026-10-07T11:41:56+00:00",
        "query_key": "historic_sites",
        "tags": {
          "description": "Laid in 2000 to commemorate the Meadows\nMillennium Park status",
          "historic": "memorial",
          "memorial": "stone",
          "name": "Millennium Stone"
        }
      }
    },
    {
      "type": "Feature",
      "geometry": {
        "type": "Point",
        "coordinates": [
          -3.1949521,
          55.9507194
        ]
      },
      "properties": {
        "id": "osm:node:465737020",
        "source": "osm",
        "title": "Spanish Civil War Memorial",
        "address": "",
        "description": "Memorial to the Scots of the International Brigades in the Spanish Civil War",
        "categories": [
          "historical",
          "memorial"
        ],
        "primary_category": "historical",
        "interest_score": 51,
        "website": "",
        "wikipedia": "",
        "wikidata": "",
        "source_url": "https://www.openstreetmap.org/node/465737020",
        "fetched_at_utc": "2026-10-07T11:41:56+00:00",
        "query_key": "historic_sites",
        "tags": {
          "description": "Memorial to the Scots of the International Brigades in the Spanish Civil War",
          "historic": "memorial",
          "inscription": "TO HONOUR THE MEMORY OF THOSE WHO WENT FROM THE LOTHIANS AND FIFE TO SERVE IN THE WAR IN SPAIN 1936 - 1939",
          "memorial": "stone",
          "memorial:conflict": "Spanish_Civil_War",
          "name": "Spanish Civil War Memorial",
          "name:es": "Monumento a los caídos en la Guerra Civil Española",
          "ref:canmore": "282453",
          "ref:iwm": "44830",
          "start_date": "1980"
        }
      }
    },
    {
      "type": "Feature",
      "geometry": {
        "type": "Point",
        "coordinates": [
          -3.1883381,
          55.9496448
        ]
      },
      "properties": {
        "id": "osm:node:10785551172",
        "source": "osm",
        "title": "Susanna MacIver Inscription",
        "address": "",
        "description": "Inscription about Mrs Susanna MacIver (1770s) who had a cookery school here and created the first ever printed recipe for haggis in Scotland",
        "categories": [
          "historical",
          "memorial"
        ],
        "primary_category": "historical",
        "interest_score": 51,
        "website": "",
        "wikipedia": "",
        "wikidata": "",
        "source_url": "https://www.openstreetmap.org/node/10785551172",
        "fetched_at_utc": "2026-10-07T11:41:56+00:00",
        "query_key": "historic_sites",
        "tags": {
          "description": "Inscription about Mrs Susanna MacIver (1770s) who had a cookery school here and created the first ever printed recipe for haggis in Scotland",
          "historic": "memorial",
          "material": "steel",
          "memorial": "doorway",
          "name": "Susanna MacIver Inscription"
        }
      }
    },
    {
      "type": "Feature",
      "geometry": {
        "type": "Point",
        "coordinates": [
          -3.1693712,
          55.9782055
        ]
      },
      "properties": {
        "id": "osm:node:607239437",
        "source": "osm",
        "title": "The Harpoon",
        "address": "",
        "description": "Signifies Leith's historical whaling connections",
        "categories": [
          "historical",
          "memorial"
        ],
        "primary_category": "historical",
        "interest_score": 51,
        "website": "",
        "wikipedia": "",
        "wikidata": "",
        "source_url": "https://www.openstreetmap.org/node/607239437",
        "fetched_at_utc": "2026-10-07T11:41:56+00:00",
        "query_key": "historic_sites",
        "tags": {
          "description": "Signifies Leith's historical whaling connections",
          "historic": "memorial",
          "memorial": "statue",
          "name": "The Harpoon",
          "note": "See https://www.leithlocalhistorysociety.org.uk/businesses/harpoon.htm",
          "statue": "whale_harpoon"
        }
      }
    },
    {
      "type": "Feature",
      "geometry": {
        "type": "Point",
        "coordinates": [
          -3.1763604,
          55.9836799
        ]
      },
      "properties": {
        "id": "osm:node:1067884190",
        "source": "osm",
        "title": "6 Times",
        "address": "",
        "description": "",
        "categories": [
          "cultural",
          "art"
        ],
        "primary_category": "cultural",
        "interest_score": 50,
        "website": "https://www.nationalgalleries.org/art-and-artists/features/antony-gormleys-6-times-returns-edinburgh",
        "wikipedia": "",
        "wikidata": "Q117707762",
        "source_url": "https://www.openstreetmap.org/node/1067884190",
        "fetched_at_utc": "2026-10-07T11:41:56+00:00",
        "query_key": "galleries_and_arts",
        "tags": {
          "artist:wikidata": "Q360371",
          "artist_name": "Antony Gormley",
          "artwork_type": "sculpture",
          "name": "6 Times",
          "source": "Local Knowledge",
          "tourism": "artwork",
          "website": "https://www.nationalgalleries.org/art-and-artists/features/antony-gormleys-6-times-returns-edinburgh",
          "wikidata": "Q117707762"
        },
        "sitelinks": 0
      }
    },
    {
      "type": "Feature",
      "geometry": {
        "type": "Point",
        "coordinates": [
          -3.209878368421053,
          55.92889532631578
        ]
      },
      "properties": {
        "id": "osm:way:42124234",
        "source": "osm",
        "title": "Morningside Library",
        "address": "184 Morningside Road, Edinburgh, EH10 4PU",
        "description": "",
        "categories": [
          "cultural",
          "literary"
        ],
        "primary_category": "cultural",
        "interest_score": 50,
        "website": "https://www.edinburgh.gov.uk/directory-record/1812915/morningside-library-",
        "wikipedia": "",
        "wikidata": "Q17811764",
        "source_url": "https://www.openstreetmap.org/way/42124234",
        "fetched_at_utc": "2026-10-07T11:41:56+00:00",
        "query_key": "performance_and_literary",
        "tags": {
          "addr:city": "Edinburgh",
          "addr:housenumber": "184",
          "addr:postcode": "EH10 4PU",
          "addr:street": "Morningside Road",
          "amenity": "library",
          "building": "civic",
          "email": "morningside.library@edinburgh.gov.uk",
          "facebook": "https://www.facebook.com/MorningsideLibrary",
          "internet_access": "wlan",
          "internet_access:fee": "no",
          "name": "Morningside Library",
          "opening_hours": "Mo-We 10:00-20:00;Th-Sa 10:00-17:00",
          "operator": "City of Edinburgh Council",
          "phone": "+44 131 529 5654",
          "source": "survey",
          "website": "https://www.edinburgh.gov.uk/directory-record/1812915/morningside-library-",
          "wheelchair": "yes",
          "wikidata": "Q17811764"
        },
        "sitelinks": 0
      }
    },
    {
      "type": "Feature",
      "geometry": {
        "type": "Point",
        "coordinates": [
          -3.1849763363636368,
          55.95067343636363
        ]
      },
      "properties": {
        "id": "osm:way:70954978",
        "source": "osm",
        "title": "Scottish Storytelling Centre",
        "address": "43 High Street, Edinburgh, EH1 1SR",
        "description": "",
        "categories": [
          "cultural",
          "architecture",
          "art",
          "landmark"
        ],
        "primary_category": "cultural",
        "interest_score": 50,
        "website": "https://www.scottishstorytellingcentre.com/",
        "wikipedia": "",
        "wikidata": "",
        "source_url": "https://www.openstreetmap.org/way/70954978",
        "fetched_at_utc": "2026-10-07T11:41:56+00:00",
        "query_key": "galleries_and_arts",
        "tags": {
          "addr:city": "Edinburgh",
          "addr:housenumber": "43",
          "addr:postcode": "EH1 1SR",
          "addr:street": "High Street",
          "amenity": "arts_centre",
          "building": "yes",
          "check_date": "2026-09-20",
          "name": "Scottish Storytelling Centre",
          "source": "survey",
          "tourism": "attraction",
          "website": "https://www.scottishstorytellingcentre.com/"
        }
      }
    },
    {
      "type": "Feature",
      "geometry": {
        "type": "Point",
        "coordinates": [
          -3.1607309176470584,
          55.96220098235295
        ]
      },
      "properties": {
        "id": "osm:way:318920984",
        "source": "osm",
        "title": "Lochend Castle Doocot",
        "address": "",
        "description": "",
        "categories": [
          "historical",
          "architecture"
        ],
        "primary_category": "historical",
        "interest_score": 48,
        "website": "",
        "wikipedia": "",
        "wikidata": "",
        "source_url": "https://www.openstreetmap.org/way/318920984",
        "fetched_at_utc": "2026-10-07T11:41:56+00:00",
        "query_key": "historic_sites",
        "tags": {
          "building": "yes",
          "historic": "building",
          "man_made": "dovecote",
          "name": "Lochend Castle Doocot",
          "ref:canmore": "52507"
        }
      }
    },
    {
      "type": "Feature",
      "geometry": {
        "type": "Point",
        "coordinates": [
          -3.1861573769230773,
          55.95342228461538
        ]
      },
      "properties": {
        "id": "osm:way:235396951",
        "source": "osm",
        "title": "Mausoleum of David Hume",
        "address": "",
        "description": "",
        "categories": [
          "historical",
          "architecture",
          "landmark"
        ],
        "primary_category": "historical",
        "interest_score": 48,
        "website": "",
        "wikipedia": "",
        "wikidata": "",
        "source_url": "https://www.openstreetmap.org/way/235396951",
        "fetched_at_utc": "2026-10-07T11:41:56+00:00",
        "query_key": "attractions_and_viewpoints",
        "tags": {
          "building": "yes",
          "historic": "tomb",
          "name": "Mausoleum of David Hume",
          "source": "NLS_OS_Edinburgh_map_1940s;Bing;survey",
          "subject:wikipedia": "en:David Hume",
          "tomb": "mausoleum",
          "tourism": "attraction",
          "wheelchair": "no"
        }
      }
    },
    {
      "type": "Feature",
      "geometry": {
        "type": "Point",
        "coordinates": [
          -3.177497489893615,
          55.95554522765956
        ]
      },
      "properties": {
        "id": "osm:relation:15334519",
        "source": "osm",
        "title": "Regent Gardens",
        "address": "",
        "description": "",
        "categories": [
          "natural",
          "garden"
        ],
        "primary_category": "natural",
        "interest_score": 48,
        "website": "",
        "wikipedia": "",
        "wikidata": "Q39086712",
        "source_url": "https://www.openstreetmap.org/relation/15334519",
        "fetched_at_utc": "2026-10-07T11:41:56+00:00",
        "query_key": "gardens",
        "tags": {
          "access": "private",
          "alt_name": "Regent, Royal and Carlton Terrace Gardens",
          "garden:type": "private",
          "leisure": "garden",
          "name": "Regent Gardens",
          "operator": "Regent Royal and Carlton Terrace Gardens Association",
          "operator:type": "association",
          "source": "NLS_OS_Edinburgh_map_1940s;Bing;survey",
          "wikidata": "Q39086712"
        },
        "sitelinks": 1
      }
    },
    {
      "type": "Feature",
      "geometry": {
        "type": "Point",
        "coordinates": [
          -3.1992989249999995,
          55.94813302499998
        ]
      },
      "properties": {
        "id": "osm:way:290611982",
        "source": "osm",
        "title": "Royal Palace",
        "address": "",
        "description": "",
        "categories": [
          "historical",
          "architecture",
          "landmark"
        ],
        "primary_category": "historical",
        "interest_score": 48,
        "website": "",
        "wikipedia": "",
        "wikidata": "",
        "source_url": "https://www.openstreetmap.org/way/290611982",
        "fetched_at_utc": "2026-10-07T11:41:56+00:00",
        "query_key": "attractions_and_viewpoints",
        "tags": {
          "building": "yes",
          "historic": "yes",
          "name": "Royal Palace",
          "source": "NLS_OS_Edinburgh_map_1940s;Bing;survey",
          "start_date": "1615",
          "tourism": "attraction"
        }
      }
    },
    {
      "type": "Feature",
      "geometry": {
        "type": "Point",
        "coordinates": [
          -3.2043948,
          55.9496063
        ]
      },
      "properties": {
        "id": "osm:node:2934374678",
        "source": "osm",
        "title": "'Bum' the Dog Statue",
        "address": "",
        "description": "",
        "categories": [
          "historical",
          "memorial"
        ],
        "primary_category": "historical",
        "interest_score": 46,
        "website": "",
        "wikipedia": "",
        "wikidata": "",
        "source_url": "https://www.openstreetmap.org/node/2934374678",
        "fetched_at_utc": "2026-10-07T11:41:56+00:00",
        "query_key": "historic_sites",
        "tags": {
          "historic": "memorial",
          "memorial": "statue",
          "name": "'Bum' the Dog Statue",
          "note": "This is a memorial to Bum the Dog from San Diego, called the US equivalent to Greyfriars Bobby.",
          "ref:canmore": "306307"
        }
      }
    },
    {
      "type": "Feature",
      "geometry": {
        "type": "Point",
        "coordinates": [
          -3.1672457,
          55.9688362
        ]
      },
      "properties": {
        "id": "osm:node:12963902270",
        "source": "osm",
        "title": "3rd Company Boys' Brigade War Memorial",
        "address": "",
        "description": "",
        "categories": [
          "historical",
          "memorial"
        ],
        "primary_category": "historical",
        "interest_score": 46,
        "website": "",
        "wikipedia": "",
        "wikidata": "",
        "source_url": "https://www.openstreetmap.org/node/12963902270",
        "fetched_at_utc": "2026-10-07T11:41:56+00:00",
        "query_key": "historic_sites",
        "tags": {
          "historic": "memorial",
          "memorial": "lamp",
          "memorial:conflict": "WW1;WW2",
          "name": "3rd Company Boys' Brigade War Memorial",
          "ref:canmore": "332565",
          "ref:iwm": "87505",
          "start_date": "1923",
          "war_memorial": "yes"
        }
      }
    },
    {
      "type": "Feature",
      "geometry": {
        "type": "Point",
        "coordinates": [
          -3.2010017,
          55.9482923
        ]
      },
      "properties": {
        "id": "osm:node:13176763935",
        "source": "osm",
        "title": "52 Infantry Brigade Operation Herrick 7 Memorial",
        "address": "",
        "description": "",
        "categories": [
          "historical",
          "memorial"
        ],
        "primary_category": "historical",
        "interest_score": 46,
        "website": "",
        "wikipedia": "",
        "wikidata": "",
        "source_url": "https://www.openstreetmap.org/node/13176763935",
        "fetched_at_utc": "2026-10-07T11:41:56+00:00",
        "query_key": "historic_sites",
        "tags": {
          "direction": "50",
          "historic": "memorial",
          "memorial": "tablet",
          "memorial:conflict": "War_in_Afghanistan",
          "name": "52 Infantry Brigade Operation Herrick 7 Memorial",
          "note": "No Canmore ID",
          "ref:iwm": "96989",
          "war_memorial": "yes"
        }
      }
    },
    {
      "type": "Feature",
      "geometry": {
        "type": "Point",
        "coordinates": [
          -3.1716174,
          55.9707182
        ]
      },
      "properties": {
        "id": "osm:node:13181272677",
        "source": "osm",
        "title": "5th Volunteer Battalion Royal Scots Boer War Memorial",
        "address": "",
        "description": "",
        "categories": [
          "historical",
          "memorial"
        ],
        "primary_category": "historical",
        "interest_score": 46,
        "website": "",
        "wikipedia": "",
        "wikidata": "",
        "source_url": "https://www.openstreetmap.org/node/13181272677",
        "fetched_at_utc": "2026-10-07T11:41:56+00:00",
        "query_key": "historic_sites",
        "tags": {
          "historic": "memorial",
          "memorial": "tablet",
          "memorial:conflict": "Second_Boer_War",
          "name": "5th Volunteer Battalion Royal Scots Boer War Memorial",
          "ref:canmore": "137687",
          "ref:iwm": "88759",
          "start_date": "1913",
          "war_memorial": "yes"
        }
      }
    },
    {
      "type": "Feature",
      "geometry": {
        "type": "Point",
        "coordinates": [
          -3.2226708,
          55.9529115
        ]
      },
      "properties": {
        "id": "osm:node:12495842190",
        "source": "osm",
        "title": "79th or Cameron Highlanders Memorial",
        "address": "",
        "description": "",
        "categories": [
          "historical",
          "memorial"
        ],
        "primary_category": "historical",
        "interest_score": 46,
        "website": "",
        "wikipedia": "",
        "wikidata": "",
        "source_url": "https://www.openstreetmap.org/node/12495842190",
        "fetched_at_utc": "2026-10-07T11:41:56+00:00",
        "query_key": "historic_sites",
        "tags": {
          "historic": "memorial",
          "memorial": "obelisk",
          "memorial:conflict": "Crimean_War;Colonial_India",
          "name": "79th or Cameron Highlanders Memorial",
          "ref:canmore": "119274",
          "ref:iwm": "57415",
          "start_date": "1857",
          "war_memorial": "yes"
        }
      }
    },
    {
      "type": "Feature",
      "geometry": {
        "type": "Point",
        "coordinates": [
          -3.190002,
          55.9497827
        ]
      },
      "properties": {
        "id": "osm:node:2317516440",
        "source": "osm",
        "title": "Adam Smith Statue",
        "address": "",
        "description": "",
        "categories": [
          "historical",
          "memorial"
        ],
        "primary_category": "historical",
        "interest_score": 46,
        "website": "",
        "wikipedia": "",
        "wikidata": "",
        "source_url": "https://www.openstreetmap.org/node/2317516440",
        "fetched_at_utc": "2026-10-07T11:41:56+00:00",
        "query_key": "historic_sites",
        "tags": {
          "historic": "memorial",
          "memorial": "statue",
          "name": "Adam Smith Statue",
          "ref:canmore": "306324"
        }
      }
    },
    {
      "type": "Feature",
      "geometry": {
        "type": "Point",
        "coordinates": [
          -3.1756818,
          55.9545603
        ]
      },
      "properties": {
        "id": "osm:node:6090108491",
        "source": "osm",
        "title": "Al-Dawayima, Palestine Memorial",
        "address": "",
        "description": "in memory of the villagers, Al-Dawayima, Palestine, 29 October, 1948",
        "categories": [
          "historical",
          "memorial"
        ],
        "primary_category": "historical",
        "interest_score": 46,
        "website": "",
        "wikipedia": "",
        "wikidata": "",
        "source_url": "https://www.openstreetmap.org/node/6090108491",
        "fetched_at_utc": "2026-10-07T11:41:56+00:00",
        "query_key": "historic_sites",
        "tags": {
          "historic": "memorial",
          "inscription": "in memory of the villagers, Al-Dawayima, Palestine, 29 October, 1948",
          "memorial": "stone",
          "name": "Al-Dawayima, Palestine Memorial",
          "start_date": "2018-10-29"
        }
      }
    },
    {
      "type": "Feature",
      "geometry": {
        "type": "Point",
        "coordinates": [
          -3.2064785,
          55.9511219
        ]
      },
      "properties": {
        "id": "osm:node:6653335118",
        "source": "osm",
        "title": "Alexander Graham Bell",
        "address": "",
        "description": "Alexander Graham Bell Inventor of the Telephone Born here 3rd March 1847",
        "categories": [
          "historical",
          "memorial"
        ],
        "primary_category": "historical",
        "interest_score": 46,
        "website": "",
        "wikipedia": "",
        "wikidata": "",
        "source_url": "https://www.openstreetmap.org/node/6653335118",
        "fetched_at_utc": "2026-10-07T11:41:56+00:00",
        "query_key": "historic_sites",
        "tags": {
          "historic": "memorial",
          "inscription": "Alexander Graham Bell Inventor of the Telephone Born here 3rd March 1847",
          "memorial": "plaque",
          "name": "Alexander Graham Bell"
        }
      }
    },
    {
      "type": "Feature",
      "geometry": {
        "type": "Point",
        "coordinates": [
          -3.1876625,
          55.9568512
        ]
      },
      "properties": {
        "id": "osm:node:5043395097",
        "source": "osm",
        "title": "Arthur Conan Doyle",
        "address": "",
        "description": "Arthur Conan Doyle\nCreator of Sherlock Holmes was born at №11 Picardy Place, formerly opposite here on 22nd May 1859",
        "categories": [
          "historical",
          "memorial"
        ],
        "primary_category": "historical",
        "interest_score": 46,
        "website": "",
        "wikipedia": "",
        "wikidata": "",
        "source_url": "https://www.openstreetmap.org/node/5043395097",
        "fetched_at_utc": "2026-10-07T11:41:56+00:00",
        "query_key": "historic_sites",
        "tags": {
          "historic": "memorial",
          "historic:date": "1859-05-22",
          "inscription": "Arthur Conan Doyle\nCreator of Sherlock Holmes was born at №11 Picardy Place, formerly opposite here on 22nd May 1859",
          "memorial": "plaque",
          "name": "Arthur Conan Doyle",
          "openplaques:id": "12001",
          "plaque": "here_was_born",
          "subject:wikidata": "Q35610",
          "subject:wikipedia": "en:Arthur Conan Doyle"
        }
      }
    },
    {
      "type": "Feature",
      "geometry": {
        "type": "Point",
        "coordinates": [
          -3.1862077,
          55.9427525
        ]
      },
      "properties": {
        "id": "osm:node:13189127087",
        "source": "osm",
        "title": "Baroness Jennie Lee",
        "address": "",
        "description": "",
        "categories": [
          "historical",
          "memorial"
        ],
        "primary_category": "historical",
        "interest_score": 46,
        "website": "",
        "wikipedia": "",
        "wikidata": "",
        "source_url": "https://www.openstreetmap.org/node/13189127087",
        "fetched_at_utc": "2026-10-07T11:41:56+00:00",
        "query_key": "historic_sites",
        "tags": {
          "historic": "memorial",
          "memorial": "plaque",
          "name": "Baroness Jennie Lee",
          "subject:wikidata": "Q1686926"
        }
      }
    },
    {
      "type": "Feature",
      "geometry": {
        "type": "Point",
        "coordinates": [
          -3.1972339,
          55.9463667
        ]
      },
      "properties": {
        "id": "osm:node:6964815790",
        "source": "osm",
        "title": "Bessie Watson youngest suffragette",
        "address": "",
        "description": "",
        "categories": [
          "historical",
          "memorial"
        ],
        "primary_category": "historical",
        "interest_score": 46,
        "website": "",
        "wikipedia": "",
        "wikidata": "",
        "source_url": "https://www.openstreetmap.org/node/6964815790",
        "fetched_at_utc": "2026-10-07T11:41:56+00:00",
        "query_key": "historic_sites",
        "tags": {
          "historic": "memorial",
          "memorial": "plaque",
          "name": "Bessie Watson youngest suffragette"
        }
      }
    },
    {
      "type": "Feature",
      "geometry": {
        "type": "Point",
        "coordinates": [
          -3.1798176,
          55.9514732
        ]
      },
      "properties": {
        "id": "osm:node:13098839846",
        "source": "osm",
        "title": "Burgh of Canongate War Memorial",
        "address": "",
        "description": "",
        "categories": [
          "historical",
          "memorial"
        ],
        "primary_category": "historical",
        "interest_score": 46,
        "website": "",
        "wikipedia": "",
        "wikidata": "",
        "source_url": "https://www.openstreetmap.org/node/13098839846",
        "fetched_at_utc": "2026-10-07T11:41:56+00:00",
        "query_key": "historic_sites",
        "tags": {
          "historic": "memorial",
          "memorial": "tablet",
          "memorial:conflict": "WW1",
          "name": "Burgh of Canongate War Memorial",
          "ref:canmore": "52527",
          "ref:iwm": "13427",
          "start_date": "1920",
          "war_memorial": "yes"
        }
      }
    },
    {
      "type": "Feature",
      "geometry": {
        "type": "Point",
        "coordinates": [
          -3.1790535,
          55.9516836
        ]
      },
      "properties": {
        "id": "osm:node:3005409108",
        "source": "osm",
        "title": "Canongate Mercat Cross",
        "address": "",
        "description": "Canongate Mercat Cross 1128",
        "categories": [
          "historical",
          "memorial"
        ],
        "primary_category": "historical",
        "interest_score": 46,
        "website": "",
        "wikipedia": "",
        "wikidata": "",
        "source_url": "https://www.openstreetmap.org/node/3005409108",
        "fetched_at_utc": "2026-10-07T11:41:56+00:00",
        "query_key": "historic_sites",
        "tags": {
          "historic": "monument",
          "inscription": "Canongate Mercat Cross 1128",
          "monument": "mercat_cross",
          "name": "Canongate Mercat Cross",
          "name:es": "Cruz del Mercado de Canongate",
          "ref:canmore": "52325",
          "source": "survey"
        }
      }
    },
    {
      "type": "Feature",
      "geometry": {
        "type": "Point",
        "coordinates": [
          -3.2131549,
          55.9806636
        ]
      },
      "properties": {
        "id": "osm:node:7258295506",
        "source": "osm",
        "title": "Colette & Ailsa Campoughty  1996 - 2024 We've had a lovely time. Thank you for s",
        "address": "",
        "description": "Colette & Ailsa Campoughty  1996 - 2024 We've had a lovely time. Thank you for sharing it with me ❤️",
        "categories": [
          "historical",
          "memorial"
        ],
        "primary_category": "historical",
        "interest_score": 46,
        "website": "",
        "wikipedia": "",
        "wikidata": "",
        "source_url": "https://www.openstreetmap.org/node/7258295506",
        "fetched_at_utc": "2026-10-07T11:41:56+00:00",
        "query_key": "historic_sites",
        "tags": {
          "amenity": "bench",
          "armrest": "yes",
          "backrest": "yes",
          "colour": "black",
          "direction": "2",
          "historic": "memorial",
          "inscription": "Colette & Ailsa Campoughty  1996 - 2024 We've had a lovely time. Thank you for sharing it with me ❤️",
          "material": "metal",
          "memorial": "bench",
          "operational_status": "ok",
          "survey:date": "2026-06-30",
          "wheelchair": "yes"
        }
      }
    },
    {
      "type": "Feature",
      "geometry": {
        "type": "Point",
        "coordinates": [
          -3.2318215,
          55.9454674
        ]
      },
      "properties": {
        "id": "osm:node:4897122499",
        "source": "osm",
        "title": "Coltbridge Horse-Tram Terminus",
        "address": "",
        "description": "Horse-drawn trams began running here in 1873. These were replaced by cable-cars in 1899, when to allow extension to Western Corner the original arched railway bridge was replaced by the present one.",
        "categories": [
          "historical",
          "memorial"
        ],
        "primary_category": "historical",
        "interest_score": 46,
        "website": "",
        "wikipedia": "",
        "wikidata": "",
        "source_url": "https://www.openstreetmap.org/node/4897122499",
        "fetched_at_utc": "2026-10-07T11:41:56+00:00",
        "query_key": "historic_sites",
        "tags": {
          "historic": "memorial",
          "inscription": "Horse-drawn trams began running here in 1873. These were replaced by cable-cars in 1899, when to allow extension to Western Corner the original arched railway bridge was replaced by the present one.",
          "inscription2": "The route was converted to electric trams in 1922. Horse-tram no.23 is preserved in the Scottish Vintage Bus Museum at Lathalmond, Fife",
          "memorial": "plaque",
          "name": "Coltbridge Horse-Tram Terminus",
          "note": "Murrayfield Community Council, 2022"
        }
      }
    },
    {
      "type": "Feature",
      "geometry": {
        "type": "Point",
        "coordinates": [
          -3.1947768,
          55.947808
        ]
      },
      "properties": {
        "id": "osm:node:6150518251",
        "source": "osm",
        "title": "Covenanters' Memorial",
        "address": "",
        "description": "",
        "categories": [
          "historical",
          "memorial"
        ],
        "primary_category": "historical",
        "interest_score": 46,
        "website": "",
        "wikipedia": "",
        "wikidata": "",
        "source_url": "https://www.openstreetmap.org/node/6150518251",
        "fetched_at_utc": "2026-10-07T11:41:56+00:00",
        "query_key": "historic_sites",
        "tags": {
          "historic": "memorial",
          "memorial": "cobbles",
          "name": "Covenanters' Memorial",
          "ref:canmore": "237310"
        }
      }
    },
    {
      "type": "Feature",
      "geometry": {
        "type": "Point",
        "coordinates": [
          -3.1985289,
          55.967268
        ]
      },
      "properties": {
        "id": "osm:node:7340654082",
        "source": "osm",
        "title": "CWGC Cross of Sacrifice",
        "address": "",
        "description": "",
        "categories": [
          "historical",
          "memorial"
        ],
        "primary_category": "historical",
        "interest_score": 46,
        "website": "",
        "wikipedia": "",
        "wikidata": "",
        "source_url": "https://www.openstreetmap.org/node/7340654082",
        "fetched_at_utc": "2026-10-07T11:41:56+00:00",
        "query_key": "historic_sites",
        "tags": {
          "historic": "memorial",
          "memorial": "cross_of_sacrifice",
          "name": "CWGC Cross of Sacrifice",
          "ref:canmore": "341288",
          "war_memorial": "yes"
        }
      }
    },
    {
      "type": "Feature",
      "geometry": {
        "type": "Point",
        "coordinates": [
          -3.1510857,
          55.9704326
        ]
      },
      "properties": {
        "id": "osm:node:12949887209",
        "source": "osm",
        "title": "CWGC Cross of Sacrifice",
        "address": "",
        "description": "",
        "categories": [
          "historical",
          "memorial"
        ],
        "primary_category": "historical",
        "interest_score": 46,
        "website": "",
        "wikipedia": "",
        "wikidata": "",
        "source_url": "https://www.openstreetmap.org/node/12949887209",
        "fetched_at_utc": "2026-10-07T11:41:56+00:00",
        "query_key": "historic_sites",
        "tags": {
          "historic": "memorial",
          "memorial": "cross_of_sacrifice",
          "name": "CWGC Cross of Sacrifice",
          "ref:canmore": "341289",
          "war_memorial": "yes"
        }
      }
    },
    {
      "type": "Feature",
      "geometry": {
        "type": "Point",
        "coordinates": [
          -3.1689697,
          55.9626176
        ]
      },
      "properties": {
        "id": "osm:node:12979254086",
        "source": "osm",
        "title": "CWGC Cross of Sacrifice",
        "address": "",
        "description": "",
        "categories": [
          "historical",
          "memorial"
        ],
        "primary_category": "historical",
        "interest_score": 46,
        "website": "",
        "wikipedia": "",
        "wikidata": "",
        "source_url": "https://www.openstreetmap.org/node/12979254086",
        "fetched_at_utc": "2026-10-07T11:41:56+00:00",
        "query_key": "historic_sites",
        "tags": {
          "historic": "memorial",
          "memorial": "cross_of_sacrifice",
          "name": "CWGC Cross of Sacrifice",
          "ref:canmore": "341287",
          "war_memorial": "yes"
        }
      }
    },
    {
      "type": "Feature",
      "geometry": {
        "type": "Point",
        "coordinates": [
          -3.1850632,
          55.9671058
        ]
      },
      "properties": {
        "id": "osm:node:12983253553",
        "source": "osm",
        "title": "CWGC Cross of Sacrifice",
        "address": "",
        "description": "",
        "categories": [
          "historical",
          "memorial"
        ],
        "primary_category": "historical",
        "interest_score": 46,
        "website": "",
        "wikipedia": "",
        "wikidata": "",
        "source_url": "https://www.openstreetmap.org/node/12983253553",
        "fetched_at_utc": "2026-10-07T11:41:56+00:00",
        "query_key": "historic_sites",
        "tags": {
          "historic": "memorial",
          "memorial": "cross_of_sacrifice",
          "name": "CWGC Cross of Sacrifice",
          "ref:canmore": "78511",
          "war_memorial": "yes"
        }
      }
    },
    {
      "type": "Feature",
      "geometry": {
        "type": "Point",
        "coordinates": [
          -3.2290781,
          55.9587862
        ]
      },
      "properties": {
        "id": "osm:node:12993232070",
        "source": "osm",
        "title": "CWGC War Memorial",
        "address": "",
        "description": "",
        "categories": [
          "historical",
          "memorial"
        ],
        "primary_category": "historical",
        "interest_score": 46,
        "website": "",
        "wikipedia": "",
        "wikidata": "",
        "source_url": "https://www.openstreetmap.org/node/12993232070",
        "fetched_at_utc": "2026-10-07T11:41:56+00:00",
        "query_key": "historic_sites",
        "tags": {
          "historic": "memorial",
          "name": "CWGC War Memorial",
          "ref:canmore": "87714",
          "war_memorial": "yes"
        }
      }
    },
    {
      "type": "Feature",
      "geometry": {
        "type": "Point",
        "coordinates": [
          -3.1950018,
          55.9449787
        ]
      },
      "properties": {
        "id": "osm:node:6055880018",
        "source": "osm",
        "title": "David McGregor Memorial",
        "address": "",
        "description": "Lieutenant David McGregor, Royal Scots (Lothian Regiment) 22nd October 1918",
        "categories": [
          "historical",
          "memorial"
        ],
        "primary_category": "historical",
        "interest_score": 46,
        "website": "",
        "wikipedia": "",
        "wikidata": "",
        "source_url": "https://www.openstreetmap.org/node/6055880018",
        "fetched_at_utc": "2026-10-07T11:41:56+00:00",
        "query_key": "historic_sites",
        "tags": {
          "historic": "memorial",
          "inscription": "Lieutenant David McGregor, Royal Scots (Lothian Regiment) 22nd October 1918",
          "memorial": "flagstone",
          "name": "David McGregor Memorial",
          "start_date": "2018-10",
          "subject:wikidata": "Q5240153",
          "subject:wikipedia": "en:David Stuart McGregor"
        }
      }
    },
    {
      "type": "Feature",
      "geometry": {
        "type": "Point",
        "coordinates": [
          -3.1861075,
          55.9427674
        ]
      },
      "properties": {
        "id": "osm:node:13189127086",
        "source": "osm",
        "title": "Dr Wong Fun",
        "address": "",
        "description": "",
        "categories": [
          "historical",
          "memorial"
        ],
        "primary_category": "historical",
        "interest_score": 46,
        "website": "",
        "wikipedia": "",
        "wikidata": "",
        "source_url": "https://www.openstreetmap.org/node/13189127086",
        "fetched_at_utc": "2026-10-07T11:41:56+00:00",
        "query_key": "historic_sites",
        "tags": {
          "historic": "memorial",
          "memorial": "plaque",
          "name": "Dr Wong Fun",
          "subject:wikidata": "Q6142366"
        }
      }
    },
    {
      "type": "Feature",
      "geometry": {
        "type": "Point",
        "coordinates": [
          -3.2175608,
          55.9634036
        ]
      },
      "properties": {
        "id": "osm:node:5625111898",
        "source": "osm",
        "title": "Dunlop Memorial Fountain",
        "address": "",
        "description": "",
        "categories": [
          "historical",
          "memorial"
        ],
        "primary_category": "historical",
        "interest_score": 46,
        "website": "",
        "wikipedia": "",
        "wikidata": "",
        "source_url": "https://www.openstreetmap.org/node/5625111898",
        "fetched_at_utc": "2026-10-07T11:41:56+00:00",
        "query_key": "historic_sites",
        "tags": {
          "fountain": "drinking",
          "historic": "memorial",
          "memorial": "fountain",
          "name": "Dunlop Memorial Fountain",
          "note": "Erected in memory of John Charles Dunlop, councillor for St Bernard's Ward.",
          "start_date": "1899"
        }
      }
    },
    {
      "type": "Feature",
      "geometry": {
        "type": "Point",
        "coordinates": [
          -3.1966273,
          55.9481472
        ]
      },
      "properties": {
        "id": "osm:node:2885480002",
        "source": "osm",
        "title": "Eaglais Ghàidhealach Dhùn-Èideann",
        "address": "",
        "description": "Site of the first \nGaelic chapel \n1769",
        "categories": [
          "historical",
          "memorial"
        ],
        "primary_category": "historical",
        "interest_score": 46,
        "website": "",
        "wikipedia": "",
        "wikidata": "",
        "source_url": "https://www.openstreetmap.org/node/2885480002",
        "fetched_at_utc": "2026-10-07T11:41:56+00:00",
        "query_key": "historic_sites",
        "tags": {
          "direction": "0",
          "historic": "memorial",
          "inscription": "Site of the first \nGaelic chapel \n1769",
          "memorial": "plaque",
          "name": "Eaglais Ghàidhealach Dhùn-Èideann"
        }
      }
    },
    {
      "type": "Feature",
      "geometry": {
        "type": "Point",
        "coordinates": [
          -3.2034828,
          55.9477605
        ]
      },
      "properties": {
        "id": "osm:node:574304142",
        "source": "osm",
        "title": "Edinburgh Farmers' Market",
        "address": "",
        "description": "",
        "categories": [
          "cultural",
          "market",
          "landmark"
        ],
        "primary_category": "cultural",
        "interest_score": 46,
        "website": "https://www.edinburghfarmersmarket.co.uk/",
        "wikipedia": "",
        "wikidata": "",
        "source_url": "https://www.openstreetmap.org/node/574304142",
        "fetched_at_utc": "2026-10-07T11:41:56+00:00",
        "query_key": "attractions_and_viewpoints",
        "tags": {
          "amenity": "marketplace",
          "check_date:opening_hours": "2022-09-01",
          "name": "Edinburgh Farmers' Market",
          "opening_hours": "Sa 09:00-14:00",
          "tourism": "attraction",
          "website": "https://www.edinburghfarmersmarket.co.uk/"
        }
      }
    },
    {
      "type": "Feature",
      "geometry": {
        "type": "Point",
        "coordinates": [
          -3.2072171,
          55.9439271
        ]
      },
      "properties": {
        "id": "osm:node:760111520",
        "source": "osm",
        "title": "Edinburgh Meat Market Archway",
        "address": "",
        "description": "",
        "categories": [
          "historical",
          "memorial"
        ],
        "primary_category": "historical",
        "interest_score": 46,
        "website": "",
        "wikipedia": "",
        "wikidata": "",
        "source_url": "https://www.openstreetmap.org/node/760111520",
        "fetched_at_utc": "2026-10-07T11:41:56+00:00",
        "query_key": "historic_sites",
        "tags": {
          "erected": "1884",
          "historic": "monument",
          "monument": "archway",
          "name": "Edinburgh Meat Market Archway",
          "ref:canmore": "332673"
        }
      }
    },
    {
      "type": "Feature",
      "geometry": {
        "type": "Point",
        "coordinates": [
          -3.1658624,
          55.9542358
        ]
      },
      "properties": {
        "id": "osm:node:8399452856",
        "source": "osm",
        "title": "Elsie Inglis",
        "address": "",
        "description": "Elsie Inglis Glade Created December 2017 by Holyrood Park Junior Rangers to celebrate the lasting legacy of Elsie.",
        "categories": [
          "historical",
          "memorial"
        ],
        "primary_category": "historical",
        "interest_score": 46,
        "website": "",
        "wikipedia": "",
        "wikidata": "",
        "source_url": "https://www.openstreetmap.org/node/8399452856",
        "fetched_at_utc": "2026-10-07T11:41:56+00:00",
        "query_key": "historic_sites",
        "tags": {
          "historic": "memorial",
          "inscription": "Elsie Inglis Glade Created December 2017 by Holyrood Park Junior Rangers to celebrate the lasting legacy of Elsie.",
          "material": "stone",
          "memorial": "plaque",
          "name": "Elsie Inglis"
        }
      }
    },
    {
      "type": "Feature",
      "geometry": {
        "type": "Point",
        "coordinates": [
          -3.212982,
          55.9489321
        ]
      },
      "properties": {
        "id": "osm:node:7142772803",
        "source": "osm",
        "title": "Elsie Inglis Memorial",
        "address": "",
        "description": "Between 1898 and 1914 this was the medical practice of Elsie Ingles, a pioneer for women in medicine and a leading suffragette who also set up Edinburgh's first maternity hospital",
        "categories": [
          "historical",
          "memorial"
        ],
        "primary_category": "historical",
        "interest_score": 46,
        "website": "",
        "wikipedia": "",
        "wikidata": "",
        "source_url": "https://www.openstreetmap.org/node/7142772803",
        "fetched_at_utc": "2026-10-07T11:41:56+00:00",
        "query_key": "historic_sites",
        "tags": {
          "historic": "memorial",
          "inscription": "Between 1898 and 1914 this was the medical practice of Elsie Ingles, a pioneer for women in medicine and a leading suffragette who also set up Edinburgh's first maternity hospital",
          "memorial": "stone",
          "name": "Elsie Inglis Memorial",
          "subject:wikipedia": "en:Elsie Inglis"
        }
      }
    },
    {
      "type": "Feature",
      "geometry": {
        "type": "Point",
        "coordinates": [
          -3.2234464,
          55.9413337
        ]
      },
      "properties": {
        "id": "osm:node:7093535720",
        "source": "osm",
        "title": "Ewan Williamson",
        "address": "",
        "description": "Honouring the bravery and scarifive of Ewan Williamson of Tollcross Fire Station who gave his life in the line of duty on Dalry Road, Edinburgh 12th July 2009",
        "categories": [
          "historical",
          "memorial"
        ],
        "primary_category": "historical",
        "interest_score": 46,
        "website": "",
        "wikipedia": "",
        "wikidata": "",
        "source_url": "https://www.openstreetmap.org/node/7093535720",
        "fetched_at_utc": "2026-10-07T11:41:56+00:00",
        "query_key": "historic_sites",
        "tags": {
          "historic": "memorial",
          "inscription": "Honouring the bravery and scarifive of Ewan Williamson of Tollcross Fire Station who gave his life in the line of duty on Dalry Road, Edinburgh 12th July 2009",
          "memorial": "plaque",
          "name": "Ewan Williamson"
        }
      }
    },
    {
      "type": "Feature",
      "geometry": {
        "type": "Point",
        "coordinates": [
          -3.1972105666666666,
          55.95172734444444
        ]
      },
      "properties": {
        "id": "osm:way:87686771",
        "source": "osm",
        "title": "Floral Clock",
        "address": "",
        "description": "",
        "categories": [
          "cultural",
          "natural",
          "garden",
          "art"
        ],
        "primary_category": "cultural",
        "interest_score": 46,
        "website": "",
        "wikipedia": "",
        "wikidata": "",
        "source_url": "https://www.openstreetmap.org/way/87686771",
        "fetched_at_utc": "2026-10-07T11:41:56+00:00",
        "query_key": "galleries_and_arts",
        "tags": {
          "landuse": "flowerbed",
          "leisure": "garden",
          "name": "Floral Clock",
          "source": "Bing;survey",
          "tourism": "artwork"
        }
      }
    },
    {
      "type": "Feature",
      "geometry": {
        "type": "Point",
        "coordinates": [
          -3.2055405,
          55.9415255
        ]
      },
      "properties": {
        "id": "osm:node:9690701855",
        "source": "osm",
        "title": "Frederick Douglass",
        "address": "",
        "description": "",
        "categories": [
          "historical",
          "memorial"
        ],
        "primary_category": "historical",
        "interest_score": 46,
        "website": "",
        "wikipedia": "",
        "wikidata": "",
        "source_url": "https://www.openstreetmap.org/node/9690701855",
        "fetched_at_utc": "2026-10-07T11:41:56+00:00",
        "query_key": "historic_sites",
        "tags": {
          "historic": "memorial",
          "memorial": "plaque",
          "name": "Frederick Douglass"
        }
      }
    },
    {
      "type": "Feature",
      "geometry": {
        "type": "Point",
        "coordinates": [
          -3.1863602,
          55.9427297
        ]
      },
      "properties": {
        "id": "osm:node:6653388144",
        "source": "osm",
        "title": "G.E. Moore O.M.",
        "address": "",
        "description": "G.E. Moore O.M. Philosopher, Lived here 1904-1908",
        "categories": [
          "historical",
          "memorial"
        ],
        "primary_category": "historical",
        "interest_score": 46,
        "website": "",
        "wikipedia": "",
        "wikidata": "",
        "source_url": "https://www.openstreetmap.org/node/6653388144",
        "fetched_at_utc": "2026-10-07T11:41:56+00:00",
        "query_key": "historic_sites",
        "tags": {
          "historic": "memorial",
          "inscription": "G.E. Moore O.M. Philosopher, Lived here 1904-1908",
          "memorial": "plaque",
          "name": "G.E. Moore O.M."
        }
      }
    },
    {
      "type": "Feature",
      "geometry": {
        "type": "Point",
        "coordinates": [
          -3.1822128,
          55.95085
        ]
      },
      "properties": {
        "id": "osm:node:13184492271",
        "source": "osm",
        "title": "George Chalmers Master Plumber",
        "address": "",
        "description": "In proud and grateful memory of George Chalmers 1773-1836 master plumber who lived and worked near this site founder of Chalmers hospital presented by the Edinburgh, Leith and District Master Plumbers Association",
        "categories": [
          "historical",
          "memorial"
        ],
        "primary_category": "historical",
        "interest_score": 46,
        "website": "",
        "wikipedia": "",
        "wikidata": "",
        "source_url": "https://www.openstreetmap.org/node/13184492271",
        "fetched_at_utc": "2026-10-07T11:41:56+00:00",
        "query_key": "historic_sites",
        "tags": {
          "historic": "memorial",
          "inscription": "In proud and grateful memory of George Chalmers 1773-1836 master plumber who lived and worked near this site founder of Chalmers hospital presented by the Edinburgh, Leith and District Master Plumbers Association",
          "memorial": "plaque",
          "name": "George Chalmers Master Plumber",
          "openplaques:id": "92108",
          "wikimedia_commons": "File:GEORGE CHALMERS MASTER PLUMBER plaque.jpg"
        }
      }
    },
    {
      "type": "Feature",
      "geometry": {
        "type": "Point",
        "coordinates": [
          -3.203697,
          55.9397131
        ]
      },
      "properties": {
        "id": "osm:node:6612845319",
        "source": "osm",
        "title": "Golfhall",
        "address": "",
        "description": "On this site stood GOLFHALL Built 1717 The World's First Golf Clubhouse later called FOXTON, GOLF HOUSE TAVERN, GOLF HOTEL used by the Royal Burgess Bruntsfield Links Bruntsfield Allied Edinburgh Thistle Bruntsfield Short Hole and other golf clubs.",
        "categories": [
          "historical",
          "memorial"
        ],
        "primary_category": "historical",
        "interest_score": 46,
        "website": "",
        "wikipedia": "",
        "wikidata": "",
        "source_url": "https://www.openstreetmap.org/node/6612845319",
        "fetched_at_utc": "2026-10-07T11:41:56+00:00",
        "query_key": "historic_sites",
        "tags": {
          "historic": "memorial",
          "inscription": "On this site stood GOLFHALL Built 1717 The World's First Golf Clubhouse later called FOXTON, GOLF HOUSE TAVERN, GOLF HOTEL used by the Royal Burgess Bruntsfield Links Bruntsfield Allied Edinburgh Thistle Bruntsfield Short Hole and other golf clubs.",
          "material": "metal",
          "memorial": "plaque",
          "name": "Golfhall"
        }
      }
    },
    {
      "type": "Feature",
      "geometry": {
        "type": "Point",
        "coordinates": [
          -3.1977832,
          55.9484098
        ]
      },
      "properties": {
        "id": "osm:node:5337269688",
        "source": "osm",
        "title": "Gordon Highlanders - South African War",
        "address": "",
        "description": "Officers and men of the Gordon Highlanders who lost their lies in the South African War 1899 to 1902",
        "categories": [
          "historical",
          "memorial"
        ],
        "primary_category": "historical",
        "interest_score": 46,
        "website": "",
        "wikipedia": "",
        "wikidata": "",
        "source_url": "https://www.openstreetmap.org/node/5337269688",
        "fetched_at_utc": "2026-10-07T11:41:56+00:00",
        "query_key": "historic_sites",
        "tags": {
          "historic": "memorial",
          "inscription": "Officers and men of the Gordon Highlanders who lost their lies in the South African War 1899 to 1902",
          "memorial": "tablet",
          "memorial:conflict": "Second_Boer_War",
          "name": "Gordon Highlanders - South African War",
          "ref:canmore": "310914",
          "ref:iwm": "65514",
          "start_date": "1905",
          "war_memorial": "yes"
        }
      }
    },
    {
      "type": "Feature",
      "geometry": {
        "type": "Point",
        "coordinates": [
          -3.168641,
          55.9780838
        ]
      },
      "properties": {
        "id": "osm:node:6297782778",
        "source": "osm",
        "title": "Governor John Hunter Bust",
        "address": "",
        "description": "Governor of New South Wales 1795-1800, Born Leith 29th August 1737, Died London 13th March 1921",
        "categories": [
          "historical",
          "memorial"
        ],
        "primary_category": "historical",
        "interest_score": 46,
        "website": "",
        "wikipedia": "",
        "wikidata": "",
        "source_url": "https://www.openstreetmap.org/node/6297782778",
        "fetched_at_utc": "2026-10-07T11:41:56+00:00",
        "query_key": "historic_sites",
        "tags": {
          "historic": "memorial",
          "inscription": "Governor of New South Wales 1795-1800, Born Leith 29th August 1737, Died London 13th March 1921",
          "memorial": "bust",
          "name": "Governor John Hunter Bust",
          "ref:canmore": "302339"
        }
      }
    },
    {
      "type": "Feature",
      "geometry": {
        "type": "Point",
        "coordinates": [
          -3.1945012,
          55.9406925
        ]
      },
      "properties": {
        "id": "osm:node:6719011239",
        "source": "osm",
        "title": "Helen Acquroff Memorial Fountain",
        "address": "",
        "description": "IN MEMORIAM\nHELEN ACQUROFF SISTER CATHEDRAL\n1889\nERECTED BY MEMBERS OF THE I.O.C.T.\nAND OTHER FRIENDS",
        "categories": [
          "historical",
          "memorial"
        ],
        "primary_category": "historical",
        "interest_score": 46,
        "website": "",
        "wikipedia": "",
        "wikidata": "",
        "source_url": "https://www.openstreetmap.org/node/6719011239",
        "fetched_at_utc": "2026-10-07T11:41:56+00:00",
        "query_key": "historic_sites",
        "tags": {
          "fountain": "drinking",
          "historic": "memorial",
          "inscription": "IN MEMORIAM\nHELEN ACQUROFF SISTER CATHEDRAL\n1889\nERECTED BY MEMBERS OF THE I.O.C.T.\nAND OTHER FRIENDS",
          "material": "stone",
          "memorial": "fountain",
          "name": "Helen Acquroff Memorial Fountain",
          "ref:canmore": "302209",
          "source": "https://canmore.org.uk/site/302209/edinburgh-the-meadows-coronation-walk-helen-acquroff-memorial-fountain",
          "start_date": "1889"
        }
      }
    },
    {
      "type": "Feature",
      "geometry": {
        "type": "Point",
        "coordinates": [
          -3.1942166,
          55.9547834
        ]
      },
      "properties": {
        "id": "osm:node:6919897258",
        "source": "osm",
        "title": "Henry Brougham",
        "address": "",
        "description": "In this house Henry Brougham was born 19th September 1778",
        "categories": [
          "historical",
          "memorial"
        ],
        "primary_category": "historical",
        "interest_score": 46,
        "website": "",
        "wikipedia": "",
        "wikidata": "",
        "source_url": "https://www.openstreetmap.org/node/6919897258",
        "fetched_at_utc": "2026-10-07T11:41:56+00:00",
        "query_key": "historic_sites",
        "tags": {
          "historic": "memorial",
          "inscription": "In this house Henry Brougham was born 19th September 1778",
          "memorial": "plaque",
          "name": "Henry Brougham"
        }
      }
    },
    {
      "type": "Feature",
      "geometry": {
        "type": "Point",
        "coordinates": [
          -3.1867475,
          55.9475669
        ]
      },
      "properties": {
        "id": "osm:node:13809514725",
        "source": "osm",
        "title": "Hereabouts was laid the foundation stone of the \"New College of Edinburgh\" on 16",
        "address": "",
        "description": "Hereabouts was laid the foundation stone of the \"New College of Edinburgh\" on 16th November 1789",
        "categories": [
          "historical",
          "memorial"
        ],
        "primary_category": "historical",
        "interest_score": 46,
        "website": "",
        "wikipedia": "",
        "wikidata": "",
        "source_url": "https://www.openstreetmap.org/node/13809514725",
        "fetched_at_utc": "2026-10-07T11:41:56+00:00",
        "query_key": "historic_sites",
        "tags": {
          "historic": "memorial",
          "inscription": "Hereabouts was laid the foundation stone of the \"New College of Edinburgh\" on 16th November 1789",
          "memorial": "plaque"
        }
      }
    },
    {
      "type": "Feature",
      "geometry": {
        "type": "Point",
        "coordinates": [
          -3.1989584,
          55.9504897
        ]
      },
      "properties": {
        "id": "osm:node:2934374679",
        "source": "osm",
        "title": "Holocaust Memorial",
        "address": "",
        "description": "",
        "categories": [
          "historical",
          "memorial"
        ],
        "primary_category": "historical",
        "interest_score": 46,
        "website": "",
        "wikipedia": "",
        "wikidata": "",
        "source_url": "https://www.openstreetmap.org/node/2934374679",
        "fetched_at_utc": "2026-10-07T11:41:56+00:00",
        "query_key": "historic_sites",
        "tags": {
          "historic": "memorial",
          "memorial": "stone",
          "memorial:conflict": "WW2",
          "name": "Holocaust Memorial",
          "ref:canmore": "306310",
          "ref:iwm": "44649",
          "start_date": "1995",
          "war_memorial": "yes"
        }
      }
    },
    {
      "type": "Feature",
      "geometry": {
        "type": "Point",
        "coordinates": [
          -3.1817502,
          55.9567433
        ]
      },
      "properties": {
        "id": "osm:node:10752668599",
        "source": "osm",
        "title": "Holodomor Memorial",
        "address": "",
        "description": "Вічная Пам'ять\nEternal Memory\n\nGenocide by forced famine in Ukraine.\nMore than 7 million died.\n\nWe remember best\nwhen we remember together.\n\nDedicated by the\nUkrainian Community in Scotland.\nNovember 2017",
        "categories": [
          "historical",
          "memorial"
        ],
        "primary_category": "historical",
        "interest_score": 46,
        "website": "",
        "wikipedia": "",
        "wikidata": "",
        "source_url": "https://www.openstreetmap.org/node/10752668599",
        "fetched_at_utc": "2026-10-07T11:41:56+00:00",
        "query_key": "historic_sites",
        "tags": {
          "builder": "Ukrainian Community in Scotland",
          "historic": "memorial",
          "inscription": "Вічная Пам'ять\nEternal Memory\n\nGenocide by forced famine in Ukraine.\nMore than 7 million died.\n\nWe remember best\nwhen we remember together.\n\nDedicated by the\nUkrainian Community in Scotland.\nNovember 2017",
          "material": "stone",
          "memorial": "stele",
          "name": "Holodomor Memorial",
          "name:es": "Memorial del Holodomor",
          "start_date": "2017-11",
          "subject:wikidata": "Q165058",
          "subject:wikipedia": "en:Holodomor"
        }
      }
    },
    {
      "type": "Feature",
      "geometry": {
        "type": "Point",
        "coordinates": [
          -3.1858859,
          55.9471379
        ]
      },
      "properties": {
        "id": "osm:node:4934640233",
        "source": "osm",
        "title": "J. K. ROWLING Wrote some of the early chapters of HARRY POTTER in the rooms on t",
        "address": "",
        "description": "J. K. ROWLING Wrote some of the early chapters of HARRY POTTER in the rooms on the First Floor of this building",
        "categories": [
          "historical",
          "memorial"
        ],
        "primary_category": "historical",
        "interest_score": 46,
        "website": "",
        "wikipedia": "",
        "wikidata": "",
        "source_url": "https://www.openstreetmap.org/node/4934640233",
        "fetched_at_utc": "2026-10-07T11:41:56+00:00",
        "query_key": "historic_sites",
        "tags": {
          "direction": "245",
          "historic": "memorial",
          "inscription": "J. K. ROWLING Wrote some of the early chapters of HARRY POTTER in the rooms on the First Floor of this building",
          "memorial": "plaque",
          "support": "wall_mounted",
          "wikimedia_commons": "File:JK Rowling plaque outside the former Nicolson Cafe, Nicolson Street, Edinburgh.JPG"
        }
      }
    },
    {
      "type": "Feature",
      "geometry": {
        "type": "Point",
        "coordinates": [
          -3.1918221,
          55.9465622
        ]
      },
      "properties": {
        "id": "osm:node:4353585965",
        "source": "osm",
        "title": "James Borthwick Monument",
        "address": "",
        "description": "Memoriae Patris Sui Jacobi Borthwick a Stow, familias de Cruixtoun, filii legitimi, Pharmacopoei celeberrimi, JB progenitus M M Q P.",
        "categories": [
          "historical",
          "memorial"
        ],
        "primary_category": "historical",
        "interest_score": 46,
        "website": "",
        "wikipedia": "",
        "wikidata": "",
        "source_url": "https://www.openstreetmap.org/node/4353585965",
        "fetched_at_utc": "2026-10-07T11:41:56+00:00",
        "query_key": "historic_sites",
        "tags": {
          "historic": "monument",
          "inscription": "Memoriae Patris Sui Jacobi Borthwick a Stow, familias de Cruixtoun, filii legitimi, Pharmacopoei celeberrimi, JB progenitus M M Q P.",
          "monument": "tombstone",
          "name": "James Borthwick Monument",
          "note": "[To the memory of his father James Borthwick of Stow, lawful son of the family of Cruixtoun, most famous Chirurgeon-Apothecary: Mr James Borthwick, his eldest son, from a mournful mind, placed this monument. M]"
        }
      }
    },
    {
      "type": "Feature",
      "geometry": {
        "type": "Point",
        "coordinates": [
          -3.1876627,
          55.9475491
        ]
      },
      "properties": {
        "id": "osm:node:6253887442",
        "source": "osm",
        "title": "James Boswell",
        "address": "",
        "description": "In honour of James Boswell 1740-1795 Lawyer and diarist, biographer of Dr Samual Johnson, Alumnus of the university",
        "categories": [
          "historical",
          "memorial"
        ],
        "primary_category": "historical",
        "interest_score": 46,
        "website": "",
        "wikipedia": "",
        "wikidata": "",
        "source_url": "https://www.openstreetmap.org/node/6253887442",
        "fetched_at_utc": "2026-10-07T11:41:56+00:00",
        "query_key": "historic_sites",
        "tags": {
          "historic": "memorial",
          "inscription": "In honour of James Boswell 1740-1795 Lawyer and diarist, biographer of Dr Samual Johnson, Alumnus of the university",
          "memorial": "plaque",
          "name": "James Boswell",
          "openplaques:id": "51217",
          "plaque": "here_studied",
          "subject:wikidata": "Q335060",
          "subject:wikipedia": "en:James Boswell"
        }
      }
    },
    {
      "type": "Feature",
      "geometry": {
        "type": "Point",
        "coordinates": [
          -3.1899889,
          55.9494899
        ]
      },
      "properties": {
        "id": "osm:node:3093923135",
        "source": "osm",
        "title": "James Braidwood Statue",
        "address": "",
        "description": "",
        "categories": [
          "historical",
          "memorial"
        ],
        "primary_category": "historical",
        "interest_score": 46,
        "website": "",
        "wikipedia": "",
        "wikidata": "",
        "source_url": "https://www.openstreetmap.org/node/3093923135",
        "fetched_at_utc": "2026-10-07T11:41:56+00:00",
        "query_key": "historic_sites",
        "tags": {
          "historic": "memorial",
          "memorial": "statue",
          "name": "James Braidwood Statue",
          "ref:canmore": "306313"
        }
      }
    },
    {
      "type": "Feature",
      "geometry": {
        "type": "Point",
        "coordinates": [
          -3.222963357142857,
          55.95208835714285
        ]
      },
      "properties": {
        "id": "osm:way:1350412810",
        "source": "osm",
        "title": "James Buchanan's Grave",
        "address": "",
        "description": "",
        "categories": [
          "historical",
          "memorial"
        ],
        "primary_category": "historical",
        "interest_score": 46,
        "website": "",
        "wikipedia": "",
        "wikidata": "",
        "source_url": "https://www.openstreetmap.org/way/1350412810",
        "fetched_at_utc": "2026-10-07T11:41:56+00:00",
        "query_key": "historic_sites",
        "tags": {
          "historic": "memorial",
          "memorial": "rotunda",
          "name": "James Buchanan's Grave"
        }
      }
    },
    {
      "type": "Feature",
      "geometry": {
        "type": "Point",
        "coordinates": [
          -3.1944936,
          55.9539968
        ]
      },
      "properties": {
        "id": "osm:node:597360336",
        "source": "osm",
        "title": "James Clerk Maxwell statue",
        "address": "",
        "description": "",
        "categories": [
          "historical",
          "memorial"
        ],
        "primary_category": "historical",
        "interest_score": 46,
        "website": "",
        "wikipedia": "",
        "wikidata": "",
        "source_url": "https://www.openstreetmap.org/node/597360336",
        "fetched_at_utc": "2026-10-07T11:41:56+00:00",
        "query_key": "historic_sites",
        "tags": {
          "artist_name": "Alexander Stoddart",
          "historic": "memorial",
          "memorial": "statue",
          "name": "James Clerk Maxwell statue",
          "ref:canmore": "306312",
          "source": "survey;Bing"
        }
      }
    },
    {
      "type": "Feature",
      "geometry": {
        "type": "Point",
        "coordinates": [
          -3.191767,
          55.9481741
        ]
      },
      "properties": {
        "id": "osm:node:7315231920",
        "source": "osm",
        "title": "James Connolly",
        "address": "",
        "description": "To the memory of James Connolly \nBorn 5th June 1868 at 107 Cowgate \nRenowned international trade union \nand working class leader \nFounder of Irish Socialist Republican Party \nMember of Provisional Government \nof Irish Republic \nExecuted 12th May 1916 at..",
        "categories": [
          "historical",
          "memorial"
        ],
        "primary_category": "historical",
        "interest_score": 46,
        "website": "",
        "wikipedia": "",
        "wikidata": "",
        "source_url": "https://www.openstreetmap.org/node/7315231920",
        "fetched_at_utc": "2026-10-07T11:41:56+00:00",
        "query_key": "historic_sites",
        "tags": {
          "historic": "memorial",
          "inscription": "To the memory of James Connolly \nBorn 5th June 1868 at 107 Cowgate \nRenowned international trade union \nand working class leader \nFounder of Irish Socialist Republican Party \nMember of Provisional Government \nof Irish Republic \nExecuted 12th May 1916 at..",
          "inscription:2": "Renowned international trade union and working class leader Founder of the Irish Socialist Republican Party Member of Provisional Government of Irish Republic Executed 12 May 1916 at Kilmainham Jail Dublin",
          "memorial": "plaque",
          "name": "James Connolly",
          "openplaques:id": "10389",
          "wikimedia_commons": "File:James Connolly plaque.jpg"
        }
      }
    },
    {
      "type": "Feature",
      "geometry": {
        "type": "Point",
        "coordinates": [
          -3.1817116,
          55.950944
        ]
      },
      "properties": {
        "id": "osm:node:13184500082",
        "source": "osm",
        "title": "James Laidlaw Maxwell, MA MD.",
        "address": "",
        "description": "James Laidlaw Maxwell, MA MD. \n1836-1921\nPioneer missionary of Taiwan from Scotland who was born and resided near this site at 200 Canongate\nEstablished Taiwan's first western medicine hospital– Sin-Lau Hospital",
        "categories": [
          "historical",
          "memorial"
        ],
        "primary_category": "historical",
        "interest_score": 46,
        "website": "",
        "wikipedia": "",
        "wikidata": "",
        "source_url": "https://www.openstreetmap.org/node/13184500082",
        "fetched_at_utc": "2026-10-07T11:41:56+00:00",
        "query_key": "historic_sites",
        "tags": {
          "historic": "memorial",
          "inscription": "James Laidlaw Maxwell, MA MD. \n1836-1921\nPioneer missionary of Taiwan from Scotland who was born and resided near this site at 200 Canongate\nEstablished Taiwan's first western medicine hospital– Sin-Lau Hospital",
          "material": "metal",
          "memorial": "plaque",
          "name": "James Laidlaw Maxwell, MA MD.",
          "subject:wikidata": "Q3972327",
          "subject:wikipedia": "en:James Laidlaw Maxwell"
        }
      }
    },
    {
      "type": "Feature",
      "geometry": {
        "type": "Point",
        "coordinates": [
          -3.1871539,
          55.9476333
        ]
      },
      "properties": {
        "id": "osm:node:6253887440",
        "source": "osm",
        "title": "James Lorimer",
        "address": "",
        "description": "In honour of James Lorimer 1818-1890 Jurust, Philosopher, Regius Professor of Public Law (1862-1890), alumnus of the university",
        "categories": [
          "historical",
          "memorial"
        ],
        "primary_category": "historical",
        "interest_score": 46,
        "website": "",
        "wikipedia": "",
        "wikidata": "",
        "source_url": "https://www.openstreetmap.org/node/6253887440",
        "fetched_at_utc": "2026-10-07T11:41:56+00:00",
        "query_key": "historic_sites",
        "tags": {
          "historic": "memorial",
          "inscription": "In honour of James Lorimer 1818-1890 Jurust, Philosopher, Regius Professor of Public Law (1862-1890), alumnus of the university",
          "memorial": "plaque",
          "name": "James Lorimer",
          "openplaques:id": "51351",
          "plaque": "here_studied;here_worked",
          "subject:wikidata": "Q1680721",
          "subject:wikipedia": "en:James Lorimer (advocate)"
        }
      }
    },
    {
      "type": "Feature",
      "geometry": {
        "type": "Point",
        "coordinates": [
          -3.1879299,
          55.9474901
        ]
      },
      "properties": {
        "id": "osm:node:2260378909",
        "source": "osm",
        "title": "James Miranda Barry",
        "address": "",
        "description": "In honour of James Miranda Barry c.1795-1865 Army surgeon and inspector general of hospitals in Canada, lived as a man, and believed to be the first woman graduate of the university (1812)",
        "categories": [
          "historical",
          "memorial"
        ],
        "primary_category": "historical",
        "interest_score": 46,
        "website": "",
        "wikipedia": "",
        "wikidata": "",
        "source_url": "https://www.openstreetmap.org/node/2260378909",
        "fetched_at_utc": "2026-10-07T11:41:56+00:00",
        "query_key": "historic_sites",
        "tags": {
          "historic": "memorial",
          "inscription": "In honour of James Miranda Barry c.1795-1865 Army surgeon and inspector general of hospitals in Canada, lived as a man, and believed to be the first woman graduate of the university (1812)",
          "memorial": "plaque",
          "name": "James Miranda Barry",
          "openplaques:id": "51191",
          "plaque": "here_studied",
          "subject:wikidata": "Q1294046",
          "subject:wikipedia": "en:James Barry (surgeon)"
        }
      }
    },
    {
      "type": "Feature",
      "geometry": {
        "type": "Point",
        "coordinates": [
          -3.1892069,
          55.9562832
        ]
      },
      "properties": {
        "id": "osm:node:9461156698",
        "source": "osm",
        "title": "James Naysmyth",
        "address": "",
        "description": "Birthplace of James Nasmyth 1808‒1890, inventor of the steam hammer The home of Alex Nasmyth 1758‒1840, artist",
        "categories": [
          "historical",
          "memorial"
        ],
        "primary_category": "historical",
        "interest_score": 46,
        "website": "",
        "wikipedia": "",
        "wikidata": "",
        "source_url": "https://www.openstreetmap.org/node/9461156698",
        "fetched_at_utc": "2026-10-07T11:41:56+00:00",
        "query_key": "historic_sites",
        "tags": {
          "historic": "memorial",
          "historic:date": "1808",
          "inscription": "Birthplace of James Nasmyth 1808‒1890, inventor of the steam hammer The home of Alex Nasmyth 1758‒1840, artist",
          "material": "metal",
          "memorial": "plaque",
          "name": "James Naysmyth",
          "openplaques:id": "48745",
          "plaque": "here_was_born",
          "subject:wikidata": "Q240633",
          "subject:wikipedia": "en:James Nasmyth"
        }
      }
    },
    {
      "type": "Feature",
      "geometry": {
        "type": "Point",
        "coordinates": [
          -3.2033248,
          55.9583664
        ]
      },
      "properties": {
        "id": "osm:node:13328895011",
        "source": "osm",
        "title": "Jane Haining Memorial",
        "address": "",
        "description": "",
        "categories": [
          "historical",
          "memorial"
        ],
        "primary_category": "historical",
        "interest_score": 46,
        "website": "",
        "wikipedia": "",
        "wikidata": "",
        "source_url": "https://www.openstreetmap.org/node/13328895011",
        "fetched_at_utc": "2026-10-07T11:41:56+00:00",
        "query_key": "historic_sites",
        "tags": {
          "historic": "memorial",
          "memorial": "stolperstein",
          "name": "Jane Haining Memorial",
          "start_date": "2025-11-24",
          "subject:wikidata": "Q595695"
        }
      }
    },
    {
      "type": "Feature",
      "geometry": {
        "type": "Point",
        "coordinates": [
          -3.1866126,
          55.9530263
        ]
      },
      "properties": {
        "id": "osm:node:13606638938",
        "source": "osm",
        "title": "JD Twitch",
        "address": "",
        "description": "(Keith McIvor)\n02.03.1968-19.09.2025\nDJ, Producer, Activist\nDJ'd here and changed lives\n1990-2000",
        "categories": [
          "historical",
          "memorial"
        ],
        "primary_category": "historical",
        "interest_score": 46,
        "website": "",
        "wikipedia": "",
        "wikidata": "",
        "source_url": "https://www.openstreetmap.org/node/13606638938",
        "fetched_at_utc": "2026-10-07T11:41:56+00:00",
        "query_key": "historic_sites",
        "tags": {
          "colour": "blue",
          "direction": "220",
          "historic": "memorial",
          "inscription": "(Keith McIvor)\n02.03.1968-19.09.2025\nDJ, Producer, Activist\nDJ'd here and changed lives\n1990-2000",
          "material": "metal",
          "memorial": "plaque",
          "name": "JD Twitch"
        }
      }
    },
    {
      "type": "Feature",
      "geometry": {
        "type": "Point",
        "coordinates": [
          -3.194311,
          55.9350934
        ]
      },
      "properties": {
        "id": "osm:node:7965001437",
        "source": "osm",
        "title": "JK Rowling",
        "address": "",
        "description": "140 Marchmont Road, JK Rowling World famous author Creator of Harry Potter. Lived here for a spell in 1993",
        "categories": [
          "historical",
          "memorial"
        ],
        "primary_category": "historical",
        "interest_score": 46,
        "website": "",
        "wikipedia": "",
        "wikidata": "",
        "source_url": "https://www.openstreetmap.org/node/7965001437",
        "fetched_at_utc": "2026-10-07T11:41:56+00:00",
        "query_key": "historic_sites",
        "tags": {
          "historic": "memorial",
          "inscription": "140 Marchmont Road, JK Rowling World famous author Creator of Harry Potter. Lived here for a spell in 1993",
          "memorial": "plaque",
          "name": "JK Rowling"
        }
      }
    },
    {
      "type": "Feature",
      "geometry": {
        "type": "Point",
        "coordinates": [
          -3.1731463,
          55.9687663
        ]
      },
      "properties": {
        "id": "osm:node:3045958076",
        "source": "osm",
        "title": "John Gibson",
        "address": "",
        "description": "John Gibson 1857-1935 A shipwreck survivor and ex-gold miner, this poineering engineer build Scotland's first aircraft behind 109 Leith Walk",
        "categories": [
          "historical",
          "memorial"
        ],
        "primary_category": "historical",
        "interest_score": 46,
        "website": "",
        "wikipedia": "",
        "wikidata": "",
        "source_url": "https://www.openstreetmap.org/node/3045958076",
        "fetched_at_utc": "2026-10-07T11:41:56+00:00",
        "query_key": "historic_sites",
        "tags": {
          "historic": "memorial",
          "inscription": "John Gibson 1857-1935 A shipwreck survivor and ex-gold miner, this poineering engineer build Scotland's first aircraft behind 109 Leith Walk",
          "memorial": "plaque",
          "name": "John Gibson"
        }
      }
    },
    {
      "type": "Feature",
      "geometry": {
        "type": "Point",
        "coordinates": [
          -3.1891831,
          55.9465023
        ]
      },
      "properties": {
        "id": "osm:node:9522904011",
        "source": "osm",
        "title": "John Thomson",
        "address": "",
        "description": "JOHN THOMSON FGRS \n1837 - 1921 \nPHOTOGRAPHER, WRITER, AND TRAVELLER \nLIVED HERE 1841 - 1861",
        "categories": [
          "historical",
          "memorial"
        ],
        "primary_category": "historical",
        "interest_score": 46,
        "website": "",
        "wikipedia": "",
        "wikidata": "",
        "source_url": "https://www.openstreetmap.org/node/9522904011",
        "fetched_at_utc": "2026-10-07T11:41:56+00:00",
        "query_key": "historic_sites",
        "tags": {
          "historic": "memorial",
          "inscription": "JOHN THOMSON FGRS \n1837 - 1921 \nPHOTOGRAPHER, WRITER, AND TRAVELLER \nLIVED HERE 1841 - 1861",
          "memorial": "plaque",
          "name": "John Thomson",
          "subject:wikidata": "Q736862",
          "subject:wikipedia": "en:John Thomson (photographer)"
        }
      }
    },
    {
      "type": "Feature",
      "geometry": {
        "type": "Point",
        "coordinates": [
          -3.1916148,
          55.9426519
        ]
      },
      "properties": {
        "id": "osm:node:6718988629",
        "source": "osm",
        "title": "John White memorial plaque",
        "address": "",
        "description": "\"Don't be shy give it a try\"\nIn memory of Big Issue seller\nJOHN WHITE\nwho sold at the Meadows for 8 years.\nHe will be greatly missed by all in the local community\n1946 - 2014",
        "categories": [
          "historical",
          "memorial"
        ],
        "primary_category": "historical",
        "interest_score": 46,
        "website": "",
        "wikipedia": "",
        "wikidata": "",
        "source_url": "https://www.openstreetmap.org/node/6718988629",
        "fetched_at_utc": "2026-10-07T11:41:56+00:00",
        "query_key": "historic_sites",
        "tags": {
          "historic": "memorial",
          "inscription": "\"Don't be shy give it a try\"\nIn memory of Big Issue seller\nJOHN WHITE\nwho sold at the Meadows for 8 years.\nHe will be greatly missed by all in the local community\n1946 - 2014",
          "material": "metal",
          "memorial": "plaque",
          "name": "John White memorial plaque"
        }
      }
    },
    {
      "type": "Feature",
      "geometry": {
        "type": "Point",
        "coordinates": [
          -3.1797662,
          55.9441337
        ]
      },
      "properties": {
        "id": "osm:node:7110398846",
        "source": "osm",
        "title": "Joseph Dewar Hislop",
        "address": "",
        "description": "Joseph Dewar Hislop Operatic tenno 1884-1977 was born in a house on this street on 5th April 1884",
        "categories": [
          "historical",
          "memorial"
        ],
        "primary_category": "historical",
        "interest_score": 46,
        "website": "",
        "wikipedia": "",
        "wikidata": "",
        "source_url": "https://www.openstreetmap.org/node/7110398846",
        "fetched_at_utc": "2026-10-07T11:41:56+00:00",
        "query_key": "historic_sites",
        "tags": {
          "historic": "memorial",
          "inscription": "Joseph Dewar Hislop Operatic tenno 1884-1977 was born in a house on this street on 5th April 1884",
          "memorial": "plaque",
          "name": "Joseph Dewar Hislop"
        }
      }
    },
    {
      "type": "Feature",
      "geometry": {
        "type": "Point",
        "coordinates": [
          -3.1872764,
          55.9558821
        ]
      },
      "properties": {
        "id": "osm:node:11005380875",
        "source": "osm",
        "title": "Ken Buchanan Statue",
        "address": "",
        "description": "",
        "categories": [
          "historical",
          "memorial"
        ],
        "primary_category": "historical",
        "interest_score": 46,
        "website": "",
        "wikipedia": "",
        "wikidata": "",
        "source_url": "https://www.openstreetmap.org/node/11005380875",
        "fetched_at_utc": "2026-10-07T11:41:56+00:00",
        "query_key": "historic_sites",
        "tags": {
          "artist:wikidata": "Q114019370",
          "artist_name": "Alan Herriot",
          "historic": "memorial",
          "memorial": "statue",
          "name": "Ken Buchanan Statue",
          "note": "Casting: Powderhall Bronze",
          "start_date": "2022-08-14",
          "subject": "Ken Buchanan",
          "subject:wikidata": "Q2398357"
        }
      }
    },
    {
      "type": "Feature",
      "geometry": {
        "type": "Point",
        "coordinates": [
          -3.173602,
          55.9529913
        ]
      },
      "properties": {
        "id": "osm:node:12922018369",
        "source": "osm",
        "title": "King Edward VII",
        "address": "",
        "description": "",
        "categories": [
          "historical",
          "memorial"
        ],
        "primary_category": "historical",
        "interest_score": 46,
        "website": "",
        "wikipedia": "",
        "wikidata": "",
        "source_url": "https://www.openstreetmap.org/node/12922018369",
        "fetched_at_utc": "2026-10-07T11:41:56+00:00",
        "query_key": "historic_sites",
        "tags": {
          "historic": "memorial",
          "memorial": "statue",
          "name": "King Edward VII",
          "ref:canmore": "123564"
        }
      }
    },
    {
      "type": "Feature",
      "geometry": {
        "type": "Point",
        "coordinates": [
          -3.1910258,
          55.9752546
        ]
      },
      "properties": {
        "id": "osm:node:4037672830",
        "source": "osm",
        "title": "King Edward VII Statue",
        "address": "",
        "description": "Peace",
        "categories": [
          "historical",
          "memorial"
        ],
        "primary_category": "historical",
        "interest_score": 46,
        "website": "",
        "wikipedia": "",
        "wikidata": "",
        "source_url": "https://www.openstreetmap.org/node/4037672830",
        "fetched_at_utc": "2026-10-07T11:41:56+00:00",
        "query_key": "historic_sites",
        "tags": {
          "historic": "memorial",
          "inscription": "Peace",
          "memorial": "statue",
          "name": "King Edward VII Statue",
          "panoramax": "52bca629-e2de-4f7c-99ee-b8681bed5d50",
          "ref:canmore": "276501",
          "subject:wikidata": "Q20875"
        }
      }
    },
    {
      "type": "Feature",
      "geometry": {
        "type": "Point",
        "coordinates": [
          -3.1880928,
          55.9517224
        ]
      },
      "properties": {
        "id": "osm:node:13193612909",
        "source": "osm",
        "title": "Kings Own Scottish Borderers Memorial",
        "address": "",
        "description": "",
        "categories": [
          "historical",
          "memorial"
        ],
        "primary_category": "historical",
        "interest_score": 46,
        "website": "",
        "wikipedia": "",
        "wikidata": "",
        "source_url": "https://www.openstreetmap.org/node/13193612909",
        "fetched_at_utc": "2026-10-07T11:41:56+00:00",
        "query_key": "historic_sites",
        "tags": {
          "historic": "memorial",
          "memorial": "sculpture",
          "memorial:conflict": "Second_Boer_War;Colonial_India;First_Anglo-Afghan_War;Second_Anglo-Afghan_War;Egypt_and_the_Sudan",
          "name": "Kings Own Scottish Borderers Memorial",
          "ref:canmore": "257741",
          "ref:iwm": "53597",
          "war_memorial": "yes"
        }
      }
    },
    {
      "type": "Feature",
      "geometry": {
        "type": "Point",
        "coordinates": [
          -3.1669742,
          55.9713308
        ]
      },
      "properties": {
        "id": "osm:node:5735238109",
        "source": "osm",
        "title": "Leith Links Memorial Cairn",
        "address": "",
        "description": "LEITH LINKS THE HOME OF GOLF \n\nHistorical home of The Honourable Company of Edinburgh Golfers. The game was played over a five hole course, each hole being 400 yards long. In 1744 the first official rules were drawn up for a tournament on Leith Links and",
        "categories": [
          "historical",
          "memorial"
        ],
        "primary_category": "historical",
        "interest_score": 46,
        "website": "",
        "wikipedia": "",
        "wikidata": "",
        "source_url": "https://www.openstreetmap.org/node/5735238109",
        "fetched_at_utc": "2026-10-07T11:41:56+00:00",
        "query_key": "historic_sites",
        "tags": {
          "historic": "memorial",
          "inscription": "LEITH LINKS THE HOME OF GOLF \n\nHistorical home of The Honourable Company of Edinburgh Golfers. The game was played over a five hole course, each hole being 400 yards long. In 1744 the first official rules were drawn up for a tournament on Leith Links and",
          "memorial": "cairn",
          "name": "Leith Links Memorial Cairn",
          "note": "and these rules, 13 in all, formed the basis for the modern game of golf.",
          "subject:wikidata": "Q6520393"
        }
      }
    },
    {
      "type": "Feature",
      "geometry": {
        "type": "Point",
        "coordinates": [
          -3.1764814869565217,
          55.97429792173914
        ]
      },
      "properties": {
        "id": "osm:way:307034621",
        "source": "osm",
        "title": "Leith War Memorial Hospital",
        "address": "",
        "description": "",
        "categories": [
          "historical",
          "memorial"
        ],
        "primary_category": "historical",
        "interest_score": 46,
        "website": "",
        "wikipedia": "",
        "wikidata": "",
        "source_url": "https://www.openstreetmap.org/way/307034621",
        "fetched_at_utc": "2026-10-07T11:41:56+00:00",
        "query_key": "historic_sites",
        "tags": {
          "building": "hospital",
          "building:use": "apartments",
          "historic": "memorial",
          "memorial": "hospital",
          "memorial:conflict": "WW1",
          "name": "Leith War Memorial Hospital",
          "ref:canmore": "151311",
          "ref:iwm": "87511",
          "source": "Bing",
          "start_date": "1927"
        }
      }
    },
    {
      "type": "Feature",
      "geometry": {
        "type": "Point",
        "coordinates": [
          -3.2050728,
          55.9669296
        ]
      },
      "properties": {
        "id": "osm:node:13565078553",
        "source": "osm",
        "title": "Lilian Alcock",
        "address": "",
        "description": "Women of Achievement; Lilian Alcock; Plant Pathologist",
        "categories": [
          "historical",
          "memorial"
        ],
        "primary_category": "historical",
        "interest_score": 46,
        "website": "",
        "wikipedia": "",
        "wikidata": "",
        "source_url": "https://www.openstreetmap.org/node/13565078553",
        "fetched_at_utc": "2026-10-07T11:41:56+00:00",
        "query_key": "historic_sites",
        "tags": {
          "direction": "65",
          "elevation": "~10",
          "historic": "memorial",
          "inscription": "Women of Achievement; Lilian Alcock; Plant Pathologist",
          "material": "copper",
          "memorial": "plaque",
          "name": "Lilian Alcock",
          "subject:wikidata": "Q15972312",
          "subject:wikipedia": "en:Nora Lilian Alcock"
        }
      }
    },
    {
      "type": "Feature",
      "geometry": {
        "type": "Point",
        "coordinates": [
          -3.2074002,
          55.966852
        ]
      },
      "properties": {
        "id": "osm:node:12917331681",
        "source": "osm",
        "title": "Linnaeus Monument",
        "address": "",
        "description": "",
        "categories": [
          "historical",
          "memorial"
        ],
        "primary_category": "historical",
        "interest_score": 46,
        "website": "",
        "wikipedia": "",
        "wikidata": "",
        "source_url": "https://www.openstreetmap.org/node/12917331681",
        "fetched_at_utc": "2026-10-07T11:41:56+00:00",
        "query_key": "historic_sites",
        "tags": {
          "historic": "monument",
          "name": "Linnaeus Monument",
          "ref:canmore": "128042"
        }
      }
    },
    {
      "type": "Feature",
      "geometry": {
        "type": "Point",
        "coordinates": [
          -3.1816578,
          55.93572
        ]
      },
      "properties": {
        "id": "osm:node:6203154660",
        "source": "osm",
        "title": "Lt Allan Ker Memorial",
        "address": "",
        "description": "Lieutenant Allan Ker; Gordon Highlanders; 21st March 1918",
        "categories": [
          "historical",
          "memorial"
        ],
        "primary_category": "historical",
        "interest_score": 46,
        "website": "",
        "wikipedia": "",
        "wikidata": "",
        "source_url": "https://www.openstreetmap.org/node/6203154660",
        "fetched_at_utc": "2026-10-07T11:41:56+00:00",
        "query_key": "historic_sites",
        "tags": {
          "historic": "memorial",
          "inscription": "Lieutenant Allan Ker; Gordon Highlanders; 21st March 1918",
          "memorial": "flagstone",
          "name": "Lt Allan Ker Memorial",
          "subject:wikidata": "Q4730572"
        }
      }
    },
    {
      "type": "Feature",
      "geometry": {
        "type": "Point",
        "coordinates": [
          -3.192742,
          55.9475112
        ]
      },
      "properties": {
        "id": "osm:node:760111516",
        "source": "osm",
        "title": "Martyrs' Monument",
        "address": "",
        "description": "",
        "categories": [
          "historical",
          "memorial"
        ],
        "primary_category": "historical",
        "interest_score": 46,
        "website": "",
        "wikipedia": "",
        "wikidata": "",
        "source_url": "https://www.openstreetmap.org/node/760111516",
        "fetched_at_utc": "2026-10-07T11:41:56+00:00",
        "query_key": "historic_sites",
        "tags": {
          "historic": "monument",
          "name": "Martyrs' Monument",
          "ref:canmore": "277012",
          "source": "Bing;survey"
        }
      }
    },
    {
      "type": "Feature",
      "geometry": {
        "type": "Point",
        "coordinates": [
          -3.1917515,
          55.9453653
        ]
      },
      "properties": {
        "id": "osm:node:4353531934",
        "source": "osm",
        "title": "Mary Erskine Memorial",
        "address": "",
        "description": "",
        "categories": [
          "historical",
          "memorial"
        ],
        "primary_category": "historical",
        "interest_score": 46,
        "website": "",
        "wikipedia": "",
        "wikidata": "",
        "source_url": "https://www.openstreetmap.org/node/4353531934",
        "fetched_at_utc": "2026-10-07T11:41:56+00:00",
        "query_key": "historic_sites",
        "tags": {
          "historic": "memorial",
          "name": "Mary Erskine Memorial"
        }
      }
    },
    {
      "type": "Feature",
      "geometry": {
        "type": "Point",
        "coordinates": [
          -3.183764,
          55.9403738
        ]
      },
      "properties": {
        "id": "osm:node:11360293665",
        "source": "osm",
        "title": "Meadows Intervals Runners",
        "address": "",
        "description": "Meadows Intervals Runners Running from here every Tuesday at 1955 since October 1979. In memory of MH",
        "categories": [
          "historical",
          "memorial"
        ],
        "primary_category": "historical",
        "interest_score": 46,
        "website": "",
        "wikipedia": "",
        "wikidata": "",
        "source_url": "https://www.openstreetmap.org/node/11360293665",
        "fetched_at_utc": "2026-10-07T11:41:56+00:00",
        "query_key": "historic_sites",
        "tags": {
          "historic": "memorial",
          "inscription": "Meadows Intervals Runners Running from here every Tuesday at 1955 since October 1979. In memory of MH",
          "material": "steel",
          "memorial": "plaque",
          "name": "Meadows Intervals Runners"
        }
      }
    },
    {
      "type": "Feature",
      "geometry": {
        "type": "Point",
        "coordinates": [
          -3.1979968,
          55.9488749
        ]
      },
      "properties": {
        "id": "osm:node:5337269694",
        "source": "osm",
        "title": "Memorial To Ensign Ewart",
        "address": "",
        "description": "",
        "categories": [
          "historical",
          "memorial"
        ],
        "primary_category": "historical",
        "interest_score": 46,
        "website": "",
        "wikipedia": "",
        "wikidata": "",
        "source_url": "https://www.openstreetmap.org/node/5337269694",
        "fetched_at_utc": "2026-10-07T11:41:56+00:00",
        "query_key": "historic_sites",
        "tags": {
          "historic": "memorial",
          "memorial": "stone",
          "name": "Memorial To Ensign Ewart",
          "ref:canmore": "310912"
        }
      }
    },
    {
      "type": "Feature",
      "geometry": {
        "type": "Point",
        "coordinates": [
          -3.1689808,
          55.9779805
        ]
      },
      "properties": {
        "id": "osm:node:1502157995",
        "source": "osm",
        "title": "Merchant Navy Memorial",
        "address": "",
        "description": "",
        "categories": [
          "historical",
          "memorial"
        ],
        "primary_category": "historical",
        "interest_score": 46,
        "website": "",
        "wikipedia": "",
        "wikidata": "",
        "source_url": "https://www.openstreetmap.org/node/1502157995",
        "fetched_at_utc": "2026-10-07T11:41:56+00:00",
        "query_key": "historic_sites",
        "tags": {
          "historic": "memorial",
          "material": "sandstone",
          "memorial": "obelisk",
          "memorial:conflict": "WW2",
          "name": "Merchant Navy Memorial",
          "ref:canmore": "312178",
          "ref:iwm": "87515",
          "start_date": "2010",
          "war_memorial": "yes"
        }
      }
    },
    {
      "type": "Feature",
      "geometry": {
        "type": "Point",
        "coordinates": [
          -3.1711012,
          55.9373076
        ]
      },
      "properties": {
        "id": "osm:node:1028231509",
        "source": "osm",
        "title": "Mural Archbishop Oscar Romero",
        "address": "",
        "description": "",
        "categories": [
          "historical",
          "memorial"
        ],
        "primary_category": "historical",
        "interest_score": 46,
        "website": "",
        "wikipedia": "",
        "wikidata": "",
        "source_url": "https://www.openstreetmap.org/node/1028231509",
        "fetched_at_utc": "2026-10-07T11:41:56+00:00",
        "query_key": "historic_sites",
        "tags": {
          "historic": "memorial",
          "memorial": "plaque",
          "name": "Mural Archbishop Oscar Romero"
        }
      }
    },
    {
      "type": "Feature",
      "geometry": {
        "type": "Point",
        "coordinates": [
          -3.179855827272728,
          55.93666551212121
        ]
      },
      "properties": {
        "id": "osm:way:27279659",
        "source": "osm",
        "title": "National Library of Scotland, Causewayside - Maps Reading Room",
        "address": "33 Salisbury Place, Edinburgh, EH9 1SL",
        "description": "",
        "categories": [
          "cultural",
          "architecture",
          "literary"
        ],
        "primary_category": "cultural",
        "interest_score": 46,
        "website": "https://www.nls.uk/visit/causewayside/",
        "wikipedia": "",
        "wikidata": "",
        "source_url": "https://www.openstreetmap.org/way/27279659",
        "fetched_at_utc": "2026-10-07T11:41:56+00:00",
        "query_key": "performance_and_literary",
        "tags": {
          "addr:city": "Edinburgh",
          "addr:housenumber": "33",
          "addr:postcode": "EH9 1SL",
          "addr:street": "Salisbury Place",
          "amenity": "library",
          "building": "yes",
          "check_date": "2024-12-20",
          "check_date:opening_hours": "2024-12-20",
          "contact:phone": "+44 131 623 4660",
          "name": "National Library of Scotland, Causewayside - Maps Reading Room",
          "opening_hours": "Mo-Th 10:00-13:00,14:00-17:00",
          "operator": "National Library of Scotland",
          "source": "Bing",
          "website": "https://www.nls.uk/visit/causewayside/"
        }
      }
    },
    {
      "type": "Feature",
      "geometry": {
        "type": "Point",
        "coordinates": [
          -3.1934958,
          55.9490284
        ]
      },
      "properties": {
        "id": "osm:node:14224896944",
        "source": "osm",
        "title": "Natural scientist, sociologist, town planner, activist saved Riddle's Court and",
        "address": "",
        "description": "Natural scientist, sociologist, town planner, activist saved Riddle's Court and established a university hall here.",
        "categories": [
          "historical",
          "memorial"
        ],
        "primary_category": "historical",
        "interest_score": 46,
        "website": "",
        "wikipedia": "",
        "wikidata": "",
        "source_url": "https://www.openstreetmap.org/node/14224896944",
        "fetched_at_utc": "2026-10-07T11:41:56+00:00",
        "query_key": "historic_sites",
        "tags": {
          "historic": "memorial",
          "inscription": "Natural scientist, sociologist, town planner, activist saved Riddle's Court and established a university hall here.",
          "memorial": "plaque",
          "subject": "Patrick Geddes",
          "subject:wikidata": "Q381848"
        }
      }
    },
    {
      "type": "Feature",
      "geometry": {
        "type": "Point",
        "coordinates": [
          -3.1798395,
          55.93210578571428
        ]
      },
      "properties": {
        "id": "osm:way:42121888",
        "source": "osm",
        "title": "Newington Library",
        "address": "17-19-21 Fountainhall Road, Edinburgh",
        "description": "",
        "categories": [
          "cultural",
          "architecture",
          "literary"
        ],
        "primary_category": "cultural",
        "interest_score": 46,
        "website": "https://www.edinburgh.gov.uk/directory-record/5070/newington_library/",
        "wikipedia": "",
        "wikidata": "",
        "source_url": "https://www.openstreetmap.org/way/42121888",
        "fetched_at_utc": "2026-10-07T11:41:56+00:00",
        "query_key": "performance_and_literary",
        "tags": {
          "addr:city": "Edinburgh",
          "addr:housenumber": "17-19-21",
          "addr:street": "Fountainhall Road",
          "amenity": "library",
          "building": "yes",
          "check_date:opening_hours": "2026-06-17",
          "email": "newington.library@edinburgh.gov.uk",
          "name": "Newington Library",
          "opening_hours": "Mo-We 10:00-20:00; Th-Sa 10:00-17:00; Su off",
          "phone": "+44 131 529 5536",
          "source": "survey",
          "website": "https://www.edinburgh.gov.uk/directory-record/5070/newington_library/"
        }
      }
    },
    {
      "type": "Feature",
      "geometry": {
        "type": "Point",
        "coordinates": [
          -3.1892948,
          55.9497772
        ]
      },
      "properties": {
        "id": "osm:node:12219094217",
        "source": "osm",
        "title": "Old Assembly Close",
        "address": "",
        "description": "Dancing assemblies held in hall from 1720 to 1766. Residence of Clement Little, founder of the University Library, and his brother Provost William Little.",
        "categories": [
          "historical",
          "memorial"
        ],
        "primary_category": "historical",
        "interest_score": 46,
        "website": "",
        "wikipedia": "",
        "wikidata": "",
        "source_url": "https://www.openstreetmap.org/node/12219094217",
        "fetched_at_utc": "2026-10-07T11:41:56+00:00",
        "query_key": "historic_sites",
        "tags": {
          "historic": "memorial",
          "inscription": "Dancing assemblies held in hall from 1720 to 1766. Residence of Clement Little, founder of the University Library, and his brother Provost William Little.",
          "memorial": "plaque",
          "name": "Old Assembly Close"
        }
      }
    },
    {
      "type": "Feature",
      "geometry": {
        "type": "Point",
        "coordinates": [
          -3.1889025,
          55.9500815
        ]
      },
      "properties": {
        "id": "osm:node:10789093308",
        "source": "osm",
        "title": "Old Stamp Office Close",
        "address": "",
        "description": "Countess of Eglinton and her seven beautiful daughters dwelt in house - later tavern - where Lord High Commissioner of 1754 held leveés.\nFlora Macdonald attended school here.",
        "categories": [
          "historical",
          "memorial"
        ],
        "primary_category": "historical",
        "interest_score": 46,
        "website": "",
        "wikipedia": "",
        "wikidata": "",
        "source_url": "https://www.openstreetmap.org/node/10789093308",
        "fetched_at_utc": "2026-10-07T11:41:56+00:00",
        "query_key": "historic_sites",
        "tags": {
          "historic": "memorial",
          "inscription": "Countess of Eglinton and her seven beautiful daughters dwelt in house - later tavern - where Lord High Commissioner of 1754 held leveés.\nFlora Macdonald attended school here.",
          "memorial": "plaque",
          "name": "Old Stamp Office Close",
          "wikimedia_commons": "File:Old Stamp Office Close (14763547631).jpg"
        }
      }
    },
    {
      "type": "Feature",
      "geometry": {
        "type": "Point",
        "coordinates": [
          -3.1883349,
          55.9468178
        ]
      },
      "properties": {
        "id": "osm:node:7197309913",
        "source": "osm",
        "title": "On this site Charles Darwin (1809-1882) author of The Origin of Species lodged a",
        "address": "",
        "description": "On this site Charles Darwin (1809-1882) author of The Origin of Species lodged at 11 Lohian Street whilst studying medicine at the University of Edinburgh 1825-1827",
        "categories": [
          "historical",
          "memorial"
        ],
        "primary_category": "historical",
        "interest_score": 46,
        "website": "",
        "wikipedia": "",
        "wikidata": "",
        "source_url": "https://www.openstreetmap.org/node/7197309913",
        "fetched_at_utc": "2026-10-07T11:41:56+00:00",
        "query_key": "historic_sites",
        "tags": {
          "historic": "memorial",
          "inscription": "On this site Charles Darwin (1809-1882) author of The Origin of Species lodged at 11 Lohian Street whilst studying medicine at the University of Edinburgh 1825-1827",
          "memorial": "plaque"
        }
      }
    },
    {
      "type": "Feature",
      "geometry": {
        "type": "Point",
        "coordinates": [
          -3.206668452173913,
          55.95898919565217
        ]
      },
      "properties": {
        "id": "osm:way:164088831",
        "source": "osm",
        "title": "Patriothall Studios and Gallery",
        "address": "",
        "description": "",
        "categories": [
          "cultural",
          "architecture",
          "art"
        ],
        "primary_category": "cultural",
        "interest_score": 46,
        "website": "https://www.patriothallgallery.co.uk",
        "wikipedia": "",
        "wikidata": "",
        "source_url": "https://www.openstreetmap.org/way/164088831",
        "fetched_at_utc": "2026-10-07T11:41:56+00:00",
        "query_key": "galleries_and_arts",
        "tags": {
          "amenity": "arts_centre",
          "building": "yes",
          "name": "Patriothall Studios and Gallery",
          "operator": "WASPS",
          "source": "Bing",
          "website": "https://www.patriothallgallery.co.uk"
        }
      }
    },
    {
      "type": "Feature",
      "geometry": {
        "type": "Point",
        "coordinates": [
          -3.1885082,
          55.9691746
        ]
      },
      "properties": {
        "id": "osm:node:5691821864",
        "source": "osm",
        "title": "Polish War Memorial",
        "address": "",
        "description": "",
        "categories": [
          "historical",
          "memorial"
        ],
        "primary_category": "historical",
        "interest_score": 46,
        "website": "",
        "wikipedia": "",
        "wikidata": "",
        "source_url": "https://www.openstreetmap.org/node/5691821864",
        "fetched_at_utc": "2026-10-07T11:41:56+00:00",
        "query_key": "historic_sites",
        "tags": {
          "historic": "memorial",
          "memorial": "stele",
          "memorial:conflict": "WW2",
          "name": "Polish War Memorial",
          "note": "No Canmore ID",
          "ref:iwm": "87508",
          "start_date": "2008",
          "war_memorial": "yes"
        }
      }
    },
    {
      "type": "Feature",
      "geometry": {
        "type": "Point",
        "coordinates": [
          -3.1726368,
          55.9739517
        ]
      },
      "properties": {
        "id": "osm:node:6187873728",
        "source": "osm",
        "title": "Porters' Stone",
        "address": "",
        "description": "",
        "categories": [
          "historical",
          "memorial"
        ],
        "primary_category": "historical",
        "interest_score": 46,
        "website": "",
        "wikipedia": "",
        "wikidata": "",
        "source_url": "https://www.openstreetmap.org/node/6187873728",
        "fetched_at_utc": "2026-10-07T11:41:56+00:00",
        "query_key": "historic_sites",
        "tags": {
          "historic": "memorial",
          "memorial": "stone",
          "name": "Porters' Stone"
        }
      }
    },
    {
      "type": "Feature",
      "geometry": {
        "type": "Point",
        "coordinates": [
          -3.1988966,
          55.9417716
        ]
      },
      "properties": {
        "id": "osm:node:4831261034",
        "source": "osm",
        "title": "Prince Albert Victor Sundial",
        "address": "",
        "description": "",
        "categories": [
          "historical",
          "memorial"
        ],
        "primary_category": "historical",
        "interest_score": 46,
        "website": "",
        "wikipedia": "",
        "wikidata": "",
        "source_url": "https://www.openstreetmap.org/node/4831261034",
        "fetched_at_utc": "2026-10-07T11:41:56+00:00",
        "query_key": "historic_sites",
        "tags": {
          "historic": "memorial",
          "memorial": "sundial",
          "name": "Prince Albert Victor Sundial",
          "note": "See: https://www.fombl.org.uk/InternationalExhibition.html",
          "ref:canmore": "125725"
        }
      }
    },
    {
      "type": "Feature",
      "geometry": {
        "type": "Point",
        "coordinates": [
          -3.1980836,
          55.9483633
        ]
      },
      "properties": {
        "id": "osm:node:5337269687",
        "source": "osm",
        "title": "Princess Louise's Argyllshire Highlanders War Memorial",
        "address": "",
        "description": "",
        "categories": [
          "historical",
          "memorial"
        ],
        "primary_category": "historical",
        "interest_score": 46,
        "website": "",
        "wikipedia": "",
        "wikidata": "",
        "source_url": "https://www.openstreetmap.org/node/5337269687",
        "fetched_at_utc": "2026-10-07T11:41:56+00:00",
        "query_key": "historic_sites",
        "tags": {
          "historic": "memorial",
          "material": "stone",
          "memorial": "drinking_fountain",
          "name": "Princess Louise's Argyllshire Highlanders War Memorial",
          "ref:canmore": "310913"
        }
      }
    },
    {
      "type": "Feature",
      "geometry": {
        "type": "Point",
        "coordinates": [
          -3.1860687,
          55.943035
        ]
      },
      "properties": {
        "id": "osm:node:6653388145",
        "source": "osm",
        "title": "Private George Wilson",
        "address": "",
        "description": "",
        "categories": [
          "historical",
          "memorial"
        ],
        "primary_category": "historical",
        "interest_score": 46,
        "website": "",
        "wikipedia": "",
        "wikidata": "",
        "source_url": "https://www.openstreetmap.org/node/6653388145",
        "fetched_at_utc": "2026-10-07T11:41:56+00:00",
        "query_key": "historic_sites",
        "tags": {
          "historic": "memorial",
          "memorial": "plaque",
          "name": "Private George Wilson"
        }
      }
    },
    {
      "type": "Feature",
      "geometry": {
        "type": "Point",
        "coordinates": [
          -3.1786014,
          55.9642877
        ]
      },
      "properties": {
        "id": "osm:node:5735238110",
        "source": "osm",
        "title": "Professor John Barlow 1815-1856",
        "address": "",
        "description": "",
        "categories": [
          "historical",
          "memorial"
        ],
        "primary_category": "historical",
        "interest_score": 46,
        "website": "",
        "wikipedia": "",
        "wikidata": "",
        "source_url": "https://www.openstreetmap.org/node/5735238110",
        "fetched_at_utc": "2026-10-07T11:41:56+00:00",
        "query_key": "historic_sites",
        "tags": {
          "historic": "memorial",
          "memorial": "plaque",
          "name": "Professor John Barlow 1815-1856"
        }
      }
    },
    {
      "type": "Feature",
      "geometry": {
        "type": "Point",
        "coordinates": [
          -3.1820489,
          55.932797
        ]
      },
      "properties": {
        "id": "osm:node:6203154661",
        "source": "osm",
        "title": "Professor Max Born",
        "address": "",
        "description": "Professor Max Born (1882-1970) -Nobel Laureate in Physics - lived there 1936-1954",
        "categories": [
          "historical",
          "memorial"
        ],
        "primary_category": "historical",
        "interest_score": 46,
        "website": "",
        "wikipedia": "",
        "wikidata": "",
        "source_url": "https://www.openstreetmap.org/node/6203154661",
        "fetched_at_utc": "2026-10-07T11:41:56+00:00",
        "query_key": "historic_sites",
        "tags": {
          "historic": "memorial",
          "inscription": "Professor Max Born (1882-1970) -Nobel Laureate in Physics - lived there 1936-1954",
          "memorial": "plaque",
          "name": "Professor Max Born",
          "openplaques:id": "57543",
          "start_date": "2016-12-01"
        }
      }
    },
    {
      "type": "Feature",
      "geometry": {
        "type": "Point",
        "coordinates": [
          -3.2055349999999994,
          55.966610800000005
        ]
      },
      "properties": {
        "id": "osm:way:373233383",
        "source": "osm",
        "title": "RBGE Herbarium & Library",
        "address": "20A Inverleith Row, Edinburgh, EH3 5LR",
        "description": "",
        "categories": [
          "cultural",
          "architecture",
          "literary"
        ],
        "primary_category": "cultural",
        "interest_score": 46,
        "website": "https://www.rbge.org.uk/science-and-conservation/herbarium/",
        "wikipedia": "",
        "wikidata": "",
        "source_url": "https://www.openstreetmap.org/way/373233383",
        "fetched_at_utc": "2026-10-07T11:41:56+00:00",
        "query_key": "performance_and_literary",
        "tags": {
          "addr:city": "Edinburgh",
          "addr:housenumber": "20A",
          "addr:postcode": "EH3 5LR",
          "addr:street": "Inverleith Row",
          "amenity": "library",
          "building": "yes",
          "check_date": "2024-08-14",
          "internet_access": "wlan",
          "name": "RBGE Herbarium & Library",
          "operator": "RBGE",
          "website": "https://www.rbge.org.uk/science-and-conservation/herbarium/"
        }
      }
    },
    {
      "type": "Feature",
      "geometry": {
        "type": "Point",
        "coordinates": [
          -3.1667568,
          55.9754137
        ]
      },
      "properties": {
        "id": "osm:node:2264559804",
        "source": "osm",
        "title": "Robert Burns Statue",
        "address": "",
        "description": "",
        "categories": [
          "historical",
          "memorial"
        ],
        "primary_category": "historical",
        "interest_score": 46,
        "website": "",
        "wikipedia": "",
        "wikidata": "",
        "source_url": "https://www.openstreetmap.org/node/2264559804",
        "fetched_at_utc": "2026-10-07T11:41:56+00:00",
        "query_key": "historic_sites",
        "tags": {
          "fixme": "Location may have changed slightly after reinstatement, please confirm",
          "historic": "memorial",
          "memorial": "statue",
          "name": "Robert Burns Statue",
          "note": "Reinstated January 2022",
          "ref:canmore": "149143",
          "start_date": "1898",
          "subject:wikidata": "Q81960",
          "wheelchair": "yes"
        }
      }
    },
    {
      "type": "Feature",
      "geometry": {
        "type": "Point",
        "coordinates": [
          -3.1964552,
          55.9567826
        ]
      },
      "properties": {
        "id": "osm:node:6501770293",
        "source": "osm",
        "title": "Robert Garioch Sutherland",
        "address": "",
        "description": "Robert Garioch Sutherland Makar 1909-1981 Bade Here. These twa-three chuckie-stanes I lay on Scotland's cairn",
        "categories": [
          "historical",
          "memorial"
        ],
        "primary_category": "historical",
        "interest_score": 46,
        "website": "",
        "wikipedia": "",
        "wikidata": "",
        "source_url": "https://www.openstreetmap.org/node/6501770293",
        "fetched_at_utc": "2026-10-07T11:41:56+00:00",
        "query_key": "historic_sites",
        "tags": {
          "historic": "memorial",
          "inscription": "Robert Garioch Sutherland Makar 1909-1981 Bade Here. These twa-three chuckie-stanes I lay on Scotland's cairn",
          "memorial": "plaque",
          "name": "Robert Garioch Sutherland"
        }
      }
    },
    {
      "type": "Feature",
      "geometry": {
        "type": "Point",
        "coordinates": [
          -3.2498398,
          55.9450326
        ]
      },
      "properties": {
        "id": "osm:node:3473707615",
        "source": "osm",
        "title": "Robert Louis Stevenson memorial",
        "address": "",
        "description": "",
        "categories": [
          "historical",
          "memorial"
        ],
        "primary_category": "historical",
        "interest_score": 46,
        "website": "",
        "wikipedia": "",
        "wikidata": "",
        "source_url": "https://www.openstreetmap.org/node/3473707615",
        "fetched_at_utc": "2026-10-07T11:41:56+00:00",
        "query_key": "historic_sites",
        "tags": {
          "alt_name": "Statue of Alan Breck & David Balfour",
          "check_date": "2024-11-09",
          "historic": "memorial",
          "memorial": "statue",
          "name": "Robert Louis Stevenson memorial",
          "ref:canmore": "302985",
          "source": "survey;Bing"
        }
      }
    },
    {
      "type": "Feature",
      "geometry": {
        "type": "Point",
        "coordinates": [
          -3.2055048272727267,
          55.951194736363625
        ]
      },
      "properties": {
        "id": "osm:way:155775805",
        "source": "osm",
        "title": "Rose Theatre",
        "address": "204 Rose Street, Edinburgh, EH2 4AZ",
        "description": "",
        "categories": [
          "cultural",
          "architecture",
          "art"
        ],
        "primary_category": "cultural",
        "interest_score": 46,
        "website": "https://www.rosetheatreedinburgh.com/",
        "wikipedia": "",
        "wikidata": "",
        "source_url": "https://www.openstreetmap.org/way/155775805",
        "fetched_at_utc": "2026-10-07T11:41:56+00:00",
        "query_key": "performance_and_literary",
        "tags": {
          "addr:city": "Edinburgh",
          "addr:housenumber": "204",
          "addr:postcode": "EH2 4AZ",
          "addr:street": "Rose Street",
          "amenity": "theatre",
          "building": "yes",
          "capacity": "340",
          "name": "Rose Theatre",
          "phone": "+44 131 226 4000",
          "source": "Bing;NLS_OS_Edinburgh_map_1940s;NLS_OS_Edinburgh_map_1893;survey",
          "website": "https://www.rosetheatreedinburgh.com/"
        }
      }
    },
    {
      "type": "Feature",
      "geometry": {
        "type": "Point",
        "coordinates": [
          -3.1953672,
          55.9537101
        ]
      },
      "properties": {
        "id": "osm:node:7177168422",
        "source": "osm",
        "title": "Royal Caledonian Horticultural Society was founded at this site 1809",
        "address": "",
        "description": "Royal Caledonian Horticultural Society was founded at this site 1809",
        "categories": [
          "historical",
          "memorial"
        ],
        "primary_category": "historical",
        "interest_score": 46,
        "website": "",
        "wikipedia": "",
        "wikidata": "",
        "source_url": "https://www.openstreetmap.org/node/7177168422",
        "fetched_at_utc": "2026-10-07T11:41:56+00:00",
        "query_key": "historic_sites",
        "tags": {
          "historic": "memorial",
          "inscription": "Royal Caledonian Horticultural Society was founded at this site 1809",
          "memorial": "plaque"
        }
      }
    },
    {
      "type": "Feature",
      "geometry": {
        "type": "Point",
        "coordinates": [
          -3.1850603,
          55.9541533
        ]
      },
      "properties": {
        "id": "osm:node:13681907569",
        "source": "osm",
        "title": "Saint Wolodymyr The Great Ruler of Ukraine",
        "address": "",
        "description": "1000 years of christianity in Ukraine",
        "categories": [
          "historical",
          "memorial"
        ],
        "primary_category": "historical",
        "interest_score": 46,
        "website": "",
        "wikipedia": "",
        "wikidata": "",
        "source_url": "https://www.openstreetmap.org/node/13681907569",
        "fetched_at_utc": "2026-10-07T11:41:56+00:00",
        "query_key": "historic_sites",
        "tags": {
          "builder": "Ukrainians in Scotland",
          "historic": "memorial",
          "inscription": "1000 years of christianity in Ukraine",
          "memorial": "plaque",
          "name": "Saint Wolodymyr The Great Ruler of Ukraine",
          "name:es": "San Vladimiro El Gran Gobernante de Ucrania",
          "subject:wikidata": "Q14974",
          "subject:wikipedia": "en:Vladimir the Great"
        }
      }
    },
    {
      "type": "Feature",
      "geometry": {
        "type": "Point",
        "coordinates": [
          -3.1803569,
          55.9638209
        ]
      },
      "properties": {
        "id": "osm:node:6297782777",
        "source": "osm",
        "title": "Sapper Adam Archibald Memorial",
        "address": "",
        "description": "Royal Engineers 4th November 1918",
        "categories": [
          "historical",
          "memorial"
        ],
        "primary_category": "historical",
        "interest_score": 46,
        "website": "",
        "wikipedia": "",
        "wikidata": "",
        "source_url": "https://www.openstreetmap.org/node/6297782777",
        "fetched_at_utc": "2026-10-07T11:41:56+00:00",
        "query_key": "historic_sites",
        "tags": {
          "historic": "memorial",
          "inscription": "Royal Engineers 4th November 1918",
          "memorial": "flagstone",
          "name": "Sapper Adam Archibald Memorial"
        }
      }
    },
    {
      "type": "Feature",
      "geometry": {
        "type": "Point",
        "coordinates": [
          -3.1977093,
          55.9563235
        ]
      },
      "properties": {
        "id": "osm:node:6154215531",
        "source": "osm",
        "title": "Sarah Siddons Mair",
        "address": "",
        "description": "1846-1941 Campaigner for women's education and sufferage, born in this house on 22 September 1846",
        "categories": [
          "historical",
          "memorial"
        ],
        "primary_category": "historical",
        "interest_score": 46,
        "website": "",
        "wikipedia": "",
        "wikidata": "",
        "source_url": "https://www.openstreetmap.org/node/6154215531",
        "fetched_at_utc": "2026-10-07T11:41:56+00:00",
        "query_key": "historic_sites",
        "tags": {
          "historic": "memorial",
          "inscription": "1846-1941 Campaigner for women's education and sufferage, born in this house on 22 September 1846",
          "memorial": "plaque",
          "name": "Sarah Siddons Mair"
        }
      }
    },
    {
      "type": "Feature",
      "geometry": {
        "type": "Point",
        "coordinates": [
          -3.205352,
          55.9535826
        ]
      },
      "properties": {
        "id": "osm:node:6501770289",
        "source": "osm",
        "title": "Scottish stonemasons John and James Williamson worked on this building In 1794 t",
        "address": "",
        "description": "Scottish stonemasons John and James Williamson worked on this building In 1794 they travelled to Washington D.C. and were instrumental in the construction of The White House",
        "categories": [
          "historical",
          "memorial"
        ],
        "primary_category": "historical",
        "interest_score": 46,
        "website": "",
        "wikipedia": "",
        "wikidata": "",
        "source_url": "https://www.openstreetmap.org/node/6501770289",
        "fetched_at_utc": "2026-10-07T11:41:56+00:00",
        "query_key": "historic_sites",
        "tags": {
          "historic": "memorial",
          "inscription": "Scottish stonemasons John and James Williamson worked on this building In 1794 they travelled to Washington D.C. and were instrumental in the construction of The White House",
          "memorial": "plaque",
          "openplaques:id": "50929",
          "start_date": "2018"
        }
      }
    },
    {
      "type": "Feature",
      "geometry": {
        "type": "Point",
        "coordinates": [
          -3.1757651,
          55.9524991
        ]
      },
      "properties": {
        "id": "osm:node:11240950391",
        "source": "osm",
        "title": "Scottish Veterans",
        "address": "",
        "description": "",
        "categories": [
          "historical",
          "memorial"
        ],
        "primary_category": "historical",
        "interest_score": 46,
        "website": "",
        "wikipedia": "",
        "wikidata": "",
        "source_url": "https://www.openstreetmap.org/node/11240950391",
        "fetched_at_utc": "2026-10-07T11:41:56+00:00",
        "query_key": "historic_sites",
        "tags": {
          "historic": "memorial",
          "memorial": "sculpture",
          "name": "Scottish Veterans"
        }
      }
    },
    {
      "type": "Feature",
      "geometry": {
        "type": "Point",
        "coordinates": [
          -3.1936597,
          55.9495912
        ]
      },
      "properties": {
        "id": "osm:node:13052163207",
        "source": "osm",
        "title": "Scottish War Poets' War Memorial",
        "address": "",
        "description": "Sweet be their sleep now wherever they're lying \nFar though they be from the hills of their home",
        "categories": [
          "historical",
          "memorial"
        ],
        "primary_category": "historical",
        "interest_score": 46,
        "website": "",
        "wikipedia": "",
        "wikidata": "",
        "source_url": "https://www.openstreetmap.org/node/13052163207",
        "fetched_at_utc": "2026-10-07T11:41:56+00:00",
        "query_key": "historic_sites",
        "tags": {
          "historic": "memorial",
          "inscription": "Sweet be their sleep now wherever they're lying \nFar though they be from the hills of their home",
          "memorial": "celtic_cross",
          "name": "Scottish War Poets' War Memorial",
          "note": "No Canmore ID",
          "ref:iwm": "80151",
          "start_date": "2018",
          "war_memorial": "yes"
        }
      }
    },
    {
      "type": "Feature",
      "geometry": {
        "type": "Point",
        "coordinates": [
          -3.1923275,
          55.9536409
        ]
      },
      "properties": {
        "id": "osm:node:13176307278",
        "source": "osm",
        "title": "Scottish Women's Hospital War Memorial",
        "address": "",
        "description": "",
        "categories": [
          "historical",
          "memorial"
        ],
        "primary_category": "historical",
        "interest_score": 46,
        "website": "",
        "wikipedia": "",
        "wikidata": "",
        "source_url": "https://www.openstreetmap.org/node/13176307278",
        "fetched_at_utc": "2026-10-07T11:41:56+00:00",
        "query_key": "historic_sites",
        "tags": {
          "historic": "memorial",
          "memorial": "tablet",
          "memorial:conflict": "WW1;WW2",
          "name": "Scottish Women's Hospital War Memorial",
          "note": "No Canmore ID",
          "ref:iwm": "82781",
          "start_date": "2001",
          "war_memorial": "yes"
        }
      }
    },
    {
      "type": "Feature",
      "geometry": {
        "type": "Point",
        "coordinates": [
          -3.2128299,
          55.9426427
        ]
      },
      "properties": {
        "id": "osm:node:6221444475",
        "source": "osm",
        "title": "Sean Connery",
        "address": "",
        "description": "Sean Connery; Born Fountainbridge (25th August 1930) Oscar Winning Actor, International Film Star",
        "categories": [
          "historical",
          "memorial"
        ],
        "primary_category": "historical",
        "interest_score": 46,
        "website": "",
        "wikipedia": "",
        "wikidata": "",
        "source_url": "https://www.openstreetmap.org/node/6221444475",
        "fetched_at_utc": "2026-10-07T11:41:56+00:00",
        "query_key": "historic_sites",
        "tags": {
          "historic": "memorial",
          "inscription": "Sean Connery; Born Fountainbridge (25th August 1930) Oscar Winning Actor, International Film Star",
          "memorial": "plaque",
          "name": "Sean Connery",
          "operator": "The Scottish Film Council"
        }
      }
    },
    {
      "type": "Feature",
      "geometry": {
        "type": "Point",
        "coordinates": [
          -3.1814715,
          55.9509746
        ]
      },
      "properties": {
        "id": "osm:node:13184490815",
        "source": "osm",
        "title": "Sir Godfrey Hilton Thomson",
        "address": "",
        "description": "The University of Edinburgh\nIn honour of \nSir Godfrey Hilton Thomson\n1881-1955\nPioneer of educational testing, Bell Professor of Education, Director of Moray House College (1925-1951)",
        "categories": [
          "historical",
          "memorial"
        ],
        "primary_category": "historical",
        "interest_score": 46,
        "website": "",
        "wikipedia": "",
        "wikidata": "",
        "source_url": "https://www.openstreetmap.org/node/13184490815",
        "fetched_at_utc": "2026-10-07T11:41:56+00:00",
        "query_key": "historic_sites",
        "tags": {
          "historic": "memorial",
          "inscription": "The University of Edinburgh\nIn honour of \nSir Godfrey Hilton Thomson\n1881-1955\nPioneer of educational testing, Bell Professor of Education, Director of Moray House College (1925-1951)",
          "material": "metal",
          "memorial": "plaque",
          "name": "Sir Godfrey Hilton Thomson",
          "subject:wikidata": "Q5576555",
          "subject:wikipedia": "en:Godfrey Thomson"
        }
      }
    },
    {
      "type": "Feature",
      "geometry": {
        "type": "Point",
        "coordinates": [
          -3.2053643,
          55.957406
        ]
      },
      "properties": {
        "id": "osm:node:6415162277",
        "source": "osm",
        "title": "Sir Henry Duncan Littlejohn",
        "address": "",
        "description": "Sir Henry Duncan Littlejohn M.D. LL.D. F.R.C.S.Ed. (1828-1914) First Medical Officer of Health of Edinburgh 1862-1908 Lived here from 1866-1914",
        "categories": [
          "historical",
          "memorial"
        ],
        "primary_category": "historical",
        "interest_score": 46,
        "website": "",
        "wikipedia": "",
        "wikidata": "",
        "source_url": "https://www.openstreetmap.org/node/6415162277",
        "fetched_at_utc": "2026-10-07T11:41:56+00:00",
        "query_key": "historic_sites",
        "tags": {
          "historic": "memorial",
          "inscription": "Sir Henry Duncan Littlejohn M.D. LL.D. F.R.C.S.Ed. (1828-1914) First Medical Officer of Health of Edinburgh 1862-1908 Lived here from 1866-1914",
          "memorial": "plaque",
          "name": "Sir Henry Duncan Littlejohn"
        }
      }
    },
    {
      "type": "Feature",
      "geometry": {
        "type": "Point",
        "coordinates": [
          -3.2030575,
          55.9539723
        ]
      },
      "properties": {
        "id": "osm:node:6501770287",
        "source": "osm",
        "title": "Sir James Young Simpson",
        "address": "",
        "description": "Sir James Young Simpson lived in this house from 1845 to 1870 and in 1847 discovered the anæsthetic power of Chloroform",
        "categories": [
          "historical",
          "memorial"
        ],
        "primary_category": "historical",
        "interest_score": 46,
        "website": "",
        "wikipedia": "",
        "wikidata": "",
        "source_url": "https://www.openstreetmap.org/node/6501770287",
        "fetched_at_utc": "2026-10-07T11:41:56+00:00",
        "query_key": "historic_sites",
        "tags": {
          "historic": "memorial",
          "historic:date": "1845..1870",
          "inscription": "Sir James Young Simpson lived in this house from 1845 to 1870 and in 1847 discovered the anæsthetic power of Chloroform",
          "memorial": "plaque",
          "name": "Sir James Young Simpson",
          "openplaques:id": "30282",
          "plaque": "here_lived"
        }
      }
    },
    {
      "type": "Feature",
      "geometry": {
        "type": "Point",
        "coordinates": [
          -3.1925495,
          55.9489401
        ]
      },
      "properties": {
        "id": "osm:node:6168834024",
        "source": "osm",
        "title": "Site of 7 Melbourne Place\nHall of the Royal Medical Society 1852-1966 where many",
        "address": "",
        "description": "Site of 7 Melbourne Place\nHall of the Royal Medical Society 1852-1966 where many Edinburgh medical men delivered their first scientific dissertations",
        "categories": [
          "historical",
          "memorial"
        ],
        "primary_category": "historical",
        "interest_score": 46,
        "website": "",
        "wikipedia": "",
        "wikidata": "",
        "source_url": "https://www.openstreetmap.org/node/6168834024",
        "fetched_at_utc": "2026-10-07T11:41:56+00:00",
        "query_key": "historic_sites",
        "tags": {
          "historic": "memorial",
          "inscription": "Site of 7 Melbourne Place\nHall of the Royal Medical Society 1852-1966 where many Edinburgh medical men delivered their first scientific dissertations",
          "memorial": "plaque"
        }
      }
    },
    {
      "type": "Feature",
      "geometry": {
        "type": "Point",
        "coordinates": [
          -3.1883179,
          55.9577281
        ]
      },
      "properties": {
        "id": "osm:node:9422791442",
        "source": "osm",
        "title": "Site of Hart Street Studios",
        "address": "",
        "description": "Site of Hart Street Studios 1974-1999. Formerly Pan Audio owned by the Corries famous for writing Scotland's Mational Anthem \"The Flower of Scotland\"",
        "categories": [
          "historical",
          "memorial"
        ],
        "primary_category": "historical",
        "interest_score": 46,
        "website": "",
        "wikipedia": "",
        "wikidata": "",
        "source_url": "https://www.openstreetmap.org/node/9422791442",
        "fetched_at_utc": "2026-10-07T11:41:56+00:00",
        "query_key": "historic_sites",
        "tags": {
          "historic": "memorial",
          "inscription": "Site of Hart Street Studios 1974-1999. Formerly Pan Audio owned by the Corries famous for writing Scotland's Mational Anthem \"The Flower of Scotland\"",
          "memorial": "plaque",
          "name": "Site of Hart Street Studios"
        }
      }
    },
    {
      "type": "Feature",
      "geometry": {
        "type": "Point",
        "coordinates": [
          -3.192381,
          55.9493803
        ]
      },
      "properties": {
        "id": "osm:node:6150518249",
        "source": "osm",
        "title": "Site of the Last Public Execution in Edinburgh",
        "address": "",
        "description": "",
        "categories": [
          "historical",
          "memorial"
        ],
        "primary_category": "historical",
        "interest_score": 46,
        "website": "",
        "wikipedia": "",
        "wikidata": "",
        "source_url": "https://www.openstreetmap.org/node/6150518249",
        "fetched_at_utc": "2026-10-07T11:41:56+00:00",
        "query_key": "historic_sites",
        "tags": {
          "historic": "memorial",
          "memorial": "plaque",
          "name": "Site of the Last Public Execution in Edinburgh"
        }
      }
    },
    {
      "type": "Feature",
      "geometry": {
        "type": "Point",
        "coordinates": [
          -3.1919213,
          55.9467499
        ]
      },
      "properties": {
        "id": "osm:node:4353585966",
        "source": "osm",
        "title": "Skene & Aitkenhead Memorial",
        "address": "",
        "description": "",
        "categories": [
          "historical",
          "memorial"
        ],
        "primary_category": "historical",
        "interest_score": 46,
        "website": "",
        "wikipedia": "",
        "wikidata": "",
        "source_url": "https://www.openstreetmap.org/node/4353585966",
        "fetched_at_utc": "2026-10-07T11:41:56+00:00",
        "query_key": "historic_sites",
        "tags": {
          "historic": "memorial",
          "name": "Skene & Aitkenhead Memorial"
        }
      }
    },
    {
      "type": "Feature",
      "geometry": {
        "type": "Point",
        "coordinates": [
          -3.1987589,
          55.9512678
        ]
      },
      "properties": {
        "id": "osm:node:13180859613",
        "source": "osm",
        "title": "SRI CHINMOY PEACE CAPITAL",
        "address": "",
        "description": "CITY OF EDINBURGH\nSRI CHINMOY PEACE CAPITAL\nThe City of Edinburgh joins hundreds of beautiful and significant sites throughout the world\ndedicated to the cause of peace and international friendship. The sites include the cities of Ottawa, Canberra, Wellin",
        "categories": [
          "historical",
          "memorial"
        ],
        "primary_category": "historical",
        "interest_score": 46,
        "website": "",
        "wikipedia": "",
        "wikidata": "",
        "source_url": "https://www.openstreetmap.org/node/13180859613",
        "fetched_at_utc": "2026-10-07T11:41:56+00:00",
        "query_key": "historic_sites",
        "tags": {
          "historic": "memorial",
          "inscription": "CITY OF EDINBURGH\nSRI CHINMOY PEACE CAPITAL\nThe City of Edinburgh joins hundreds of beautiful and significant sites throughout the world\ndedicated to the cause of peace and international friendship. The sites include the cities of Ottawa, Canberra, Wellin",
          "material": "metal",
          "memorial": "plaque",
          "name": "SRI CHINMOY PEACE CAPITAL",
          "openplaques:id": "92410",
          "wikimedia_commons": "File:SRI CHINMOY PEACE CAPITAL Plaque.jpg"
        }
      }
    },
    {
      "type": "Feature",
      "geometry": {
        "type": "Point",
        "coordinates": [
          -3.1818493,
          55.9509106
        ]
      },
      "properties": {
        "id": "osm:node:13184498919",
        "source": "osm",
        "title": "St John's Cross",
        "address": "",
        "description": "ST JOHN'S CROSSTHE CROSS ON THE ROADWAY MARKS THE SITE OF THE ORIGINAL STANDING CROSS OF ST JOHNWHICH WAS ON THE BOUNDARY BETWEEN EDINBURGH AND THE BURGH OF CANONGATETHE ANCIENT ORDER OF ST JOHN IS THOUGHTTO HAVE OWNED LAND AND PROPERTY NEXT TO THE CROSS",
        "categories": [
          "historical",
          "memorial"
        ],
        "primary_category": "historical",
        "interest_score": 46,
        "website": "",
        "wikipedia": "",
        "wikidata": "",
        "source_url": "https://www.openstreetmap.org/node/13184498919",
        "fetched_at_utc": "2026-10-07T11:41:56+00:00",
        "query_key": "historic_sites",
        "tags": {
          "colour": "grey",
          "direction": "345",
          "historic": "memorial",
          "inscription": "ST JOHN'S CROSSTHE CROSS ON THE ROADWAY MARKS THE SITE OF THE ORIGINAL STANDING CROSS OF ST JOHNWHICH WAS ON THE BOUNDARY BETWEEN EDINBURGH AND THE BURGH OF CANONGATETHE ANCIENT ORDER OF ST JOHN IS THOUGHTTO HAVE OWNED LAND AND PROPERTY NEXT TO THE CROSS",
          "inscription:1": "ST JOHN'S CROSSTHE CROSS ON THE ROADWAY MARKS THE SITEOF THE ORIGINAL STANDING CROSS OF ST JOHNWHICH WAS ON THE BOUNDARY BETWEENEDINBURGH AND THE BURGH OF CANONGATETHE ANCIENT ORDER OF ST JOHN IS THOUGHTTO HAVE OWNED LAND AND PROPERTY NEXT TO",
          "inscription:2": "THE CROSS DURING THE MIDDLE AGESTHE CROSS WAS SET IN PLACE DURING 1987 BY THEVENERABLE ORDER OF ST. JOHN OF JERUSALEM TOMARK THE FORTIETH ANNIVERSARY OF THERE-ESTABLISHMENT OF THE ORDER IN SCOTLAND.",
          "material": "metal",
          "memorial": "plaque",
          "name": "St John's Cross",
          "openplaques:id": "51623",
          "panoramax": "fdece221-b52d-4b01-b10e-fb3c94623269"
        }
      }
    },
    {
      "type": "Feature",
      "geometry": {
        "type": "Point",
        "coordinates": [
          -3.1814333,
          55.9509791
        ]
      },
      "properties": {
        "id": "osm:node:13184499862",
        "source": "osm",
        "title": "St John's Pend",
        "address": "",
        "description": "St John's Pend\nThe Knights of St John had their houses in this - district -\nThe entrance to the street was built c1768\nHouses occupied by manous families and occasionally by smollett",
        "categories": [
          "historical",
          "memorial"
        ],
        "primary_category": "historical",
        "interest_score": 46,
        "website": "",
        "wikipedia": "",
        "wikidata": "",
        "source_url": "https://www.openstreetmap.org/node/13184499862",
        "fetched_at_utc": "2026-10-07T11:41:56+00:00",
        "query_key": "historic_sites",
        "tags": {
          "historic": "memorial",
          "inscription": "St John's Pend\nThe Knights of St John had their houses in this - district -\nThe entrance to the street was built c1768\nHouses occupied by manous families and occasionally by smollett",
          "material": "metal",
          "memorial": "plaque",
          "name": "St John's Pend"
        }
      }
    },
    {
      "type": "Feature",
      "geometry": {
        "type": "Point",
        "coordinates": [
          -3.1886767,
          55.9519753
        ]
      },
      "properties": {
        "id": "osm:node:13191256961",
        "source": "osm",
        "title": "Stagecoach Volunteers Award",
        "address": "",
        "description": "NATIONAL RAILWAY HERITAGE AWARDS\nwww.ntha.org.uk\nSTAGECOACH GROUP\ngreener smarter travel\nTHE STAGECOACH VOLUNTEERS AWARD\nPRESENTED TO\nNETWORK RAIL VOLUNTEERS\nFOR\nEAST COAST MAIN LINE\nEDINBURGH & LONDON SIGNS\nBY\nMARK CARNE,\nCHIEF EXECUTIVE\nNETWORK RAIL 201",
        "categories": [
          "historical",
          "memorial"
        ],
        "primary_category": "historical",
        "interest_score": 46,
        "website": "",
        "wikipedia": "",
        "wikidata": "",
        "source_url": "https://www.openstreetmap.org/node/13191256961",
        "fetched_at_utc": "2026-10-07T11:41:56+00:00",
        "query_key": "historic_sites",
        "tags": {
          "historic": "memorial",
          "inscription": "NATIONAL RAILWAY HERITAGE AWARDS\nwww.ntha.org.uk\nSTAGECOACH GROUP\ngreener smarter travel\nTHE STAGECOACH VOLUNTEERS AWARD\nPRESENTED TO\nNETWORK RAIL VOLUNTEERS\nFOR\nEAST COAST MAIN LINE\nEDINBURGH & LONDON SIGNS\nBY\nMARK CARNE,\nCHIEF EXECUTIVE\nNETWORK RAIL 201",
          "material": "metal",
          "memorial": "plaque",
          "name": "Stagecoach Volunteers Award",
          "openplaques:id": "92411",
          "wikimedia_commons": "File:STAGECOACH VOLUNTEERS AWARD.jpg"
        }
      }
    },
    {
      "type": "Feature",
      "geometry": {
        "type": "Point",
        "coordinates": [
          -3.208443,
          55.9576289
        ]
      },
      "properties": {
        "id": "osm:node:2338447599",
        "source": "osm",
        "title": "Stockbridge Market",
        "address": "Saunders Street, Edinburgh, EH3 6TQ",
        "description": "",
        "categories": [
          "cultural",
          "market",
          "landmark"
        ],
        "primary_category": "cultural",
        "interest_score": 46,
        "website": "https://www.stockbridgemarket.com/",
        "wikipedia": "",
        "wikidata": "",
        "source_url": "https://www.openstreetmap.org/node/2338447599",
        "fetched_at_utc": "2026-10-07T11:41:56+00:00",
        "query_key": "attractions_and_viewpoints",
        "tags": {
          "addr:city": "Edinburgh",
          "addr:postcode": "EH3 6TQ",
          "addr:street": "Saunders Street",
          "amenity": "marketplace",
          "name": "Stockbridge Market",
          "opening_hours": "Su 10:00-17:00",
          "source": "Bing;survey",
          "start_date": "2011",
          "tourism": "attraction",
          "website": "https://www.stockbridgemarket.com/"
        }
      }
    },
    {
      "type": "Feature",
      "geometry": {
        "type": "Point",
        "coordinates": [
          -3.1901869,
          55.9499457
        ]
      },
      "properties": {
        "id": "osm:node:13185720101",
        "source": "osm",
        "title": "Stone of Remembrance",
        "address": "",
        "description": "",
        "categories": [
          "historical",
          "memorial"
        ],
        "primary_category": "historical",
        "interest_score": 46,
        "website": "",
        "wikipedia": "",
        "wikidata": "",
        "source_url": "https://www.openstreetmap.org/node/13185720101",
        "fetched_at_utc": "2026-10-07T11:41:56+00:00",
        "query_key": "historic_sites",
        "tags": {
          "historic": "memorial",
          "memorial": "sarcophagus",
          "memorial:conflict": "WW1;WW2",
          "name": "Stone of Remembrance",
          "ref:canmore": "211239",
          "ref:iwm": "87359",
          "start_date": "1927",
          "war_memorial": "yes"
        }
      }
    },
    {
      "type": "Feature",
      "geometry": {
        "type": "Point",
        "coordinates": [
          -3.2010448,
          55.9633071
        ]
      },
      "properties": {
        "id": "osm:node:6317012897",
        "source": "osm",
        "title": "Tanfield Hall",
        "address": "",
        "description": "The first assembly of the Church of Scotland was held here on 18th May 1843 and in the same hall the union of the Secession and Relief Churches was consumated 13th May 1847",
        "categories": [
          "historical",
          "memorial"
        ],
        "primary_category": "historical",
        "interest_score": 46,
        "website": "",
        "wikipedia": "",
        "wikidata": "",
        "source_url": "https://www.openstreetmap.org/node/6317012897",
        "fetched_at_utc": "2026-10-07T11:41:56+00:00",
        "query_key": "historic_sites",
        "tags": {
          "historic": "memorial",
          "inscription": "The first assembly of the Church of Scotland was held here on 18th May 1843 and in the same hall the union of the Secession and Relief Churches was consumated 13th May 1847",
          "memorial": "plaque",
          "name": "Tanfield Hall"
        }
      }
    },
    {
      "type": "Feature",
      "geometry": {
        "type": "Point",
        "coordinates": [
          -3.187227681818182,
          55.94636598181818
        ]
      },
      "properties": {
        "id": "osm:way:373988571",
        "source": "osm",
        "title": "The Studio",
        "address": "22 Potterrow, Edinburgh, EH8 9BL",
        "description": "",
        "categories": [
          "cultural",
          "architecture",
          "art"
        ],
        "primary_category": "cultural",
        "interest_score": 46,
        "website": "https://www.capitaltheatres.com/",
        "wikipedia": "",
        "wikidata": "",
        "source_url": "https://www.openstreetmap.org/way/373988571",
        "fetched_at_utc": "2026-10-07T11:41:56+00:00",
        "query_key": "performance_and_literary",
        "tags": {
          "addr:city": "Edinburgh",
          "addr:housenumber": "22",
          "addr:postcode": "EH8 9BL",
          "addr:street": "Potterrow",
          "amenity": "theatre",
          "building": "yes",
          "check_date": "2026-06-13",
          "height": "14.5",
          "name": "The Studio",
          "website": "https://www.capitaltheatres.com/",
          "wheelchair": "yes"
        }
      }
    },
    {
      "type": "Feature",
      "geometry": {
        "type": "Point",
        "coordinates": [
          -3.1977975,
          55.9503901
        ]
      },
      "properties": {
        "id": "osm:node:5574935241",
        "source": "osm",
        "title": "The Workers Memorial Tree",
        "address": "",
        "description": "",
        "categories": [
          "historical",
          "memorial"
        ],
        "primary_category": "historical",
        "interest_score": 46,
        "website": "",
        "wikipedia": "",
        "wikidata": "",
        "source_url": "https://www.openstreetmap.org/node/5574935241",
        "fetched_at_utc": "2026-10-07T11:41:56+00:00",
        "query_key": "historic_sites",
        "tags": {
          "historic": "memorial",
          "leaf_cycle": "deciduous",
          "leaf_type": "broadleaved",
          "memorial": "tree",
          "name": "The Workers Memorial Tree",
          "natural": "tree",
          "species": "Carpinus betulus",
          "species:en": "European hornbeam"
        }
      }
    },
    {
      "type": "Feature",
      "geometry": {
        "type": "Point",
        "coordinates": [
          -3.1847966,
          55.9415332
        ]
      },
      "properties": {
        "id": "osm:node:13905567523",
        "source": "osm",
        "title": "This plaque marks the site of the first recorded 'Edinburgh Derby' football matc",
        "address": "",
        "description": "This plaque marks the site of the first recorded 'Edinburgh Derby' football match between Heart of Midlothian Football Club & Hibernian Football Club|25th December 1875",
        "categories": [
          "historical",
          "memorial"
        ],
        "primary_category": "historical",
        "interest_score": 46,
        "website": "",
        "wikipedia": "",
        "wikidata": "",
        "source_url": "https://www.openstreetmap.org/node/13905567523",
        "fetched_at_utc": "2026-10-07T11:41:56+00:00",
        "query_key": "historic_sites",
        "tags": {
          "historic": "memorial",
          "inscription": "This plaque marks the site of the first recorded 'Edinburgh Derby' football match between Heart of Midlothian Football Club & Hibernian Football Club|25th December 1875",
          "material": "metal",
          "memorial": "plaque",
          "operator": "Hibernian Football Club and Heart of Midlothian Football Club",
          "subject:wikidata": "Q82548",
          "subject:wikipedia": "en:Edinburgh derby"
        }
      }
    },
    {
      "type": "Feature",
      "geometry": {
        "type": "Point",
        "coordinates": [
          -3.1877742,
          55.9522302
        ]
      },
      "properties": {
        "id": "osm:node:13565056571",
        "source": "osm",
        "title": "This steel mast was the first in Scotland of the 33,000 required from this ancho",
        "address": "",
        "description": "This steel mast was the first in Scotland of the 33,000 required from this anchor point for the electrification of the Edinburgh-London East Coast Main Line.  It was placed in position by Michael Anoram, M.P. Minister for Home Affairs and the Environment,",
        "categories": [
          "historical",
          "memorial"
        ],
        "primary_category": "historical",
        "interest_score": 46,
        "website": "",
        "wikipedia": "",
        "wikidata": "",
        "source_url": "https://www.openstreetmap.org/node/13565056571",
        "fetched_at_utc": "2026-10-07T11:41:56+00:00",
        "query_key": "historic_sites",
        "tags": {
          "colour": "blue",
          "direction": "250",
          "historic": "memorial",
          "inscription": "This steel mast was the first in Scotland of the 33,000 required from this anchor point for the electrification of the Edinburgh-London East Coast Main Line.  It was placed in position by Michael Anoram, M.P. Minister for Home Affairs and the Environment,",
          "material": "metal",
          "memorial": "plaque"
        }
      }
    },
    {
      "type": "Feature",
      "geometry": {
        "type": "Point",
        "coordinates": [
          -3.176075,
          55.9391398
        ]
      },
      "properties": {
        "id": "osm:node:13182280754",
        "source": "osm",
        "title": "Thomas Nelson Publishers War Memorial",
        "address": "",
        "description": "",
        "categories": [
          "historical",
          "memorial"
        ],
        "primary_category": "historical",
        "interest_score": 46,
        "website": "",
        "wikipedia": "",
        "wikidata": "",
        "source_url": "https://www.openstreetmap.org/node/13182280754",
        "fetched_at_utc": "2026-10-07T11:41:56+00:00",
        "query_key": "historic_sites",
        "tags": {
          "direction": "240",
          "historic": "memorial",
          "memorial": "tablet",
          "memorial:conflict": "WW1",
          "name": "Thomas Nelson Publishers War Memorial",
          "note": "No Canmore ID",
          "ref:iwm": "87480",
          "war_memorial": "yes"
        }
      }
    },
    {
      "type": "Feature",
      "geometry": {
        "type": "Point",
        "coordinates": [
          -3.2059913,
          55.9534727
        ]
      },
      "properties": {
        "id": "osm:node:6501770288",
        "source": "osm",
        "title": "To commemorate The Mary Erskine School which stood on this site from 1871-1966 P",
        "address": "",
        "description": "To commemorate The Mary Erskine School which stood on this site from 1871-1966 Presented by the former pupils' guild to celebrate their 125th anniversary - June 2009",
        "categories": [
          "historical",
          "memorial"
        ],
        "primary_category": "historical",
        "interest_score": 46,
        "website": "",
        "wikipedia": "",
        "wikidata": "",
        "source_url": "https://www.openstreetmap.org/node/6501770288",
        "fetched_at_utc": "2026-10-07T11:41:56+00:00",
        "query_key": "historic_sites",
        "tags": {
          "historic": "memorial",
          "inscription": "To commemorate The Mary Erskine School which stood on this site from 1871-1966 Presented by the former pupils' guild to celebrate their 125th anniversary - June 2009",
          "memorial": "plaque",
          "openplaques:id": "50350"
        }
      }
    },
    {
      "type": "Feature",
      "geometry": {
        "type": "Point",
        "coordinates": [
          -3.17461006,
          55.981791220000005
        ]
      },
      "properties": {
        "id": "osm:way:214777273",
        "source": "osm",
        "title": "Tom Hunter (VC) Memorial",
        "address": "",
        "description": "",
        "categories": [
          "historical",
          "memorial"
        ],
        "primary_category": "historical",
        "interest_score": 46,
        "website": "",
        "wikipedia": "",
        "wikidata": "",
        "source_url": "https://www.openstreetmap.org/way/214777273",
        "fetched_at_utc": "2026-10-07T11:41:56+00:00",
        "query_key": "historic_sites",
        "tags": {
          "historic": "memorial",
          "material": "stone",
          "memorial": "tablet",
          "memorial:conflict": "WW2",
          "name": "Tom Hunter (VC) Memorial",
          "ref:canmore": "306331",
          "ref:iwm": "53583",
          "start_date": "2002",
          "subject:wikidata": "Q7816275"
        }
      }
    },
    {
      "type": "Feature",
      "geometry": {
        "type": "Point",
        "coordinates": [
          -3.1877367,
          55.9499844
        ]
      },
      "properties": {
        "id": "osm:node:4680041494",
        "source": "osm",
        "title": "Tron Kirk Market",
        "address": "122 High Street, Edinburgh, EH1 1QS",
        "description": "",
        "categories": [
          "cultural",
          "market",
          "landmark"
        ],
        "primary_category": "cultural",
        "interest_score": 46,
        "website": "https://www.scottishdesignexchange.com/pages/tron-kirk-market-royal-mile",
        "wikipedia": "",
        "wikidata": "",
        "source_url": "https://www.openstreetmap.org/node/4680041494",
        "fetched_at_utc": "2026-10-07T11:41:56+00:00",
        "query_key": "attractions_and_viewpoints",
        "tags": {
          "addr:city": "Edinburgh",
          "addr:housenumber": "122",
          "addr:postcode": "EH1 1QS",
          "addr:street": "High Street",
          "amenity": "marketplace",
          "check_date": "2026-10-05",
          "name": "Tron Kirk Market",
          "opening_hours": "10:00-18:00",
          "tourism": "attraction",
          "website": "https://www.scottishdesignexchange.com/pages/tron-kirk-market-royal-mile"
        }
      }
    },
    {
      "type": "Feature",
      "geometry": {
        "type": "Point",
        "coordinates": [
          -3.1757644,
          55.9738172
        ]
      },
      "properties": {
        "id": "osm:node:13159750533",
        "source": "osm",
        "title": "Victoria Regina Jubilee Tablet",
        "address": "",
        "description": "",
        "categories": [
          "historical",
          "memorial"
        ],
        "primary_category": "historical",
        "interest_score": 46,
        "website": "",
        "wikipedia": "",
        "wikidata": "",
        "source_url": "https://www.openstreetmap.org/node/13159750533",
        "fetched_at_utc": "2026-10-07T11:41:56+00:00",
        "query_key": "historic_sites",
        "tags": {
          "historic": "memorial",
          "memorial": "tablet",
          "name": "Victoria Regina Jubilee Tablet"
        }
      }
    },
    {
      "type": "Feature",
      "geometry": {
        "type": "Point",
        "coordinates": [
          -3.1716871,
          55.930966
        ]
      },
      "properties": {
        "id": "osm:node:2469365620",
        "source": "osm",
        "title": "War Memorial",
        "address": "",
        "description": "",
        "categories": [
          "historical",
          "memorial"
        ],
        "primary_category": "historical",
        "interest_score": 46,
        "website": "",
        "wikipedia": "",
        "wikidata": "",
        "source_url": "https://www.openstreetmap.org/node/2469365620",
        "fetched_at_utc": "2026-10-07T11:41:56+00:00",
        "query_key": "historic_sites",
        "tags": {
          "historic": "memorial",
          "memorial": "celtic_cross",
          "memorial:conflict": "WW1",
          "name": "War Memorial",
          "ref:canmore": "253702",
          "ref:iwm": "88877",
          "start_date": "1921",
          "war_memorial": "yes"
        }
      }
    },
    {
      "type": "Feature",
      "geometry": {
        "type": "Point",
        "coordinates": [
          -3.1635845,
          55.9337752
        ]
      },
      "properties": {
        "id": "osm:node:2670452630",
        "source": "osm",
        "title": "War Memorial",
        "address": "",
        "description": "",
        "categories": [
          "historical",
          "memorial"
        ],
        "primary_category": "historical",
        "interest_score": 46,
        "website": "",
        "wikipedia": "",
        "wikidata": "",
        "source_url": "https://www.openstreetmap.org/node/2670452630",
        "fetched_at_utc": "2026-10-07T11:41:56+00:00",
        "query_key": "historic_sites",
        "tags": {
          "historic": "memorial",
          "memorial": "obelisk",
          "memorial:conflict": "WW1;WW2",
          "name": "War Memorial",
          "ref:canmore": "340796",
          "ref:iwm": "88841",
          "war_memorial": "yes"
        }
      }
    },
    {
      "type": "Feature",
      "geometry": {
        "type": "Point",
        "coordinates": [
          -3.2251693,
          55.963887
        ]
      },
      "properties": {
        "id": "osm:node:5235722796",
        "source": "osm",
        "title": "War Memorial",
        "address": "",
        "description": "",
        "categories": [
          "historical",
          "memorial"
        ],
        "primary_category": "historical",
        "interest_score": 46,
        "website": "",
        "wikipedia": "",
        "wikidata": "",
        "source_url": "https://www.openstreetmap.org/node/5235722796",
        "fetched_at_utc": "2026-10-07T11:41:56+00:00",
        "query_key": "historic_sites",
        "tags": {
          "historic": "memorial",
          "memorial": "statue",
          "memorial:conflict": "WW1;WW2",
          "name": "War Memorial",
          "ref:canmore": "267036",
          "ref:iwm": "63977",
          "source": "local knowledge",
          "start_date": "1921",
          "war_memorial": "yes"
        }
      }
    },
    {
      "type": "Feature",
      "geometry": {
        "type": "Point",
        "coordinates": [
          -3.1656745,
          55.931154
        ]
      },
      "properties": {
        "id": "osm:node:7403175674",
        "source": "osm",
        "title": "War Memorial",
        "address": "",
        "description": "",
        "categories": [
          "historical",
          "memorial"
        ],
        "primary_category": "historical",
        "interest_score": 46,
        "website": "",
        "wikipedia": "",
        "wikidata": "",
        "source_url": "https://www.openstreetmap.org/node/7403175674",
        "fetched_at_utc": "2026-10-07T11:41:56+00:00",
        "query_key": "historic_sites",
        "tags": {
          "historic": "memorial",
          "memorial": "war_memorial",
          "name": "War Memorial",
          "ref:canmore": "87707",
          "war_memorial": "yes"
        }
      }
    },
    {
      "type": "Feature",
      "geometry": {
        "type": "Point",
        "coordinates": [
          -3.2294319,
          55.9372118
        ]
      },
      "properties": {
        "id": "osm:node:11175081458",
        "source": "osm",
        "title": "War Memorial",
        "address": "",
        "description": "",
        "categories": [
          "historical",
          "memorial"
        ],
        "primary_category": "historical",
        "interest_score": 46,
        "website": "",
        "wikipedia": "",
        "wikidata": "",
        "source_url": "https://www.openstreetmap.org/node/11175081458",
        "fetched_at_utc": "2026-10-07T11:41:56+00:00",
        "query_key": "historic_sites",
        "tags": {
          "historic": "memorial",
          "name": "War Memorial",
          "note_IWM": "No IWM ID",
          "ref:canmore": "87698",
          "source:url": "https://www.cwgc.org/visit-us/find-cemeteries-memorials/cemetery-details/2000413/edinburgh-north-merchiston-cemetery/",
          "war_memorial": "yes"
        }
      }
    },
    {
      "type": "Feature",
      "geometry": {
        "type": "Point",
        "coordinates": [
          -3.1927427,
          55.9801416
        ]
      },
      "properties": {
        "id": "osm:node:12969231593",
        "source": "osm",
        "title": "War Memorial",
        "address": "",
        "description": "",
        "categories": [
          "historical",
          "memorial"
        ],
        "primary_category": "historical",
        "interest_score": 46,
        "website": "",
        "wikipedia": "",
        "wikidata": "",
        "source_url": "https://www.openstreetmap.org/node/12969231593",
        "fetched_at_utc": "2026-10-07T11:41:56+00:00",
        "query_key": "historic_sites",
        "tags": {
          "historic": "memorial",
          "memorial": "tablet",
          "memorial:conflict": "WW1",
          "name": "War Memorial",
          "ref:canmore": "340795",
          "ref:iwm": "88827",
          "start_date": "1925",
          "war_memorial": "yes"
        }
      }
    },
    {
      "type": "Feature",
      "geometry": {
        "type": "Point",
        "coordinates": [
          -3.2388967,
          55.9415519
        ]
      },
      "properties": {
        "id": "osm:node:12987480788",
        "source": "osm",
        "title": "War Memorial",
        "address": "",
        "description": "",
        "categories": [
          "historical",
          "memorial"
        ],
        "primary_category": "historical",
        "interest_score": 46,
        "website": "",
        "wikipedia": "",
        "wikidata": "",
        "source_url": "https://www.openstreetmap.org/node/12987480788",
        "fetched_at_utc": "2026-10-07T11:41:56+00:00",
        "query_key": "historic_sites",
        "tags": {
          "alt_name": "Scottish Rugby Men War Memorial",
          "historic": "memorial",
          "memorial": "ceremonial_arch",
          "memorial:conflict": "WW1;WW2",
          "name": "War Memorial",
          "ref:canmore": "300653",
          "ref:iwm": "2047",
          "war_memorial": "yes"
        }
      }
    },
    {
      "type": "Feature",
      "geometry": {
        "type": "Point",
        "coordinates": [
          -3.2235776,
          55.9762535
        ]
      },
      "properties": {
        "id": "osm:node:13092472610",
        "source": "osm",
        "title": "War Memorial",
        "address": "",
        "description": "",
        "categories": [
          "historical",
          "memorial"
        ],
        "primary_category": "historical",
        "interest_score": 46,
        "website": "",
        "wikipedia": "",
        "wikidata": "",
        "source_url": "https://www.openstreetmap.org/node/13092472610",
        "fetched_at_utc": "2026-10-07T11:41:56+00:00",
        "query_key": "historic_sites",
        "tags": {
          "historic": "memorial",
          "memorial": "obelisk",
          "memorial:conflict": "WW1",
          "name": "War Memorial",
          "ref:canmore": "151418",
          "ref:iwm": "88820",
          "war_memorial": "yes"
        }
      }
    },
    {
      "type": "Feature",
      "geometry": {
        "type": "Point",
        "coordinates": [
          -3.2255657,
          55.9442666
        ]
      },
      "properties": {
        "id": "osm:node:13119884883",
        "source": "osm",
        "title": "War Memorial",
        "address": "",
        "description": "",
        "categories": [
          "historical",
          "memorial"
        ],
        "primary_category": "historical",
        "interest_score": 46,
        "website": "",
        "wikipedia": "",
        "wikidata": "",
        "source_url": "https://www.openstreetmap.org/node/13119884883",
        "fetched_at_utc": "2026-10-07T11:41:56+00:00",
        "query_key": "historic_sites",
        "tags": {
          "historic": "memorial",
          "memorial": "tablet",
          "name": "War Memorial",
          "note": "No Canmore ID",
          "ref:iwm": "53782",
          "start_date": "2002",
          "war_memorial": "yes"
        }
      }
    },
    {
      "type": "Feature",
      "geometry": {
        "type": "Point",
        "coordinates": [
          -3.22671416,
          55.95413324
        ]
      },
      "properties": {
        "id": "osm:way:277205675",
        "source": "osm",
        "title": "War Memorial",
        "address": "",
        "description": "",
        "categories": [
          "historical",
          "memorial"
        ],
        "primary_category": "historical",
        "interest_score": 46,
        "website": "",
        "wikipedia": "",
        "wikidata": "",
        "source_url": "https://www.openstreetmap.org/way/277205675",
        "fetched_at_utc": "2026-10-07T11:41:56+00:00",
        "query_key": "historic_sites",
        "tags": {
          "historic": "memorial",
          "memorial": "obelisk",
          "memorial:conflict": "WW1;WW2",
          "name": "War Memorial",
          "ref:canmore": "221392;122192",
          "ref:iwm": "76635",
          "source": "Bing;survey",
          "war_memorial": "yes"
        }
      }
    },
    {
      "type": "Feature",
      "geometry": {
        "type": "Point",
        "coordinates": [
          -3.1785603,
          55.9420435
        ]
      },
      "properties": {
        "id": "osm:node:3798302561",
        "source": "osm",
        "title": "Waterloo Memorial",
        "address": "",
        "description": "Waterloo 1815",
        "categories": [
          "historical",
          "memorial"
        ],
        "primary_category": "historical",
        "interest_score": 46,
        "website": "",
        "wikipedia": "",
        "wikidata": "",
        "source_url": "https://www.openstreetmap.org/node/3798302561",
        "fetched_at_utc": "2026-10-07T11:41:56+00:00",
        "query_key": "historic_sites",
        "tags": {
          "drinking_water:signed": "no",
          "historic": "memorial",
          "inscription": "Waterloo 1815",
          "man_made": "water_well",
          "memorial": "obelisk",
          "name": "Waterloo Memorial",
          "note_IWM": "No IWM ID",
          "ref:canmore": "237122",
          "war_memorial": "yes"
        }
      }
    },
    {
      "type": "Feature",
      "geometry": {
        "type": "Point",
        "coordinates": [
          -3.2134621,
          55.9405366
        ]
      },
      "properties": {
        "id": "osm:node:6343392377",
        "source": "osm",
        "title": "William Bloomfield",
        "address": "",
        "description": "Captain William Bloomfield South African Forces 24th August 1916",
        "categories": [
          "historical",
          "memorial"
        ],
        "primary_category": "historical",
        "interest_score": 46,
        "website": "",
        "wikipedia": "",
        "wikidata": "",
        "source_url": "https://www.openstreetmap.org/node/6343392377",
        "fetched_at_utc": "2026-10-07T11:41:56+00:00",
        "query_key": "historic_sites",
        "tags": {
          "historic": "memorial",
          "inscription": "Captain William Bloomfield South African Forces 24th August 1916",
          "memorial": "plaque",
          "name": "William Bloomfield"
        }
      }
    },
    {
      "type": "Feature",
      "geometry": {
        "type": "Point",
        "coordinates": [
          -3.1871991,
          55.947626
        ]
      },
      "properties": {
        "id": "osm:node:6253887441",
        "source": "osm",
        "title": "William James",
        "address": "",
        "description": "In honour of William James 1842-1910 Philosopher, psycologist and teacher, Gifford lecturer at the university (1901-02) on The varieties of religious experience: A study in human nature",
        "categories": [
          "historical",
          "memorial"
        ],
        "primary_category": "historical",
        "interest_score": 46,
        "website": "",
        "wikipedia": "",
        "wikidata": "",
        "source_url": "https://www.openstreetmap.org/node/6253887441",
        "fetched_at_utc": "2026-10-07T11:41:56+00:00",
        "query_key": "historic_sites",
        "tags": {
          "historic": "memorial",
          "historic:date": "1901..1902",
          "inscription": "In honour of William James 1842-1910 Philosopher, psycologist and teacher, Gifford lecturer at the university (1901-02) on The varieties of religious experience: A study in human nature",
          "memorial": "plaque",
          "name": "William James",
          "openplaques:id": "51330",
          "plaque": "here_worked",
          "subject:wikidata": "Q125249",
          "subject:wikipedia": "en:William James"
        }
      }
    },
    {
      "type": "Feature",
      "geometry": {
        "type": "Point",
        "coordinates": [
          -3.1865922,
          55.9470384
        ]
      },
      "properties": {
        "id": "osm:node:3042583090",
        "source": "osm",
        "title": "William McGonagall, Poet and tragedian died here 29th September 1902",
        "address": "",
        "description": "William McGonagall, Poet and tragedian died here 29th September 1902",
        "categories": [
          "historical",
          "memorial"
        ],
        "primary_category": "historical",
        "interest_score": 46,
        "website": "",
        "wikipedia": "",
        "wikidata": "",
        "source_url": "https://www.openstreetmap.org/node/3042583090",
        "fetched_at_utc": "2026-10-07T11:41:56+00:00",
        "query_key": "historic_sites",
        "tags": {
          "historic": "memorial",
          "inscription": "William McGonagall, Poet and tragedian died here 29th September 1902",
          "memorial": "plaque"
        }
      }
    },
    {
      "type": "Feature",
      "geometry": {
        "type": "Point",
        "coordinates": [
          -3.18847,
          55.9691217
        ]
      },
      "properties": {
        "id": "osm:node:5691821857",
        "source": "osm",
        "title": "Wojtek the Bear Memorial",
        "address": "",
        "description": "",
        "categories": [
          "historical",
          "memorial"
        ],
        "primary_category": "historical",
        "interest_score": 46,
        "website": "",
        "wikipedia": "",
        "wikidata": "",
        "source_url": "https://www.openstreetmap.org/node/5691821857",
        "fetched_at_utc": "2026-10-07T11:41:56+00:00",
        "query_key": "historic_sites",
        "tags": {
          "historic": "memorial",
          "memorial": "stone",
          "memorial:conflict": "WW2",
          "name": "Wojtek the Bear Memorial",
          "note": "No Canmore ID",
          "ref:iwm": "87508",
          "start_date": "2010-11-14",
          "war_memorial": "yes"
        }
      }
    },
    {
      "type": "Feature",
      "geometry": {
        "type": "Point",
        "coordinates": [
          -3.1767544,
          55.9822842
        ]
      },
      "properties": {
        "id": "osm:node:2466425942",
        "source": "osm",
        "title": "Yottie",
        "address": "",
        "description": "",
        "categories": [
          "historical",
          "memorial"
        ],
        "primary_category": "historical",
        "interest_score": 46,
        "website": "",
        "wikipedia": "",
        "wikidata": "",
        "source_url": "https://www.openstreetmap.org/node/2466425942",
        "fetched_at_utc": "2026-10-07T11:41:56+00:00",
        "query_key": "historic_sites",
        "tags": {
          "alt_name": "Ellis Norrell Statue",
          "historic": "memorial",
          "material": "bronze",
          "memorial": "statue",
          "name": "Yottie"
        }
      }
    },
    {
      "type": "Feature",
      "geometry": {
        "type": "Point",
        "coordinates": [
          -3.1964555,
          55.9473476
        ]
      },
      "properties": {
        "id": "osm:node:7344049849",
        "source": "osm",
        "title": "Zeppelin Airship L14 Bomb Crater Memorial",
        "address": "",
        "description": "This stone marks the site of a bomb dropped from Zeppelin Airship L14 on the night od 2nd April 1916",
        "categories": [
          "historical",
          "memorial"
        ],
        "primary_category": "historical",
        "interest_score": 46,
        "website": "",
        "wikipedia": "",
        "wikidata": "",
        "source_url": "https://www.openstreetmap.org/node/7344049849",
        "fetched_at_utc": "2026-10-07T11:41:56+00:00",
        "query_key": "historic_sites",
        "tags": {
          "historic": "memorial",
          "inscription": "This stone marks the site of a bomb dropped from Zeppelin Airship L14 on the night od 2nd April 1916",
          "memorial": "stone",
          "name": "Zeppelin Airship L14 Bomb Crater Memorial"
        }
      }
    },
    {
      "type": "Feature",
      "geometry": {
        "type": "Point",
        "coordinates": [
          -3.207733,
          55.9500771
        ]
      },
      "properties": {
        "id": "osm:node:8494736104",
        "source": "osm",
        "title": "Zhi Min Soh Ghost Bike",
        "address": "",
        "description": "Zhi Min Soh",
        "categories": [
          "historical",
          "memorial"
        ],
        "primary_category": "historical",
        "interest_score": 46,
        "website": "",
        "wikipedia": "",
        "wikidata": "",
        "source_url": "https://www.openstreetmap.org/node/8494736104",
        "fetched_at_utc": "2026-10-07T11:41:56+00:00",
        "query_key": "historic_sites",
        "tags": {
          "historic": "memorial",
          "inscription": "Zhi Min Soh",
          "memorial": "ghost_bike",
          "name": "Zhi Min Soh Ghost Bike"
        }
      }
    },
    {
      "type": "Feature",
      "geometry": {
        "type": "Point",
        "coordinates": [
          -3.22381302,
          55.936756079999995
        ]
      },
      "properties": {
        "id": "osm:way:1124003074",
        "source": "osm",
        "title": "Grove in the Park",
        "address": "",
        "description": "Meanwhile community garden",
        "categories": [
          "natural",
          "garden"
        ],
        "primary_category": "natural",
        "interest_score": 45,
        "website": "https://grovecommunitygarden.wordpress.com/",
        "wikipedia": "",
        "wikidata": "",
        "source_url": "https://www.openstreetmap.org/way/1124003074",
        "fetched_at_utc": "2026-10-07T11:41:56+00:00",
        "query_key": "gardens",
        "tags": {
          "access": "yes",
          "description": "Meanwhile community garden",
          "email": "grovefcg@gmail.com",
          "fee": "no",
          "garden:type": "community",
          "leisure": "garden",
          "name": "Grove in the Park",
          "operator": "Grove Fountainbridge Community Garden",
          "operator:type": "community",
          "website": "https://grovecommunitygarden.wordpress.com/"
        }
      }
    },
    {
      "type": "Feature",
      "geometry": {
        "type": "Point",
        "coordinates": [
          -3.2281290470588235,
          55.934669323529405
        ]
      },
      "properties": {
        "id": "osm:way:496071868",
        "source": "osm",
        "title": "Grove Phoenix",
        "address": "",
        "description": "Meanwhile garden in collaboration with local community. In the past (until 2020) operated by Fresh Start",
        "categories": [
          "natural",
          "garden"
        ],
        "primary_category": "natural",
        "interest_score": 45,
        "website": "https://grovecommunitygarden.wordpress.com/",
        "wikipedia": "",
        "wikidata": "",
        "source_url": "https://www.openstreetmap.org/way/496071868",
        "fetched_at_utc": "2026-10-07T11:41:56+00:00",
        "query_key": "gardens",
        "tags": {
          "access": "permissive",
          "description": "Meanwhile garden in collaboration with local community. In the past (until 2020) operated by Fresh Start",
          "email": "grovefcg@gmail.com",
          "fee": "no",
          "garden:type": "community",
          "leisure": "garden",
          "name": "Grove Phoenix",
          "source": "NLS_OS_Edinburgh_map_1940s",
          "website": "https://grovecommunitygarden.wordpress.com/"
        }
      }
    },
    {
      "type": "Feature",
      "geometry": {
        "type": "Point",
        "coordinates": [
          -3.19025346,
          55.950095399999995
        ]
      },
      "properties": {
        "id": "osm:way:304542355",
        "source": "osm",
        "title": "Alexander And Bucephalus",
        "address": "",
        "description": "",
        "categories": [
          "cultural",
          "art"
        ],
        "primary_category": "cultural",
        "interest_score": 44,
        "website": "",
        "wikipedia": "",
        "wikidata": "Q17570725",
        "source_url": "https://www.openstreetmap.org/way/304542355",
        "fetched_at_utc": "2026-10-07T11:41:56+00:00",
        "query_key": "galleries_and_arts",
        "tags": {
          "area": "yes",
          "artist:wikidata": "Q3297902",
          "artwork_type": "statue",
          "name": "Alexander And Bucephalus",
          "ref:canmore": "253682",
          "source": "survey",
          "start_date": "1884",
          "subject:wikidata": "Q113697836",
          "tourism": "artwork",
          "wheelchair": "yes",
          "wikidata": "Q17570725"
        },
        "sitelinks": 1
      }
    },
    {
      "type": "Feature",
      "geometry": {
        "type": "Point",
        "coordinates": [
          -3.20848265,
          55.9412734
        ]
      },
      "properties": {
        "id": "osm:way:1474280377",
        "source": "osm",
        "title": "Frederick Douglass",
        "address": "",
        "description": "",
        "categories": [
          "cultural",
          "art"
        ],
        "primary_category": "cultural",
        "interest_score": 44,
        "website": "",
        "wikipedia": "",
        "wikidata": "Q215562",
        "source_url": "https://www.openstreetmap.org/way/1474280377",
        "fetched_at_utc": "2026-10-07T11:41:56+00:00",
        "query_key": "galleries_and_arts",
        "tags": {
          "artist_name": "TrenchOne",
          "artwork_type": "mural",
          "name": "Frederick Douglass",
          "tourism": "artwork",
          "wikidata": "Q215562"
        },
        "sitelinks": 73
      }
    },
    {
      "type": "Feature",
      "geometry": {
        "type": "Point",
        "coordinates": [
          -3.2008221,
          55.9491633
        ]
      },
      "properties": {
        "id": "osm:node:505014479",
        "source": "osm",
        "title": "One O'Clock Gun",
        "address": "",
        "description": "",
        "categories": [
          "historical",
          "landmark"
        ],
        "primary_category": "historical",
        "interest_score": 44,
        "website": "https://www.edinburghcastle.scot/see-and-do/highlights/one-oclock-gun",
        "wikipedia": "",
        "wikidata": "",
        "source_url": "https://www.openstreetmap.org/node/505014479",
        "fetched_at_utc": "2026-10-07T11:41:56+00:00",
        "query_key": "attractions_and_viewpoints",
        "tags": {
          "historic": "cannon",
          "name": "One O'Clock Gun",
          "name:es": "Cañón de la una en punto",
          "source": "Bing;survey",
          "tourism": "attraction",
          "website": "https://www.edinburghcastle.scot/see-and-do/highlights/one-oclock-gun",
          "wikimedia_commons": "File:One OClock Gun.JPG"
        }
      }
    },
    {
      "type": "Feature",
      "geometry": {
        "type": "Point",
        "coordinates": [
          -3.1869088,
          55.9472046
        ]
      },
      "properties": {
        "id": "osm:node:2260378821",
        "source": "osm",
        "title": "Playfair Library",
        "address": "South Bridge",
        "description": "",
        "categories": [
          "cultural",
          "literary"
        ],
        "primary_category": "cultural",
        "interest_score": 44,
        "website": "",
        "wikipedia": "",
        "wikidata": "Q107397377",
        "source_url": "https://www.openstreetmap.org/node/2260378821",
        "fetched_at_utc": "2026-10-07T11:41:56+00:00",
        "query_key": "performance_and_literary",
        "tags": {
          "addr:street": "South Bridge",
          "amenity": "library",
          "check_date": "2024-04-30",
          "level": "1",
          "name": "Playfair Library",
          "operator": "University of Edinburgh",
          "source": "survey",
          "wikidata": "Q107397377"
        },
        "sitelinks": 0
      }
    },
    {
      "type": "Feature",
      "geometry": {
        "type": "Point",
        "coordinates": [
          -3.2001753132075472,
          55.950772511320764
        ]
      },
      "properties": {
        "id": "osm:way:511339902",
        "source": "osm",
        "title": "Ross Theatre",
        "address": "",
        "description": "",
        "categories": [
          "cultural",
          "art"
        ],
        "primary_category": "cultural",
        "interest_score": 44,
        "website": "",
        "wikipedia": "",
        "wikidata": "Q114231544",
        "source_url": "https://www.openstreetmap.org/way/511339902",
        "fetched_at_utc": "2026-10-07T11:41:56+00:00",
        "query_key": "performance_and_literary",
        "tags": {
          "alt_name": "Ross Bandstand;Ross Theatre Bandstand",
          "amenity": "theatre",
          "check_date": "2026-05-20",
          "name": "Ross Theatre",
          "theatre:type": "open_air",
          "wikidata": "Q114231544"
        },
        "sitelinks": 0
      }
    },
    {
      "type": "Feature",
      "geometry": {
        "type": "Point",
        "coordinates": [
          -3.1869535,
          55.9565936
        ]
      },
      "properties": {
        "id": "osm:node:11222240570",
        "source": "osm",
        "title": "Sherlock Holmes",
        "address": "",
        "description": "IN MEMORY OF SIR ARTHUR CONAN DOYLE - BORN ON 22 MAY 1859 CLOSE TO THIS SPOT - DONATED TO THE CITY OF EDINBURGH BY - EDINBURGH AND LOTHIANS OF THE FEDERATION OF MASTER BUILDERS - ON THE FEDERATION'S 50TH ANNIVERSARY",
        "categories": [
          "cultural",
          "art"
        ],
        "primary_category": "cultural",
        "interest_score": 44,
        "website": "",
        "wikipedia": "",
        "wikidata": "Q51804761",
        "source_url": "https://www.openstreetmap.org/node/11222240570",
        "fetched_at_utc": "2026-10-07T11:41:56+00:00",
        "query_key": "galleries_and_arts",
        "tags": {
          "artist:wikidata": "Q5549319",
          "artist_name": "Gerald Ogilvie Laing",
          "artwork_type": "statue",
          "inscription": "IN MEMORY OF SIR ARTHUR CONAN DOYLE - BORN ON 22 MAY 1859 CLOSE TO THIS SPOT - DONATED TO THE CITY OF EDINBURGH BY - EDINBURGH AND LOTHIANS OF THE FEDERATION OF MASTER BUILDERS - ON THE FEDERATION'S 50TH ANNIVERSARY",
          "material": "bronze",
          "name": "Sherlock Holmes",
          "start_date": "1991-06-24",
          "subject:wikidata": "Q4653",
          "subject:wikipedia": "en:Sherlock Holmes",
          "tourism": "artwork",
          "wikidata": "Q51804761"
        },
        "sitelinks": 1
      }
    },
    {
      "type": "Feature",
      "geometry": {
        "type": "Point",
        "coordinates": [
          -3.1980975,
          55.9510093
        ]
      },
      "properties": {
        "id": "osm:node:2934374681",
        "source": "osm",
        "title": "The Genius of Architecture crowning the Theory and Practice of Art",
        "address": "",
        "description": "",
        "categories": [
          "cultural",
          "art"
        ],
        "primary_category": "cultural",
        "interest_score": 44,
        "website": "",
        "wikipedia": "",
        "wikidata": "Q17791190",
        "source_url": "https://www.openstreetmap.org/node/2934374681",
        "fetched_at_utc": "2026-10-07T11:41:56+00:00",
        "query_key": "galleries_and_arts",
        "tags": {
          "artist:wikidata": "Q8005965",
          "artist_name": "William Brodie",
          "artwork_type": "statue",
          "material": "stone",
          "name": "The Genius of Architecture crowning the Theory and Practice of Art",
          "ref:canmore": "117449",
          "tourism": "artwork",
          "wikidata": "Q17791190"
        },
        "sitelinks": 0
      }
    },
    {
      "type": "Feature",
      "geometry": {
        "type": "Point",
        "coordinates": [
          -3.17212888,
          55.97297724
        ]
      },
      "properties": {
        "id": "osm:way:314431644",
        "source": "osm",
        "title": "the 17th century Trough unearthed by Headland Scotland during archaeological dig",
        "address": "",
        "description": "the 17th century Trough unearthed by Headland Scotland during archaeological dig",
        "categories": [
          "historical"
        ],
        "primary_category": "historical",
        "interest_score": 43,
        "website": "",
        "wikipedia": "",
        "wikidata": "",
        "source_url": "https://www.openstreetmap.org/way/314431644",
        "fetched_at_utc": "2026-10-07T11:41:56+00:00",
        "query_key": "historic_sites",
        "tags": {
          "description": "the 17th century Trough unearthed by Headland Scotland during archaeological dig",
          "historic": "archaeological_site",
          "source": "survey"
        }
      }
    },
    {
      "type": "Feature",
      "geometry": {
        "type": "Point",
        "coordinates": [
          -3.2157998,
          55.9528748
        ]
      },
      "properties": {
        "id": "osm:node:12118451774",
        "source": "osm",
        "title": "The Millstones",
        "address": "",
        "description": "3 millstones concreted together",
        "categories": [
          "historical",
          "landmark"
        ],
        "primary_category": "historical",
        "interest_score": 43,
        "website": "",
        "wikipedia": "",
        "wikidata": "",
        "source_url": "https://www.openstreetmap.org/node/12118451774",
        "fetched_at_utc": "2026-10-07T11:41:56+00:00",
        "query_key": "attractions_and_viewpoints",
        "tags": {
          "description": "3 millstones concreted together",
          "historic": "millstone",
          "name": "The Millstones",
          "natural": "stone",
          "start_date": "1931",
          "tourism": "attraction"
        }
      }
    },
    {
      "type": "Feature",
      "geometry": {
        "type": "Point",
        "coordinates": [
          -3.1960267,
          55.9474983
        ]
      },
      "properties": {
        "id": "osm:node:5629281877",
        "source": "osm",
        "title": "Grassmarket Market",
        "address": "Grassmarket, Edinburgh, EH1 2JR",
        "description": "",
        "categories": [
          "cultural",
          "market"
        ],
        "primary_category": "cultural",
        "interest_score": 42,
        "website": "https://www.stockbridgemarket.com/grassmarket.html",
        "wikipedia": "",
        "wikidata": "",
        "source_url": "https://www.openstreetmap.org/node/5629281877",
        "fetched_at_utc": "2026-10-07T11:41:56+00:00",
        "query_key": "markets",
        "tags": {
          "addr:city": "Edinburgh",
          "addr:postcode": "EH1 2JR",
          "addr:street": "Grassmarket",
          "amenity": "marketplace",
          "name": "Grassmarket Market",
          "opening_hours": "Sa 10:00-17:00",
          "operator": "Grassmarket Limited",
          "website": "https://www.stockbridgemarket.com/grassmarket.html"
        }
      }
    },
    {
      "type": "Feature",
      "geometry": {
        "type": "Point",
        "coordinates": [
          -3.1776236500000006,
          55.943060824999996
        ]
      },
      "properties": {
        "id": "osm:way:41558984",
        "source": "osm",
        "title": "Holyrood Distillery",
        "address": "19 St Leonard's Lane, Edinburgh, EH8 9SH",
        "description": "",
        "categories": [
          "landmark"
        ],
        "primary_category": "landmark",
        "interest_score": 42,
        "website": "https://www.holyrooddistillery.co.uk/",
        "wikipedia": "",
        "wikidata": "Q120108000",
        "source_url": "https://www.openstreetmap.org/way/41558984",
        "fetched_at_utc": "2026-10-07T11:41:56+00:00",
        "query_key": "attractions_and_viewpoints",
        "tags": {
          "addr:city": "Edinburgh",
          "addr:country": "GB",
          "addr:housenumber": "19",
          "addr:postcode": "EH8 9SH",
          "addr:street": "St Leonard's Lane",
          "craft": "distillery",
          "fhrs:id": "1718142",
          "landuse": "industrial",
          "name": "Holyrood Distillery",
          "opening_hours": "Mo-Su 11:30+",
          "phone": "+44 131 285 8977",
          "source": "survey",
          "source:addr": "FHRS Open Data",
          "tourism": "attraction",
          "website": "https://www.holyrooddistillery.co.uk/",
          "wikidata": "Q120108000"
        },
        "sitelinks": 2
      }
    },
    {
      "type": "Feature",
      "geometry": {
        "type": "Point",
        "coordinates": [
          -3.2305709,
          55.9822233
        ]
      },
      "properties": {
        "id": "osm:node:12811599532",
        "source": "osm",
        "title": "Pianodrome",
        "address": "",
        "description": "",
        "categories": [
          "cultural",
          "music"
        ],
        "primary_category": "cultural",
        "interest_score": 42,
        "website": "https://www.pianodrome.org/",
        "wikipedia": "",
        "wikidata": "",
        "source_url": "https://www.openstreetmap.org/node/12811599532",
        "fetched_at_utc": "2026-10-07T11:41:56+00:00",
        "query_key": "performance_and_literary",
        "tags": {
          "amenity": "music_venue",
          "check_date": "2026-04-08",
          "contact:instagram": "https://www.instagram.com/pianodrome",
          "contact:twitter": "https://twitter.com/pianodrome",
          "name": "Pianodrome",
          "website": "https://www.pianodrome.org/"
        }
      }
    },
    {
      "type": "Feature",
      "geometry": {
        "type": "Point",
        "coordinates": [
          -3.19972754,
          55.94883926
        ]
      },
      "properties": {
        "id": "osm:way:41299987",
        "source": "osm",
        "title": "Portcullis Gate and Argyle Tower",
        "address": "",
        "description": "",
        "categories": [
          "historical",
          "landmark"
        ],
        "primary_category": "historical",
        "interest_score": 42,
        "website": "",
        "wikipedia": "",
        "wikidata": "",
        "source_url": "https://www.openstreetmap.org/way/41299987",
        "fetched_at_utc": "2026-10-07T11:41:56+00:00",
        "query_key": "attractions_and_viewpoints",
        "tags": {
          "building": "gatehouse",
          "height": "13",
          "historic": "tower",
          "layer": "1",
          "man_made": "tower",
          "name": "Portcullis Gate and Argyle Tower",
          "roof:colour": "grey",
          "roof:height": "5",
          "roof:shape": "gabled",
          "source": "Bing",
          "tourism": "attraction",
          "tower:type": "defensive",
          "wikimedia_commons": "Category:Portcullis gate, Edinburgh Castle"
        }
      }
    },
    {
      "type": "Feature",
      "geometry": {
        "type": "Point",
        "coordinates": [
          -3.1908778,
          55.9510784
        ]
      },
      "properties": {
        "id": "osm:node:2973367148",
        "source": "osm",
        "title": "The Edinburgh Dungeon",
        "address": "31 Market Street, Edinburgh",
        "description": "",
        "categories": [
          "landmark"
        ],
        "primary_category": "landmark",
        "interest_score": 42,
        "website": "https://www.thedungeons.com/edinburgh/en/",
        "wikipedia": "",
        "wikidata": "Q55076772",
        "source_url": "https://www.openstreetmap.org/node/2973367148",
        "fetched_at_utc": "2026-10-07T11:41:56+00:00",
        "query_key": "attractions_and_viewpoints",
        "tags": {
          "addr:city": "Edinburgh",
          "addr:housenumber": "31",
          "addr:street": "Market Street",
          "fee": "yes",
          "name": "The Edinburgh Dungeon",
          "opening_hours:url": "https://www.thedungeons.com/edinburgh/plan-your-visit/before-you-visit/opening-hours/",
          "source": "survey",
          "tourism": "attraction",
          "website": "https://www.thedungeons.com/edinburgh/en/",
          "wheelchair": "limited",
          "wikidata": "Q55076772"
        },
        "sitelinks": 2
      }
    },
    {
      "type": "Feature",
      "geometry": {
        "type": "Point",
        "coordinates": [
          -3.2427426,
          55.9830903
        ]
      },
      "properties": {
        "id": "osm:node:12214701901",
        "source": "osm",
        "title": "The Pitt",
        "address": "20 West Shore Road, EH5 1QD",
        "description": "",
        "categories": [
          "cultural",
          "market"
        ],
        "primary_category": "cultural",
        "interest_score": 42,
        "website": "https://www.thepitt.co.uk/",
        "wikipedia": "",
        "wikidata": "",
        "source_url": "https://www.openstreetmap.org/node/12214701901",
        "fetched_at_utc": "2026-10-07T11:41:56+00:00",
        "query_key": "markets",
        "tags": {
          "addr:housenumber": "20",
          "addr:postcode": "EH5 1QD",
          "addr:street": "West Shore Road",
          "amenity": "marketplace",
          "building": "warehouse",
          "check_date": "2026-04-07",
          "internet_access": "wlan",
          "internet_access:fee": "no",
          "name": "The Pitt",
          "payment:cash": "yes",
          "payment:credit_cards": "yes",
          "payment:debit_cards": "yes",
          "website": "https://www.thepitt.co.uk/",
          "wheelchair": "yes"
        }
      }
    },
    {
      "type": "Feature",
      "geometry": {
        "type": "Point",
        "coordinates": [
          -3.1933725,
          55.9378976
        ]
      },
      "properties": {
        "id": "osm:node:3111236576",
        "source": "osm",
        "title": "Doodles",
        "address": "29 Marchmont Crescent, Edinburgh, EH9 1HQ",
        "description": "Ceramics workshop",
        "categories": [
          "cultural",
          "art"
        ],
        "primary_category": "cultural",
        "interest_score": 41,
        "website": "https://www.doodlesscotland.co.uk/",
        "wikipedia": "",
        "wikidata": "",
        "source_url": "https://www.openstreetmap.org/node/3111236576",
        "fetched_at_utc": "2026-10-07T11:41:56+00:00",
        "query_key": "galleries_and_arts",
        "tags": {
          "addr:city": "Edinburgh",
          "addr:housenumber": "29",
          "addr:postcode": "EH9 1HQ",
          "addr:street": "Marchmont Crescent",
          "amenity": "arts_centre",
          "check_date": "2024-11-24",
          "description": "Ceramics workshop",
          "name": "Doodles",
          "opening_hours": "Mo 10:00-18:00; Tu-Th 10:30-21:00; Fr-Sa 10:00-18:00; Su 12:00-18:00",
          "phone": "+44 131 229 1399",
          "source": "survey",
          "website": "https://www.doodlesscotland.co.uk/"
        }
      }
    },
    {
      "type": "Feature",
      "geometry": {
        "type": "Point",
        "coordinates": [
          -3.1841833,
          55.944328
        ]
      },
      "properties": {
        "id": "osm:node:11559849092",
        "source": "osm",
        "title": "Edinburgh Board Game Library",
        "address": "117 Nicolson Street, Edinburgh, EH8 9ER",
        "description": "Edinburgh Board Game Library has over 250 board games to be borrowed! You can borrow board games to take home and play with friends and family for a small annual fee.",
        "categories": [
          "cultural"
        ],
        "primary_category": "cultural",
        "interest_score": 41,
        "website": "https://edinburghboardgamelibrary.org.uk/",
        "wikipedia": "",
        "wikidata": "",
        "source_url": "https://www.openstreetmap.org/node/11559849092",
        "fetched_at_utc": "2026-10-07T11:41:56+00:00",
        "query_key": "performance_and_literary",
        "tags": {
          "addr:city": "Edinburgh",
          "addr:housenumber": "117",
          "addr:postcode": "EH8 9ER",
          "addr:street": "Nicolson Street",
          "amenity": "toy_library",
          "check_date:opening_hours": "2026-01-01",
          "description": "Edinburgh Board Game Library has over 250 board games to be borrowed! You can borrow board games to take home and play with friends and family for a small annual fee.",
          "name": "Edinburgh Board Game Library",
          "opening_hours": "Th 18:00-20:00",
          "opening_hours:url": "https://edinburghboardgamelibrary.org.uk/",
          "operator": "Edinburgh Board Game Library",
          "source:opening_hours": "website",
          "website": "https://edinburghboardgamelibrary.org.uk/",
          "wheelchair": "yes"
        }
      }
    },
    {
      "type": "Feature",
      "geometry": {
        "type": "Point",
        "coordinates": [
          -3.1949634,
          55.949736
        ]
      },
      "properties": {
        "id": "osm:node:11533737525",
        "source": "osm",
        "title": "New College Library",
        "address": "",
        "description": "One of the largest theological libraries in the UK",
        "categories": [
          "cultural",
          "literary"
        ],
        "primary_category": "cultural",
        "interest_score": 41,
        "website": "https://www.ed.ac.uk/information-services/library-museum-gallery/using-library/lib-locate/newcoll-lib",
        "wikipedia": "",
        "wikidata": "",
        "source_url": "https://www.openstreetmap.org/node/11533737525",
        "fetched_at_utc": "2026-10-07T11:41:56+00:00",
        "query_key": "performance_and_literary",
        "tags": {
          "amenity": "library",
          "check_date": "2024-01-20",
          "description": "One of the largest theological libraries in the UK",
          "name": "New College Library",
          "operator": "The University of Edinburgh",
          "website": "https://www.ed.ac.uk/information-services/library-museum-gallery/using-library/lib-locate/newcoll-lib"
        }
      }
    },
    {
      "type": "Feature",
      "geometry": {
        "type": "Point",
        "coordinates": [
          -3.1641513666666667,
          55.960862666666664
        ]
      },
      "properties": {
        "id": "osm:way:307612547",
        "source": "osm",
        "title": "Albion Road Artists' Studios",
        "address": "",
        "description": "",
        "categories": [
          "cultural",
          "architecture",
          "art"
        ],
        "primary_category": "cultural",
        "interest_score": 40,
        "website": "",
        "wikipedia": "",
        "wikidata": "",
        "source_url": "https://www.openstreetmap.org/way/307612547",
        "fetched_at_utc": "2026-10-07T11:41:56+00:00",
        "query_key": "galleries_and_arts",
        "tags": {
          "amenity": "arts_centre",
          "building": "yes",
          "name": "Albion Road Artists' Studios",
          "operator": "WASPS",
          "source": "Bing"
        }
      }
    },
    {
      "type": "Feature",
      "geometry": {
        "type": "Point",
        "coordinates": [
          -3.2484400333333334,
          55.937265877777776
        ]
      },
      "properties": {
        "id": "osm:way:42125191",
        "source": "osm",
        "title": "Balgreen Library",
        "address": "173 Balgreen Road, Edinburgh, EH11 3AT",
        "description": "",
        "categories": [
          "cultural",
          "architecture",
          "literary"
        ],
        "primary_category": "cultural",
        "interest_score": 40,
        "website": "",
        "wikipedia": "",
        "wikidata": "",
        "source_url": "https://www.openstreetmap.org/way/42125191",
        "fetched_at_utc": "2026-10-07T11:41:56+00:00",
        "query_key": "performance_and_literary",
        "tags": {
          "addr:city": "Edinburgh",
          "addr:housenumber": "173",
          "addr:postcode": "EH11 3AT",
          "addr:street": "Balgreen Road",
          "amenity": "library",
          "building": "yes",
          "check_date": "2024-08-24",
          "name": "Balgreen Library"
        }
      }
    },
    {
      "type": "Feature",
      "geometry": {
        "type": "Point",
        "coordinates": [
          -3.2217324594594587,
          55.949987654054084
        ]
      },
      "properties": {
        "id": "osm:relation:15334630",
        "source": "osm",
        "title": "Douglas Crescent Gardens",
        "address": "",
        "description": "",
        "categories": [
          "natural",
          "garden"
        ],
        "primary_category": "natural",
        "interest_score": 40,
        "website": "https://dcga.co.uk/",
        "wikipedia": "",
        "wikidata": "",
        "source_url": "https://www.openstreetmap.org/relation/15334630",
        "fetched_at_utc": "2026-10-07T11:41:56+00:00",
        "query_key": "gardens",
        "tags": {
          "access": "private",
          "garden:type": "private",
          "leisure": "garden",
          "name": "Douglas Crescent Gardens",
          "operator": "Douglas Crescent Gardens Association",
          "operator:type": "association",
          "website": "https://dcga.co.uk/"
        }
      }
    },
    {
      "type": "Feature",
      "geometry": {
        "type": "Point",
        "coordinates": [
          -3.195208480645162,
          55.958581835483876
        ]
      },
      "properties": {
        "id": "osm:way:23246326",
        "source": "osm",
        "title": "Drummond Place Gardens",
        "address": "",
        "description": "",
        "categories": [
          "natural",
          "garden"
        ],
        "primary_category": "natural",
        "interest_score": 40,
        "website": "http://drummondplacegarden.org.uk/",
        "wikipedia": "",
        "wikidata": "",
        "source_url": "https://www.openstreetmap.org/way/23246326",
        "fetched_at_utc": "2026-10-07T11:41:56+00:00",
        "query_key": "gardens",
        "tags": {
          "access": "private",
          "alt_name": "Drummond Place Gardens",
          "leisure": "garden",
          "name": "Drummond Place Gardens",
          "source": "bing",
          "website": "http://drummondplacegarden.org.uk/"
        }
      }
    },
    {
      "type": "Feature",
      "geometry": {
        "type": "Point",
        "coordinates": [
          -3.215188323076923,
          55.950951589743596
        ]
      },
      "properties": {
        "id": "osm:way:23033313",
        "source": "osm",
        "title": "Drumsheugh Gardens",
        "address": "",
        "description": "",
        "categories": [
          "natural",
          "garden"
        ],
        "primary_category": "natural",
        "interest_score": 40,
        "website": "http://drumsheughgardens.org.uk/",
        "wikipedia": "",
        "wikidata": "",
        "source_url": "https://www.openstreetmap.org/way/23033313",
        "fetched_at_utc": "2026-10-07T11:41:56+00:00",
        "query_key": "gardens",
        "tags": {
          "access": "private",
          "barrier": "fence",
          "fence_type": "metal",
          "garden:type": "private",
          "leisure": "garden",
          "name": "Drumsheugh Gardens",
          "operator": "Drumsheugh Gardens Upkeep Committee",
          "operator:type": "private",
          "source": "Bing",
          "website": "http://drumsheughgardens.org.uk/"
        }
      }
    },
    {
      "type": "Feature",
      "geometry": {
        "type": "Point",
        "coordinates": [
          -3.2032208975000005,
          55.95722132249999
        ]
      },
      "properties": {
        "id": "osm:way:23246306",
        "source": "osm",
        "title": "East Circus Place Gardens",
        "address": "",
        "description": "",
        "categories": [
          "natural",
          "garden"
        ],
        "primary_category": "natural",
        "interest_score": 40,
        "website": "https://www.eastcircusplacegardens.co.uk/",
        "wikipedia": "",
        "wikidata": "",
        "source_url": "https://www.openstreetmap.org/way/23246306",
        "fetched_at_utc": "2026-10-07T11:41:56+00:00",
        "query_key": "gardens",
        "tags": {
          "access": "private",
          "barrier": "fence",
          "fence_type": "metal",
          "leisure": "garden",
          "name": "East Circus Place Gardens",
          "source": "NLS_OS_Edinburgh_map_1940s;Bing",
          "website": "https://www.eastcircusplacegardens.co.uk/"
        }
      }
    },
    {
      "type": "Feature",
      "geometry": {
        "type": "Point",
        "coordinates": [
          -3.220327373148148,
          55.948510092592564
        ]
      },
      "properties": {
        "id": "osm:way:321935625",
        "source": "osm",
        "title": "Eglinton and Glencairn Gardens",
        "address": "",
        "description": "",
        "categories": [
          "natural",
          "garden"
        ],
        "primary_category": "natural",
        "interest_score": 40,
        "website": "http://www.eglintonglencairngardens.co.uk/",
        "wikipedia": "",
        "wikidata": "",
        "source_url": "https://www.openstreetmap.org/way/321935625",
        "fetched_at_utc": "2026-10-07T11:41:56+00:00",
        "query_key": "gardens",
        "tags": {
          "access": "private",
          "barrier": "fence",
          "garden:type": "private",
          "leisure": "garden",
          "name": "Eglinton and Glencairn Gardens",
          "operator": "Eglinton and Glencairn Gardens Association",
          "operator:type": "association",
          "source": "NLS_OS_Edinburgh_map_1940s;Bing;survey",
          "website": "http://www.eglintonglencairngardens.co.uk/"
        }
      }
    },
    {
      "type": "Feature",
      "geometry": {
        "type": "Point",
        "coordinates": [
          -3.241592054545455,
          55.98198032954545
        ]
      },
      "properties": {
        "id": "osm:way:671841776",
        "source": "osm",
        "title": "Granton Castle Walled Garden",
        "address": "",
        "description": "",
        "categories": [
          "natural",
          "garden"
        ],
        "primary_category": "natural",
        "interest_score": 40,
        "website": "https://www.grantoncastlewalledgarden.org.uk/",
        "wikipedia": "",
        "wikidata": "",
        "source_url": "https://www.openstreetmap.org/way/671841776",
        "fetched_at_utc": "2026-10-07T11:41:56+00:00",
        "query_key": "gardens",
        "tags": {
          "alt_name": "Granton Castle Garden",
          "check_date": "2026-09-11",
          "check_date:opening_hours": "2026-09-11",
          "email": "grantongarden@gmail.com",
          "fee": "no",
          "garden:type": "community",
          "leisure": "garden",
          "name": "Granton Castle Walled Garden",
          "opening_hours": "Sa,Su,PH 14:00-16:00; Nov-Mar Sa-Su,PH 13:00-15:00",
          "operator": "Friends of Granton Castle Walled Garden",
          "operator:type": "charitable",
          "website": "https://www.grantoncastlewalledgarden.org.uk/"
        }
      }
    },
    {
      "type": "Feature",
      "geometry": {
        "type": "Point",
        "coordinates": [
          -3.223736811538461,
          55.93567593269229
        ]
      },
      "properties": {
        "id": "osm:way:4288119",
        "source": "osm",
        "title": "Harrison Park East",
        "address": "",
        "description": "",
        "categories": [
          "natural",
          "park"
        ],
        "primary_category": "natural",
        "interest_score": 40,
        "website": "https://www.harrisonpark.org.uk/",
        "wikipedia": "",
        "wikidata": "",
        "source_url": "https://www.openstreetmap.org/way/4288119",
        "fetched_at_utc": "2026-10-07T11:41:56+00:00",
        "query_key": "parks",
        "tags": {
          "leisure": "park",
          "name": "Harrison Park East",
          "source": "NLS_OS_Edinburgh_map_1940s;Bing",
          "website": "https://www.harrisonpark.org.uk/"
        }
      }
    },
    {
      "type": "Feature",
      "geometry": {
        "type": "Point",
        "coordinates": [
          -3.227016732432432,
          55.93406817567568
        ]
      },
      "properties": {
        "id": "osm:way:5036966",
        "source": "osm",
        "title": "Harrison Park West",
        "address": "",
        "description": "",
        "categories": [
          "natural",
          "park"
        ],
        "primary_category": "natural",
        "interest_score": 40,
        "website": "https://www.harrisonpark.org.uk/",
        "wikipedia": "",
        "wikidata": "",
        "source_url": "https://www.openstreetmap.org/way/5036966",
        "fetched_at_utc": "2026-10-07T11:41:56+00:00",
        "query_key": "parks",
        "tags": {
          "leisure": "park",
          "name": "Harrison Park West",
          "website": "https://www.harrisonpark.org.uk/"
        }
      }
    },
    {
      "type": "Feature",
      "geometry": {
        "type": "Point",
        "coordinates": [
          -3.1835638096774193,
          55.961376283870955
        ]
      },
      "properties": {
        "id": "osm:way:27824052",
        "source": "osm",
        "title": "Hopetoun Crescent Garden",
        "address": "",
        "description": "",
        "categories": [
          "natural",
          "garden"
        ],
        "primary_category": "natural",
        "interest_score": 40,
        "website": "http://www.hopetouncrescentgarden.org.uk/",
        "wikipedia": "",
        "wikidata": "",
        "source_url": "https://www.openstreetmap.org/way/27824052",
        "fetched_at_utc": "2026-10-07T11:41:56+00:00",
        "query_key": "gardens",
        "tags": {
          "access": "yes",
          "leisure": "garden",
          "name": "Hopetoun Crescent Garden",
          "website": "http://www.hopetouncrescentgarden.org.uk/"
        }
      }
    },
    {
      "type": "Feature",
      "geometry": {
        "type": "Point",
        "coordinates": [
          -3.2184438300000004,
          55.956545489999996
        ]
      },
      "properties": {
        "id": "osm:way:1133277341",
        "source": "osm",
        "title": "Learmonth Gardens",
        "address": "",
        "description": "",
        "categories": [
          "natural",
          "garden"
        ],
        "primary_category": "natural",
        "interest_score": 40,
        "website": "https://www.learmonth-gardens.org.uk/",
        "wikipedia": "",
        "wikidata": "",
        "source_url": "https://www.openstreetmap.org/way/1133277341",
        "fetched_at_utc": "2026-10-07T11:41:56+00:00",
        "query_key": "gardens",
        "tags": {
          "access": "private",
          "garden:type": "private",
          "leisure": "garden",
          "name": "Learmonth Gardens",
          "operator": "Learmonth Gardens Association",
          "operator:type": "association",
          "source": "NLS_OS_Edinburgh_map_1940s;Bing",
          "website": "https://www.learmonth-gardens.org.uk/"
        }
      }
    },
    {
      "type": "Feature",
      "geometry": {
        "type": "Point",
        "coordinates": [
          -3.166237991176471,
          55.97234395882352
        ]
      },
      "properties": {
        "id": "osm:way:604417038",
        "source": "osm",
        "title": "Leith Community Croft",
        "address": "",
        "description": "",
        "categories": [
          "natural",
          "garden"
        ],
        "primary_category": "natural",
        "interest_score": 40,
        "website": "https://www.earth-in-common.org/leith-community-croft",
        "wikipedia": "",
        "wikidata": "",
        "source_url": "https://www.openstreetmap.org/way/604417038",
        "fetched_at_utc": "2026-10-07T11:41:56+00:00",
        "query_key": "gardens",
        "tags": {
          "garden:type": "community",
          "leisure": "garden",
          "loc_name": "The Croft",
          "name": "Leith Community Croft",
          "website": "https://www.earth-in-common.org/leith-community-croft"
        }
      }
    },
    {
      "type": "Feature",
      "geometry": {
        "type": "Point",
        "coordinates": [
          -3.2418172375,
          55.97246047499999
        ]
      },
      "properties": {
        "id": "osm:way:453979732",
        "source": "osm",
        "title": "Pilton Community Garden",
        "address": "",
        "description": "",
        "categories": [
          "natural",
          "garden"
        ],
        "primary_category": "natural",
        "interest_score": 40,
        "website": "https://northedinburghcommunityorganics.wordpress.com/2014/05/11/pilton-community-gardeners-map-contacts/",
        "wikipedia": "",
        "wikidata": "",
        "source_url": "https://www.openstreetmap.org/way/453979732",
        "fetched_at_utc": "2026-10-07T11:41:56+00:00",
        "query_key": "gardens",
        "tags": {
          "access": "permissive",
          "contact:facebook": "https://en-gb.facebook.com/PiltonCommunityGardeners/",
          "garden:type": "community",
          "leisure": "garden",
          "name": "Pilton Community Garden",
          "source": "Bing;survey",
          "website": "https://northedinburghcommunityorganics.wordpress.com/2014/05/11/pilton-community-gardeners-map-contacts/"
        }
      }
    },
    {
      "type": "Feature",
      "geometry": {
        "type": "Point",
        "coordinates": [
          -3.1849458700000004,
          55.947049330000006
        ]
      },
      "properties": {
        "id": "osm:way:302959476",
        "source": "osm",
        "title": "Quincentenary Hall",
        "address": "",
        "description": "",
        "categories": [
          "cultural",
          "architecture",
          "art"
        ],
        "primary_category": "cultural",
        "interest_score": 40,
        "website": "",
        "wikipedia": "",
        "wikidata": "",
        "source_url": "https://www.openstreetmap.org/way/302959476",
        "fetched_at_utc": "2026-10-07T11:41:56+00:00",
        "query_key": "performance_and_literary",
        "tags": {
          "alt_name": "theSpace @ Surgeons' Hall",
          "amenity": "theatre",
          "building": "yes",
          "name": "Quincentenary Hall",
          "source": "Bing"
        }
      }
    },
    {
      "type": "Feature",
      "geometry": {
        "type": "Point",
        "coordinates": [
          -3.2078976307692297,
          55.95883796923077
        ]
      },
      "properties": {
        "id": "osm:way:268920116",
        "source": "osm",
        "title": "Stockbridge Library",
        "address": "11 Hamilton Place, Edinburgh, EH3 5BA",
        "description": "",
        "categories": [
          "cultural",
          "architecture",
          "literary"
        ],
        "primary_category": "cultural",
        "interest_score": 40,
        "website": "",
        "wikipedia": "",
        "wikidata": "",
        "source_url": "https://www.openstreetmap.org/way/268920116",
        "fetched_at_utc": "2026-10-07T11:41:56+00:00",
        "query_key": "performance_and_literary",
        "tags": {
          "addr:city": "Edinburgh",
          "addr:housenumber": "11",
          "addr:postcode": "EH3 5BA",
          "addr:street": "Hamilton Place",
          "amenity": "library",
          "building": "yes",
          "name": "Stockbridge Library",
          "opening_hours": "Mo, We 13:00-20:00; Tu, Th-Sa 10:00-17:00",
          "operator": "The City of Edinburgh Council",
          "operator:type": "government",
          "source": "Bing"
        }
      }
    },
    {
      "type": "Feature",
      "geometry": {
        "type": "Point",
        "coordinates": [
          -3.1835075600000002,
          55.95512466
        ]
      },
      "properties": {
        "id": "osm:way:648755293",
        "source": "osm",
        "title": "The Hillside",
        "address": "",
        "description": "",
        "categories": [
          "cultural",
          "architecture",
          "art"
        ],
        "primary_category": "cultural",
        "interest_score": 40,
        "website": "",
        "wikipedia": "",
        "wikidata": "",
        "source_url": "https://www.openstreetmap.org/way/648755293",
        "fetched_at_utc": "2026-10-07T11:41:56+00:00",
        "query_key": "galleries_and_arts",
        "tags": {
          "building": "yes",
          "building:levels": "1",
          "fee": "no",
          "layer": "-1",
          "location": "surface",
          "name": "The Hillside",
          "roof:shape": "flat",
          "surface": "fine_gravel",
          "tourism": "gallery"
        }
      }
    },
    {
      "type": "Feature",
      "geometry": {
        "type": "Point",
        "coordinates": [
          -3.1845412111111115,
          55.9463226
        ]
      },
      "properties": {
        "id": "osm:way:301380023",
        "source": "osm",
        "title": "The Prince Philip Building",
        "address": "",
        "description": "",
        "categories": [
          "cultural",
          "architecture",
          "art"
        ],
        "primary_category": "cultural",
        "interest_score": 40,
        "website": "",
        "wikipedia": "",
        "wikidata": "",
        "source_url": "https://www.openstreetmap.org/way/301380023",
        "fetched_at_utc": "2026-10-07T11:41:56+00:00",
        "query_key": "performance_and_literary",
        "tags": {
          "alt_name": "theSpace Triplex",
          "amenity": "theatre",
          "building": "yes",
          "name": "The Prince Philip Building",
          "source": "NLS_OS_Edinburgh_map_1940s;Bing"
        }
      }
    },
    {
      "type": "Feature",
      "geometry": {
        "type": "Point",
        "coordinates": [
          -3.2202038600000003,
          55.94383741
        ]
      },
      "properties": {
        "id": "osm:way:206665574",
        "source": "osm",
        "title": "WASPS Artists' Studios",
        "address": "",
        "description": "",
        "categories": [
          "cultural",
          "architecture",
          "art"
        ],
        "primary_category": "cultural",
        "interest_score": 40,
        "website": "",
        "wikipedia": "",
        "wikidata": "",
        "source_url": "https://www.openstreetmap.org/way/206665574",
        "fetched_at_utc": "2026-10-07T11:41:56+00:00",
        "query_key": "galleries_and_arts",
        "tags": {
          "amenity": "arts_centre",
          "building": "yes",
          "name": "WASPS Artists' Studios",
          "operator": "WASPS",
          "source": "NLS_OS_Edinburgh_map_1940s;Bing"
        }
      }
    },
    {
      "type": "Feature",
      "geometry": {
        "type": "Point",
        "coordinates": [
          -3.1799626066666664,
          55.945975946666664
        ]
      },
      "properties": {
        "id": "osm:way:17688596",
        "source": "osm",
        "title": "Bauks View",
        "address": "",
        "description": "Neighbourhood nature area",
        "categories": [
          "natural",
          "park"
        ],
        "primary_category": "natural",
        "interest_score": 39,
        "website": "",
        "wikipedia": "",
        "wikidata": "",
        "source_url": "https://www.openstreetmap.org/way/17688596",
        "fetched_at_utc": "2026-10-07T11:41:56+00:00",
        "query_key": "parks",
        "tags": {
          "description": "Neighbourhood nature area",
          "leisure": "park",
          "name": "Bauks View"
        }
      }
    },
    {
      "type": "Feature",
      "geometry": {
        "type": "Point",
        "coordinates": [
          -3.2455531306122456,
          55.97128443673472
        ]
      },
      "properties": {
        "id": "osm:way:172583336",
        "source": "osm",
        "title": "West Pilton Park",
        "address": "",
        "description": "Closed in June 2026 for redevelopment. Expected to reopen November 2027",
        "categories": [
          "natural",
          "park"
        ],
        "primary_category": "natural",
        "interest_score": 39,
        "website": "",
        "wikipedia": "",
        "wikidata": "",
        "source_url": "https://www.openstreetmap.org/way/172583336",
        "fetched_at_utc": "2026-10-07T11:41:56+00:00",
        "query_key": "parks",
        "tags": {
          "access": "no",
          "description": "Closed in June 2026 for redevelopment. Expected to reopen November 2027",
          "leisure": "park",
          "name": "West Pilton Park"
        }
      }
    },
    {
      "type": "Feature",
      "geometry": {
        "type": "Point",
        "coordinates": [
          -3.18802626,
          55.97099268000001
        ]
      },
      "properties": {
        "id": "osm:way:350485873",
        "source": "osm",
        "title": "Bonnington Mill Waterwheel (remains)",
        "address": "",
        "description": "",
        "categories": [
          "historical"
        ],
        "primary_category": "historical",
        "interest_score": 38,
        "website": "",
        "wikipedia": "",
        "wikidata": "",
        "source_url": "https://www.openstreetmap.org/way/350485873",
        "fetched_at_utc": "2026-10-07T11:41:56+00:00",
        "query_key": "historic_sites",
        "tags": {
          "access": "yes",
          "historic": "archaeological_site",
          "historic:civilization": "modern",
          "name": "Bonnington Mill Waterwheel (remains)"
        }
      }
    },
    {
      "type": "Feature",
      "geometry": {
        "type": "Point",
        "coordinates": [
          -3.1517281,
          55.9461957
        ]
      },
      "properties": {
        "id": "osm:node:9256634290",
        "source": "osm",
        "title": "Dunsapie",
        "address": "",
        "description": "",
        "categories": [
          "historical"
        ],
        "primary_category": "historical",
        "interest_score": 38,
        "website": "",
        "wikipedia": "",
        "wikidata": "",
        "source_url": "https://www.openstreetmap.org/node/9256634290",
        "fetched_at_utc": "2026-10-07T11:41:56+00:00",
        "query_key": "historic_sites",
        "tags": {
          "historic": "archaeological_site",
          "name": "Dunsapie"
        }
      }
    },
    {
      "type": "Feature",
      "geometry": {
        "type": "Point",
        "coordinates": [
          -3.19208,
          55.9470123
        ]
      },
      "properties": {
        "id": "osm:node:13681907509",
        "source": "osm",
        "title": "John Gray",
        "address": "",
        "description": "",
        "categories": [
          "historical",
          "landmark"
        ],
        "primary_category": "historical",
        "interest_score": 38,
        "website": "",
        "wikipedia": "",
        "wikidata": "",
        "source_url": "https://www.openstreetmap.org/node/13681907509",
        "fetched_at_utc": "2026-10-07T11:41:56+00:00",
        "query_key": "attractions_and_viewpoints",
        "tags": {
          "historic": "tomb",
          "name": "John Gray",
          "tourism": "attraction"
        }
      }
    },
    {
      "type": "Feature",
      "geometry": {
        "type": "Point",
        "coordinates": [
          -3.1862725,
          55.9536028
        ]
      },
      "properties": {
        "id": "osm:node:2434623914",
        "source": "osm",
        "title": "Memorial to Archibald Constable",
        "address": "",
        "description": "",
        "categories": [
          "historical",
          "landmark"
        ],
        "primary_category": "historical",
        "interest_score": 38,
        "website": "",
        "wikipedia": "",
        "wikidata": "",
        "source_url": "https://www.openstreetmap.org/node/2434623914",
        "fetched_at_utc": "2026-10-07T11:41:56+00:00",
        "query_key": "attractions_and_viewpoints",
        "tags": {
          "historic": "tomb",
          "name": "Memorial to Archibald Constable",
          "tomb": "tombstone",
          "tourism": "attraction",
          "wheelchair": "no"
        }
      }
    },
    {
      "type": "Feature",
      "geometry": {
        "type": "Point",
        "coordinates": [
          -3.1898627000000004,
          55.96913236666666
        ]
      },
      "properties": {
        "id": "osm:way:50769231",
        "source": "osm",
        "title": "Redbraes Weir",
        "address": "",
        "description": "",
        "categories": [
          "historical"
        ],
        "primary_category": "historical",
        "interest_score": 38,
        "website": "",
        "wikipedia": "",
        "wikidata": "",
        "source_url": "https://www.openstreetmap.org/way/50769231",
        "fetched_at_utc": "2026-10-07T11:41:56+00:00",
        "query_key": "historic_sites",
        "tags": {
          "alt_name": "Bonnington Weir",
          "historic": "archaeological_site",
          "name": "Redbraes Weir",
          "waterway": "weir"
        }
      }
    },
    {
      "type": "Feature",
      "geometry": {
        "type": "Point",
        "coordinates": [
          -3.1801595312500006,
          55.95145495
        ]
      },
      "properties": {
        "id": "osm:way:70955003",
        "source": "osm",
        "title": "Tolbooth Tavern",
        "address": "167 Canongate, Edinburgh, EH8 8BN",
        "description": "",
        "categories": [
          "architecture",
          "landmark"
        ],
        "primary_category": "architecture",
        "interest_score": 38,
        "website": "https://www.tolboothtavern.co.uk/",
        "wikipedia": "",
        "wikidata": "",
        "source_url": "https://www.openstreetmap.org/way/70955003",
        "fetched_at_utc": "2026-10-07T11:41:56+00:00",
        "query_key": "attractions_and_viewpoints",
        "tags": {
          "addr:city": "Edinburgh",
          "addr:housenumber": "167",
          "addr:postcode": "EH8 8BN",
          "addr:street": "Canongate",
          "alt_name:es": "Taverna_Tolbooth",
          "amenity": "pub",
          "building": "yes",
          "check_date": "2026-09-20",
          "diet:vegetarian": "yes",
          "fhrs:id": "124618",
          "food": "yes",
          "name": "Tolbooth Tavern",
          "opening_hours": "Th-Su 12:30-19:00; Mo-We off",
          "real_ale": "2-3 beers",
          "source": "Bing;survey",
          "source:addr": "FHRS Open Data",
          "tourism": "attraction",
          "website": "https://www.tolboothtavern.co.uk/"
        }
      }
    },
    {
      "type": "Feature",
      "geometry": {
        "type": "Point",
        "coordinates": [
          -3.1860463,
          55.9534947
        ]
      },
      "properties": {
        "id": "osm:node:2434623916",
        "source": "osm",
        "title": "Tombstone of David Allan",
        "address": "",
        "description": "",
        "categories": [
          "historical",
          "landmark"
        ],
        "primary_category": "historical",
        "interest_score": 38,
        "website": "",
        "wikipedia": "",
        "wikidata": "",
        "source_url": "https://www.openstreetmap.org/node/2434623916",
        "fetched_at_utc": "2026-10-07T11:41:56+00:00",
        "query_key": "attractions_and_viewpoints",
        "tags": {
          "historic": "tomb",
          "name": "Tombstone of David Allan",
          "tomb": "tombstone",
          "tourism": "attraction",
          "wheelchair": "no"
        }
      }
    },
    {
      "type": "Feature",
      "geometry": {
        "type": "Point",
        "coordinates": [
          -3.1857689,
          55.9533184
        ]
      },
      "properties": {
        "id": "osm:node:2434623917",
        "source": "osm",
        "title": "Vault of Dr Robert Candlish & James Candlish",
        "address": "",
        "description": "",
        "categories": [
          "historical",
          "landmark"
        ],
        "primary_category": "historical",
        "interest_score": 38,
        "website": "",
        "wikipedia": "",
        "wikidata": "",
        "source_url": "https://www.openstreetmap.org/node/2434623917",
        "fetched_at_utc": "2026-10-07T11:41:56+00:00",
        "query_key": "attractions_and_viewpoints",
        "tags": {
          "historic": "tomb",
          "name": "Vault of Dr Robert Candlish & James Candlish",
          "tomb": "vault",
          "tourism": "attraction",
          "wheelchair": "no"
        }
      }
    },
    {
      "type": "Feature",
      "geometry": {
        "type": "Point",
        "coordinates": [
          -3.1862811,
          55.95352
        ]
      },
      "properties": {
        "id": "osm:node:2434623918",
        "source": "osm",
        "title": "Vault of Robert Burn",
        "address": "",
        "description": "",
        "categories": [
          "historical",
          "landmark"
        ],
        "primary_category": "historical",
        "interest_score": 38,
        "website": "",
        "wikipedia": "",
        "wikidata": "",
        "source_url": "https://www.openstreetmap.org/node/2434623918",
        "fetched_at_utc": "2026-10-07T11:41:56+00:00",
        "query_key": "attractions_and_viewpoints",
        "tags": {
          "historic": "tomb",
          "name": "Vault of Robert Burn",
          "tomb": "vault",
          "tourism": "attraction",
          "wheelchair": "no"
        }
      }
    },
    {
      "type": "Feature",
      "geometry": {
        "type": "Point",
        "coordinates": [
          -3.1864671,
          55.9536488
        ]
      },
      "properties": {
        "id": "osm:node:2434623919",
        "source": "osm",
        "title": "Vault of William Blackwood",
        "address": "",
        "description": "",
        "categories": [
          "historical",
          "landmark"
        ],
        "primary_category": "historical",
        "interest_score": 38,
        "website": "",
        "wikipedia": "",
        "wikidata": "",
        "source_url": "https://www.openstreetmap.org/node/2434623919",
        "fetched_at_utc": "2026-10-07T11:41:56+00:00",
        "query_key": "attractions_and_viewpoints",
        "tags": {
          "historic": "tomb",
          "name": "Vault of William Blackwood",
          "tomb": "vault",
          "tourism": "attraction"
        }
      }
    },
    {
      "type": "Feature",
      "geometry": {
        "type": "Point",
        "coordinates": [
          -3.1862375,
          55.9563874
        ]
      },
      "properties": {
        "id": "osm:node:2587407165",
        "source": "osm",
        "title": "Dreaming Spires",
        "address": "",
        "description": "Dreaming Spires Sculpture by Helen Denerley 2005\nPoem by Roy Campbell 1946",
        "categories": [
          "cultural",
          "art"
        ],
        "primary_category": "cultural",
        "interest_score": 37,
        "website": "",
        "wikipedia": "",
        "wikidata": "",
        "source_url": "https://www.openstreetmap.org/node/2587407165",
        "fetched_at_utc": "2026-10-07T11:41:56+00:00",
        "query_key": "galleries_and_arts",
        "tags": {
          "alt_name": "Giraffes",
          "artist:wikidata": "Q13472115",
          "artist_name": "Helen Denerley",
          "artwork_type": "sculpture",
          "image": "https://commons.m.wikimedia.org/wiki/File:Giraffes_outside_the_Omni_Centre",
          "inscription": "Dreaming Spires Sculpture by Helen Denerley 2005\nPoem by Roy Campbell 1946",
          "name": "Dreaming Spires",
          "ref:canmore": "302342",
          "source": "Bing;survey",
          "start_date": "2005",
          "tourism": "artwork"
        }
      }
    },
    {
      "type": "Feature",
      "geometry": {
        "type": "Point",
        "coordinates": [
          -3.2134377,
          55.9806975
        ]
      },
      "properties": {
        "id": "osm:node:13954566185",
        "source": "osm",
        "title": "\"A kitchen dance\"",
        "address": "",
        "description": "\"A kitchen dance\"",
        "categories": [
          "cultural",
          "art"
        ],
        "primary_category": "cultural",
        "interest_score": 36,
        "website": "https://www.edinburgh.gov.uk/leisure-sport-culture/covid-memorial-edinburgh",
        "wikipedia": "",
        "wikidata": "",
        "source_url": "https://www.openstreetmap.org/node/13954566185",
        "fetched_at_utc": "2026-10-07T11:41:56+00:00",
        "query_key": "galleries_and_arts",
        "tags": {
          "artwork_type": "stone",
          "inscription": "\"A kitchen dance\"",
          "panoramax:0": "41797395-2755-4ae4-be2d-0ac2ea327623",
          "tourism": "artwork",
          "website": "https://www.edinburgh.gov.uk/leisure-sport-culture/covid-memorial-edinburgh"
        }
      }
    },
    {
      "type": "Feature",
      "geometry": {
        "type": "Point",
        "coordinates": [
          -3.2085498,
          55.9803984
        ]
      },
      "properties": {
        "id": "osm:node:13954566178",
        "source": "osm",
        "title": "\"a listening ear\"",
        "address": "",
        "description": "\"a listening ear\"",
        "categories": [
          "cultural",
          "art"
        ],
        "primary_category": "cultural",
        "interest_score": 36,
        "website": "https://www.edinburgh.gov.uk/leisure-sport-culture/covid-memorial-edinburgh",
        "wikipedia": "",
        "wikidata": "",
        "source_url": "https://www.openstreetmap.org/node/13954566178",
        "fetched_at_utc": "2026-10-07T11:41:56+00:00",
        "query_key": "galleries_and_arts",
        "tags": {
          "artwork_type": "stone",
          "inscription": "\"a listening ear\"",
          "panoramax": "8d1ba50a-fbcc-4325-b16a-510901d309c7",
          "tourism": "artwork",
          "website": "https://www.edinburgh.gov.uk/leisure-sport-culture/covid-memorial-edinburgh"
        }
      }
    },
    {
      "type": "Feature",
      "geometry": {
        "type": "Point",
        "coordinates": [
          -3.210423,
          55.980542
        ]
      },
      "properties": {
        "id": "osm:node:13954566181",
        "source": "osm",
        "title": "\"bubbles\"|Making heavy things light",
        "address": "",
        "description": "\"bubbles\"|Making heavy things light",
        "categories": [
          "cultural",
          "art"
        ],
        "primary_category": "cultural",
        "interest_score": 36,
        "website": "https://www.edinburgh.gov.uk/leisure-sport-culture/covid-memorial-edinburgh",
        "wikipedia": "",
        "wikidata": "",
        "source_url": "https://www.openstreetmap.org/node/13954566181",
        "fetched_at_utc": "2026-10-07T11:41:56+00:00",
        "query_key": "galleries_and_arts",
        "tags": {
          "artwork_type": "stone",
          "inscription": "\"bubbles\"|Making heavy things light",
          "panoramax": "8d15de3d-32cc-49e2-8abe-600e199c5048",
          "tourism": "artwork",
          "website": "https://www.edinburgh.gov.uk/leisure-sport-culture/covid-memorial-edinburgh"
        }
      }
    },
    {
      "type": "Feature",
      "geometry": {
        "type": "Point",
        "coordinates": [
          -3.2096708,
          55.9804744
        ]
      },
      "properties": {
        "id": "osm:node:13954566179",
        "source": "osm",
        "title": "\"CASH\"",
        "address": "",
        "description": "\"CASH\"",
        "categories": [
          "cultural",
          "art"
        ],
        "primary_category": "cultural",
        "interest_score": 36,
        "website": "https://www.edinburgh.gov.uk/leisure-sport-culture/covid-memorial-edinburgh",
        "wikipedia": "",
        "wikidata": "",
        "source_url": "https://www.openstreetmap.org/node/13954566179",
        "fetched_at_utc": "2026-10-07T11:41:56+00:00",
        "query_key": "galleries_and_arts",
        "tags": {
          "artwork_type": "stone",
          "inscription": "\"CASH\"",
          "panoramax": "3510a905-dcdb-49c3-b107-adcc869ec78b",
          "tourism": "artwork",
          "website": "https://www.edinburgh.gov.uk/leisure-sport-culture/covid-memorial-edinburgh"
        }
      }
    },
    {
      "type": "Feature",
      "geometry": {
        "type": "Point",
        "coordinates": [
          -3.2114349,
          55.9805927
        ]
      },
      "properties": {
        "id": "osm:node:13954566183",
        "source": "osm",
        "title": "\"giggles\" :)",
        "address": "",
        "description": "\"giggles\" :)",
        "categories": [
          "cultural",
          "art"
        ],
        "primary_category": "cultural",
        "interest_score": 36,
        "website": "https://www.edinburgh.gov.uk/leisure-sport-culture/covid-memorial-edinburgh",
        "wikipedia": "",
        "wikidata": "",
        "source_url": "https://www.openstreetmap.org/node/13954566183",
        "fetched_at_utc": "2026-10-07T11:41:56+00:00",
        "query_key": "galleries_and_arts",
        "tags": {
          "artwork_type": "stone",
          "inscription": "\"giggles\" :)",
          "panoramax": "aeb8392a-0edc-44e5-b132-a607513ca9a2",
          "tourism": "artwork",
          "website": "https://www.edinburgh.gov.uk/leisure-sport-culture/covid-memorial-edinburgh"
        }
      }
    },
    {
      "type": "Feature",
      "geometry": {
        "type": "Point",
        "coordinates": [
          -3.2034957,
          55.9461731
        ]
      },
      "properties": {
        "id": "osm:node:634868160",
        "source": "osm",
        "title": "Artlink",
        "address": "13A Spittal Street, Edinburgh, EH3 9DY",
        "description": "",
        "categories": [
          "cultural",
          "art"
        ],
        "primary_category": "cultural",
        "interest_score": 36,
        "website": "https://www.artlinkedinburgh.co.uk/",
        "wikipedia": "",
        "wikidata": "",
        "source_url": "https://www.openstreetmap.org/node/634868160",
        "fetched_at_utc": "2026-10-07T11:41:56+00:00",
        "query_key": "galleries_and_arts",
        "tags": {
          "addr:city": "Edinburgh",
          "addr:housenumber": "13A",
          "addr:postcode": "EH3 9DY",
          "addr:street": "Spittal Street",
          "name": "Artlink",
          "source": "survey",
          "tourism": "artwork",
          "website": "https://www.artlinkedinburgh.co.uk/"
        }
      }
    },
    {
      "type": "Feature",
      "geometry": {
        "type": "Point",
        "coordinates": [
          -3.1760028,
          55.9771942
        ]
      },
      "properties": {
        "id": "osm:node:588412998",
        "source": "osm",
        "title": "Citadel Youth Centre",
        "address": "Commercial Street, Edinburgh",
        "description": "",
        "categories": [
          "cultural",
          "art"
        ],
        "primary_category": "cultural",
        "interest_score": 36,
        "website": "https://www.citadelyouthcentre.org.uk/",
        "wikipedia": "",
        "wikidata": "",
        "source_url": "https://www.openstreetmap.org/node/588412998",
        "fetched_at_utc": "2026-10-07T11:41:56+00:00",
        "query_key": "galleries_and_arts",
        "tags": {
          "addr:city": "Edinburgh",
          "addr:street": "Commercial Street",
          "amenity": "arts_centre",
          "check_date": "2022-10-07",
          "name": "Citadel Youth Centre",
          "website": "https://www.citadelyouthcentre.org.uk/"
        }
      }
    },
    {
      "type": "Feature",
      "geometry": {
        "type": "Point",
        "coordinates": [
          -3.2022381,
          55.9556628
        ]
      },
      "properties": {
        "id": "osm:node:11503362946",
        "source": "osm",
        "title": "Close",
        "address": "4B Howe Street, Edinburgh, EH3 6TD",
        "description": "",
        "categories": [
          "cultural",
          "art"
        ],
        "primary_category": "cultural",
        "interest_score": 36,
        "website": "https://www.gallery-close.com/",
        "wikipedia": "",
        "wikidata": "",
        "source_url": "https://www.openstreetmap.org/node/11503362946",
        "fetched_at_utc": "2026-10-07T11:41:56+00:00",
        "query_key": "galleries_and_arts",
        "tags": {
          "addr:city": "Edinburgh",
          "addr:housenumber": "4B",
          "addr:postcode": "EH3 6TD",
          "addr:street": "Howe Street",
          "check_date": "2025-09-24",
          "mobile": "+447740 870579",
          "name": "Close",
          "opening_hours": "We-Sa 10:00-18:00",
          "phone": "+44131 466 5083",
          "tourism": "gallery",
          "website": "https://www.gallery-close.com/"
        }
      }
    },
    {
      "type": "Feature",
      "geometry": {
        "type": "Point",
        "coordinates": [
          -3.1741771,
          55.9681473
        ]
      },
      "properties": {
        "id": "osm:node:5600831860",
        "source": "osm",
        "title": "Depot Venue",
        "address": "142 Leith Walk, Edinburgh, EH6 5DT",
        "description": "",
        "categories": [
          "cultural",
          "music"
        ],
        "primary_category": "cultural",
        "interest_score": 36,
        "website": "",
        "wikipedia": "",
        "wikidata": "",
        "source_url": "https://www.openstreetmap.org/node/5600831860",
        "fetched_at_utc": "2026-10-07T11:41:56+00:00",
        "query_key": "performance_and_literary",
        "tags": {
          "addr:city": "Edinburgh",
          "addr:country": "GB",
          "addr:housenumber": "142",
          "addr:postcode": "EH6 5DT",
          "addr:street": "Leith Walk",
          "amenity": "music_venue",
          "check_date": "2026-09-20",
          "contact:facebook": "https://www.facebook.com/leithdepot",
          "contact:instagram": "https://www.instagram.com/leithdepot138",
          "contact:phone": "+44 131 555 4738",
          "contact:twitter": "https://twitter.com/leithdepot",
          "contact:website": "https://leithdepot.com/venue.html",
          "name": "Depot Venue",
          "old_name": "Lil P's Boutique",
          "source": "survey"
        }
      }
    },
    {
      "type": "Feature",
      "geometry": {
        "type": "Point",
        "coordinates": [
          -3.1848412,
          55.9482056
        ]
      },
      "properties": {
        "id": "osm:node:499991519",
        "source": "osm",
        "title": "Dovecot Gallery",
        "address": "10 Infirmary Street, Edinburgh, EH1 1LT",
        "description": "",
        "categories": [
          "cultural",
          "art"
        ],
        "primary_category": "cultural",
        "interest_score": 36,
        "website": "https://dovecotstudios.com/",
        "wikipedia": "",
        "wikidata": "",
        "source_url": "https://www.openstreetmap.org/node/499991519",
        "fetched_at_utc": "2026-10-07T11:41:56+00:00",
        "query_key": "galleries_and_arts",
        "tags": {
          "addr:city": "Edinburgh",
          "addr:country": "GB",
          "addr:housenumber": "10",
          "addr:postcode": "EH1 1LT",
          "addr:street": "Infirmary Street",
          "check_date": "2026-04-06",
          "check_date:opening_hours": "2026-04-06",
          "fee": "yes",
          "name": "Dovecot Gallery",
          "opening_hours": "Mo-Sa 10:00-17:00; Su off",
          "phone": "+44 131 550 3660",
          "source": "survey",
          "tourism": "gallery",
          "website": "https://dovecotstudios.com/"
        }
      }
    },
    {
      "type": "Feature",
      "geometry": {
        "type": "Point",
        "coordinates": [
          -3.2128229,
          55.9334673
        ]
      },
      "properties": {
        "id": "osm:node:4878608403",
        "source": "osm",
        "title": "Edinburgh Napier Merchiston Library",
        "address": "10 Colinton Road, Edinburgh, EH10 5DT",
        "description": "",
        "categories": [
          "cultural",
          "literary"
        ],
        "primary_category": "cultural",
        "interest_score": 36,
        "website": "https://my.napier.ac.uk/Library/About/Pages/Merchiston.aspx",
        "wikipedia": "",
        "wikidata": "",
        "source_url": "https://www.openstreetmap.org/node/4878608403",
        "fetched_at_utc": "2026-10-07T11:41:56+00:00",
        "query_key": "performance_and_literary",
        "tags": {
          "addr:city": "Edinburgh",
          "addr:housenumber": "10",
          "addr:postcode": "EH10 5DT",
          "addr:street": "Colinton Road",
          "amenity": "library",
          "email": "library@napier.ac.uk",
          "name": "Edinburgh Napier Merchiston Library",
          "phone": "+44 131 455 3500",
          "source": "survey",
          "website": "https://my.napier.ac.uk/Library/About/Pages/Merchiston.aspx"
        }
      }
    },
    {
      "type": "Feature",
      "geometry": {
        "type": "Point",
        "coordinates": [
          -3.1523895,
          55.9556197
        ]
      },
      "properties": {
        "id": "osm:node:3362077076",
        "source": "osm",
        "title": "Edinburgh Palette",
        "address": "151 London Road, Edinburgh, EH7 6AE",
        "description": "",
        "categories": [
          "cultural",
          "art"
        ],
        "primary_category": "cultural",
        "interest_score": 36,
        "website": "https://www.edinburghpalette.co.uk/",
        "wikipedia": "",
        "wikidata": "",
        "source_url": "https://www.openstreetmap.org/node/3362077076",
        "fetched_at_utc": "2026-10-07T11:41:56+00:00",
        "query_key": "galleries_and_arts",
        "tags": {
          "addr:city": "Edinburgh",
          "addr:country": "GB",
          "addr:housename": "St Margaret's House",
          "addr:housenumber": "151",
          "addr:postcode": "EH7 6AE",
          "addr:street": "London Road",
          "amenity": "arts_centre",
          "check_date": "2026-05-10",
          "name": "Edinburgh Palette",
          "source": "survey",
          "website": "https://www.edinburghpalette.co.uk/"
        }
      }
    },
    {
      "type": "Feature",
      "geometry": {
        "type": "Point",
        "coordinates": [
          -3.1720873,
          55.9312295
        ]
      },
      "properties": {
        "id": "osm:node:2606362037",
        "source": "osm",
        "title": "Edinburgh People's Theatre",
        "address": "40 Mayfield Gardens, Edinburgh, EH9 2BY",
        "description": "",
        "categories": [
          "cultural",
          "art"
        ],
        "primary_category": "cultural",
        "interest_score": 36,
        "website": "https://www.ept.org.uk/",
        "wikipedia": "",
        "wikidata": "",
        "source_url": "https://www.openstreetmap.org/node/2606362037",
        "fetched_at_utc": "2026-10-07T11:41:56+00:00",
        "query_key": "performance_and_literary",
        "tags": {
          "addr:city": "Edinburgh",
          "addr:country": "GB",
          "addr:housenumber": "40",
          "addr:postcode": "EH9 2BY",
          "addr:street": "Mayfield Gardens",
          "amenity": "theatre",
          "name": "Edinburgh People's Theatre",
          "source": "survey",
          "website": "https://www.ept.org.uk/"
        }
      }
    },
    {
      "type": "Feature",
      "geometry": {
        "type": "Point",
        "coordinates": [
          -3.212764494736842,
          55.94209327894737
        ]
      },
      "properties": {
        "id": "osm:way:659876969",
        "source": "osm",
        "title": "Edinburgh Printmakers",
        "address": "2 Gilmore Park, Edinburgh, EH3 9FN",
        "description": "",
        "categories": [
          "cultural",
          "art"
        ],
        "primary_category": "cultural",
        "interest_score": 36,
        "website": "https://edinburghprintmakers.co.uk/",
        "wikipedia": "",
        "wikidata": "",
        "source_url": "https://www.openstreetmap.org/way/659876969",
        "fetched_at_utc": "2026-10-07T11:41:56+00:00",
        "query_key": "galleries_and_arts",
        "tags": {
          "addr:city": "Edinburgh",
          "addr:housename": "Castle Mills",
          "addr:housenumber": "2",
          "addr:postcode": "EH3 9FN",
          "addr:street": "Gilmore Park",
          "amenity": "arts_centre",
          "check_date": "2025-08-02",
          "name": "Edinburgh Printmakers",
          "tourism": "gallery",
          "website": "https://edinburghprintmakers.co.uk/"
        }
      }
    },
    {
      "type": "Feature",
      "geometry": {
        "type": "Point",
        "coordinates": [
          -3.1648443,
          55.9595076
        ]
      },
      "properties": {
        "id": "osm:node:9776526717",
        "source": "osm",
        "title": "Edinburgh Tool Library",
        "address": "121 Lawrie Reilly Place, EH7 5GS",
        "description": "",
        "categories": [
          "cultural"
        ],
        "primary_category": "cultural",
        "interest_score": 36,
        "website": "https://edinburghtoollibrary.org.uk",
        "wikipedia": "",
        "wikidata": "",
        "source_url": "https://www.openstreetmap.org/node/9776526717",
        "fetched_at_utc": "2026-10-07T11:41:56+00:00",
        "query_key": "performance_and_literary",
        "tags": {
          "addr:housenumber": "121",
          "addr:postcode": "EH7 5GS",
          "addr:street": "Lawrie Reilly Place",
          "amenity": "tool_library",
          "check_date": "2024-07-12",
          "contact:facebook": "edinburghtoollibrary",
          "contact:instagram": "edinburghtoollibrary",
          "contact:twitter": "edintoollibrary",
          "email": "hello@edinburghtoollibrary.org.uk",
          "internet_access": "wlan",
          "name": "Edinburgh Tool Library",
          "opening_hours": "Mo,Fr 15:00-19:00; Tu-Th 10:00-14:00; Sa-Su off",
          "website": "https://edinburghtoollibrary.org.uk"
        }
      }
    },
    {
      "type": "Feature",
      "geometry": {
        "type": "Point",
        "coordinates": [
          -3.2445907,
          55.9802202
        ]
      },
      "properties": {
        "id": "osm:node:13177446515",
        "source": "osm",
        "title": "Granton Whale",
        "address": "",
        "description": "",
        "categories": [
          "cultural",
          "art"
        ],
        "primary_category": "cultural",
        "interest_score": 36,
        "website": "https://grantonwaterfront.com/granton-whale/",
        "wikipedia": "",
        "wikidata": "",
        "source_url": "https://www.openstreetmap.org/node/13177446515",
        "fetched_at_utc": "2026-10-07T11:41:56+00:00",
        "query_key": "galleries_and_arts",
        "tags": {
          "artist_name": "Svetlana Kondakova Muir",
          "artwork_type": "sculpture",
          "material": "metal",
          "name": "Granton Whale",
          "start_date": "2025",
          "subject:wikidata": "Q132905",
          "tourism": "artwork",
          "website": "https://grantonwaterfront.com/granton-whale/"
        }
      }
    },
    {
      "type": "Feature",
      "geometry": {
        "type": "Point",
        "coordinates": [
          -3.2139301,
          55.9806907
        ]
      },
      "properties": {
        "id": "osm:node:13954566186",
        "source": "osm",
        "title": "I am your rock",
        "address": "",
        "description": "I am your rock",
        "categories": [
          "cultural",
          "art"
        ],
        "primary_category": "cultural",
        "interest_score": 36,
        "website": "https://www.edinburgh.gov.uk/leisure-sport-culture/covid-memorial-edinburgh",
        "wikipedia": "",
        "wikidata": "",
        "source_url": "https://www.openstreetmap.org/node/13954566186",
        "fetched_at_utc": "2026-10-07T11:41:56+00:00",
        "query_key": "galleries_and_arts",
        "tags": {
          "artwork_type": "stone",
          "inscription": "I am your rock",
          "panoramax": "d9e00d9d-a40a-435d-a2b1-dca9b8af89e6",
          "tourism": "artwork",
          "website": "https://www.edinburgh.gov.uk/leisure-sport-culture/covid-memorial-edinburgh"
        }
      }
    },
    {
      "type": "Feature",
      "geometry": {
        "type": "Point",
        "coordinates": [
          -3.1770455,
          55.981261
        ]
      },
      "properties": {
        "id": "osm:node:10106526101",
        "source": "osm",
        "title": "Image Collective",
        "address": "",
        "description": "",
        "categories": [
          "cultural",
          "art"
        ],
        "primary_category": "cultural",
        "interest_score": 36,
        "website": "https://www.theimagecollective.co.uk",
        "wikipedia": "",
        "wikidata": "",
        "source_url": "https://www.openstreetmap.org/node/10106526101",
        "fetched_at_utc": "2026-10-07T11:41:56+00:00",
        "query_key": "galleries_and_arts",
        "tags": {
          "check_date": "2022-10-16",
          "fee": "no",
          "level": "2",
          "name": "Image Collective",
          "tourism": "gallery",
          "website": "https://www.theimagecollective.co.uk"
        }
      }
    },
    {
      "type": "Feature",
      "geometry": {
        "type": "Point",
        "coordinates": [
          -3.2119402,
          55.9806252
        ]
      },
      "properties": {
        "id": "osm:node:10157215636",
        "source": "osm",
        "title": "In loving memory of Lana Scott Freedman née Mckellan 1945 - 2018. she found peac",
        "address": "",
        "description": "In loving memory of Lana Scott Freedman née Mckellan 1945 - 2018. she found peace when she sat here to sketch the boats in the harbour on her way home from Trinity School in the early 1960s Sit down, relax and take a breath",
        "categories": [
          "cultural",
          "art"
        ],
        "primary_category": "cultural",
        "interest_score": 36,
        "website": "https://www.edinburgh.gov.uk/leisure-sport-culture/covid-memorial-edinburgh",
        "wikipedia": "",
        "wikidata": "",
        "source_url": "https://www.openstreetmap.org/node/10157215636",
        "fetched_at_utc": "2026-10-07T11:41:56+00:00",
        "query_key": "galleries_and_arts",
        "tags": {
          "amenity": "bench",
          "armrest": "no",
          "artwork_type": "stone",
          "backrest": "no",
          "inscription": "In loving memory of Lana Scott Freedman née Mckellan 1945 - 2018. she found peace when she sat here to sketch the boats in the harbour on her way home from Trinity School in the early 1960s Sit down, relax and take a breath",
          "material": "stone",
          "panoramax": "28eebf30-2932-45d8-94e8-db314086f558",
          "tourism": "artwork",
          "website": "https://www.edinburgh.gov.uk/leisure-sport-culture/covid-memorial-edinburgh"
        }
      }
    },
    {
      "type": "Feature",
      "geometry": {
        "type": "Point",
        "coordinates": [
          -3.191354,
          55.9578442
        ]
      },
      "properties": {
        "id": "osm:node:5856860528",
        "source": "osm",
        "title": "Ingleby Gallery",
        "address": "33 Barony Street, Edinburgh, EH3 6NX",
        "description": "",
        "categories": [
          "cultural",
          "art"
        ],
        "primary_category": "cultural",
        "interest_score": 36,
        "website": "https://www.inglebygallery.com/",
        "wikipedia": "",
        "wikidata": "",
        "source_url": "https://www.openstreetmap.org/node/5856860528",
        "fetched_at_utc": "2026-10-07T11:41:56+00:00",
        "query_key": "galleries_and_arts",
        "tags": {
          "addr:city": "Edinburgh",
          "addr:housenumber": "33",
          "addr:postcode": "EH3 6NX",
          "addr:street": "Barony Street",
          "check_date": "2026-03-15",
          "fee": "no",
          "name": "Ingleby Gallery",
          "office": "company",
          "opening_hours": "We-Sa 11:00-17:00; Aug Mo-Sa 11:00-17:00",
          "phone": "+44 131 556 4441",
          "source": "survey",
          "tourism": "gallery",
          "website": "https://www.inglebygallery.com/"
        }
      }
    },
    {
      "type": "Feature",
      "geometry": {
        "type": "Point",
        "coordinates": [
          -3.1715364,
          55.9768679
        ]
      },
      "properties": {
        "id": "osm:node:5388332449",
        "source": "osm",
        "title": "Leith Market",
        "address": "Dock Place, Edinburgh, EH6 6LU",
        "description": "",
        "categories": [
          "cultural",
          "market"
        ],
        "primary_category": "cultural",
        "interest_score": 36,
        "website": "",
        "wikipedia": "",
        "wikidata": "",
        "source_url": "https://www.openstreetmap.org/node/5388332449",
        "fetched_at_utc": "2026-10-07T11:41:56+00:00",
        "query_key": "markets",
        "tags": {
          "addr:city": "Edinburgh",
          "addr:postcode": "EH6 6LU",
          "addr:street": "Dock Place",
          "alt_name": "Leith Farmers Market",
          "amenity": "marketplace",
          "check_date": "2026-09-04",
          "check_date:opening_hours": "2026-09-04",
          "name": "Leith Market",
          "opening_hours": "Sa 10:00-16:00"
        }
      }
    },
    {
      "type": "Feature",
      "geometry": {
        "type": "Point",
        "coordinates": [
          -3.1695316,
          55.9604895
        ]
      },
      "properties": {
        "id": "osm:node:3198841114",
        "source": "osm",
        "title": "Leitheatre",
        "address": "20 Sunnyside, Edinburgh",
        "description": "",
        "categories": [
          "cultural",
          "art"
        ],
        "primary_category": "cultural",
        "interest_score": 36,
        "website": "https://www.leitheatre.com/",
        "wikipedia": "",
        "wikidata": "",
        "source_url": "https://www.openstreetmap.org/node/3198841114",
        "fetched_at_utc": "2026-10-07T11:41:56+00:00",
        "query_key": "performance_and_literary",
        "tags": {
          "addr:city": "Edinburgh",
          "addr:housenumber": "20",
          "addr:street": "Sunnyside",
          "amenity": "theatre",
          "name": "Leitheatre",
          "source": "survey",
          "website": "https://www.leitheatre.com/"
        }
      }
    },
    {
      "type": "Feature",
      "geometry": {
        "type": "Point",
        "coordinates": [
          -3.2133431444444445,
          55.95052031111111
        ]
      },
      "properties": {
        "id": "osm:way:1131926717",
        "source": "osm",
        "title": "Library of Mistakes",
        "address": "",
        "description": "",
        "categories": [
          "cultural",
          "literary"
        ],
        "primary_category": "cultural",
        "interest_score": 36,
        "website": "https://www.libraryofmistakes.com/",
        "wikipedia": "",
        "wikidata": "",
        "source_url": "https://www.openstreetmap.org/way/1131926717",
        "fetched_at_utc": "2026-10-07T11:41:56+00:00",
        "query_key": "performance_and_literary",
        "tags": {
          "amenity": "library",
          "building": "commercial",
          "building:levels": "2",
          "name": "Library of Mistakes",
          "opening_hours": "appointment_only",
          "website": "https://www.libraryofmistakes.com/",
          "wheelchair": "yes"
        }
      }
    },
    {
      "type": "Feature",
      "geometry": {
        "type": "Point",
        "coordinates": [
          -3.1879234,
          55.949359
        ]
      },
      "properties": {
        "id": "osm:node:2952376654",
        "source": "osm",
        "title": "Monkey Barrel 2",
        "address": "15 Blair Street, Edinburgh, EH1 1QR",
        "description": "",
        "categories": [
          "cultural",
          "art"
        ],
        "primary_category": "cultural",
        "interest_score": 36,
        "website": "https://www.monkeybarrelcomedy.com/",
        "wikipedia": "",
        "wikidata": "",
        "source_url": "https://www.openstreetmap.org/node/2952376654",
        "fetched_at_utc": "2026-10-07T11:41:56+00:00",
        "query_key": "performance_and_literary",
        "tags": {
          "addr:city": "Edinburgh",
          "addr:housenumber": "15",
          "addr:postcode": "EH1 1QR",
          "addr:street": "Blair Street",
          "amenity": "theatre",
          "check_date": "2026-07-25",
          "comedy": "yes",
          "level": "-1",
          "name": "Monkey Barrel 2",
          "source": "survey",
          "website": "https://www.monkeybarrelcomedy.com/"
        }
      }
    },
    {
      "type": "Feature",
      "geometry": {
        "type": "Point",
        "coordinates": [
          -3.1878844,
          55.9493913
        ]
      },
      "properties": {
        "id": "osm:node:2952376633",
        "source": "osm",
        "title": "Monkey Barrel Comedy",
        "address": "9-11 Blair Street, Edinburgh, EH1 1QR",
        "description": "",
        "categories": [
          "cultural",
          "art"
        ],
        "primary_category": "cultural",
        "interest_score": 36,
        "website": "https://www.monkeybarrelcomedy.com/",
        "wikipedia": "",
        "wikidata": "",
        "source_url": "https://www.openstreetmap.org/node/2952376633",
        "fetched_at_utc": "2026-10-07T11:41:56+00:00",
        "query_key": "performance_and_literary",
        "tags": {
          "addr:city": "Edinburgh",
          "addr:housenumber": "9-11",
          "addr:postcode": "EH1 1QR",
          "addr:street": "Blair Street",
          "amenity": "theatre",
          "check_date": "2025-08-07",
          "comedy": "yes",
          "fhrs:id": "943214",
          "name": "Monkey Barrel Comedy",
          "source": "survey",
          "website": "https://www.monkeybarrelcomedy.com/"
        }
      }
    },
    {
      "type": "Feature",
      "geometry": {
        "type": "Point",
        "coordinates": [
          -3.1808417,
          55.9506224
        ]
      },
      "properties": {
        "id": "osm:node:4851918786",
        "source": "osm",
        "title": "Moray House Library",
        "address": "15 St John Street, Edinburgh, EH8 8JR",
        "description": "",
        "categories": [
          "cultural",
          "literary"
        ],
        "primary_category": "cultural",
        "interest_score": 36,
        "website": "https://www.ed.ac.uk/information-services/library-museum-gallery/using-library/lib-locate/morayh-lib",
        "wikipedia": "",
        "wikidata": "",
        "source_url": "https://www.openstreetmap.org/node/4851918786",
        "fetched_at_utc": "2026-10-07T11:41:56+00:00",
        "query_key": "performance_and_literary",
        "tags": {
          "addr:city": "Edinburgh",
          "addr:housename": "Dalhousie Land",
          "addr:housenumber": "15",
          "addr:postcode": "EH8 8JR",
          "addr:street": "St John Street",
          "amenity": "library",
          "check_date": "2024-08-07",
          "internet_access": "wlan",
          "name": "Moray House Library",
          "operator": "The University of Edinburgh",
          "website": "https://www.ed.ac.uk/information-services/library-museum-gallery/using-library/lib-locate/morayh-lib"
        }
      }
    },
    {
      "type": "Feature",
      "geometry": {
        "type": "Point",
        "coordinates": [
          -3.1841198,
          55.9747018
        ]
      },
      "properties": {
        "id": "osm:node:9983026118",
        "source": "osm",
        "title": "Mote 102",
        "address": "102 Ferry Road, Edinburgh, EH6 4PG",
        "description": "",
        "categories": [
          "cultural",
          "art"
        ],
        "primary_category": "cultural",
        "interest_score": 36,
        "website": "https://mote102.com/",
        "wikipedia": "",
        "wikidata": "",
        "source_url": "https://www.openstreetmap.org/node/9983026118",
        "fetched_at_utc": "2026-10-07T11:41:56+00:00",
        "query_key": "galleries_and_arts",
        "tags": {
          "addr:city": "Edinburgh",
          "addr:housenumber": "102",
          "addr:postcode": "EH6 4PG",
          "addr:street": "Ferry Road",
          "amenity": "arts_centre",
          "check_date": "2024-10-29",
          "name": "Mote 102",
          "source": "survey",
          "website": "https://mote102.com/"
        }
      }
    },
    {
      "type": "Feature",
      "geometry": {
        "type": "Point",
        "coordinates": [
          -3.2077609,
          55.9803301
        ]
      },
      "properties": {
        "id": "osm:node:13954566177",
        "source": "osm",
        "title": "music(crochet(0.25), bar, F(0.25), A(0.25), C(0.25), bar)|Gifts to self|...",
        "address": "",
        "description": "music(crochet(0.25), bar, F(0.25), A(0.25), C(0.25), bar)|Gifts to self|...",
        "categories": [
          "cultural",
          "art"
        ],
        "primary_category": "cultural",
        "interest_score": 36,
        "website": "https://www.edinburgh.gov.uk/leisure-sport-culture/covid-memorial-edinburgh",
        "wikipedia": "",
        "wikidata": "",
        "source_url": "https://www.openstreetmap.org/node/13954566177",
        "fetched_at_utc": "2026-10-07T11:41:56+00:00",
        "query_key": "galleries_and_arts",
        "tags": {
          "artwork_type": "stone",
          "fixme": "TODO: add remaining line(s) from inscription",
          "inscription": "music(crochet(0.25), bar, F(0.25), A(0.25), C(0.25), bar)|Gifts to self|...",
          "panoramax": "130289f2-d5f1-421c-b6a1-873c68a7988f",
          "tourism": "artwork",
          "website": "https://www.edinburgh.gov.uk/leisure-sport-culture/covid-memorial-edinburgh"
        }
      }
    },
    {
      "type": "Feature",
      "geometry": {
        "type": "Point",
        "coordinates": [
          -3.2457425,
          55.9342334
        ]
      },
      "properties": {
        "id": "osm:node:4023945475",
        "source": "osm",
        "title": "Nardones Academy of the Performing Arts",
        "address": "207 Balgreen Road, Edinburgh",
        "description": "",
        "categories": [
          "cultural",
          "art"
        ],
        "primary_category": "cultural",
        "interest_score": 36,
        "website": "https://www.themgaacademy.com/",
        "wikipedia": "",
        "wikidata": "",
        "source_url": "https://www.openstreetmap.org/node/4023945475",
        "fetched_at_utc": "2026-10-07T11:41:56+00:00",
        "query_key": "galleries_and_arts",
        "tags": {
          "addr:city": "Edinburgh",
          "addr:housenumber": "207",
          "addr:street": "Balgreen Road",
          "amenity": "arts_centre",
          "check_date": "2024-11-02",
          "name": "Nardones Academy of the Performing Arts",
          "source": "survey",
          "website": "https://www.themgaacademy.com/"
        }
      }
    },
    {
      "type": "Feature",
      "geometry": {
        "type": "Point",
        "coordinates": [
          -3.1713139,
          55.9576738
        ]
      },
      "properties": {
        "id": "osm:node:7775316702",
        "source": "osm",
        "title": "Natami Design Studio",
        "address": "",
        "description": "",
        "categories": [
          "cultural",
          "art"
        ],
        "primary_category": "cultural",
        "interest_score": 36,
        "website": "https://natami.co.uk/",
        "wikipedia": "",
        "wikidata": "",
        "source_url": "https://www.openstreetmap.org/node/7775316702",
        "fetched_at_utc": "2026-10-07T11:41:56+00:00",
        "query_key": "galleries_and_arts",
        "tags": {
          "amenity": "arts_centre",
          "check_date": "2026-02-03",
          "name": "Natami Design Studio",
          "website": "https://natami.co.uk/"
        }
      }
    },
    {
      "type": "Feature",
      "geometry": {
        "type": "Point",
        "coordinates": [
          -3.1889641,
          55.9500158
        ]
      },
      "properties": {
        "id": "osm:node:13790134996",
        "source": "osm",
        "title": "Oor Tom",
        "address": "",
        "description": "Remembering Tom Gilzean 1920-2019",
        "categories": [
          "cultural",
          "art"
        ],
        "primary_category": "cultural",
        "interest_score": 36,
        "website": "https://echcharity.org/",
        "wikipedia": "",
        "wikidata": "",
        "source_url": "https://www.openstreetmap.org/node/13790134996",
        "fetched_at_utc": "2026-10-07T11:41:56+00:00",
        "query_key": "galleries_and_arts",
        "tags": {
          "artwork_type": "statue",
          "inscription": "Remembering Tom Gilzean 1920-2019",
          "name": "Oor Tom",
          "subject:wikidata": "Q130534037",
          "tourism": "artwork",
          "website": "https://echcharity.org/"
        }
      }
    },
    {
      "type": "Feature",
      "geometry": {
        "type": "Point",
        "coordinates": [
          -3.187766,
          55.9448483
        ]
      },
      "properties": {
        "id": "osm:node:12947175838",
        "source": "osm",
        "title": "Rhino Head",
        "address": "",
        "description": "",
        "categories": [
          "cultural",
          "art"
        ],
        "primary_category": "cultural",
        "interest_score": 36,
        "website": "https://informatics.ed.ac.uk/about/explore-school-informatics/history-of-informatics-forum/informatics-artworks",
        "wikipedia": "",
        "wikidata": "",
        "source_url": "https://www.openstreetmap.org/node/12947175838",
        "fetched_at_utc": "2026-10-07T11:41:56+00:00",
        "query_key": "galleries_and_arts",
        "tags": {
          "artist_name": "Davy Forsyth",
          "artwork_type": "bust",
          "direction": "WSW",
          "elevation": "~5",
          "material": "bronze",
          "name": "Rhino Head",
          "subject:wikidata": "Q34718",
          "tourism": "artwork",
          "website": "https://informatics.ed.ac.uk/about/explore-school-informatics/history-of-informatics-forum/informatics-artworks"
        }
      }
    },
    {
      "type": "Feature",
      "geometry": {
        "type": "Point",
        "coordinates": [
          -3.2030378500000007,
          55.95006348333333
        ]
      },
      "properties": {
        "id": "osm:way:62066717",
        "source": "osm",
        "title": "Ross Fountain",
        "address": "",
        "description": "",
        "categories": [
          "landmark"
        ],
        "primary_category": "landmark",
        "interest_score": 36,
        "website": "",
        "wikipedia": "",
        "wikidata": "Q7369346",
        "source_url": "https://www.openstreetmap.org/way/62066717",
        "fetched_at_utc": "2026-10-07T11:41:56+00:00",
        "query_key": "attractions_and_viewpoints",
        "tags": {
          "amenity": "fountain",
          "name": "Ross Fountain",
          "name:es": "Fuente Ross",
          "ref:canmore": "111804",
          "tourism": "attraction",
          "wikidata": "Q7369346"
        },
        "sitelinks": 8
      }
    },
    {
      "type": "Feature",
      "geometry": {
        "type": "Point",
        "coordinates": [
          -3.2093396,
          55.9580593
        ]
      },
      "properties": {
        "id": "osm:node:2298043778",
        "source": "osm",
        "title": "Saorsa Art Gallery",
        "address": "8 Deanhaugh Street, Edinburgh, EH4 1LY",
        "description": "",
        "categories": [
          "cultural",
          "art"
        ],
        "primary_category": "cultural",
        "interest_score": 36,
        "website": "https://www.saorsa-art.com/",
        "wikipedia": "",
        "wikidata": "",
        "source_url": "https://www.openstreetmap.org/node/2298043778",
        "fetched_at_utc": "2026-10-07T11:41:56+00:00",
        "query_key": "galleries_and_arts",
        "tags": {
          "addr:city": "Edinburgh",
          "addr:housenumber": "8",
          "addr:postcode": "EH4 1LY",
          "addr:street": "Deanhaugh Street",
          "check_date": "2026-02-20",
          "check_date:opening_hours": "2026-02-20",
          "contact:instagram": "tommyfitchet",
          "fee": "no",
          "name": "Saorsa Art Gallery",
          "opening_hours": "Th-Su 12:00-16:00",
          "phone": "+44 7887744361",
          "source": "survey",
          "tourism": "gallery",
          "website": "https://www.saorsa-art.com/"
        }
      }
    },
    {
      "type": "Feature",
      "geometry": {
        "type": "Point",
        "coordinates": [
          -3.2065051,
          55.9461271
        ]
      },
      "properties": {
        "id": "osm:node:12670410517",
        "source": "osm",
        "title": "Scott Lawrie Gallery",
        "address": "2 Chuckie Pend",
        "description": "",
        "categories": [
          "cultural",
          "art"
        ],
        "primary_category": "cultural",
        "interest_score": 36,
        "website": "https://www.scottlawrie.com/",
        "wikipedia": "",
        "wikidata": "",
        "source_url": "https://www.openstreetmap.org/node/12670410517",
        "fetched_at_utc": "2026-10-07T11:41:56+00:00",
        "query_key": "galleries_and_arts",
        "tags": {
          "addr:housenumber": "2",
          "addr:street": "Chuckie Pend",
          "check_date": "2025-03-17",
          "contact:facebook": "https://www.facebook.com/ScottLawrieGallery/",
          "name": "Scott Lawrie Gallery",
          "opening_hours": "Mo-Tu,Su off; We-Sa 11:00-18:00",
          "tourism": "gallery",
          "website": "https://www.scottlawrie.com/"
        }
      }
    },
    {
      "type": "Feature",
      "geometry": {
        "type": "Point",
        "coordinates": [
          -3.2096279,
          55.9487516
        ]
      },
      "properties": {
        "id": "osm:node:10974031516",
        "source": "osm",
        "title": "Scottish Arts Club",
        "address": "24 Rutland Square, EH1 2BW",
        "description": "",
        "categories": [
          "cultural",
          "art"
        ],
        "primary_category": "cultural",
        "interest_score": 36,
        "website": "https://www.scottishartsclub.com/",
        "wikipedia": "",
        "wikidata": "",
        "source_url": "https://www.openstreetmap.org/node/10974031516",
        "fetched_at_utc": "2026-10-07T11:41:56+00:00",
        "query_key": "galleries_and_arts",
        "tags": {
          "addr:floor": "G",
          "addr:housenumber": "24",
          "addr:postcode": "EH1 2BW",
          "addr:street": "Rutland Square",
          "amenity": "arts_centre",
          "check_date": "2026-07-10",
          "fhrs:id": "145507",
          "level": "0",
          "name": "Scottish Arts Club",
          "opening_hours": "Tu-We 10:30-20:00; Th-Sa 10:30-23:00; Su, Mo off",
          "phone": "+44 131 229 8157",
          "website": "https://www.scottishartsclub.com/",
          "wheelchair": "no"
        }
      }
    },
    {
      "type": "Feature",
      "geometry": {
        "type": "Point",
        "coordinates": [
          -3.1793988,
          55.9338204
        ]
      },
      "properties": {
        "id": "osm:node:3510567537",
        "source": "osm",
        "title": "Scottish Official Board of Highland Dancing",
        "address": "32 Grange Loan, Edinburgh",
        "description": "",
        "categories": [
          "cultural",
          "art"
        ],
        "primary_category": "cultural",
        "interest_score": 36,
        "website": "https://www.sobhd.net/",
        "wikipedia": "",
        "wikidata": "",
        "source_url": "https://www.openstreetmap.org/node/3510567537",
        "fetched_at_utc": "2026-10-07T11:41:56+00:00",
        "query_key": "galleries_and_arts",
        "tags": {
          "addr:city": "Edinburgh",
          "addr:housenumber": "32",
          "addr:street": "Grange Loan",
          "amenity": "arts_centre",
          "check_date": "2024-07-31",
          "name": "Scottish Official Board of Highland Dancing",
          "phone": "+44 131 668 3965",
          "source": "survey",
          "website": "https://www.sobhd.net/"
        }
      }
    },
    {
      "type": "Feature",
      "geometry": {
        "type": "Point",
        "coordinates": [
          -3.1902143,
          55.9506775
        ]
      },
      "properties": {
        "id": "osm:node:2934543737",
        "source": "osm",
        "title": "Stills",
        "address": "23 Cockburn Street, Edinburgh, EH1 1BP",
        "description": "",
        "categories": [
          "cultural",
          "art"
        ],
        "primary_category": "cultural",
        "interest_score": 36,
        "website": "https://www.stills.org/",
        "wikipedia": "",
        "wikidata": "",
        "source_url": "https://www.openstreetmap.org/node/2934543737",
        "fetched_at_utc": "2026-10-07T11:41:56+00:00",
        "query_key": "galleries_and_arts",
        "tags": {
          "addr:city": "Edinburgh",
          "addr:housenumber": "23",
          "addr:postcode": "EH1 1BP",
          "addr:street": "Cockburn Street",
          "check_date": "2026-06-26",
          "check_date:opening_hours": "2026-06-26",
          "fee": "no",
          "name": "Stills",
          "opening_hours": "Tu-Sa 11:00-17:00",
          "source": "survey",
          "tourism": "gallery",
          "website": "https://www.stills.org/"
        }
      }
    },
    {
      "type": "Feature",
      "geometry": {
        "type": "Point",
        "coordinates": [
          -3.2105717,
          55.9590274
        ]
      },
      "properties": {
        "id": "osm:node:727348494",
        "source": "osm",
        "title": "Studio Bizio",
        "address": "20A Raeburn Place, Edinburgh, EH4 1HN",
        "description": "",
        "categories": [
          "cultural",
          "art"
        ],
        "primary_category": "cultural",
        "interest_score": 36,
        "website": "https://www.studiobizio.com/",
        "wikipedia": "",
        "wikidata": "",
        "source_url": "https://www.openstreetmap.org/node/727348494",
        "fetched_at_utc": "2026-10-07T11:41:56+00:00",
        "query_key": "galleries_and_arts",
        "tags": {
          "addr:city": "Edinburgh",
          "addr:housenumber": "20A",
          "addr:postcode": "EH4 1HN",
          "addr:street": "Raeburn Place",
          "check_date": "2026-06-12",
          "check_date:opening_hours": "2026-06-12",
          "fee": "no",
          "name": "Studio Bizio",
          "opening_hours": "Mo-Sa 10:00-17:30",
          "source": "survey",
          "tourism": "gallery",
          "website": "https://www.studiobizio.com/"
        }
      }
    },
    {
      "type": "Feature",
      "geometry": {
        "type": "Point",
        "coordinates": [
          -3.2100877,
          55.9805065
        ]
      },
      "properties": {
        "id": "osm:node:13954566180",
        "source": "osm",
        "title": "Tenderness",
        "address": "",
        "description": "Tenderness",
        "categories": [
          "cultural",
          "art"
        ],
        "primary_category": "cultural",
        "interest_score": 36,
        "website": "https://www.edinburgh.gov.uk/leisure-sport-culture/covid-memorial-edinburgh",
        "wikipedia": "",
        "wikidata": "",
        "source_url": "https://www.openstreetmap.org/node/13954566180",
        "fetched_at_utc": "2026-10-07T11:41:56+00:00",
        "query_key": "galleries_and_arts",
        "tags": {
          "artwork_type": "stone",
          "inscription": "Tenderness",
          "panoramax": "a84322f5-856f-4530-bec2-48ef072e4f3e",
          "tourism": "artwork",
          "website": "https://www.edinburgh.gov.uk/leisure-sport-culture/covid-memorial-edinburgh"
        }
      }
    },
    {
      "type": "Feature",
      "geometry": {
        "type": "Point",
        "coordinates": [
          -3.2003995,
          55.9629003
        ]
      },
      "properties": {
        "id": "osm:node:2131101051",
        "source": "osm",
        "title": "The Atelier Gallery",
        "address": "5 Howard Street, Edinburgh, EH3 5JP",
        "description": "",
        "categories": [
          "cultural",
          "art"
        ],
        "primary_category": "cultural",
        "interest_score": 36,
        "website": "https://www.theateliergallery.co.uk/",
        "wikipedia": "",
        "wikidata": "",
        "source_url": "https://www.openstreetmap.org/node/2131101051",
        "fetched_at_utc": "2026-10-07T11:41:56+00:00",
        "query_key": "galleries_and_arts",
        "tags": {
          "addr:city": "Edinburgh",
          "addr:housenumber": "5",
          "addr:postcode": "EH3 5JP",
          "addr:street": "Howard Street",
          "check_date": "2026-01-17",
          "name": "The Atelier Gallery",
          "old_name": "Coro",
          "opening_hours": "Mo-Fr 10:00-18:00; Sa-Su 11:00-15:00",
          "phone": "+44 7711 768 258",
          "shop": "frame",
          "source": "survey",
          "tourism": "gallery",
          "website": "https://www.theateliergallery.co.uk/"
        }
      }
    },
    {
      "type": "Feature",
      "geometry": {
        "type": "Point",
        "coordinates": [
          -3.181695,
          55.9707698
        ]
      },
      "properties": {
        "id": "osm:node:4202387089",
        "source": "osm",
        "title": "The Biscuit Factory",
        "address": "4-6 Anderson Place, Edinburgh, EH6 5NP",
        "description": "",
        "categories": [
          "cultural",
          "art"
        ],
        "primary_category": "cultural",
        "interest_score": 36,
        "website": "http://www.biscuitfactory.co.uk/",
        "wikipedia": "",
        "wikidata": "",
        "source_url": "https://www.openstreetmap.org/node/4202387089",
        "fetched_at_utc": "2026-10-07T11:41:56+00:00",
        "query_key": "galleries_and_arts",
        "tags": {
          "addr:city": "Edinburgh",
          "addr:housenumber": "4-6",
          "addr:postcode": "EH6 5NP",
          "addr:street": "Anderson Place",
          "amenity": "arts_centre",
          "check_date": "2026-09-03",
          "contact:facebook": "https://www.facebook.com/biscuitfactoryedin/",
          "contact:instagram": "https://www.instagram.com/biscuitfactoryedin/",
          "name": "The Biscuit Factory",
          "phone": "+44 131 629 1300",
          "source": "survey",
          "website": "http://www.biscuitfactory.co.uk/"
        }
      }
    },
    {
      "type": "Feature",
      "geometry": {
        "type": "Point",
        "coordinates": [
          -3.1700688,
          55.9701708
        ]
      },
      "properties": {
        "id": "osm:node:3152958383",
        "source": "osm",
        "title": "The Conservation Studio",
        "address": "27 Duke Street, Edinburgh, EH6 8HH",
        "description": "",
        "categories": [
          "cultural",
          "art"
        ],
        "primary_category": "cultural",
        "interest_score": 36,
        "website": "https://www.conservation-studio.co.uk/",
        "wikipedia": "",
        "wikidata": "",
        "source_url": "https://www.openstreetmap.org/node/3152958383",
        "fetched_at_utc": "2026-10-07T11:41:56+00:00",
        "query_key": "galleries_and_arts",
        "tags": {
          "addr:city": "Edinburgh",
          "addr:housenumber": "27",
          "addr:postcode": "EH6 8HH",
          "addr:street": "Duke Street",
          "check_date": "2022-10-21",
          "fee": "no",
          "name": "The Conservation Studio",
          "source": "survey",
          "tourism": "gallery",
          "website": "https://www.conservation-studio.co.uk/"
        }
      }
    },
    {
      "type": "Feature",
      "geometry": {
        "type": "Point",
        "coordinates": [
          -3.2092115,
          55.964898
        ]
      },
      "properties": {
        "id": "osm:node:6784156176",
        "source": "osm",
        "title": "The Harp to Aeolus",
        "address": "",
        "description": "",
        "categories": [
          "cultural",
          "art"
        ],
        "primary_category": "cultural",
        "interest_score": 36,
        "website": "https://www.norrisharps.com/projects-content/aeolian-harp-pavilion",
        "wikipedia": "",
        "wikidata": "",
        "source_url": "https://www.openstreetmap.org/node/6784156176",
        "fetched_at_utc": "2026-10-07T11:41:56+00:00",
        "query_key": "galleries_and_arts",
        "tags": {
          "artist_name": "Mark Norris",
          "artwork_subject": "figurative",
          "artwork_type": "sculpture",
          "material": "wood",
          "name": "The Harp to Aeolus",
          "panoramax": "be774759-34c2-4a3b-9f3a-9050c748d1df",
          "start_date": "2014-05",
          "tourism": "artwork",
          "website": "https://www.norrisharps.com/projects-content/aeolian-harp-pavilion"
        }
      }
    },
    {
      "type": "Feature",
      "geometry": {
        "type": "Point",
        "coordinates": [
          -3.1991968,
          55.9564882
        ]
      },
      "properties": {
        "id": "osm:node:11251068260",
        "source": "osm",
        "title": "The Scottish Gallery",
        "address": "16 Dundas Street, Edinburgh, EH3 6HZ",
        "description": "",
        "categories": [
          "cultural",
          "art"
        ],
        "primary_category": "cultural",
        "interest_score": 36,
        "website": "https://scottish-gallery.co.uk/",
        "wikipedia": "",
        "wikidata": "",
        "source_url": "https://www.openstreetmap.org/node/11251068260",
        "fetched_at_utc": "2026-10-07T11:41:56+00:00",
        "query_key": "galleries_and_arts",
        "tags": {
          "addr:city": "Edinburgh",
          "addr:housenumber": "16",
          "addr:postcode": "EH3 6HZ",
          "addr:street": "Dundas Street",
          "check_date": "2025-09-24",
          "name": "The Scottish Gallery",
          "tourism": "gallery",
          "website": "https://scottish-gallery.co.uk/"
        }
      }
    },
    {
      "type": "Feature",
      "geometry": {
        "type": "Point",
        "coordinates": [
          -3.1922867,
          55.9557169
        ]
      },
      "properties": {
        "id": "osm:node:2643307278",
        "source": "osm",
        "title": "The Stand Comedy Club",
        "address": "5 York Place, Edinburgh, EH1 3EB",
        "description": "",
        "categories": [
          "cultural",
          "art"
        ],
        "primary_category": "cultural",
        "interest_score": 36,
        "website": "https://www.thestand.co.uk/",
        "wikipedia": "",
        "wikidata": "",
        "source_url": "https://www.openstreetmap.org/node/2643307278",
        "fetched_at_utc": "2026-10-07T11:41:56+00:00",
        "query_key": "performance_and_literary",
        "tags": {
          "addr:city": "Edinburgh",
          "addr:housenumber": "5",
          "addr:postcode": "EH1 3EB",
          "addr:street": "York Place",
          "amenity": "theatre",
          "check_date": "2026-02-21",
          "fhrs:id": "65441",
          "name": "The Stand Comedy Club",
          "phone": "+44 131 558 7272",
          "source": "survey",
          "website": "https://www.thestand.co.uk/"
        }
      }
    },
    {
      "type": "Feature",
      "geometry": {
        "type": "Point",
        "coordinates": [
          -3.1743421,
          55.9646557
        ]
      },
      "properties": {
        "id": "osm:node:10537342908",
        "source": "osm",
        "title": "Trevor Jones Art",
        "address": "32 - 36 Dalmeny Street, Edinburgh, EH6 8RG",
        "description": "",
        "categories": [
          "cultural",
          "art"
        ],
        "primary_category": "cultural",
        "interest_score": 36,
        "website": "https://www.trevorjonesart.com/",
        "wikipedia": "",
        "wikidata": "",
        "source_url": "https://www.openstreetmap.org/node/10537342908",
        "fetched_at_utc": "2026-10-07T11:41:56+00:00",
        "query_key": "galleries_and_arts",
        "tags": {
          "addr:city": "Edinburgh",
          "addr:housenumber": "32 - 36",
          "addr:postcode": "EH6 8RG",
          "addr:street": "Dalmeny Street",
          "check_date:currency:XBT": "2023-01-11",
          "currency:XBT": "yes",
          "email": "david@trevorjonesart.com",
          "fee": "no",
          "name": "Trevor Jones Art",
          "payment:lightning": "no",
          "payment:lightning_contactless": "no",
          "payment:onchain": "yes",
          "tourism": "gallery",
          "website": "https://www.trevorjonesart.com/"
        }
      }
    },
    {
      "type": "Feature",
      "geometry": {
        "type": "Point",
        "coordinates": [
          -3.1798096,
          55.960224
        ]
      },
      "properties": {
        "id": "osm:node:12207082837",
        "source": "osm",
        "title": "Unlimited Corporation",
        "address": "77 Brunswick Street",
        "description": "",
        "categories": [
          "cultural",
          "art"
        ],
        "primary_category": "cultural",
        "interest_score": 36,
        "website": "https://unlimitedcorporation.org/",
        "wikipedia": "",
        "wikidata": "",
        "source_url": "https://www.openstreetmap.org/node/12207082837",
        "fetched_at_utc": "2026-10-07T11:41:56+00:00",
        "query_key": "galleries_and_arts",
        "tags": {
          "addr:housenumber": "77",
          "addr:street": "Brunswick Street",
          "check_date": "2026-01-17",
          "contact:instagram": "https://www.instagram.com/unltdcorp",
          "name": "Unlimited Corporation",
          "tourism": "gallery",
          "website": "https://unlimitedcorporation.org/"
        }
      }
    },
    {
      "type": "Feature",
      "geometry": {
        "type": "Point",
        "coordinates": [
          -3.2014688,
          55.9542204
        ]
      },
      "properties": {
        "id": "osm:node:3103808183",
        "source": "osm",
        "title": "Watson Gallery",
        "address": "39 Queen Street, Edinburgh, EH2 3NH",
        "description": "",
        "categories": [
          "cultural",
          "art"
        ],
        "primary_category": "cultural",
        "interest_score": 36,
        "website": "https://www.watsongallery.co.uk/",
        "wikipedia": "",
        "wikidata": "",
        "source_url": "https://www.openstreetmap.org/node/3103808183",
        "fetched_at_utc": "2026-10-07T11:41:56+00:00",
        "query_key": "galleries_and_arts",
        "tags": {
          "addr:city": "Edinburgh",
          "addr:country": "GB",
          "addr:housenumber": "39",
          "addr:postcode": "EH2 3NH",
          "addr:street": "Queen Street",
          "check_date": "2025-02-02",
          "level": "-1",
          "name": "Watson Gallery",
          "opening_hours": "Mo-Sa 11:00-18:00;Su 12:00-17:00",
          "phone": "+44 131 225 7053",
          "source": "survey",
          "tourism": "gallery",
          "website": "https://www.watsongallery.co.uk/",
          "wheelchair": "limited"
        }
      }
    },
    {
      "type": "Feature",
      "geometry": {
        "type": "Point",
        "coordinates": [
          -3.1944743,
          55.9479884
        ]
      },
      "properties": {
        "id": "osm:node:538531426",
        "source": "osm",
        "title": "West Bow Well",
        "address": "",
        "description": "",
        "categories": [
          "landmark"
        ],
        "primary_category": "landmark",
        "interest_score": 36,
        "website": "",
        "wikipedia": "",
        "wikidata": "Q17570786",
        "source_url": "https://www.openstreetmap.org/node/538531426",
        "fetched_at_utc": "2026-10-07T11:41:56+00:00",
        "query_key": "attractions_and_viewpoints",
        "tags": {
          "amenity": "fountain",
          "name": "West Bow Well",
          "ref:canmore": "52178",
          "source": "Bing;survey",
          "tourism": "attraction",
          "wikidata": "Q17570786"
        },
        "sitelinks": 0
      }
    },
    {
      "type": "Feature",
      "geometry": {
        "type": "Point",
        "coordinates": [
          -3.211006,
          55.9805741
        ]
      },
      "properties": {
        "id": "osm:node:13954566182",
        "source": "osm",
        "title": "🐾|🐾",
        "address": "",
        "description": "🐾|🐾",
        "categories": [
          "cultural",
          "art"
        ],
        "primary_category": "cultural",
        "interest_score": 36,
        "website": "https://www.edinburgh.gov.uk/leisure-sport-culture/covid-memorial-edinburgh",
        "wikipedia": "",
        "wikidata": "",
        "source_url": "https://www.openstreetmap.org/node/13954566182",
        "fetched_at_utc": "2026-10-07T11:41:56+00:00",
        "query_key": "galleries_and_arts",
        "tags": {
          "artwork_type": "stone",
          "inscription": "🐾|🐾",
          "panoramax": "2bdcd528-113b-491b-87e4-eadb5d35f8f8",
          "tourism": "artwork",
          "website": "https://www.edinburgh.gov.uk/leisure-sport-culture/covid-memorial-edinburgh"
        }
      }
    },
    {
      "type": "Feature",
      "geometry": {
        "type": "Point",
        "coordinates": [
          -3.1805258,
          55.9784468
        ]
      },
      "properties": {
        "id": "osm:node:13662417291",
        "source": "osm",
        "title": "Anchor",
        "address": "",
        "description": "Anchor",
        "categories": [
          "cultural",
          "art"
        ],
        "primary_category": "cultural",
        "interest_score": 35,
        "website": "",
        "wikipedia": "",
        "wikidata": "",
        "source_url": "https://www.openstreetmap.org/node/13662417291",
        "fetched_at_utc": "2026-10-07T11:41:56+00:00",
        "query_key": "galleries_and_arts",
        "tags": {
          "artwork_type": "sculpture",
          "description": "Anchor",
          "material": "metal",
          "tourism": "artwork",
          "wikimedia_commons": "File:Turf Zone \"OceanSquare\" - geograph.org.uk - 7364971.jpg"
        }
      }
    },
    {
      "type": "Feature",
      "geometry": {
        "type": "Point",
        "coordinates": [
          -3.1993944,
          55.9665417
        ]
      },
      "properties": {
        "id": "osm:node:571800133",
        "source": "osm",
        "title": "Eildon Street Gate",
        "address": "",
        "description": "Leaf shaped gate designed by Adrian Hickey",
        "categories": [
          "cultural",
          "art"
        ],
        "primary_category": "cultural",
        "interest_score": 35,
        "website": "",
        "wikipedia": "",
        "wikidata": "",
        "source_url": "https://www.openstreetmap.org/node/571800133",
        "fetched_at_utc": "2026-10-07T11:41:56+00:00",
        "query_key": "galleries_and_arts",
        "tags": {
          "description": "Leaf shaped gate designed by Adrian Hickey",
          "name": "Eildon Street Gate",
          "tourism": "artwork",
          "wikimedia_commons": "File:Houses in Eildon Street (geograph 3839851).jpg"
        }
      }
    },
    {
      "type": "Feature",
      "geometry": {
        "type": "Point",
        "coordinates": [
          -3.2028612,
          55.9534657
        ]
      },
      "properties": {
        "id": "osm:node:9297746733",
        "source": "osm",
        "title": "Hill Street Theatre",
        "address": "",
        "description": "Masonic hall used as a theatre mainly in August",
        "categories": [
          "cultural",
          "art"
        ],
        "primary_category": "cultural",
        "interest_score": 35,
        "website": "",
        "wikipedia": "",
        "wikidata": "",
        "source_url": "https://www.openstreetmap.org/node/9297746733",
        "fetched_at_utc": "2026-10-07T11:41:56+00:00",
        "query_key": "performance_and_literary",
        "tags": {
          "amenity": "theatre",
          "description": "Masonic hall used as a theatre mainly in August",
          "name": "Hill Street Theatre"
        }
      }
    },
    {
      "type": "Feature",
      "geometry": {
        "type": "Point",
        "coordinates": [
          -3.217901,
          55.9276931
        ]
      },
      "properties": {
        "id": "osm:node:503129283",
        "source": "osm",
        "title": "Lighthouse",
        "address": "",
        "description": "Lighthouse sculpture. It is an important symbol for the people in the hospital which deals with mental health issues.",
        "categories": [
          "cultural",
          "art"
        ],
        "primary_category": "cultural",
        "interest_score": 35,
        "website": "",
        "wikipedia": "",
        "wikidata": "",
        "source_url": "https://www.openstreetmap.org/node/503129283",
        "fetched_at_utc": "2026-10-07T11:41:56+00:00",
        "query_key": "galleries_and_arts",
        "tags": {
          "artwork_type": "sculpture",
          "description": "Lighthouse sculpture. It is an important symbol for the people in the hospital which deals with mental health issues.",
          "name": "Lighthouse",
          "tourism": "artwork"
        }
      }
    },
    {
      "type": "Feature",
      "geometry": {
        "type": "Point",
        "coordinates": [
          -3.1930846,
          55.9545487
        ]
      },
      "properties": {
        "id": "osm:node:5331191647",
        "source": "osm",
        "title": "Lion",
        "address": "",
        "description": "Lion",
        "categories": [
          "cultural",
          "art"
        ],
        "primary_category": "cultural",
        "interest_score": 35,
        "website": "",
        "wikipedia": "",
        "wikidata": "",
        "source_url": "https://www.openstreetmap.org/node/5331191647",
        "fetched_at_utc": "2026-10-07T11:41:56+00:00",
        "query_key": "galleries_and_arts",
        "tags": {
          "artwork_type": "sculpture",
          "description": "Lion",
          "material": "stone",
          "tourism": "artwork"
        }
      }
    },
    {
      "type": "Feature",
      "geometry": {
        "type": "Point",
        "coordinates": [
          -3.2249357,
          55.9512889
        ]
      },
      "properties": {
        "id": "osm:node:4640452285",
        "source": "osm",
        "title": "Master of the Universe",
        "address": "",
        "description": "\"Master of the Universe\" is based on a famous drawing by William Blake, which shows the scientist Isaac Newton (purchase in 1990).",
        "categories": [
          "cultural",
          "art"
        ],
        "primary_category": "cultural",
        "interest_score": 35,
        "website": "",
        "wikipedia": "",
        "wikidata": "",
        "source_url": "https://www.openstreetmap.org/node/4640452285",
        "fetched_at_utc": "2026-10-07T11:41:56+00:00",
        "query_key": "galleries_and_arts",
        "tags": {
          "artist_name": "Eduardo Paolozzi",
          "artwork_type": "sculpture",
          "description": "\"Master of the Universe\" is based on a famous drawing by William Blake, which shows the scientist Isaac Newton (purchase in 1990).",
          "material": "bronze",
          "name": "Master of the Universe",
          "source": "survey",
          "start_date": "1989",
          "tourism": "artwork"
        }
      }
    },
    {
      "type": "Feature",
      "geometry": {
        "type": "Point",
        "coordinates": [
          -3.1724578,
          55.9568593
        ]
      },
      "properties": {
        "id": "osm:node:5010110337",
        "source": "osm",
        "title": "Out of the Blue Abbeymount Studios",
        "address": "2 Easter Road, Edinburgh",
        "description": "A creative space for artists & makers - wood, ceramics, textiles, screen printing",
        "categories": [
          "cultural",
          "art"
        ],
        "primary_category": "cultural",
        "interest_score": 35,
        "website": "",
        "wikipedia": "",
        "wikidata": "",
        "source_url": "https://www.openstreetmap.org/node/5010110337",
        "fetched_at_utc": "2026-10-07T11:41:56+00:00",
        "query_key": "galleries_and_arts",
        "tags": {
          "addr:city": "Edinburgh",
          "addr:housenumber": "2",
          "addr:street": "Easter Road",
          "amenity": "arts_centre",
          "check_date": "2025-02-21",
          "contact:facebook": "http://www.facebook.com/ootbabbeymountstudios/",
          "description": "A creative space for artists & makers - wood, ceramics, textiles, screen printing",
          "name": "Out of the Blue Abbeymount Studios",
          "source": "survey"
        }
      }
    },
    {
      "type": "Feature",
      "geometry": {
        "type": "Point",
        "coordinates": [
          -3.1795027,
          55.9681415
        ]
      },
      "properties": {
        "id": "osm:node:6292867508",
        "source": "osm",
        "title": "Pilrig Park Mural",
        "address": "",
        "description": "https://www.flickr.com/photos/145426779@N06/40190780483/in/dateposted-public/",
        "categories": [
          "cultural",
          "art"
        ],
        "primary_category": "cultural",
        "interest_score": 35,
        "website": "",
        "wikipedia": "",
        "wikidata": "",
        "source_url": "https://www.openstreetmap.org/node/6292867508",
        "fetched_at_utc": "2026-10-07T11:41:56+00:00",
        "query_key": "galleries_and_arts",
        "tags": {
          "artist_name": "Too Much Fun Club",
          "artwork_type": "mural",
          "description": "https://www.flickr.com/photos/145426779@N06/40190780483/in/dateposted-public/",
          "name": "Pilrig Park Mural",
          "start_date": "2017",
          "tourism": "artwork"
        }
      }
    },
    {
      "type": "Feature",
      "geometry": {
        "type": "Point",
        "coordinates": [
          -3.1968745,
          55.9461264
        ]
      },
      "properties": {
        "id": "osm:node:6964815791",
        "source": "osm",
        "title": "The Lover's Touch",
        "address": "",
        "description": "Plaque installed during 2008 Edinburgh Festival Fringe",
        "categories": [
          "cultural",
          "art"
        ],
        "primary_category": "cultural",
        "interest_score": 35,
        "website": "",
        "wikipedia": "",
        "wikidata": "",
        "source_url": "https://www.openstreetmap.org/node/6964815791",
        "fetched_at_utc": "2026-10-07T11:41:56+00:00",
        "query_key": "galleries_and_arts",
        "tags": {
          "artist_name": "Eames Demetrios",
          "artwork_type": "installation",
          "description": "Plaque installed during 2008 Edinburgh Festival Fringe",
          "name": "The Lover's Touch",
          "tourism": "artwork"
        }
      }
    },
    {
      "type": "Feature",
      "geometry": {
        "type": "Point",
        "coordinates": [
          -3.2022685,
          55.9503045
        ]
      },
      "properties": {
        "id": "osm:node:13983582168",
        "source": "osm",
        "title": "The Royal Regiment Of Scotland 2006",
        "address": "",
        "description": "Dedicated by His Majesty King Charles III, Colonel-in-Chief, on 1st July 2026, marking the 20th Anniversary of th formation of th Regiment.",
        "categories": [
          "cultural",
          "art"
        ],
        "primary_category": "cultural",
        "interest_score": 35,
        "website": "",
        "wikipedia": "",
        "wikidata": "",
        "source_url": "https://www.openstreetmap.org/node/13983582168",
        "fetched_at_utc": "2026-10-07T11:41:56+00:00",
        "query_key": "galleries_and_arts",
        "tags": {
          "artist_name": "Kenny Hunter",
          "artwork_type": "sculpture",
          "description": "Dedicated by His Majesty King Charles III, Colonel-in-Chief, on 1st July 2026, marking the 20th Anniversary of th formation of th Regiment.",
          "material": "bronze",
          "name": "The Royal Regiment Of Scotland 2006",
          "start_date": "2026-07-01",
          "tourism": "artwork"
        }
      }
    },
    {
      "type": "Feature",
      "geometry": {
        "type": "Point",
        "coordinates": [
          -3.2229494,
          55.9513852
        ]
      },
      "properties": {
        "id": "osm:node:4640452257",
        "source": "osm",
        "title": "The Virgin of Alsace",
        "address": "",
        "description": "This bronze has been created in 1919-21 and purchased in 1930",
        "categories": [
          "cultural",
          "art"
        ],
        "primary_category": "cultural",
        "interest_score": 35,
        "website": "",
        "wikipedia": "",
        "wikidata": "",
        "source_url": "https://www.openstreetmap.org/node/4640452257",
        "fetched_at_utc": "2026-10-07T11:41:56+00:00",
        "query_key": "galleries_and_arts",
        "tags": {
          "artist:wikidata": "Q314350",
          "artist_name": "Emile-Antoine Bourdelle",
          "artwork_type": "sculpture",
          "description": "This bronze has been created in 1919-21 and purchased in 1930",
          "material": "bronze",
          "name": "The Virgin of Alsace",
          "panoramax": "27c16e69-a5f4-4597-a303-23db933d3c47",
          "source": "survey",
          "start_date": "1921",
          "tourism": "artwork"
        }
      }
    },
    {
      "type": "Feature",
      "geometry": {
        "type": "Point",
        "coordinates": [
          -3.1747627,
          55.9546234
        ]
      },
      "properties": {
        "id": "osm:node:12625375805",
        "source": "osm",
        "title": "wooden animal sculpture",
        "address": "",
        "description": "wooden animal sculpture",
        "categories": [
          "cultural",
          "art"
        ],
        "primary_category": "cultural",
        "interest_score": 35,
        "website": "",
        "wikipedia": "",
        "wikidata": "",
        "source_url": "https://www.openstreetmap.org/node/12625375805",
        "fetched_at_utc": "2026-10-07T11:41:56+00:00",
        "query_key": "galleries_and_arts",
        "tags": {
          "artwork_type": "sculpture",
          "description": "wooden animal sculpture",
          "material": "wood",
          "tourism": "artwork"
        }
      }
    },
    {
      "type": "Feature",
      "geometry": {
        "type": "Point",
        "coordinates": [
          -3.2102229999999987,
          55.953296002439004
        ]
      },
      "properties": {
        "id": "osm:way:281358003",
        "source": "osm",
        "title": "Ainslie Place Gardens",
        "address": "",
        "description": "",
        "categories": [
          "natural",
          "garden"
        ],
        "primary_category": "natural",
        "interest_score": 34,
        "website": "",
        "wikipedia": "",
        "wikidata": "",
        "source_url": "https://www.openstreetmap.org/way/281358003",
        "fetched_at_utc": "2026-10-07T11:41:56+00:00",
        "query_key": "gardens",
        "tags": {
          "access": "private",
          "barrier": "fence",
          "garden:type": "private",
          "leisure": "garden",
          "name": "Ainslie Place Gardens",
          "operator": "Lord Moray’s Feu Pleasure Grounds Committee of Management",
          "operator:type": "private"
        }
      }
    },
    {
      "type": "Feature",
      "geometry": {
        "type": "Point",
        "coordinates": [
          -3.1895028727272727,
          55.954210418181795
        ]
      },
      "properties": {
        "id": "osm:way:232555799",
        "source": "osm",
        "title": "Archivists' Garden",
        "address": "",
        "description": "",
        "categories": [
          "natural",
          "garden"
        ],
        "primary_category": "natural",
        "interest_score": 34,
        "website": "",
        "wikipedia": "",
        "wikidata": "",
        "source_url": "https://www.openstreetmap.org/way/232555799",
        "fetched_at_utc": "2026-10-07T11:41:56+00:00",
        "query_key": "gardens",
        "tags": {
          "access": "customers",
          "leisure": "garden",
          "name": "Archivists' Garden",
          "source": "bing;survey"
        }
      }
    },
    {
      "type": "Feature",
      "geometry": {
        "type": "Point",
        "coordinates": [
          -3.211828961702127,
          55.94831183617021
        ]
      },
      "properties": {
        "id": "osm:way:30952181",
        "source": "osm",
        "title": "Atholl Crescent Gardens",
        "address": "",
        "description": "",
        "categories": [
          "natural",
          "garden"
        ],
        "primary_category": "natural",
        "interest_score": 34,
        "website": "",
        "wikipedia": "",
        "wikidata": "",
        "source_url": "https://www.openstreetmap.org/way/30952181",
        "fetched_at_utc": "2026-10-07T11:41:56+00:00",
        "query_key": "gardens",
        "tags": {
          "access": "yes",
          "leisure": "garden",
          "name": "Atholl Crescent Gardens",
          "source": "NLS_OS_Edinburgh_map_1940s;Bing"
        }
      }
    },
    {
      "type": "Feature",
      "geometry": {
        "type": "Point",
        "coordinates": [
          -3.2459282,
          55.938693475
        ]
      },
      "properties": {
        "id": "osm:way:513180277",
        "source": "osm",
        "title": "Balgreen Community Garden",
        "address": "",
        "description": "",
        "categories": [
          "natural",
          "garden"
        ],
        "primary_category": "natural",
        "interest_score": 34,
        "website": "",
        "wikipedia": "",
        "wikidata": "",
        "source_url": "https://www.openstreetmap.org/way/513180277",
        "fetched_at_utc": "2026-10-07T11:41:56+00:00",
        "query_key": "gardens",
        "tags": {
          "leisure": "garden",
          "name": "Balgreen Community Garden"
        }
      }
    },
    {
      "type": "Feature",
      "geometry": {
        "type": "Point",
        "coordinates": [
          -3.210251726724138,
          55.95504885603449
        ]
      },
      "properties": {
        "id": "osm:way:511083193",
        "source": "osm",
        "title": "Bank Gardens",
        "address": "",
        "description": "",
        "categories": [
          "natural",
          "garden"
        ],
        "primary_category": "natural",
        "interest_score": 34,
        "website": "",
        "wikipedia": "",
        "wikidata": "",
        "source_url": "https://www.openstreetmap.org/way/511083193",
        "fetched_at_utc": "2026-10-07T11:41:56+00:00",
        "query_key": "gardens",
        "tags": {
          "access": "private",
          "garden:type": "private",
          "leisure": "garden",
          "name": "Bank Gardens",
          "operator": "Lord Moray’s Feu Pleasure Grounds Committee of Management",
          "operator:type": "private"
        }
      }
    },
    {
      "type": "Feature",
      "geometry": {
        "type": "Point",
        "coordinates": [
          -3.217486411940299,
          55.953151943283586
        ]
      },
      "properties": {
        "id": "osm:way:23188163",
        "source": "osm",
        "title": "Belgrave Crescent Gardens",
        "address": "",
        "description": "",
        "categories": [
          "natural",
          "garden"
        ],
        "primary_category": "natural",
        "interest_score": 34,
        "website": "",
        "wikipedia": "",
        "wikidata": "",
        "source_url": "https://www.openstreetmap.org/way/23188163",
        "fetched_at_utc": "2026-10-07T11:41:56+00:00",
        "query_key": "gardens",
        "tags": {
          "access": "private",
          "leisure": "garden",
          "name": "Belgrave Crescent Gardens",
          "note": "split between gardens estimated"
        }
      }
    },
    {
      "type": "Feature",
      "geometry": {
        "type": "Point",
        "coordinates": [
          -3.1936318196428575,
          55.96079127678571
        ]
      },
      "properties": {
        "id": "osm:way:79622302",
        "source": "osm",
        "title": "Bellevue Crescent Gardens",
        "address": "",
        "description": "",
        "categories": [
          "natural",
          "garden"
        ],
        "primary_category": "natural",
        "interest_score": 34,
        "website": "",
        "wikipedia": "",
        "wikidata": "",
        "source_url": "https://www.openstreetmap.org/way/79622302",
        "fetched_at_utc": "2026-10-07T11:41:56+00:00",
        "query_key": "gardens",
        "tags": {
          "access": "yes",
          "leisure": "garden",
          "name": "Bellevue Crescent Gardens",
          "source": "NLS_OS_Edinburgh_map_1940s;Bing"
        }
      }
    },
    {
      "type": "Feature",
      "geometry": {
        "type": "Point",
        "coordinates": [
          -3.1926097378378375,
          55.96026272162163
        ]
      },
      "properties": {
        "id": "osm:way:333623410",
        "source": "osm",
        "title": "Bellevue Crescent Gardens",
        "address": "",
        "description": "",
        "categories": [
          "natural",
          "garden"
        ],
        "primary_category": "natural",
        "interest_score": 34,
        "website": "",
        "wikipedia": "",
        "wikidata": "",
        "source_url": "https://www.openstreetmap.org/way/333623410",
        "fetched_at_utc": "2026-10-07T11:41:56+00:00",
        "query_key": "gardens",
        "tags": {
          "access": "yes",
          "leisure": "garden",
          "name": "Bellevue Crescent Gardens",
          "source": "NLS_OS_Edinburgh_map_1940s;Bing"
        }
      }
    },
    {
      "type": "Feature",
      "geometry": {
        "type": "Point",
        "coordinates": [
          -3.184270927272727,
          55.97003008181819
        ]
      },
      "properties": {
        "id": "osm:way:1536371612",
        "source": "osm",
        "title": "Bonnington Bee + Book Garden",
        "address": "",
        "description": "",
        "categories": [
          "natural",
          "garden"
        ],
        "primary_category": "natural",
        "interest_score": 34,
        "website": "",
        "wikipedia": "",
        "wikidata": "",
        "source_url": "https://www.openstreetmap.org/way/1536371612",
        "fetched_at_utc": "2026-10-07T11:41:56+00:00",
        "query_key": "gardens",
        "tags": {
          "garden:type": "community",
          "leisure": "garden",
          "name": "Bonnington Bee + Book Garden"
        }
      }
    },
    {
      "type": "Feature",
      "geometry": {
        "type": "Point",
        "coordinates": [
          -3.1824839285714286,
          55.95004587142857
        ]
      },
      "properties": {
        "id": "osm:way:1420543532",
        "source": "osm",
        "title": "Boswell's Garden",
        "address": "",
        "description": "",
        "categories": [
          "natural",
          "garden"
        ],
        "primary_category": "natural",
        "interest_score": 34,
        "website": "",
        "wikipedia": "",
        "wikidata": "",
        "source_url": "https://www.openstreetmap.org/way/1420543532",
        "fetched_at_utc": "2026-10-07T11:41:56+00:00",
        "query_key": "gardens",
        "tags": {
          "garden:type": "private",
          "leisure": "garden",
          "name": "Boswell's Garden"
        }
      }
    },
    {
      "type": "Feature",
      "geometry": {
        "type": "Point",
        "coordinates": [
          -3.169228233333333,
          55.9601757
        ]
      },
      "properties": {
        "id": "osm:way:313846326",
        "source": "osm",
        "title": "Bothwell Street Gardens",
        "address": "",
        "description": "",
        "categories": [
          "natural",
          "garden"
        ],
        "primary_category": "natural",
        "interest_score": 34,
        "website": "",
        "wikipedia": "",
        "wikidata": "",
        "source_url": "https://www.openstreetmap.org/way/313846326",
        "fetched_at_utc": "2026-10-07T11:41:56+00:00",
        "query_key": "gardens",
        "tags": {
          "leisure": "garden",
          "name": "Bothwell Street Gardens",
          "source": "survey"
        }
      }
    },
    {
      "type": "Feature",
      "geometry": {
        "type": "Point",
        "coordinates": [
          -3.1777383352941184,
          55.94839092941177
        ]
      },
      "properties": {
        "id": "osm:way:701654742",
        "source": "osm",
        "title": "Braidwood Centre Comunity Garden",
        "address": "",
        "description": "",
        "categories": [
          "natural",
          "garden"
        ],
        "primary_category": "natural",
        "interest_score": 34,
        "website": "",
        "wikipedia": "",
        "wikidata": "",
        "source_url": "https://www.openstreetmap.org/way/701654742",
        "fetched_at_utc": "2026-10-07T11:41:56+00:00",
        "query_key": "gardens",
        "tags": {
          "garden:type": "community",
          "leisure": "garden",
          "name": "Braidwood Centre Comunity Garden"
        }
      }
    },
    {
      "type": "Feature",
      "geometry": {
        "type": "Point",
        "coordinates": [
          -3.1939500285714284,
          55.964140390476196
        ]
      },
      "properties": {
        "id": "osm:way:100007410",
        "source": "osm",
        "title": "Broughton Road Park",
        "address": "",
        "description": "",
        "categories": [
          "natural",
          "park"
        ],
        "primary_category": "natural",
        "interest_score": 34,
        "website": "",
        "wikipedia": "",
        "wikidata": "",
        "source_url": "https://www.openstreetmap.org/way/100007410",
        "fetched_at_utc": "2026-10-07T11:41:56+00:00",
        "query_key": "parks",
        "tags": {
          "leisure": "park",
          "loc_name": "Tesco Park",
          "name": "Broughton Road Park"
        }
      }
    },
    {
      "type": "Feature",
      "geometry": {
        "type": "Point",
        "coordinates": [
          -3.191590225,
          55.963588745833334
        ]
      },
      "properties": {
        "id": "osm:way:81093245",
        "source": "osm",
        "title": "Claremont Crescent Gardens",
        "address": "",
        "description": "",
        "categories": [
          "natural",
          "garden"
        ],
        "primary_category": "natural",
        "interest_score": 34,
        "website": "",
        "wikipedia": "",
        "wikidata": "",
        "source_url": "https://www.openstreetmap.org/way/81093245",
        "fetched_at_utc": "2026-10-07T11:41:56+00:00",
        "query_key": "gardens",
        "tags": {
          "access": "private",
          "barrier": "fence",
          "leisure": "garden",
          "name": "Claremont Crescent Gardens",
          "source": "Bing"
        }
      }
    },
    {
      "type": "Feature",
      "geometry": {
        "type": "Point",
        "coordinates": [
          -3.1772386500000005,
          55.975531055769224
        ]
      },
      "properties": {
        "id": "osm:way:592823521",
        "source": "osm",
        "title": "Coalie Park",
        "address": "",
        "description": "",
        "categories": [
          "natural",
          "park"
        ],
        "primary_category": "natural",
        "interest_score": 34,
        "website": "",
        "wikipedia": "",
        "wikidata": "",
        "source_url": "https://www.openstreetmap.org/way/592823521",
        "fetched_at_utc": "2026-10-07T11:41:56+00:00",
        "query_key": "parks",
        "tags": {
          "leisure": "park",
          "name": "Coalie Park"
        }
      }
    },
    {
      "type": "Feature",
      "geometry": {
        "type": "Point",
        "coordinates": [
          -3.2122852901960792,
          55.9485582764706
        ]
      },
      "properties": {
        "id": "osm:way:30952182",
        "source": "osm",
        "title": "Coates Crescent Gardens",
        "address": "",
        "description": "",
        "categories": [
          "natural",
          "garden"
        ],
        "primary_category": "natural",
        "interest_score": 34,
        "website": "",
        "wikipedia": "",
        "wikidata": "",
        "source_url": "https://www.openstreetmap.org/way/30952182",
        "fetched_at_utc": "2026-10-07T11:41:56+00:00",
        "query_key": "gardens",
        "tags": {
          "access": "yes",
          "leisure": "garden",
          "name": "Coates Crescent Gardens"
        }
      }
    },
    {
      "type": "Feature",
      "geometry": {
        "type": "Point",
        "coordinates": [
          -3.179071842857143,
          55.97683514285715
        ]
      },
      "properties": {
        "id": "osm:way:318374629",
        "source": "osm",
        "title": "Community Garden",
        "address": "",
        "description": "",
        "categories": [
          "natural",
          "garden"
        ],
        "primary_category": "natural",
        "interest_score": 34,
        "website": "",
        "wikipedia": "",
        "wikidata": "",
        "source_url": "https://www.openstreetmap.org/way/318374629",
        "fetched_at_utc": "2026-10-07T11:41:56+00:00",
        "query_key": "gardens",
        "tags": {
          "garden:type": "community",
          "leisure": "garden",
          "name": "Community Garden",
          "operator": "West Cromwell, Persevere and Citadel Court Residents Association",
          "source": "Bing"
        }
      }
    },
    {
      "type": "Feature",
      "geometry": {
        "type": "Point",
        "coordinates": [
          -3.1728565200000003,
          55.96409854799998
        ]
      },
      "properties": {
        "id": "osm:way:73014417",
        "source": "osm",
        "title": "Dalmeny Street Park",
        "address": "",
        "description": "",
        "categories": [
          "natural",
          "park"
        ],
        "primary_category": "natural",
        "interest_score": 34,
        "website": "",
        "wikipedia": "",
        "wikidata": "",
        "source_url": "https://www.openstreetmap.org/way/73014417",
        "fetched_at_utc": "2026-10-07T11:41:56+00:00",
        "query_key": "parks",
        "tags": {
          "leisure": "park",
          "name": "Dalmeny Street Park",
          "source": "Bing;survey"
        }
      }
    },
    {
      "type": "Feature",
      "geometry": {
        "type": "Point",
        "coordinates": [
          -3.221634240625,
          55.94093487812499
        ]
      },
      "properties": {
        "id": "osm:way:106346083",
        "source": "osm",
        "title": "Dalry Community Park",
        "address": "",
        "description": "",
        "categories": [
          "natural",
          "park"
        ],
        "primary_category": "natural",
        "interest_score": 34,
        "website": "",
        "wikipedia": "",
        "wikidata": "",
        "source_url": "https://www.openstreetmap.org/way/106346083",
        "fetched_at_utc": "2026-10-07T11:41:56+00:00",
        "query_key": "parks",
        "tags": {
          "leisure": "park",
          "name": "Dalry Community Park"
        }
      }
    },
    {
      "type": "Feature",
      "geometry": {
        "type": "Point",
        "coordinates": [
          -3.1821141631578946,
          55.94568861052632
        ]
      },
      "properties": {
        "id": "osm:way:479541160",
        "source": "osm",
        "title": "Deaconess Garden",
        "address": "",
        "description": "",
        "categories": [
          "natural",
          "garden"
        ],
        "primary_category": "natural",
        "interest_score": 34,
        "website": "",
        "wikipedia": "",
        "wikidata": "",
        "source_url": "https://www.openstreetmap.org/way/479541160",
        "fetched_at_utc": "2026-10-07T11:41:56+00:00",
        "query_key": "gardens",
        "tags": {
          "leisure": "garden",
          "name": "Deaconess Garden"
        }
      }
    },
    {
      "type": "Feature",
      "geometry": {
        "type": "Point",
        "coordinates": [
          -3.246774985714286,
          55.961742928571425
        ]
      },
      "properties": {
        "id": "osm:way:328940755",
        "source": "osm",
        "title": "Drylaw Neighbourhood Centre Community Garden",
        "address": "",
        "description": "",
        "categories": [
          "natural",
          "garden"
        ],
        "primary_category": "natural",
        "interest_score": 34,
        "website": "",
        "wikipedia": "",
        "wikidata": "",
        "source_url": "https://www.openstreetmap.org/way/328940755",
        "fetched_at_utc": "2026-10-07T11:41:56+00:00",
        "query_key": "gardens",
        "tags": {
          "garden:type": "community",
          "leisure": "garden",
          "name": "Drylaw Neighbourhood Centre Community Garden"
        }
      }
    },
    {
      "type": "Feature",
      "geometry": {
        "type": "Point",
        "coordinates": [
          -3.2258183172413792,
          55.94141246551725
        ]
      },
      "properties": {
        "id": "osm:way:496655811",
        "source": "osm",
        "title": "Duff Street Woodland",
        "address": "",
        "description": "",
        "categories": [
          "natural",
          "park"
        ],
        "primary_category": "natural",
        "interest_score": 34,
        "website": "",
        "wikipedia": "",
        "wikidata": "",
        "source_url": "https://www.openstreetmap.org/way/496655811",
        "fetched_at_utc": "2026-10-07T11:41:56+00:00",
        "query_key": "parks",
        "tags": {
          "check_date": "2024-12-09",
          "leaf_type": "broadleaved",
          "leisure": "park",
          "name": "Duff Street Woodland",
          "opening_date": "2024-12-09"
        }
      }
    },
    {
      "type": "Feature",
      "geometry": {
        "type": "Point",
        "coordinates": [
          -3.196761158333334,
          55.947614304166656
        ]
      },
      "properties": {
        "id": "osm:way:514548051",
        "source": "osm",
        "title": "Dunlop's Court",
        "address": "",
        "description": "",
        "categories": [
          "natural",
          "garden"
        ],
        "primary_category": "natural",
        "interest_score": 34,
        "website": "",
        "wikipedia": "",
        "wikidata": "",
        "source_url": "https://www.openstreetmap.org/way/514548051",
        "fetched_at_utc": "2026-10-07T11:41:56+00:00",
        "query_key": "gardens",
        "tags": {
          "access": "private",
          "leisure": "garden",
          "name": "Dunlop's Court",
          "source": "NLS_OS_Edinburgh_map_1940s;Bing"
        }
      }
    },
    {
      "type": "Feature",
      "geometry": {
        "type": "Point",
        "coordinates": [
          -3.2268960444444454,
          55.974092037777794
        ]
      },
      "properties": {
        "id": "osm:way:95017641",
        "source": "osm",
        "title": "East Pilton Park",
        "address": "",
        "description": "",
        "categories": [
          "natural",
          "park"
        ],
        "primary_category": "natural",
        "interest_score": 34,
        "website": "",
        "wikipedia": "",
        "wikidata": "",
        "source_url": "https://www.openstreetmap.org/way/95017641",
        "fetched_at_utc": "2026-10-07T11:41:56+00:00",
        "query_key": "parks",
        "tags": {
          "leisure": "park",
          "name": "East Pilton Park",
          "source": "Bing;survey"
        }
      }
    },
    {
      "type": "Feature",
      "geometry": {
        "type": "Point",
        "coordinates": [
          -3.193389463736264,
          55.95157186483516
        ]
      },
      "properties": {
        "id": "osm:way:5585005",
        "source": "osm",
        "title": "East Princes Street Gardens",
        "address": "",
        "description": "",
        "categories": [
          "natural",
          "park"
        ],
        "primary_category": "natural",
        "interest_score": 34,
        "website": "",
        "wikipedia": "",
        "wikidata": "",
        "source_url": "https://www.openstreetmap.org/way/5585005",
        "fetched_at_utc": "2026-10-07T11:41:56+00:00",
        "query_key": "parks",
        "tags": {
          "leisure": "park",
          "name": "East Princes Street Gardens",
          "name:gd": "Gàrradh Sràid a' Phrionnsa an Ear",
          "name:ko": "이스트 프린스 스트리트 가든",
          "opening_hours": "Jan 01-Mar 24: 07:00-18:00; Mar 25-Apr 21: 07:00-19:00; Apr 22-May 26: 07:00-20:00; May 27-Aug 25: 07:00-22:00; Aug 26-Sep 22: 07:00-20:00; Sep 23-Oct 27: 07:00-19:00; Oct 28-Dec 31: 07:00-18:00",
          "opening_hours:url": "https://www.edinburghoutdoors.org.uk/directory-record/112/princes-street-gardens"
        }
      }
    },
    {
      "type": "Feature",
      "geometry": {
        "type": "Point",
        "coordinates": [
          -3.2432317764705885,
          55.96352922941177
        ]
      },
      "properties": {
        "id": "osm:way:544413140",
        "source": "osm",
        "title": "Easter Drylaw Park",
        "address": "",
        "description": "",
        "categories": [
          "natural",
          "park"
        ],
        "primary_category": "natural",
        "interest_score": 34,
        "website": "",
        "wikipedia": "",
        "wikidata": "",
        "source_url": "https://www.openstreetmap.org/way/544413140",
        "fetched_at_utc": "2026-10-07T11:41:56+00:00",
        "query_key": "parks",
        "tags": {
          "leisure": "park",
          "name": "Easter Drylaw Park"
        }
      }
    },
    {
      "type": "Feature",
      "geometry": {
        "type": "Point",
        "coordinates": [
          -3.2486965989130443,
          55.9789211141304
        ]
      },
      "properties": {
        "id": "osm:way:62805985",
        "source": "osm",
        "title": "Forthquarter Park",
        "address": "",
        "description": "",
        "categories": [
          "natural",
          "park"
        ],
        "primary_category": "natural",
        "interest_score": 34,
        "website": "",
        "wikipedia": "",
        "wikidata": "",
        "source_url": "https://www.openstreetmap.org/way/62805985",
        "fetched_at_utc": "2026-10-07T11:41:56+00:00",
        "query_key": "parks",
        "tags": {
          "leisure": "park",
          "name": "Forthquarter Park"
        }
      }
    },
    {
      "type": "Feature",
      "geometry": {
        "type": "Point",
        "coordinates": [
          -3.2159675142857145,
          55.93974744285714
        ]
      },
      "properties": {
        "id": "osm:way:365599116",
        "source": "osm",
        "title": "Fountainbridge Green",
        "address": "",
        "description": "",
        "categories": [
          "natural",
          "park"
        ],
        "primary_category": "natural",
        "interest_score": 34,
        "website": "",
        "wikipedia": "",
        "wikidata": "",
        "source_url": "https://www.openstreetmap.org/way/365599116",
        "fetched_at_utc": "2026-10-07T11:41:56+00:00",
        "query_key": "parks",
        "tags": {
          "leisure": "park",
          "name": "Fountainbridge Green",
          "source": "Bing;survey"
        }
      }
    },
    {
      "type": "Feature",
      "geometry": {
        "type": "Point",
        "coordinates": [
          -3.175740417647059,
          55.95172497058824
        ]
      },
      "properties": {
        "id": "osm:way:41571916",
        "source": "osm",
        "title": "Garden",
        "address": "",
        "description": "",
        "categories": [
          "natural",
          "garden"
        ],
        "primary_category": "natural",
        "interest_score": 34,
        "website": "",
        "wikipedia": "",
        "wikidata": "",
        "source_url": "https://www.openstreetmap.org/way/41571916",
        "fetched_at_utc": "2026-10-07T11:41:56+00:00",
        "query_key": "gardens",
        "tags": {
          "access": "private",
          "leisure": "garden",
          "name": "Garden"
        }
      }
    },
    {
      "type": "Feature",
      "geometry": {
        "type": "Point",
        "coordinates": [
          -3.2099321589743597,
          55.94503409487177
        ]
      },
      "properties": {
        "id": "osm:way:4247170",
        "source": "osm",
        "title": "Gardner's Crescent Gardens",
        "address": "",
        "description": "",
        "categories": [
          "natural",
          "garden"
        ],
        "primary_category": "natural",
        "interest_score": 34,
        "website": "",
        "wikipedia": "",
        "wikidata": "",
        "source_url": "https://www.openstreetmap.org/way/4247170",
        "fetched_at_utc": "2026-10-07T11:41:56+00:00",
        "query_key": "gardens",
        "tags": {
          "leisure": "garden",
          "name": "Gardner's Crescent Gardens"
        }
      }
    },
    {
      "type": "Feature",
      "geometry": {
        "type": "Point",
        "coordinates": [
          -3.2443904947368423,
          55.980480968421055
        ]
      },
      "properties": {
        "id": "osm:way:1377428318",
        "source": "osm",
        "title": "Gasholder 1",
        "address": "",
        "description": "",
        "categories": [
          "natural",
          "park"
        ],
        "primary_category": "natural",
        "interest_score": 34,
        "website": "",
        "wikipedia": "",
        "wikidata": "",
        "source_url": "https://www.openstreetmap.org/way/1377428318",
        "fetched_at_utc": "2026-10-07T11:41:56+00:00",
        "query_key": "parks",
        "tags": {
          "leisure": "park",
          "name": "Gasholder 1"
        }
      }
    },
    {
      "type": "Feature",
      "geometry": {
        "type": "Point",
        "coordinates": [
          -3.1856460642857147,
          55.95920586428573
        ]
      },
      "properties": {
        "id": "osm:way:27824062",
        "source": "osm",
        "title": "Gayfield Square Garden",
        "address": "",
        "description": "",
        "categories": [
          "natural",
          "park"
        ],
        "primary_category": "natural",
        "interest_score": 34,
        "website": "",
        "wikipedia": "",
        "wikidata": "",
        "source_url": "https://www.openstreetmap.org/way/27824062",
        "fetched_at_utc": "2026-10-07T11:41:56+00:00",
        "query_key": "parks",
        "tags": {
          "barrier": "fence",
          "fence_type": "pole",
          "leisure": "park",
          "name": "Gayfield Square Garden",
          "source": "survey"
        }
      }
    },
    {
      "type": "Feature",
      "geometry": {
        "type": "Point",
        "coordinates": [
          -3.198326606666667,
          55.947478466666674
        ]
      },
      "properties": {
        "id": "osm:way:656355912",
        "source": "osm",
        "title": "Grannies Green",
        "address": "",
        "description": "",
        "categories": [
          "natural",
          "garden"
        ],
        "primary_category": "natural",
        "interest_score": 34,
        "website": "",
        "wikipedia": "",
        "wikidata": "",
        "source_url": "https://www.openstreetmap.org/way/656355912",
        "fetched_at_utc": "2026-10-07T11:41:56+00:00",
        "query_key": "gardens",
        "tags": {
          "alt_name": "Granny's Green",
          "garden:type": "community",
          "leisure": "garden",
          "name": "Grannies Green"
        }
      }
    },
    {
      "type": "Feature",
      "geometry": {
        "type": "Point",
        "coordinates": [
          -3.229706971428571,
          55.976942685714285
        ]
      },
      "properties": {
        "id": "osm:way:393668092",
        "source": "osm",
        "title": "Granton Community Gardeners",
        "address": "Edinburgh",
        "description": "",
        "categories": [
          "natural",
          "garden"
        ],
        "primary_category": "natural",
        "interest_score": 34,
        "website": "",
        "wikipedia": "",
        "wikidata": "",
        "source_url": "https://www.openstreetmap.org/way/393668092",
        "fetched_at_utc": "2026-10-07T11:41:56+00:00",
        "query_key": "gardens",
        "tags": {
          "addr:city": "Edinburgh",
          "addr:country": "GB",
          "contact:facebook": "https://www.facebook.com/grantoncommunitygardeners",
          "garden:type": "community",
          "leisure": "garden",
          "name": "Granton Community Gardeners",
          "operator": "Granton Community Gardeners",
          "source": "Bing;Survey"
        }
      }
    },
    {
      "type": "Feature",
      "geometry": {
        "type": "Point",
        "coordinates": [
          -3.224141879245283,
          55.97970606037737
        ]
      },
      "properties": {
        "id": "osm:way:4995215",
        "source": "osm",
        "title": "Granton Crescent Park",
        "address": "",
        "description": "",
        "categories": [
          "natural",
          "park"
        ],
        "primary_category": "natural",
        "interest_score": 34,
        "website": "",
        "wikipedia": "",
        "wikidata": "",
        "source_url": "https://www.openstreetmap.org/way/4995215",
        "fetched_at_utc": "2026-10-07T11:41:56+00:00",
        "query_key": "parks",
        "tags": {
          "leisure": "park",
          "name": "Granton Crescent Park"
        }
      }
    },
    {
      "type": "Feature",
      "geometry": {
        "type": "Point",
        "coordinates": [
          -3.2328306,
          55.98082259090909
        ]
      },
      "properties": {
        "id": "osm:way:701649280",
        "source": "osm",
        "title": "Granton:hub Community Garden",
        "address": "",
        "description": "",
        "categories": [
          "natural",
          "garden"
        ],
        "primary_category": "natural",
        "interest_score": 34,
        "website": "",
        "wikipedia": "",
        "wikidata": "",
        "source_url": "https://www.openstreetmap.org/way/701649280",
        "fetched_at_utc": "2026-10-07T11:41:56+00:00",
        "query_key": "gardens",
        "tags": {
          "check_date": "2026-07-31",
          "garden:type": "community",
          "leisure": "garden",
          "name": "Granton:hub Community Garden"
        }
      }
    },
    {
      "type": "Feature",
      "geometry": {
        "type": "Point",
        "coordinates": [
          -3.2182870240000003,
          55.94764285200001
        ]
      },
      "properties": {
        "id": "osm:way:390658128",
        "source": "osm",
        "title": "Grosvenor Crescent and Lansdowne Crescent Gardens",
        "address": "",
        "description": "",
        "categories": [
          "natural",
          "garden"
        ],
        "primary_category": "natural",
        "interest_score": 34,
        "website": "",
        "wikipedia": "",
        "wikidata": "",
        "source_url": "https://www.openstreetmap.org/way/390658128",
        "fetched_at_utc": "2026-10-07T11:41:56+00:00",
        "query_key": "gardens",
        "tags": {
          "access": "private",
          "barrier": "fence",
          "garden:type": "private",
          "leisure": "garden",
          "name": "Grosvenor Crescent and Lansdowne Crescent Gardens"
        }
      }
    },
    {
      "type": "Feature",
      "geometry": {
        "type": "Point",
        "coordinates": [
          -3.21280974,
          55.94185096
        ]
      },
      "properties": {
        "id": "osm:way:780561355",
        "source": "osm",
        "title": "Grove at Printmakers",
        "address": "",
        "description": "",
        "categories": [
          "natural",
          "garden"
        ],
        "primary_category": "natural",
        "interest_score": 34,
        "website": "",
        "wikipedia": "",
        "wikidata": "",
        "source_url": "https://www.openstreetmap.org/way/780561355",
        "fetched_at_utc": "2026-10-07T11:41:56+00:00",
        "query_key": "gardens",
        "tags": {
          "fee": "no",
          "leisure": "garden",
          "name": "Grove at Printmakers",
          "operator": "Grove in collaboration with Printmakers"
        }
      }
    },
    {
      "type": "Feature",
      "geometry": {
        "type": "Point",
        "coordinates": [
          -3.1734444777777777,
          55.972887317777776
        ]
      },
      "properties": {
        "id": "osm:way:46114049",
        "source": "osm",
        "title": "Henderson Gardens Park",
        "address": "",
        "description": "",
        "categories": [
          "natural",
          "park"
        ],
        "primary_category": "natural",
        "interest_score": 34,
        "website": "",
        "wikipedia": "",
        "wikidata": "",
        "source_url": "https://www.openstreetmap.org/way/46114049",
        "fetched_at_utc": "2026-10-07T11:41:56+00:00",
        "query_key": "parks",
        "tags": {
          "barrier": "fence",
          "leisure": "park",
          "name": "Henderson Gardens Park",
          "source": "Bing;survey"
        }
      }
    },
    {
      "type": "Feature",
      "geometry": {
        "type": "Point",
        "coordinates": [
          -3.18404948918919,
          55.9465348810811
        ]
      },
      "properties": {
        "id": "osm:way:27131915",
        "source": "osm",
        "title": "Hill Square",
        "address": "",
        "description": "",
        "categories": [
          "natural",
          "garden"
        ],
        "primary_category": "natural",
        "interest_score": 34,
        "website": "",
        "wikipedia": "",
        "wikidata": "",
        "source_url": "https://www.openstreetmap.org/way/27131915",
        "fetched_at_utc": "2026-10-07T11:41:56+00:00",
        "query_key": "gardens",
        "tags": {
          "leisure": "garden",
          "name": "Hill Square",
          "source": "NLS_OS_Edinburgh_map_1940s;Bing"
        }
      }
    },
    {
      "type": "Feature",
      "geometry": {
        "type": "Point",
        "coordinates": [
          -3.1780726814814813,
          55.957951625925936
        ]
      },
      "properties": {
        "id": "osm:way:4447873",
        "source": "osm",
        "title": "Hillside Crescent Gardens",
        "address": "",
        "description": "",
        "categories": [
          "natural",
          "garden"
        ],
        "primary_category": "natural",
        "interest_score": 34,
        "website": "",
        "wikipedia": "",
        "wikidata": "",
        "source_url": "https://www.openstreetmap.org/way/4447873",
        "fetched_at_utc": "2026-10-07T11:41:56+00:00",
        "query_key": "gardens",
        "tags": {
          "access": "yes",
          "leisure": "garden",
          "name": "Hillside Crescent Gardens",
          "source": "Bing"
        }
      }
    },
    {
      "type": "Feature",
      "geometry": {
        "type": "Point",
        "coordinates": [
          -3.1903248166666667,
          55.946739150000006
        ]
      },
      "properties": {
        "id": "osm:way:375714756",
        "source": "osm",
        "title": "Hutton Roof",
        "address": "",
        "description": "",
        "categories": [
          "natural",
          "garden"
        ],
        "primary_category": "natural",
        "interest_score": 34,
        "website": "",
        "wikipedia": "",
        "wikidata": "",
        "source_url": "https://www.openstreetmap.org/way/375714756",
        "fetched_at_utc": "2026-10-07T11:41:56+00:00",
        "query_key": "gardens",
        "tags": {
          "artist_name": "Andy Golesworthy",
          "leisure": "garden",
          "level": "7",
          "name": "Hutton Roof",
          "source": "Bing;survey"
        }
      }
    },
    {
      "type": "Feature",
      "geometry": {
        "type": "Point",
        "coordinates": [
          -3.159073235135134,
          55.92517137432432
        ]
      },
      "properties": {
        "id": "osm:way:26430469",
        "source": "osm",
        "title": "Inch Park",
        "address": "",
        "description": "",
        "categories": [
          "natural",
          "park"
        ],
        "primary_category": "natural",
        "interest_score": 34,
        "website": "",
        "wikipedia": "",
        "wikidata": "",
        "source_url": "https://www.openstreetmap.org/way/26430469",
        "fetched_at_utc": "2026-10-07T11:41:56+00:00",
        "query_key": "parks",
        "tags": {
          "leisure": "park",
          "name": "Inch Park"
        }
      }
    },
    {
      "type": "Feature",
      "geometry": {
        "type": "Point",
        "coordinates": [
          -3.2058215239999996,
          55.956618672000005
        ]
      },
      "properties": {
        "id": "osm:way:41743097",
        "source": "osm",
        "title": "India Street Gardens",
        "address": "",
        "description": "",
        "categories": [
          "natural",
          "garden"
        ],
        "primary_category": "natural",
        "interest_score": 34,
        "website": "",
        "wikipedia": "",
        "wikidata": "",
        "source_url": "https://www.openstreetmap.org/way/41743097",
        "fetched_at_utc": "2026-10-07T11:41:56+00:00",
        "query_key": "gardens",
        "tags": {
          "access": "private",
          "barrier": "fence",
          "leisure": "garden",
          "name": "India Street Gardens",
          "source": "NLS_OS_Edinburgh_map_1940s;Bing"
        }
      }
    },
    {
      "type": "Feature",
      "geometry": {
        "type": "Point",
        "coordinates": [
          -3.21590564691358,
          55.96292681111112
        ]
      },
      "properties": {
        "id": "osm:way:4920646",
        "source": "osm",
        "title": "Inverleith Park",
        "address": "Arboretum Road, Edinburgh, EH3 5NZ",
        "description": "",
        "categories": [
          "natural",
          "park"
        ],
        "primary_category": "natural",
        "interest_score": 34,
        "website": "",
        "wikipedia": "",
        "wikidata": "",
        "source_url": "https://www.openstreetmap.org/way/4920646",
        "fetched_at_utc": "2026-10-07T11:41:56+00:00",
        "query_key": "parks",
        "tags": {
          "addr:city": "Edinburgh",
          "addr:postcode": "EH3 5NZ",
          "addr:street": "Arboretum Road",
          "leisure": "park",
          "name": "Inverleith Park",
          "source": "NLS_OS_Edinburgh_map_1940s;Bing;survey"
        }
      }
    },
    {
      "type": "Feature",
      "geometry": {
        "type": "Point",
        "coordinates": [
          -3.165662785714286,
          55.973084557142855
        ]
      },
      "properties": {
        "id": "osm:way:1191294129",
        "source": "osm",
        "title": "John's Place Park",
        "address": "",
        "description": "",
        "categories": [
          "natural",
          "park"
        ],
        "primary_category": "natural",
        "interest_score": 34,
        "website": "",
        "wikipedia": "",
        "wikidata": "",
        "source_url": "https://www.openstreetmap.org/way/1191294129",
        "fetched_at_utc": "2026-10-07T11:41:56+00:00",
        "query_key": "parks",
        "tags": {
          "dog": "yes",
          "leisure": "park",
          "name": "John's Place Park",
          "opening_hours": "24/7",
          "operator": "Edinburgh City Council"
        }
      }
    },
    {
      "type": "Feature",
      "geometry": {
        "type": "Point",
        "coordinates": [
          -3.2083986500000012,
          55.957597395833346
        ]
      },
      "properties": {
        "id": "osm:way:93234809",
        "source": "osm",
        "title": "Jubilee Gardens",
        "address": "",
        "description": "",
        "categories": [
          "natural",
          "park"
        ],
        "primary_category": "natural",
        "interest_score": 34,
        "website": "",
        "wikipedia": "",
        "wikidata": "",
        "source_url": "https://www.openstreetmap.org/way/93234809",
        "fetched_at_utc": "2026-10-07T11:41:56+00:00",
        "query_key": "parks",
        "tags": {
          "leisure": "park",
          "name": "Jubilee Gardens"
        }
      }
    },
    {
      "type": "Feature",
      "geometry": {
        "type": "Point",
        "coordinates": [
          -3.181757118518519,
          55.97434127777777
        ]
      },
      "properties": {
        "id": "osm:way:32781795",
        "source": "osm",
        "title": "Keddie Park",
        "address": "",
        "description": "",
        "categories": [
          "natural",
          "park"
        ],
        "primary_category": "natural",
        "interest_score": 34,
        "website": "",
        "wikipedia": "",
        "wikidata": "",
        "source_url": "https://www.openstreetmap.org/way/32781795",
        "fetched_at_utc": "2026-10-07T11:41:56+00:00",
        "query_key": "parks",
        "tags": {
          "alt_name": "Keddie Gardens",
          "leisure": "park",
          "name": "Keddie Park",
          "source": "Bing"
        }
      }
    },
    {
      "type": "Feature",
      "geometry": {
        "type": "Point",
        "coordinates": [
          -3.1966254579439255,
          55.96039963177568
        ]
      },
      "properties": {
        "id": "osm:way:37995891",
        "source": "osm",
        "title": "King George V Park",
        "address": "Eyre Place, Edinburgh",
        "description": "",
        "categories": [
          "natural",
          "park"
        ],
        "primary_category": "natural",
        "interest_score": 34,
        "website": "",
        "wikipedia": "",
        "wikidata": "",
        "source_url": "https://www.openstreetmap.org/way/37995891",
        "fetched_at_utc": "2026-10-07T11:41:56+00:00",
        "query_key": "parks",
        "tags": {
          "addr:city": "Edinburgh",
          "addr:street": "Eyre Place",
          "leisure": "park",
          "loc_name": "Scotland Yard",
          "name": "King George V Park",
          "old_name": "King George V Memorial Park"
        }
      }
    },
    {
      "type": "Feature",
      "geometry": {
        "type": "Point",
        "coordinates": [
          -3.1794795750000002,
          55.975685250000005
        ]
      },
      "properties": {
        "id": "osm:way:1419360262",
        "source": "osm",
        "title": "Leith Community Mural Garden",
        "address": "",
        "description": "",
        "categories": [
          "natural",
          "garden"
        ],
        "primary_category": "natural",
        "interest_score": 34,
        "website": "",
        "wikipedia": "",
        "wikidata": "",
        "source_url": "https://www.openstreetmap.org/way/1419360262",
        "fetched_at_utc": "2026-10-07T11:41:56+00:00",
        "query_key": "gardens",
        "tags": {
          "garden:type": "community",
          "leisure": "garden",
          "name": "Leith Community Mural Garden"
        }
      }
    },
    {
      "type": "Feature",
      "geometry": {
        "type": "Point",
        "coordinates": [
          -3.1543357249999997,
          55.959851750000006
        ]
      },
      "properties": {
        "id": "osm:way:419270453",
        "source": "osm",
        "title": "Lochend Secret Garden",
        "address": "6A Lochend Quadrant, Edinburgh",
        "description": "",
        "categories": [
          "natural",
          "garden"
        ],
        "primary_category": "natural",
        "interest_score": 34,
        "website": "",
        "wikipedia": "",
        "wikidata": "",
        "source_url": "https://www.openstreetmap.org/way/419270453",
        "fetched_at_utc": "2026-10-07T11:41:56+00:00",
        "query_key": "gardens",
        "tags": {
          "addr:city": "Edinburgh",
          "addr:housenumber": "6A",
          "addr:street": "Lochend Quadrant",
          "garden:type": "community",
          "leisure": "garden",
          "name": "Lochend Secret Garden",
          "operator": "Lochend Community Growing Project",
          "operator:type": "community",
          "source": "NLS_OS_Edinburgh_1940s;Bing"
        }
      }
    },
    {
      "type": "Feature",
      "geometry": {
        "type": "Point",
        "coordinates": [
          -3.209008278787879,
          55.97668314848486
        ]
      },
      "properties": {
        "id": "osm:way:345571034",
        "source": "osm",
        "title": "Lomond Park",
        "address": "",
        "description": "",
        "categories": [
          "natural",
          "park"
        ],
        "primary_category": "natural",
        "interest_score": 34,
        "website": "",
        "wikipedia": "",
        "wikidata": "",
        "source_url": "https://www.openstreetmap.org/way/345571034",
        "fetched_at_utc": "2026-10-07T11:41:56+00:00",
        "query_key": "parks",
        "tags": {
          "access": "private",
          "leisure": "park",
          "name": "Lomond Park",
          "source": "NLS_OS_Edinburgh_map_1940s;Bing"
        }
      }
    },
    {
      "type": "Feature",
      "geometry": {
        "type": "Point",
        "coordinates": [
          -3.223629380952381,
          55.94728041190474
        ]
      },
      "properties": {
        "id": "osm:way:86402268",
        "source": "osm",
        "title": "Magdala Crescent gardens",
        "address": "",
        "description": "",
        "categories": [
          "natural",
          "garden"
        ],
        "primary_category": "natural",
        "interest_score": 34,
        "website": "",
        "wikipedia": "",
        "wikidata": "",
        "source_url": "https://www.openstreetmap.org/way/86402268",
        "fetched_at_utc": "2026-10-07T11:41:56+00:00",
        "query_key": "gardens",
        "tags": {
          "access": "private",
          "leisure": "garden",
          "name": "Magdala Crescent gardens",
          "source": "Bing;survey"
        }
      }
    },
    {
      "type": "Feature",
      "geometry": {
        "type": "Point",
        "coordinates": [
          -3.2210220628571427,
          55.929114434285715
        ]
      },
      "properties": {
        "id": "osm:way:31173214",
        "source": "osm",
        "title": "Merchiston Garden",
        "address": "",
        "description": "",
        "categories": [
          "natural",
          "garden"
        ],
        "primary_category": "natural",
        "interest_score": 34,
        "website": "",
        "wikipedia": "",
        "wikidata": "",
        "source_url": "https://www.openstreetmap.org/way/31173214",
        "fetched_at_utc": "2026-10-07T11:41:56+00:00",
        "query_key": "gardens",
        "tags": {
          "access": "private",
          "leisure": "garden",
          "name": "Merchiston Garden"
        }
      }
    },
    {
      "type": "Feature",
      "geometry": {
        "type": "Point",
        "coordinates": [
          -3.1744904136363643,
          55.974461859090916
        ]
      },
      "properties": {
        "id": "osm:way:90522512",
        "source": "osm",
        "title": "Mill Lane Park",
        "address": "",
        "description": "",
        "categories": [
          "natural",
          "park"
        ],
        "primary_category": "natural",
        "interest_score": 34,
        "website": "",
        "wikipedia": "",
        "wikidata": "",
        "source_url": "https://www.openstreetmap.org/way/90522512",
        "fetched_at_utc": "2026-10-07T11:41:56+00:00",
        "query_key": "parks",
        "tags": {
          "leisure": "park",
          "name": "Mill Lane Park",
          "opening_hours": "24/7",
          "operator": "City of Edinburgh Council",
          "operator:type": "government",
          "operator:wikidata": "Q28530250",
          "source": "Bing"
        }
      }
    },
    {
      "type": "Feature",
      "geometry": {
        "type": "Point",
        "coordinates": [
          -3.174521095522388,
          55.95929767164183
        ]
      },
      "properties": {
        "id": "osm:way:623814626",
        "source": "osm",
        "title": "Montgomery Street Park",
        "address": "",
        "description": "",
        "categories": [
          "natural",
          "park"
        ],
        "primary_category": "natural",
        "interest_score": 34,
        "website": "",
        "wikipedia": "",
        "wikidata": "",
        "source_url": "https://www.openstreetmap.org/way/623814626",
        "fetched_at_utc": "2026-10-07T11:41:56+00:00",
        "query_key": "parks",
        "tags": {
          "barrier": "fence",
          "dog": "no",
          "fence_type": "metal",
          "leisure": "park",
          "name": "Montgomery Street Park",
          "source": "NLS_OS_Edinburgh_map_1940s;Bing;survey"
        }
      }
    },
    {
      "type": "Feature",
      "geometry": {
        "type": "Point",
        "coordinates": [
          -3.2086481790697676,
          55.95469704651163
        ]
      },
      "properties": {
        "id": "osm:way:23187947",
        "source": "osm",
        "title": "Moray Place Gardens",
        "address": "",
        "description": "",
        "categories": [
          "natural",
          "garden"
        ],
        "primary_category": "natural",
        "interest_score": 34,
        "website": "",
        "wikipedia": "",
        "wikidata": "",
        "source_url": "https://www.openstreetmap.org/way/23187947",
        "fetched_at_utc": "2026-10-07T11:41:56+00:00",
        "query_key": "gardens",
        "tags": {
          "access": "private",
          "barrier": "fence",
          "garden:type": "private",
          "leisure": "garden",
          "name": "Moray Place Gardens",
          "operator": "Lord Moray’s Feu Pleasure Grounds Committee of Management",
          "operator:type": "private",
          "source": "NLS_OS_Edinburgh_map_1940s;Bing;survey"
        }
      }
    },
    {
      "type": "Feature",
      "geometry": {
        "type": "Point",
        "coordinates": [
          -3.226560515789474,
          55.94042396842105
        ]
      },
      "properties": {
        "id": "osm:way:24148655",
        "source": "osm",
        "title": "Murieston Park",
        "address": "",
        "description": "",
        "categories": [
          "natural",
          "park"
        ],
        "primary_category": "natural",
        "interest_score": 34,
        "website": "",
        "wikipedia": "",
        "wikidata": "",
        "source_url": "https://www.openstreetmap.org/way/24148655",
        "fetched_at_utc": "2026-10-07T11:41:56+00:00",
        "query_key": "parks",
        "tags": {
          "barrier": "fence",
          "leisure": "park",
          "name": "Murieston Park",
          "source": "NLS_OS_Edinburgh_map_1940s;Bing"
        }
      }
    },
    {
      "type": "Feature",
      "geometry": {
        "type": "Point",
        "coordinates": [
          -3.1953442142857145,
          55.980199071428565
        ]
      },
      "properties": {
        "id": "osm:way:455131830",
        "source": "osm",
        "title": "Newhaven Heritage Community Garden",
        "address": "",
        "description": "",
        "categories": [
          "natural",
          "garden"
        ],
        "primary_category": "natural",
        "interest_score": 34,
        "website": "",
        "wikipedia": "",
        "wikidata": "",
        "source_url": "https://www.openstreetmap.org/way/455131830",
        "fetched_at_utc": "2026-10-07T11:41:56+00:00",
        "query_key": "gardens",
        "tags": {
          "access": "yes",
          "garden:type": "community",
          "leisure": "garden",
          "name": "Newhaven Heritage Community Garden",
          "source": "Bing"
        }
      }
    },
    {
      "type": "Feature",
      "geometry": {
        "type": "Point",
        "coordinates": [
          -3.196825453846154,
          55.97865634615385
        ]
      },
      "properties": {
        "id": "osm:way:71836073",
        "source": "osm",
        "title": "Newhaven Park",
        "address": "",
        "description": "",
        "categories": [
          "natural",
          "park"
        ],
        "primary_category": "natural",
        "interest_score": 34,
        "website": "",
        "wikipedia": "",
        "wikidata": "",
        "source_url": "https://www.openstreetmap.org/way/71836073",
        "fetched_at_utc": "2026-10-07T11:41:56+00:00",
        "query_key": "parks",
        "tags": {
          "access": "private",
          "leisure": "park",
          "name": "Newhaven Park",
          "source": "Bing;survey"
        }
      }
    },
    {
      "type": "Feature",
      "geometry": {
        "type": "Point",
        "coordinates": [
          -3.185711778787879,
          55.94593731515151
        ]
      },
      "properties": {
        "id": "osm:way:41274356",
        "source": "osm",
        "title": "Nicolson Square Garden",
        "address": "",
        "description": "",
        "categories": [
          "natural",
          "garden"
        ],
        "primary_category": "natural",
        "interest_score": 34,
        "website": "",
        "wikipedia": "",
        "wikidata": "",
        "source_url": "https://www.openstreetmap.org/way/41274356",
        "fetched_at_utc": "2026-10-07T11:41:56+00:00",
        "query_key": "gardens",
        "tags": {
          "leisure": "garden",
          "name": "Nicolson Square Garden",
          "source": "NLS_OS_Edinburgh_map_1940s;Bing"
        }
      }
    },
    {
      "type": "Feature",
      "geometry": {
        "type": "Point",
        "coordinates": [
          -3.180057297142857,
          55.97646453714287
        ]
      },
      "properties": {
        "id": "osm:way:418589058",
        "source": "osm",
        "title": "North Junction Street Park",
        "address": "",
        "description": "",
        "categories": [
          "natural",
          "park"
        ],
        "primary_category": "natural",
        "interest_score": 34,
        "website": "",
        "wikipedia": "",
        "wikidata": "",
        "source_url": "https://www.openstreetmap.org/way/418589058",
        "fetched_at_utc": "2026-10-07T11:41:56+00:00",
        "query_key": "parks",
        "tags": {
          "leisure": "park",
          "name": "North Junction Street Park"
        }
      }
    },
    {
      "type": "Feature",
      "geometry": {
        "type": "Point",
        "coordinates": [
          -3.235714741860465,
          55.95518441627907
        ]
      },
      "properties": {
        "id": "osm:way:24279578",
        "source": "osm",
        "title": "Orchard Park North",
        "address": "",
        "description": "",
        "categories": [
          "natural",
          "park"
        ],
        "primary_category": "natural",
        "interest_score": 34,
        "website": "",
        "wikipedia": "",
        "wikidata": "",
        "source_url": "https://www.openstreetmap.org/way/24279578",
        "fetched_at_utc": "2026-10-07T11:41:56+00:00",
        "query_key": "parks",
        "tags": {
          "alt_name": "Orchard Brae Park North",
          "leisure": "park",
          "name": "Orchard Park North",
          "source": "NLS_OS_Edinburgh_map_1940s;Bing;survey"
        }
      }
    },
    {
      "type": "Feature",
      "geometry": {
        "type": "Point",
        "coordinates": [
          -3.2375622799999997,
          55.954662876
        ]
      },
      "properties": {
        "id": "osm:way:24279659",
        "source": "osm",
        "title": "Orchard Park South",
        "address": "",
        "description": "",
        "categories": [
          "natural",
          "park"
        ],
        "primary_category": "natural",
        "interest_score": 34,
        "website": "",
        "wikipedia": "",
        "wikidata": "",
        "source_url": "https://www.openstreetmap.org/way/24279659",
        "fetched_at_utc": "2026-10-07T11:41:56+00:00",
        "query_key": "parks",
        "tags": {
          "alt_name": "Orchard Brae Park South",
          "leisure": "park",
          "name": "Orchard Park South",
          "source": "NLS_OS_Edinburgh_map_1940s;Bing;survey"
        }
      }
    },
    {
      "type": "Feature",
      "geometry": {
        "type": "Point",
        "coordinates": [
          -3.1716939344086024,
          55.952786618279575
        ]
      },
      "properties": {
        "id": "osm:way:41893746",
        "source": "osm",
        "title": "Palace of Holyroodhouse Garden",
        "address": "",
        "description": "",
        "categories": [
          "natural",
          "garden"
        ],
        "primary_category": "natural",
        "interest_score": 34,
        "website": "",
        "wikipedia": "",
        "wikidata": "",
        "source_url": "https://www.openstreetmap.org/way/41893746",
        "fetched_at_utc": "2026-10-07T11:41:56+00:00",
        "query_key": "gardens",
        "tags": {
          "access": "permissive",
          "leisure": "garden",
          "name": "Palace of Holyroodhouse Garden"
        }
      }
    },
    {
      "type": "Feature",
      "geometry": {
        "type": "Point",
        "coordinates": [
          -3.16672433076923,
          55.95307785
        ]
      },
      "properties": {
        "id": "osm:way:715762570",
        "source": "osm",
        "title": "Parade Ground",
        "address": "",
        "description": "",
        "categories": [
          "natural",
          "park"
        ],
        "primary_category": "natural",
        "interest_score": 34,
        "website": "",
        "wikipedia": "",
        "wikidata": "",
        "source_url": "https://www.openstreetmap.org/way/715762570",
        "fetched_at_utc": "2026-10-07T11:41:56+00:00",
        "query_key": "parks",
        "tags": {
          "leisure": "park",
          "name": "Parade Ground",
          "note": "Exact boundaries uncertain, also might be wrong tag"
        }
      }
    },
    {
      "type": "Feature",
      "geometry": {
        "type": "Point",
        "coordinates": [
          -3.1742189699999996,
          55.95299897999998
        ]
      },
      "properties": {
        "id": "osm:way:819769888",
        "source": "osm",
        "title": "Physic Garden",
        "address": "",
        "description": "",
        "categories": [
          "natural",
          "garden"
        ],
        "primary_category": "natural",
        "interest_score": 34,
        "website": "",
        "wikipedia": "",
        "wikidata": "",
        "source_url": "https://www.openstreetmap.org/way/819769888",
        "fetched_at_utc": "2026-10-07T11:41:56+00:00",
        "query_key": "gardens",
        "tags": {
          "access": "yes",
          "fee": "no",
          "garden:style": "medical_garden",
          "garden:type": "show_garden",
          "leisure": "garden",
          "name": "Physic Garden",
          "opening_hours": "Apr-Oct: 09:30-18:00; Nov-Mar: 09:30-16:30"
        }
      }
    },
    {
      "type": "Feature",
      "geometry": {
        "type": "Point",
        "coordinates": [
          -3.1804239495145628,
          55.96860316699029
        ]
      },
      "properties": {
        "id": "osm:way:23165357",
        "source": "osm",
        "title": "Pilrig Park",
        "address": "",
        "description": "",
        "categories": [
          "natural",
          "park"
        ],
        "primary_category": "natural",
        "interest_score": 34,
        "website": "",
        "wikipedia": "",
        "wikidata": "",
        "source_url": "https://www.openstreetmap.org/way/23165357",
        "fetched_at_utc": "2026-10-07T11:41:56+00:00",
        "query_key": "parks",
        "tags": {
          "leisure": "park",
          "name": "Pilrig Park"
        }
      }
    },
    {
      "type": "Feature",
      "geometry": {
        "type": "Point",
        "coordinates": [
          -3.1820463181818184,
          55.94657166363636
        ]
      },
      "properties": {
        "id": "osm:way:592841006",
        "source": "osm",
        "title": "Pleasance Triangle",
        "address": "",
        "description": "",
        "categories": [
          "natural",
          "garden"
        ],
        "primary_category": "natural",
        "interest_score": 34,
        "website": "",
        "wikipedia": "",
        "wikidata": "",
        "source_url": "https://www.openstreetmap.org/way/592841006",
        "fetched_at_utc": "2026-10-07T11:41:56+00:00",
        "query_key": "gardens",
        "tags": {
          "access": "yes",
          "barrier": "fence",
          "leisure": "garden",
          "name": "Pleasance Triangle"
        }
      }
    },
    {
      "type": "Feature",
      "geometry": {
        "type": "Point",
        "coordinates": [
          -3.223698522222222,
          55.93437468888889
        ]
      },
      "properties": {
        "id": "osm:way:866027064",
        "source": "osm",
        "title": "Polwarth Canal Garden",
        "address": "",
        "description": "",
        "categories": [
          "natural",
          "garden"
        ],
        "primary_category": "natural",
        "interest_score": 34,
        "website": "",
        "wikipedia": "",
        "wikidata": "",
        "source_url": "https://www.openstreetmap.org/way/866027064",
        "fetched_at_utc": "2026-10-07T11:41:56+00:00",
        "query_key": "gardens",
        "tags": {
          "leisure": "garden",
          "name": "Polwarth Canal Garden"
        }
      }
    },
    {
      "type": "Feature",
      "geometry": {
        "type": "Point",
        "coordinates": [
          -3.1588212366666664,
          55.932292796666665
        ]
      },
      "properties": {
        "id": "osm:way:5364371",
        "source": "osm",
        "title": "Prestonfield Park",
        "address": "",
        "description": "",
        "categories": [
          "natural",
          "park"
        ],
        "primary_category": "natural",
        "interest_score": 34,
        "website": "",
        "wikipedia": "",
        "wikidata": "",
        "source_url": "https://www.openstreetmap.org/way/5364371",
        "fetched_at_utc": "2026-10-07T11:41:56+00:00",
        "query_key": "parks",
        "tags": {
          "leisure": "park",
          "name": "Prestonfield Park",
          "operator": "City of Edinburgh Council",
          "operator:type": "government",
          "source": "NLS_OS_Edinburgh_map_1940s;Bing"
        }
      }
    },
    {
      "type": "Feature",
      "geometry": {
        "type": "Point",
        "coordinates": [
          -3.199738647058824,
          55.955021058823526
        ]
      },
      "properties": {
        "id": "osm:way:116711337",
        "source": "osm",
        "title": "Queen Street Gardens Central",
        "address": "",
        "description": "",
        "categories": [
          "natural",
          "garden"
        ],
        "primary_category": "natural",
        "interest_score": 34,
        "website": "",
        "wikipedia": "",
        "wikidata": "",
        "source_url": "https://www.openstreetmap.org/way/116711337",
        "fetched_at_utc": "2026-10-07T11:41:56+00:00",
        "query_key": "gardens",
        "tags": {
          "access": "private",
          "barrier": "fence",
          "leisure": "garden",
          "name": "Queen Street Gardens Central",
          "source": "bing"
        }
      }
    },
    {
      "type": "Feature",
      "geometry": {
        "type": "Point",
        "coordinates": [
          -3.1955535137931026,
          55.95622110000001
        ]
      },
      "properties": {
        "id": "osm:way:116711336",
        "source": "osm",
        "title": "Queen Street Gardens East",
        "address": "",
        "description": "",
        "categories": [
          "natural",
          "garden"
        ],
        "primary_category": "natural",
        "interest_score": 34,
        "website": "",
        "wikipedia": "",
        "wikidata": "",
        "source_url": "https://www.openstreetmap.org/way/116711336",
        "fetched_at_utc": "2026-10-07T11:41:56+00:00",
        "query_key": "gardens",
        "tags": {
          "access": "private",
          "barrier": "fence",
          "leisure": "garden",
          "name": "Queen Street Gardens East",
          "source": "bing"
        }
      }
    },
    {
      "type": "Feature",
      "geometry": {
        "type": "Point",
        "coordinates": [
          -3.203790696,
          55.954419048
        ]
      },
      "properties": {
        "id": "osm:way:116711338",
        "source": "osm",
        "title": "Queen Street Gardens West",
        "address": "",
        "description": "",
        "categories": [
          "natural",
          "garden"
        ],
        "primary_category": "natural",
        "interest_score": 34,
        "website": "",
        "wikipedia": "",
        "wikidata": "",
        "source_url": "https://www.openstreetmap.org/way/116711338",
        "fetched_at_utc": "2026-10-07T11:41:56+00:00",
        "query_key": "gardens",
        "tags": {
          "access": "private",
          "barrier": "fence",
          "leisure": "garden",
          "name": "Queen Street Gardens West",
          "source": "bing"
        }
      }
    },
    {
      "type": "Feature",
      "geometry": {
        "type": "Point",
        "coordinates": [
          -3.1954567370370364,
          55.948238440740745
        ]
      },
      "properties": {
        "id": "osm:way:1415852719",
        "source": "osm",
        "title": "Quiet Garden",
        "address": "",
        "description": "",
        "categories": [
          "natural",
          "garden"
        ],
        "primary_category": "natural",
        "interest_score": 34,
        "website": "",
        "wikipedia": "",
        "wikidata": "",
        "source_url": "https://www.openstreetmap.org/way/1415852719",
        "fetched_at_utc": "2026-10-07T11:41:56+00:00",
        "query_key": "gardens",
        "tags": {
          "access": "limited",
          "garden:type": "community",
          "leisure": "garden",
          "name": "Quiet Garden",
          "operator": "St Columba's by the Castle",
          "operator:type": "religious"
        }
      }
    },
    {
      "type": "Feature",
      "geometry": {
        "type": "Point",
        "coordinates": [
          -3.1783936600000002,
          55.978648480000004
        ]
      },
      "properties": {
        "id": "osm:way:1301270562",
        "source": "osm",
        "title": "Ramage Square",
        "address": "",
        "description": "",
        "categories": [
          "natural",
          "garden"
        ],
        "primary_category": "natural",
        "interest_score": 34,
        "website": "",
        "wikipedia": "",
        "wikidata": "",
        "source_url": "https://www.openstreetmap.org/way/1301270562",
        "fetched_at_utc": "2026-10-07T11:41:56+00:00",
        "query_key": "gardens",
        "tags": {
          "leisure": "garden",
          "name": "Ramage Square"
        }
      }
    },
    {
      "type": "Feature",
      "geometry": {
        "type": "Point",
        "coordinates": [
          -3.211753029629629,
          55.951928662962956
        ]
      },
      "properties": {
        "id": "osm:way:23102620",
        "source": "osm",
        "title": "Randolph Crescent Gardens",
        "address": "",
        "description": "",
        "categories": [
          "natural",
          "garden"
        ],
        "primary_category": "natural",
        "interest_score": 34,
        "website": "",
        "wikipedia": "",
        "wikidata": "",
        "source_url": "https://www.openstreetmap.org/way/23102620",
        "fetched_at_utc": "2026-10-07T11:41:56+00:00",
        "query_key": "gardens",
        "tags": {
          "access": "private",
          "barrier": "fence",
          "garden:type": "private",
          "leisure": "garden",
          "name": "Randolph Crescent Gardens",
          "source": "Bing"
        }
      }
    },
    {
      "type": "Feature",
      "geometry": {
        "type": "Point",
        "coordinates": [
          -3.18877,
          55.96905661666668
        ]
      },
      "properties": {
        "id": "osm:way:121142241",
        "source": "osm",
        "title": "Redbraes Community Garden",
        "address": "",
        "description": "",
        "categories": [
          "natural",
          "garden"
        ],
        "primary_category": "natural",
        "interest_score": 34,
        "website": "",
        "wikipedia": "",
        "wikidata": "",
        "source_url": "https://www.openstreetmap.org/way/121142241",
        "fetched_at_utc": "2026-10-07T11:41:56+00:00",
        "query_key": "gardens",
        "tags": {
          "access": "yes",
          "garden:type": "community",
          "leisure": "garden",
          "name": "Redbraes Community Garden",
          "source": "Bing",
          "start_date": "2008"
        }
      }
    },
    {
      "type": "Feature",
      "geometry": {
        "type": "Point",
        "coordinates": [
          -3.1879061999999996,
          55.96801390857144
        ]
      },
      "properties": {
        "id": "osm:way:39960556",
        "source": "osm",
        "title": "Redbraes Park",
        "address": "",
        "description": "",
        "categories": [
          "natural",
          "park"
        ],
        "primary_category": "natural",
        "interest_score": 34,
        "website": "",
        "wikipedia": "",
        "wikidata": "",
        "source_url": "https://www.openstreetmap.org/way/39960556",
        "fetched_at_utc": "2026-10-07T11:41:56+00:00",
        "query_key": "parks",
        "tags": {
          "leisure": "park",
          "name": "Redbraes Park"
        }
      }
    },
    {
      "type": "Feature",
      "geometry": {
        "type": "Point",
        "coordinates": [
          -3.174631886206897,
          55.954750479310334
        ]
      },
      "properties": {
        "id": "osm:way:26564057",
        "source": "osm",
        "title": "Regent Road Park",
        "address": "",
        "description": "",
        "categories": [
          "natural",
          "park"
        ],
        "primary_category": "natural",
        "interest_score": 34,
        "website": "",
        "wikipedia": "",
        "wikidata": "",
        "source_url": "https://www.openstreetmap.org/way/26564057",
        "fetched_at_utc": "2026-10-07T11:41:56+00:00",
        "query_key": "parks",
        "tags": {
          "leisure": "park",
          "name": "Regent Road Park"
        }
      }
    },
    {
      "type": "Feature",
      "geometry": {
        "type": "Point",
        "coordinates": [
          -3.2482782,
          55.9348457
        ]
      },
      "properties": {
        "id": "osm:node:9335293430",
        "source": "osm",
        "title": "Rose Garden",
        "address": "",
        "description": "",
        "categories": [
          "natural",
          "garden"
        ],
        "primary_category": "natural",
        "interest_score": 34,
        "website": "",
        "wikipedia": "",
        "wikidata": "",
        "source_url": "https://www.openstreetmap.org/node/9335293430",
        "fetched_at_utc": "2026-10-07T11:41:56+00:00",
        "query_key": "gardens",
        "tags": {
          "leisure": "garden",
          "name": "Rose Garden",
          "source": "survey"
        }
      }
    },
    {
      "type": "Feature",
      "geometry": {
        "type": "Point",
        "coordinates": [
          -3.249088778260869,
          55.93435310434782
        ]
      },
      "properties": {
        "id": "osm:way:1010223748",
        "source": "osm",
        "title": "Rose Garden",
        "address": "",
        "description": "",
        "categories": [
          "natural",
          "garden"
        ],
        "primary_category": "natural",
        "interest_score": 34,
        "website": "",
        "wikipedia": "",
        "wikidata": "",
        "source_url": "https://www.openstreetmap.org/way/1010223748",
        "fetched_at_utc": "2026-10-07T11:41:56+00:00",
        "query_key": "gardens",
        "tags": {
          "leisure": "garden",
          "name": "Rose Garden",
          "source": "drone_photo"
        }
      }
    },
    {
      "type": "Feature",
      "geometry": {
        "type": "Point",
        "coordinates": [
          -3.2396312689655153,
          55.94457702873562
        ]
      },
      "properties": {
        "id": "osm:way:51140600",
        "source": "osm",
        "title": "Roseburn Park",
        "address": "",
        "description": "",
        "categories": [
          "natural",
          "park"
        ],
        "primary_category": "natural",
        "interest_score": 34,
        "website": "",
        "wikipedia": "",
        "wikidata": "",
        "source_url": "https://www.openstreetmap.org/way/51140600",
        "fetched_at_utc": "2026-10-07T11:41:56+00:00",
        "query_key": "parks",
        "tags": {
          "leisure": "park",
          "name": "Roseburn Park",
          "name:gd": "Pàirc Allt nan Ròsan",
          "source": "Bing"
        }
      }
    },
    {
      "type": "Feature",
      "geometry": {
        "type": "Point",
        "coordinates": [
          -3.218040348333332,
          55.950447419999996
        ]
      },
      "properties": {
        "id": "osm:way:23102685",
        "source": "osm",
        "title": "Rothesay Terrace Gardens",
        "address": "",
        "description": "",
        "categories": [
          "natural",
          "garden"
        ],
        "primary_category": "natural",
        "interest_score": 34,
        "website": "",
        "wikipedia": "",
        "wikidata": "",
        "source_url": "https://www.openstreetmap.org/way/23102685",
        "fetched_at_utc": "2026-10-07T11:41:56+00:00",
        "query_key": "gardens",
        "tags": {
          "access": "private",
          "alt_name": "Rothesay Gardens",
          "barrier": "fence",
          "fence_type": "metal",
          "leisure": "garden",
          "name": "Rothesay Terrace Gardens",
          "source": "NLS_OS_Edinburgh_map_1940s;Bing;survey"
        }
      }
    },
    {
      "type": "Feature",
      "geometry": {
        "type": "Point",
        "coordinates": [
          -3.2043886636363643,
          55.957241877272715
        ]
      },
      "properties": {
        "id": "osm:way:23188013",
        "source": "osm",
        "title": "Royal Circus Gardens North",
        "address": "",
        "description": "",
        "categories": [
          "natural",
          "garden"
        ],
        "primary_category": "natural",
        "interest_score": 34,
        "website": "",
        "wikipedia": "",
        "wikidata": "",
        "source_url": "https://www.openstreetmap.org/way/23188013",
        "fetched_at_utc": "2026-10-07T11:41:56+00:00",
        "query_key": "gardens",
        "tags": {
          "access": "private",
          "barrier": "fence",
          "leisure": "garden",
          "name": "Royal Circus Gardens North",
          "source": "NLS_OS_Edinburgh_map_1940s;Bing"
        }
      }
    },
    {
      "type": "Feature",
      "geometry": {
        "type": "Point",
        "coordinates": [
          -3.2044797717948725,
          55.956746784615405
        ]
      },
      "properties": {
        "id": "osm:way:23187969",
        "source": "osm",
        "title": "Royal Circus Gardens South",
        "address": "",
        "description": "",
        "categories": [
          "natural",
          "garden"
        ],
        "primary_category": "natural",
        "interest_score": 34,
        "website": "",
        "wikipedia": "",
        "wikidata": "",
        "source_url": "https://www.openstreetmap.org/way/23187969",
        "fetched_at_utc": "2026-10-07T11:41:56+00:00",
        "query_key": "gardens",
        "tags": {
          "access": "private",
          "barrier": "fence",
          "leisure": "garden",
          "name": "Royal Circus Gardens South",
          "source": "NLS_OS_Edinburgh_map_1940s;Bing"
        }
      }
    },
    {
      "type": "Feature",
      "geometry": {
        "type": "Point",
        "coordinates": [
          -3.2185739222222223,
          55.92571165555555
        ]
      },
      "properties": {
        "id": "osm:way:805111388",
        "source": "osm",
        "title": "Royal Edinburgh Community Gardens",
        "address": "",
        "description": "",
        "categories": [
          "natural",
          "garden"
        ],
        "primary_category": "natural",
        "interest_score": 34,
        "website": "",
        "wikipedia": "",
        "wikidata": "",
        "source_url": "https://www.openstreetmap.org/way/805111388",
        "fetched_at_utc": "2026-10-07T11:41:56+00:00",
        "query_key": "gardens",
        "tags": {
          "contact:facebook": "https://en-gb.facebook.com/rehcg/",
          "leisure": "garden",
          "name": "Royal Edinburgh Community Gardens"
        }
      }
    },
    {
      "type": "Feature",
      "geometry": {
        "type": "Point",
        "coordinates": [
          -3.2090539684210513,
          55.948704992105256
        ]
      },
      "properties": {
        "id": "osm:way:30952180",
        "source": "osm",
        "title": "Rutland Square Gardens",
        "address": "",
        "description": "",
        "categories": [
          "natural",
          "garden"
        ],
        "primary_category": "natural",
        "interest_score": 34,
        "website": "",
        "wikipedia": "",
        "wikidata": "",
        "source_url": "https://www.openstreetmap.org/way/30952180",
        "fetched_at_utc": "2026-10-07T11:41:56+00:00",
        "query_key": "gardens",
        "tags": {
          "access": "private",
          "barrier": "fence",
          "fence_type": "metal",
          "leisure": "garden",
          "name": "Rutland Square Gardens",
          "source": "NLS_OS_Edinburgh_map_1940s;Bing;survey"
        }
      }
    },
    {
      "type": "Feature",
      "geometry": {
        "type": "Point",
        "coordinates": [
          -3.2282946647058823,
          55.94192016764708
        ]
      },
      "properties": {
        "id": "osm:way:106347262",
        "source": "osm",
        "title": "Sauchiebank Gardens",
        "address": "",
        "description": "",
        "categories": [
          "natural",
          "park"
        ],
        "primary_category": "natural",
        "interest_score": 34,
        "website": "",
        "wikipedia": "",
        "wikidata": "",
        "source_url": "https://www.openstreetmap.org/way/106347262",
        "fetched_at_utc": "2026-10-07T11:41:56+00:00",
        "query_key": "parks",
        "tags": {
          "leaf_type": "broadleaved",
          "leisure": "park",
          "name": "Sauchiebank Gardens",
          "opening_date": "2024-04"
        }
      }
    },
    {
      "type": "Feature",
      "geometry": {
        "type": "Point",
        "coordinates": [
          -3.2481619919642846,
          55.93352684821427
        ]
      },
      "properties": {
        "id": "osm:way:31298300",
        "source": "osm",
        "title": "Saughton Park Gardens",
        "address": "",
        "description": "",
        "categories": [
          "natural",
          "park"
        ],
        "primary_category": "natural",
        "interest_score": 34,
        "website": "",
        "wikipedia": "",
        "wikidata": "",
        "source_url": "https://www.openstreetmap.org/way/31298300",
        "fetched_at_utc": "2026-10-07T11:41:56+00:00",
        "query_key": "parks",
        "tags": {
          "leisure": "park",
          "name": "Saughton Park Gardens"
        }
      }
    },
    {
      "type": "Feature",
      "geometry": {
        "type": "Point",
        "coordinates": [
          -3.2091380849999993,
          55.9606503
        ]
      },
      "properties": {
        "id": "osm:way:77771589",
        "source": "osm",
        "title": "Saxe-Coburg Place Gardens",
        "address": "",
        "description": "",
        "categories": [
          "natural",
          "garden"
        ],
        "primary_category": "natural",
        "interest_score": 34,
        "website": "",
        "wikipedia": "",
        "wikidata": "",
        "source_url": "https://www.openstreetmap.org/way/77771589",
        "fetched_at_utc": "2026-10-07T11:41:56+00:00",
        "query_key": "gardens",
        "tags": {
          "access": "private",
          "barrier": "fence",
          "fence_type": "metal",
          "leisure": "garden",
          "name": "Saxe-Coburg Place Gardens",
          "source": "Bing;survey"
        }
      }
    },
    {
      "type": "Feature",
      "geometry": {
        "type": "Point",
        "coordinates": [
          -3.1850526675675663,
          55.950914459459455
        ]
      },
      "properties": {
        "id": "osm:way:1420543534",
        "source": "osm",
        "title": "Scottish Book Trust Garden",
        "address": "",
        "description": "",
        "categories": [
          "natural",
          "garden"
        ],
        "primary_category": "natural",
        "interest_score": 34,
        "website": "",
        "wikipedia": "",
        "wikidata": "",
        "source_url": "https://www.openstreetmap.org/way/1420543534",
        "fetched_at_utc": "2026-10-07T11:41:56+00:00",
        "query_key": "gardens",
        "tags": {
          "leisure": "garden",
          "name": "Scottish Book Trust Garden"
        }
      }
    },
    {
      "type": "Feature",
      "geometry": {
        "type": "Point",
        "coordinates": [
          -3.1961929461538463,
          55.954947553846154
        ]
      },
      "properties": {
        "id": "osm:way:1020272407",
        "source": "osm",
        "title": "Sir Robert Sibbald Physic Garden",
        "address": "",
        "description": "",
        "categories": [
          "natural",
          "garden"
        ],
        "primary_category": "natural",
        "interest_score": 34,
        "website": "",
        "wikipedia": "",
        "wikidata": "",
        "source_url": "https://www.openstreetmap.org/way/1020272407",
        "fetched_at_utc": "2026-10-07T11:41:56+00:00",
        "query_key": "gardens",
        "tags": {
          "garden:type": "physic",
          "leisure": "garden",
          "name": "Sir Robert Sibbald Physic Garden",
          "operator": "Royal College of Physicians of Edinburgh"
        }
      }
    },
    {
      "type": "Feature",
      "geometry": {
        "type": "Point",
        "coordinates": [
          -3.1930519942857143,
          55.9678659942857
        ]
      },
      "properties": {
        "id": "osm:way:31455917",
        "source": "osm",
        "title": "St Mark's Park",
        "address": "",
        "description": "",
        "categories": [
          "natural",
          "park"
        ],
        "primary_category": "natural",
        "interest_score": 34,
        "website": "",
        "wikipedia": "",
        "wikidata": "",
        "source_url": "https://www.openstreetmap.org/way/31455917",
        "fetched_at_utc": "2026-10-07T11:41:56+00:00",
        "query_key": "parks",
        "tags": {
          "leisure": "park",
          "name": "St Mark's Park"
        }
      }
    },
    {
      "type": "Feature",
      "geometry": {
        "type": "Point",
        "coordinates": [
          -3.212326236734693,
          55.95751061632652
        ]
      },
      "properties": {
        "id": "osm:way:236559315",
        "source": "osm",
        "title": "St. Bernard’s Crescent Garden",
        "address": "",
        "description": "",
        "categories": [
          "natural",
          "garden"
        ],
        "primary_category": "natural",
        "interest_score": 34,
        "website": "",
        "wikipedia": "",
        "wikidata": "",
        "source_url": "https://www.openstreetmap.org/way/236559315",
        "fetched_at_utc": "2026-10-07T11:41:56+00:00",
        "query_key": "gardens",
        "tags": {
          "access": "private",
          "leisure": "garden",
          "name": "St. Bernard’s Crescent Garden"
        }
      }
    },
    {
      "type": "Feature",
      "geometry": {
        "type": "Point",
        "coordinates": [
          -3.183429321818182,
          55.943181787272735
        ]
      },
      "properties": {
        "id": "osm:way:41292658",
        "source": "osm",
        "title": "St. Patrick Square Garden",
        "address": "",
        "description": "",
        "categories": [
          "natural",
          "garden"
        ],
        "primary_category": "natural",
        "interest_score": 34,
        "website": "",
        "wikipedia": "",
        "wikidata": "",
        "source_url": "https://www.openstreetmap.org/way/41292658",
        "fetched_at_utc": "2026-10-07T11:41:56+00:00",
        "query_key": "gardens",
        "tags": {
          "leisure": "garden",
          "name": "St. Patrick Square Garden"
        }
      }
    },
    {
      "type": "Feature",
      "geometry": {
        "type": "Point",
        "coordinates": [
          -3.2349294875,
          55.963093949999994
        ]
      },
      "properties": {
        "id": "osm:way:1339812305",
        "source": "osm",
        "title": "Staff Wellbeing Space",
        "address": "",
        "description": "",
        "categories": [
          "natural",
          "garden"
        ],
        "primary_category": "natural",
        "interest_score": 34,
        "website": "",
        "wikipedia": "",
        "wikidata": "",
        "source_url": "https://www.openstreetmap.org/way/1339812305",
        "fetched_at_utc": "2026-10-07T11:41:56+00:00",
        "query_key": "gardens",
        "tags": {
          "alt_name": "Courtyard o",
          "leisure": "garden",
          "name": "Staff Wellbeing Space",
          "ref": "6R/SO/23"
        }
      }
    },
    {
      "type": "Feature",
      "geometry": {
        "type": "Point",
        "coordinates": [
          -3.2008066916666675,
          55.97928863333332
        ]
      },
      "properties": {
        "id": "osm:way:5034618",
        "source": "osm",
        "title": "Starbank Park",
        "address": "",
        "description": "",
        "categories": [
          "natural",
          "park"
        ],
        "primary_category": "natural",
        "interest_score": 34,
        "website": "",
        "wikipedia": "",
        "wikidata": "",
        "source_url": "https://www.openstreetmap.org/way/5034618",
        "fetched_at_utc": "2026-10-07T11:41:56+00:00",
        "query_key": "parks",
        "tags": {
          "leisure": "park",
          "name": "Starbank Park",
          "source": "NLS_OS_Edinburgh_map_1940s;Bing;survey"
        }
      }
    },
    {
      "type": "Feature",
      "geometry": {
        "type": "Point",
        "coordinates": [
          -3.215128733333333,
          55.962086829629634
        ]
      },
      "properties": {
        "id": "osm:way:95527183",
        "source": "osm",
        "title": "Sundial Garden",
        "address": "",
        "description": "",
        "categories": [
          "natural",
          "garden"
        ],
        "primary_category": "natural",
        "interest_score": 34,
        "website": "",
        "wikipedia": "",
        "wikidata": "",
        "source_url": "https://www.openstreetmap.org/way/95527183",
        "fetched_at_utc": "2026-10-07T11:41:56+00:00",
        "query_key": "gardens",
        "tags": {
          "access": "yes",
          "leisure": "garden",
          "name": "Sundial Garden"
        }
      }
    },
    {
      "type": "Feature",
      "geometry": {
        "type": "Point",
        "coordinates": [
          -3.197141866666667,
          55.92923687777778
        ]
      },
      "properties": {
        "id": "osm:way:558605359",
        "source": "osm",
        "title": "Sunken Garden",
        "address": "",
        "description": "",
        "categories": [
          "natural",
          "garden"
        ],
        "primary_category": "natural",
        "interest_score": 34,
        "website": "",
        "wikipedia": "",
        "wikidata": "",
        "source_url": "https://www.openstreetmap.org/way/558605359",
        "fetched_at_utc": "2026-10-07T11:41:56+00:00",
        "query_key": "gardens",
        "tags": {
          "access": "private",
          "leisure": "garden",
          "name": "Sunken Garden"
        }
      }
    },
    {
      "type": "Feature",
      "geometry": {
        "type": "Point",
        "coordinates": [
          -3.18338166,
          55.94866518
        ]
      },
      "properties": {
        "id": "osm:way:374589678",
        "source": "osm",
        "title": "Surgeon's Square",
        "address": "",
        "description": "",
        "categories": [
          "natural",
          "garden"
        ],
        "primary_category": "natural",
        "interest_score": 34,
        "website": "",
        "wikipedia": "",
        "wikidata": "",
        "source_url": "https://www.openstreetmap.org/way/374589678",
        "fetched_at_utc": "2026-10-07T11:41:56+00:00",
        "query_key": "gardens",
        "tags": {
          "access": "private",
          "leisure": "garden",
          "name": "Surgeon's Square",
          "source": "Bing; Survey"
        }
      }
    },
    {
      "type": "Feature",
      "geometry": {
        "type": "Point",
        "coordinates": [
          -3.1770596825,
          55.97431597250001
        ]
      },
      "properties": {
        "id": "osm:way:46114047",
        "source": "osm",
        "title": "Taylor Gardens",
        "address": "",
        "description": "",
        "categories": [
          "natural",
          "park"
        ],
        "primary_category": "natural",
        "interest_score": 34,
        "website": "",
        "wikipedia": "",
        "wikidata": "",
        "source_url": "https://www.openstreetmap.org/way/46114047",
        "fetched_at_utc": "2026-10-07T11:41:56+00:00",
        "query_key": "parks",
        "tags": {
          "leisure": "park",
          "name": "Taylor Gardens",
          "name:sco": "Taylor Gairdens",
          "operator": "City of Edinburgh Council",
          "operator:type": "government",
          "operator:wikidata": "Q28530250"
        }
      }
    },
    {
      "type": "Feature",
      "geometry": {
        "type": "Point",
        "coordinates": [
          -3.191384255555555,
          55.94515172222222
        ]
      },
      "properties": {
        "id": "osm:way:469722796",
        "source": "osm",
        "title": "The Kids Secret Garden",
        "address": "",
        "description": "",
        "categories": [
          "natural",
          "garden"
        ],
        "primary_category": "natural",
        "interest_score": 34,
        "website": "",
        "wikipedia": "",
        "wikidata": "",
        "source_url": "https://www.openstreetmap.org/way/469722796",
        "fetched_at_utc": "2026-10-07T11:41:56+00:00",
        "query_key": "gardens",
        "tags": {
          "leisure": "garden",
          "name": "The Kids Secret Garden"
        }
      }
    },
    {
      "type": "Feature",
      "geometry": {
        "type": "Point",
        "coordinates": [
          -3.1701829999999998,
          55.974267142857144
        ]
      },
      "properties": {
        "id": "osm:way:90139494",
        "source": "osm",
        "title": "Tolbooth Wynd",
        "address": "",
        "description": "",
        "categories": [
          "natural",
          "park"
        ],
        "primary_category": "natural",
        "interest_score": 34,
        "website": "",
        "wikipedia": "",
        "wikidata": "",
        "source_url": "https://www.openstreetmap.org/way/90139494",
        "fetched_at_utc": "2026-10-07T11:41:56+00:00",
        "query_key": "parks",
        "tags": {
          "leisure": "park",
          "name": "Tolbooth Wynd",
          "opening_hours": "24/7",
          "operator": "City of Edinburgh Council",
          "operator:type": "government",
          "operator:wikidata": "Q28530250",
          "source": "Bing"
        }
      }
    },
    {
      "type": "Feature",
      "geometry": {
        "type": "Point",
        "coordinates": [
          -3.1704021142857144,
          55.93171387857143
        ]
      },
      "properties": {
        "id": "osm:way:140334399",
        "source": "osm",
        "title": "Ventnor Park",
        "address": "",
        "description": "",
        "categories": [
          "natural",
          "park"
        ],
        "primary_category": "natural",
        "interest_score": 34,
        "website": "",
        "wikipedia": "",
        "wikidata": "",
        "source_url": "https://www.openstreetmap.org/way/140334399",
        "fetched_at_utc": "2026-10-07T11:41:56+00:00",
        "query_key": "parks",
        "tags": {
          "access": "private",
          "leisure": "park",
          "name": "Ventnor Park"
        }
      }
    },
    {
      "type": "Feature",
      "geometry": {
        "type": "Point",
        "coordinates": [
          -3.1937944244897962,
          55.97492706530608
        ]
      },
      "properties": {
        "id": "osm:way:401443876",
        "source": "osm",
        "title": "Victoria Park",
        "address": "",
        "description": "",
        "categories": [
          "natural",
          "park"
        ],
        "primary_category": "natural",
        "interest_score": 34,
        "website": "",
        "wikipedia": "",
        "wikidata": "",
        "source_url": "https://www.openstreetmap.org/way/401443876",
        "fetched_at_utc": "2026-10-07T11:41:56+00:00",
        "query_key": "parks",
        "tags": {
          "leisure": "park",
          "name": "Victoria Park",
          "source": "Bing;survey"
        }
      }
    },
    {
      "type": "Feature",
      "geometry": {
        "type": "Point",
        "coordinates": [
          -3.2290049666666665,
          55.978242933333334
        ]
      },
      "properties": {
        "id": "osm:way:436862875",
        "source": "osm",
        "title": "Wardieburn Community Backgreens",
        "address": "",
        "description": "",
        "categories": [
          "natural",
          "garden"
        ],
        "primary_category": "natural",
        "interest_score": 34,
        "website": "",
        "wikipedia": "",
        "wikidata": "",
        "source_url": "https://www.openstreetmap.org/way/436862875",
        "fetched_at_utc": "2026-10-07T11:41:56+00:00",
        "query_key": "gardens",
        "tags": {
          "garden:type": "community",
          "leisure": "garden",
          "name": "Wardieburn Community Backgreens",
          "source": "Bing"
        }
      }
    },
    {
      "type": "Feature",
      "geometry": {
        "type": "Point",
        "coordinates": [
          -3.230380925,
          55.978064625
        ]
      },
      "properties": {
        "id": "osm:way:436862914",
        "source": "osm",
        "title": "Wardieburn Community Backgreens",
        "address": "",
        "description": "",
        "categories": [
          "natural",
          "garden"
        ],
        "primary_category": "natural",
        "interest_score": 34,
        "website": "",
        "wikipedia": "",
        "wikidata": "",
        "source_url": "https://www.openstreetmap.org/way/436862914",
        "fetched_at_utc": "2026-10-07T11:41:56+00:00",
        "query_key": "gardens",
        "tags": {
          "garden:type": "community",
          "leisure": "garden",
          "name": "Wardieburn Community Backgreens",
          "source": "Bing"
        }
      }
    },
    {
      "type": "Feature",
      "geometry": {
        "type": "Point",
        "coordinates": [
          -3.228555868421053,
          55.97704581052632
        ]
      },
      "properties": {
        "id": "osm:way:440742831",
        "source": "osm",
        "title": "Wardieburn Community Backgreens",
        "address": "",
        "description": "",
        "categories": [
          "natural",
          "garden"
        ],
        "primary_category": "natural",
        "interest_score": 34,
        "website": "",
        "wikipedia": "",
        "wikidata": "",
        "source_url": "https://www.openstreetmap.org/way/440742831",
        "fetched_at_utc": "2026-10-07T11:41:56+00:00",
        "query_key": "gardens",
        "tags": {
          "garden:type": "community",
          "leisure": "garden",
          "name": "Wardieburn Community Backgreens",
          "source": "Bing"
        }
      }
    },
    {
      "type": "Feature",
      "geometry": {
        "type": "Point",
        "coordinates": [
          -3.2300913600000003,
          55.977114549999996
        ]
      },
      "properties": {
        "id": "osm:way:440747219",
        "source": "osm",
        "title": "Wardieburn Community Backgreens",
        "address": "",
        "description": "",
        "categories": [
          "natural",
          "garden"
        ],
        "primary_category": "natural",
        "interest_score": 34,
        "website": "",
        "wikipedia": "",
        "wikidata": "",
        "source_url": "https://www.openstreetmap.org/way/440747219",
        "fetched_at_utc": "2026-10-07T11:41:56+00:00",
        "query_key": "gardens",
        "tags": {
          "garden:type": "community",
          "leisure": "garden",
          "name": "Wardieburn Community Backgreens",
          "source": "Bing"
        }
      }
    },
    {
      "type": "Feature",
      "geometry": {
        "type": "Point",
        "coordinates": [
          -3.1705051039999996,
          55.933486151
        ]
      },
      "properties": {
        "id": "osm:way:130044492",
        "source": "osm",
        "title": "Waverley Park",
        "address": "",
        "description": "",
        "categories": [
          "natural",
          "park"
        ],
        "primary_category": "natural",
        "interest_score": 34,
        "website": "",
        "wikipedia": "",
        "wikidata": "",
        "source_url": "https://www.openstreetmap.org/way/130044492",
        "fetched_at_utc": "2026-10-07T11:41:56+00:00",
        "query_key": "parks",
        "tags": {
          "access": "private",
          "leisure": "park",
          "name": "Waverley Park"
        }
      }
    },
    {
      "type": "Feature",
      "geometry": {
        "type": "Point",
        "coordinates": [
          -3.197965077777778,
          55.94659543333333
        ]
      },
      "properties": {
        "id": "osm:way:259016848",
        "source": "osm",
        "title": "West Port Garden",
        "address": "",
        "description": "",
        "categories": [
          "natural",
          "garden"
        ],
        "primary_category": "natural",
        "interest_score": 34,
        "website": "",
        "wikipedia": "",
        "wikidata": "",
        "source_url": "https://www.openstreetmap.org/way/259016848",
        "fetched_at_utc": "2026-10-07T11:41:56+00:00",
        "query_key": "gardens",
        "tags": {
          "garden:type": "community",
          "leisure": "garden",
          "name": "West Port Garden",
          "operator": "GRASS: The Grassmarket Residents Association",
          "operator:type": "community",
          "source": "Bing;survey"
        }
      }
    },
    {
      "type": "Feature",
      "geometry": {
        "type": "Point",
        "coordinates": [
          -3.2408197500000004,
          55.93674855
        ]
      },
      "properties": {
        "id": "osm:way:97537690",
        "source": "osm",
        "title": "Westfield Park",
        "address": "",
        "description": "",
        "categories": [
          "natural",
          "park"
        ],
        "primary_category": "natural",
        "interest_score": 34,
        "website": "",
        "wikipedia": "",
        "wikidata": "",
        "source_url": "https://www.openstreetmap.org/way/97537690",
        "fetched_at_utc": "2026-10-07T11:41:56+00:00",
        "query_key": "parks",
        "tags": {
          "leisure": "park",
          "name": "Westfield Park",
          "source": "Bing"
        }
      }
    },
    {
      "type": "Feature",
      "geometry": {
        "type": "Point",
        "coordinates": [
          -3.2319337999999997,
          55.937720709090904
        ]
      },
      "properties": {
        "id": "osm:way:62127021",
        "source": "osm",
        "title": "White Park",
        "address": "",
        "description": "",
        "categories": [
          "natural",
          "park"
        ],
        "primary_category": "natural",
        "interest_score": 34,
        "website": "",
        "wikipedia": "",
        "wikidata": "",
        "source_url": "https://www.openstreetmap.org/way/62127021",
        "fetched_at_utc": "2026-10-07T11:41:56+00:00",
        "query_key": "parks",
        "tags": {
          "leisure": "park",
          "name": "White Park",
          "source": "Bing"
        }
      }
    },
    {
      "type": "Feature",
      "geometry": {
        "type": "Point",
        "coordinates": [
          -3.2010709307692307,
          55.949029730769226
        ]
      },
      "properties": {
        "id": "osm:way:41299978",
        "source": "osm",
        "title": "Cartsheds",
        "address": "Edinburgh, EH1 2NG",
        "description": "",
        "categories": [
          "architecture",
          "landmark"
        ],
        "primary_category": "architecture",
        "interest_score": 32,
        "website": "",
        "wikipedia": "",
        "wikidata": "",
        "source_url": "https://www.openstreetmap.org/way/41299978",
        "fetched_at_utc": "2026-10-07T11:41:56+00:00",
        "query_key": "attractions_and_viewpoints",
        "tags": {
          "addr:city": "Edinburgh",
          "addr:postcode": "EH1 2NG",
          "building": "yes",
          "name": "Cartsheds",
          "source": "Bing",
          "tourism": "attraction"
        }
      }
    },
    {
      "type": "Feature",
      "geometry": {
        "type": "Point",
        "coordinates": [
          -3.2011324999999995,
          55.94865990555556
        ]
      },
      "properties": {
        "id": "osm:way:41299983",
        "source": "osm",
        "title": "Governor's House",
        "address": "",
        "description": "",
        "categories": [
          "architecture",
          "landmark"
        ],
        "primary_category": "architecture",
        "interest_score": 32,
        "website": "",
        "wikipedia": "",
        "wikidata": "",
        "source_url": "https://www.openstreetmap.org/way/41299983",
        "fetched_at_utc": "2026-10-07T11:41:56+00:00",
        "query_key": "attractions_and_viewpoints",
        "tags": {
          "building": "yes",
          "name": "Governor's House",
          "source": "Bing",
          "tourism": "attraction"
        }
      }
    },
    {
      "type": "Feature",
      "geometry": {
        "type": "Point",
        "coordinates": [
          -3.201580978125,
          55.94901042812501
        ]
      },
      "properties": {
        "id": "osm:way:41299976",
        "source": "osm",
        "title": "Hospital",
        "address": "",
        "description": "",
        "categories": [
          "architecture",
          "landmark"
        ],
        "primary_category": "architecture",
        "interest_score": 32,
        "website": "",
        "wikipedia": "",
        "wikidata": "",
        "source_url": "https://www.openstreetmap.org/way/41299976",
        "fetched_at_utc": "2026-10-07T11:41:56+00:00",
        "query_key": "attractions_and_viewpoints",
        "tags": {
          "building": "yes",
          "name": "Hospital",
          "source": "Bing",
          "tourism": "attraction"
        }
      }
    },
    {
      "type": "Feature",
      "geometry": {
        "type": "Point",
        "coordinates": [
          -3.200586463636364,
          55.94809344545454
        ]
      },
      "properties": {
        "id": "osm:way:467503844",
        "source": "osm",
        "title": "Military Prison",
        "address": "",
        "description": "",
        "categories": [
          "architecture",
          "landmark"
        ],
        "primary_category": "architecture",
        "interest_score": 32,
        "website": "",
        "wikipedia": "",
        "wikidata": "",
        "source_url": "https://www.openstreetmap.org/way/467503844",
        "fetched_at_utc": "2026-10-07T11:41:56+00:00",
        "query_key": "attractions_and_viewpoints",
        "tags": {
          "building": "yes",
          "disused:amenity": "prison",
          "name": "Military Prison",
          "source": "NLS_OS_Edinburgh_map_1940s;Bing;survey",
          "tourism": "attraction"
        }
      }
    },
    {
      "type": "Feature",
      "geometry": {
        "type": "Point",
        "coordinates": [
          -3.2011813750000013,
          55.94828212272726
        ]
      },
      "properties": {
        "id": "osm:way:41294347",
        "source": "osm",
        "title": "New Barracks",
        "address": "",
        "description": "",
        "categories": [
          "architecture",
          "landmark"
        ],
        "primary_category": "architecture",
        "interest_score": 32,
        "website": "",
        "wikipedia": "",
        "wikidata": "",
        "source_url": "https://www.openstreetmap.org/way/41294347",
        "fetched_at_utc": "2026-10-07T11:41:56+00:00",
        "query_key": "attractions_and_viewpoints",
        "tags": {
          "building": "yes",
          "height": "10",
          "name": "New Barracks",
          "source": "Bing",
          "tourism": "attraction"
        }
      }
    },
    {
      "type": "Feature",
      "geometry": {
        "type": "Point",
        "coordinates": [
          -3.2000439999999997,
          55.948120225000004
        ]
      },
      "properties": {
        "id": "osm:way:467503845",
        "source": "osm",
        "title": "Queen Ann Building",
        "address": "",
        "description": "",
        "categories": [
          "architecture",
          "landmark"
        ],
        "primary_category": "architecture",
        "interest_score": 32,
        "website": "",
        "wikipedia": "",
        "wikidata": "",
        "source_url": "https://www.openstreetmap.org/way/467503845",
        "fetched_at_utc": "2026-10-07T11:41:56+00:00",
        "query_key": "attractions_and_viewpoints",
        "tags": {
          "building": "yes",
          "name": "Queen Ann Building",
          "source": "NLS_OS_Edinburgh_map_1940s;Bing;survey",
          "tourism": "attraction"
        }
      }
    },
    {
      "type": "Feature",
      "geometry": {
        "type": "Point",
        "coordinates": [
          -3.185006844444444,
          55.94811647222222
        ]
      },
      "properties": {
        "id": "osm:way:27248124",
        "source": "osm",
        "title": "The Edinburgh Tapestry Company",
        "address": "",
        "description": "",
        "categories": [
          "architecture",
          "landmark"
        ],
        "primary_category": "architecture",
        "interest_score": 32,
        "website": "",
        "wikipedia": "",
        "wikidata": "",
        "source_url": "https://www.openstreetmap.org/way/27248124",
        "fetched_at_utc": "2026-10-07T11:41:56+00:00",
        "query_key": "attractions_and_viewpoints",
        "tags": {
          "alt_name": "Dovecot Studios",
          "building": "yes",
          "name": "The Edinburgh Tapestry Company",
          "note": "Originaly public bathes, converted in to The Edinburgh Tapestry Company, museum and studio.",
          "opening_hours": "Mo-Sa 10:30-17:30",
          "source": "NLS_OS_Edinburgh_map_1940;Bing",
          "tourism": "attraction"
        }
      }
    },
    {
      "type": "Feature",
      "geometry": {
        "type": "Point",
        "coordinates": [
          -3.1997798285714287,
          55.94799714285715
        ]
      },
      "properties": {
        "id": "osm:way:467503846",
        "source": "osm",
        "title": "The Great Hall",
        "address": "",
        "description": "",
        "categories": [
          "architecture",
          "landmark"
        ],
        "primary_category": "architecture",
        "interest_score": 32,
        "website": "",
        "wikipedia": "",
        "wikidata": "",
        "source_url": "https://www.openstreetmap.org/way/467503846",
        "fetched_at_utc": "2026-10-07T11:41:56+00:00",
        "query_key": "attractions_and_viewpoints",
        "tags": {
          "building": "yes",
          "building:material": "stone",
          "height": "13",
          "name": "The Great Hall",
          "roof:height": "5",
          "roof:material": "slate",
          "roof:orientation": "along",
          "roof:shape": "gabled",
          "source": "NLS_OS_Edinburgh_map_1940s;Bing;survey",
          "tourism": "attraction"
        }
      }
    },
    {
      "type": "Feature",
      "geometry": {
        "type": "Point",
        "coordinates": [
          -3.2285392,
          55.9499593
        ]
      },
      "properties": {
        "id": "osm:node:6569865169",
        "source": "osm",
        "title": "6 TIMES GROUND",
        "address": "",
        "description": "",
        "categories": [
          "cultural",
          "art"
        ],
        "primary_category": "cultural",
        "interest_score": 30,
        "website": "",
        "wikipedia": "",
        "wikidata": "",
        "source_url": "https://www.openstreetmap.org/node/6569865169",
        "fetched_at_utc": "2026-10-07T11:41:56+00:00",
        "query_key": "galleries_and_arts",
        "tags": {
          "artist:wikidata": "Q360371",
          "artist_name": "Antony Gormley",
          "artwork_type": "sculpture",
          "name": "6 TIMES GROUND",
          "tourism": "artwork"
        }
      }
    },
    {
      "type": "Feature",
      "geometry": {
        "type": "Point",
        "coordinates": [
          -3.2253209,
          55.9511067
        ]
      },
      "properties": {
        "id": "osm:node:3334392887",
        "source": "osm",
        "title": "6 TIMES HORIZON",
        "address": "",
        "description": "",
        "categories": [
          "cultural",
          "art"
        ],
        "primary_category": "cultural",
        "interest_score": 30,
        "website": "",
        "wikipedia": "",
        "wikidata": "",
        "source_url": "https://www.openstreetmap.org/node/3334392887",
        "fetched_at_utc": "2026-10-07T11:41:56+00:00",
        "query_key": "galleries_and_arts",
        "tags": {
          "artist:wikidata": "Q360371",
          "artist_name": "Antony Gormley",
          "artwork_type": "sculpture",
          "name": "6 TIMES HORIZON",
          "source": "survey",
          "start_date": "2010",
          "tourism": "artwork",
          "wikimedia_commons": "File:Gallery of Modern Art - geograph.org.uk - 2828884.jpg",
          "wikimedia_commons:0": "File:Modern Two of the National Galleries of Scotland, Edinburgh - geograph.org.uk - 8227805.jpg"
        }
      }
    },
    {
      "type": "Feature",
      "geometry": {
        "type": "Point",
        "coordinates": [
          -3.1826019,
          55.9719626
        ]
      },
      "properties": {
        "id": "osm:node:6611518439",
        "source": "osm",
        "title": "6 TIMES LEFT",
        "address": "",
        "description": "",
        "categories": [
          "cultural",
          "art"
        ],
        "primary_category": "cultural",
        "interest_score": 30,
        "website": "",
        "wikipedia": "",
        "wikidata": "",
        "source_url": "https://www.openstreetmap.org/node/6611518439",
        "fetched_at_utc": "2026-10-07T11:41:56+00:00",
        "query_key": "galleries_and_arts",
        "tags": {
          "artist:wikidata": "Q360371",
          "artist_name": "Antony Gormley",
          "artwork_type": "sculpture",
          "material": "cast_iron",
          "name": "6 TIMES LEFT",
          "start_date": "2010",
          "tourism": "artwork"
        }
      }
    },
    {
      "type": "Feature",
      "geometry": {
        "type": "Point",
        "coordinates": [
          -3.1940228,
          55.9676201
        ]
      },
      "properties": {
        "id": "osm:node:4033185191",
        "source": "osm",
        "title": "6 TIMES RIGHT",
        "address": "",
        "description": "",
        "categories": [
          "cultural",
          "art"
        ],
        "primary_category": "cultural",
        "interest_score": 30,
        "website": "",
        "wikipedia": "",
        "wikidata": "",
        "source_url": "https://www.openstreetmap.org/node/4033185191",
        "fetched_at_utc": "2026-10-07T11:41:56+00:00",
        "query_key": "galleries_and_arts",
        "tags": {
          "artist:wikidata": "Q360371",
          "artist_name": "Antony Gormley",
          "artwork_type": "sculpture",
          "material": "cast_iron",
          "name": "6 TIMES RIGHT",
          "start_date": "2010",
          "tourism": "artwork",
          "wikimedia_commons": "File:Antony Gormley 6 Times statue in Powderhall, Edinburgh (landscape) 01.jpg",
          "wikimedia_commons:0": "File:Antony Gormley 6 Times statue in Powderhall, Edinburgh (portrait).jpg"
        }
      }
    },
    {
      "type": "Feature",
      "geometry": {
        "type": "Point",
        "coordinates": [
          -3.2090431,
          55.9577324
        ]
      },
      "properties": {
        "id": "osm:node:6611518441",
        "source": "osm",
        "title": "6 TIMES SKY",
        "address": "",
        "description": "",
        "categories": [
          "cultural",
          "art"
        ],
        "primary_category": "cultural",
        "interest_score": 30,
        "website": "",
        "wikipedia": "",
        "wikidata": "",
        "source_url": "https://www.openstreetmap.org/node/6611518441",
        "fetched_at_utc": "2026-10-07T11:41:56+00:00",
        "query_key": "galleries_and_arts",
        "tags": {
          "artist:wikidata": "Q360371",
          "artist_name": "Antony Gormley",
          "artwork_type": "sculpture",
          "name": "6 TIMES SKY",
          "tourism": "artwork"
        }
      }
    },
    {
      "type": "Feature",
      "geometry": {
        "type": "Point",
        "coordinates": [
          -3.21167,
          55.9495347
        ]
      },
      "properties": {
        "id": "osm:node:11665348379",
        "source": "osm",
        "title": "A Home for Photography",
        "address": "6 William Street",
        "description": "",
        "categories": [
          "cultural",
          "art"
        ],
        "primary_category": "cultural",
        "interest_score": 30,
        "website": "",
        "wikipedia": "",
        "wikidata": "",
        "source_url": "https://www.openstreetmap.org/node/11665348379",
        "fetched_at_utc": "2026-10-07T11:41:56+00:00",
        "query_key": "galleries_and_arts",
        "tags": {
          "addr:housenumber": "6",
          "addr:street": "William Street",
          "check_date": "2024-02-26",
          "name": "A Home for Photography",
          "opening_hours": "Tu-Sa 12:00-18:00",
          "tourism": "gallery"
        }
      }
    },
    {
      "type": "Feature",
      "geometry": {
        "type": "Point",
        "coordinates": [
          -3.1839756,
          55.9582327
        ]
      },
      "properties": {
        "id": "osm:node:11227199287",
        "source": "osm",
        "title": "A Leith Walk",
        "address": "",
        "description": "",
        "categories": [
          "cultural",
          "art"
        ],
        "primary_category": "cultural",
        "interest_score": 30,
        "website": "",
        "wikipedia": "",
        "wikidata": "",
        "source_url": "https://www.openstreetmap.org/node/11227199287",
        "fetched_at_utc": "2026-10-07T11:41:56+00:00",
        "query_key": "galleries_and_arts",
        "tags": {
          "alt_name": "Leith Walk pidgeons",
          "artist_name": "Shona Kinloch",
          "artwork_type": "statue",
          "material": "bronze",
          "name": "A Leith Walk",
          "start_date": "1996",
          "tourism": "artwork"
        }
      }
    },
    {
      "type": "Feature",
      "geometry": {
        "type": "Point",
        "coordinates": [
          -3.1784171,
          55.9805153
        ]
      },
      "properties": {
        "id": "osm:node:10106526105",
        "source": "osm",
        "title": "A-Team",
        "address": "",
        "description": "",
        "categories": [
          "cultural",
          "art"
        ],
        "primary_category": "cultural",
        "interest_score": 30,
        "website": "",
        "wikipedia": "",
        "wikidata": "",
        "source_url": "https://www.openstreetmap.org/node/10106526105",
        "fetched_at_utc": "2026-10-07T11:41:56+00:00",
        "query_key": "galleries_and_arts",
        "tags": {
          "check_date": "2022-10-16",
          "contact:instagram": "https://www.instagram.com/ateamproductions",
          "fee": "no",
          "level": "0",
          "name": "A-Team",
          "tourism": "gallery"
        }
      }
    },
    {
      "type": "Feature",
      "geometry": {
        "type": "Point",
        "coordinates": [
          -3.2158273,
          55.9263594
        ]
      },
      "properties": {
        "id": "osm:node:6356682573",
        "source": "osm",
        "title": "Abraham",
        "address": "",
        "description": "Dedicated to Louie Comolli former Quarry Master of Gran-Quartz, U.S.A. and the patients and staff of the Royal Edinburgh Hospital.",
        "categories": [
          "cultural",
          "art"
        ],
        "primary_category": "cultural",
        "interest_score": 30,
        "website": "",
        "wikipedia": "",
        "wikidata": "",
        "source_url": "https://www.openstreetmap.org/node/6356682573",
        "fetched_at_utc": "2026-10-07T11:41:56+00:00",
        "query_key": "galleries_and_arts",
        "tags": {
          "artist:wikidata": "Q2388960",
          "artist_name": "Ronald Rae",
          "artwork_type": "sculpture",
          "inscription": "Dedicated to Louie Comolli former Quarry Master of Gran-Quartz, U.S.A. and the patients and staff of the Royal Edinburgh Hospital.",
          "material": "stone",
          "name": "Abraham",
          "tourism": "artwork"
        }
      }
    },
    {
      "type": "Feature",
      "geometry": {
        "type": "Point",
        "coordinates": [
          -3.1773454,
          55.981377
        ]
      },
      "properties": {
        "id": "osm:node:1241883633",
        "source": "osm",
        "title": "Agnes-Moon Art",
        "address": "",
        "description": "",
        "categories": [
          "cultural",
          "art"
        ],
        "primary_category": "cultural",
        "interest_score": 30,
        "website": "",
        "wikipedia": "",
        "wikidata": "",
        "source_url": "https://www.openstreetmap.org/node/1241883633",
        "fetched_at_utc": "2026-10-07T11:41:56+00:00",
        "query_key": "galleries_and_arts",
        "tags": {
          "check_date": "2022-10-16",
          "fee": "no",
          "level": "0",
          "name": "Agnes-Moon Art",
          "old_name": "Carphone Warehouse",
          "tourism": "gallery"
        }
      }
    },
    {
      "type": "Feature",
      "geometry": {
        "type": "Point",
        "coordinates": [
          -3.1912453,
          55.9800084
        ]
      },
      "properties": {
        "id": "osm:node:853716123",
        "source": "osm",
        "title": "Anchor",
        "address": "",
        "description": "",
        "categories": [
          "cultural",
          "art"
        ],
        "primary_category": "cultural",
        "interest_score": 30,
        "website": "",
        "wikipedia": "",
        "wikidata": "",
        "source_url": "https://www.openstreetmap.org/node/853716123",
        "fetched_at_utc": "2026-10-07T11:41:56+00:00",
        "query_key": "galleries_and_arts",
        "tags": {
          "name": "Anchor",
          "tourism": "artwork",
          "wheelchair": "yes",
          "wheelchair:description": "It is outside!"
        }
      }
    },
    {
      "type": "Feature",
      "geometry": {
        "type": "Point",
        "coordinates": [
          -3.1706803,
          55.9595493
        ]
      },
      "properties": {
        "id": "osm:node:6265982355",
        "source": "osm",
        "title": "Angel wings",
        "address": "",
        "description": "",
        "categories": [
          "cultural",
          "art"
        ],
        "primary_category": "cultural",
        "interest_score": 30,
        "website": "",
        "wikipedia": "",
        "wikidata": "",
        "source_url": "https://www.openstreetmap.org/node/6265982355",
        "fetched_at_utc": "2026-10-07T11:41:56+00:00",
        "query_key": "galleries_and_arts",
        "tags": {
          "artwork_type": "mural",
          "name": "Angel wings",
          "tourism": "artwork"
        }
      }
    },
    {
      "type": "Feature",
      "geometry": {
        "type": "Point",
        "coordinates": [
          -3.1818686,
          55.939691
        ]
      },
      "properties": {
        "id": "osm:node:5545343503",
        "source": "osm",
        "title": "Artiscience Library",
        "address": "Summerhall, Edinburgh",
        "description": "",
        "categories": [
          "cultural",
          "literary"
        ],
        "primary_category": "cultural",
        "interest_score": 30,
        "website": "",
        "wikipedia": "",
        "wikidata": "",
        "source_url": "https://www.openstreetmap.org/node/5545343503",
        "fetched_at_utc": "2026-10-07T11:41:56+00:00",
        "query_key": "performance_and_literary",
        "tags": {
          "addr:city": "Edinburgh",
          "addr:housename": "Summerhall",
          "addr:street": "Summerhall",
          "amenity": "library",
          "check_date": "2024-08-09",
          "name": "Artiscience Library",
          "operator": "Colin Sanderson"
        }
      }
    },
    {
      "type": "Feature",
      "geometry": {
        "type": "Point",
        "coordinates": [
          -3.2043721,
          55.9648191
        ]
      },
      "properties": {
        "id": "osm:node:12997380128",
        "source": "osm",
        "title": "Ascending Form (Gloria)",
        "address": "",
        "description": "",
        "categories": [
          "cultural",
          "art"
        ],
        "primary_category": "cultural",
        "interest_score": 30,
        "website": "",
        "wikipedia": "",
        "wikidata": "",
        "source_url": "https://www.openstreetmap.org/node/12997380128",
        "fetched_at_utc": "2026-10-07T11:41:56+00:00",
        "query_key": "galleries_and_arts",
        "tags": {
          "artist:wikidata": "Q234109",
          "artist_name": "Barbara Hepworth",
          "artwork_type": "sculpture",
          "material": "bronze",
          "name": "Ascending Form (Gloria)",
          "tourism": "artwork"
        }
      }
    },
    {
      "type": "Feature",
      "geometry": {
        "type": "Point",
        "coordinates": [
          -3.195756,
          55.9651489
        ]
      },
      "properties": {
        "id": "osm:node:13028321724",
        "source": "osm",
        "title": "Beavers",
        "address": "",
        "description": "",
        "categories": [
          "cultural",
          "art"
        ],
        "primary_category": "cultural",
        "interest_score": 30,
        "website": "",
        "wikipedia": "",
        "wikidata": "",
        "source_url": "https://www.openstreetmap.org/node/13028321724",
        "fetched_at_utc": "2026-10-07T11:41:56+00:00",
        "query_key": "galleries_and_arts",
        "tags": {
          "artwork_type": "sculpture",
          "name": "Beavers",
          "ref:canmore": "302118",
          "tourism": "artwork"
        }
      }
    },
    {
      "type": "Feature",
      "geometry": {
        "type": "Point",
        "coordinates": [
          -3.220794,
          55.9432017
        ]
      },
      "properties": {
        "id": "osm:node:10031808987",
        "source": "osm",
        "title": "Beer Movers",
        "address": "",
        "description": "",
        "categories": [
          "cultural",
          "art"
        ],
        "primary_category": "cultural",
        "interest_score": 30,
        "website": "",
        "wikipedia": "",
        "wikidata": "",
        "source_url": "https://www.openstreetmap.org/node/10031808987",
        "fetched_at_utc": "2026-10-07T11:41:56+00:00",
        "query_key": "galleries_and_arts",
        "tags": {
          "artwork_type": "sculpture",
          "name": "Beer Movers",
          "ref:canmore": "302198",
          "start_date": "2000",
          "tourism": "artwork",
          "wikimedia_commons": "File:Beer Movers, Dalry Road.jpg"
        }
      }
    },
    {
      "type": "Feature",
      "geometry": {
        "type": "Point",
        "coordinates": [
          -3.2132311,
          55.9421441
        ]
      },
      "properties": {
        "id": "osm:node:13786707576",
        "source": "osm",
        "title": "Catalogue Wall",
        "address": "",
        "description": "",
        "categories": [
          "cultural",
          "art"
        ],
        "primary_category": "cultural",
        "interest_score": 30,
        "website": "",
        "wikipedia": "",
        "wikidata": "",
        "source_url": "https://www.openstreetmap.org/node/13786707576",
        "fetched_at_utc": "2026-10-07T11:41:56+00:00",
        "query_key": "galleries_and_arts",
        "tags": {
          "artist_name": "Mark Doyle",
          "artwork_type": "sculpture",
          "material": "concrete",
          "name": "Catalogue Wall",
          "tourism": "artwork"
        }
      }
    },
    {
      "type": "Feature",
      "geometry": {
        "type": "Point",
        "coordinates": [
          -3.1924454,
          55.9484985
        ]
      },
      "properties": {
        "id": "osm:node:6046953400",
        "source": "osm",
        "title": "Central Children's Library",
        "address": "",
        "description": "",
        "categories": [
          "cultural",
          "literary"
        ],
        "primary_category": "cultural",
        "interest_score": 30,
        "website": "",
        "wikipedia": "",
        "wikidata": "",
        "source_url": "https://www.openstreetmap.org/node/6046953400",
        "fetched_at_utc": "2026-10-07T11:41:56+00:00",
        "query_key": "performance_and_literary",
        "tags": {
          "amenity": "library",
          "check_date": "2024-09-17",
          "name": "Central Children's Library",
          "opening_hours": "Mo-We 10:00-20:00; Th-Sa 10:00-17:00; Su off",
          "source": "survey"
        }
      }
    },
    {
      "type": "Feature",
      "geometry": {
        "type": "Point",
        "coordinates": [
          -3.1743126,
          55.9760543
        ]
      },
      "properties": {
        "id": "osm:node:3249160727",
        "source": "osm",
        "title": "Coburg House Studios",
        "address": "15 Coburg Street, Edinburgh",
        "description": "",
        "categories": [
          "cultural",
          "art"
        ],
        "primary_category": "cultural",
        "interest_score": 30,
        "website": "",
        "wikipedia": "",
        "wikidata": "",
        "source_url": "https://www.openstreetmap.org/node/3249160727",
        "fetched_at_utc": "2026-10-07T11:41:56+00:00",
        "query_key": "galleries_and_arts",
        "tags": {
          "addr:city": "Edinburgh",
          "addr:housenumber": "15",
          "addr:street": "Coburg Street",
          "check_date": "2024-09-04",
          "check_date:opening_hours": "2024-09-04",
          "fee": "no",
          "name": "Coburg House Studios",
          "opening_hours": "Sa-Su 11:00-16:00",
          "source": "survey",
          "tourism": "gallery"
        }
      }
    },
    {
      "type": "Feature",
      "geometry": {
        "type": "Point",
        "coordinates": [
          -3.1835262,
          55.9550001
        ]
      },
      "properties": {
        "id": "osm:node:10117511077",
        "source": "osm",
        "title": "Collective - City Observatory",
        "address": "38 Calton Hill, Edinburgh, EH7 5AA",
        "description": "",
        "categories": [
          "cultural",
          "art"
        ],
        "primary_category": "cultural",
        "interest_score": 30,
        "website": "",
        "wikipedia": "",
        "wikidata": "",
        "source_url": "https://www.openstreetmap.org/node/10117511077",
        "fetched_at_utc": "2026-10-07T11:41:56+00:00",
        "query_key": "galleries_and_arts",
        "tags": {
          "addr:city": "Edinburgh",
          "addr:housenumber": "38",
          "addr:postcode": "EH7 5AA",
          "addr:street": "Calton Hill",
          "amenity": "arts_centre",
          "contact:email": "mail@collective-edinburgh.art",
          "contact:phone": "+44 131 556 1264",
          "contact:website": "https://www.collective-edinburgh.art",
          "name": "Collective - City Observatory",
          "opening_hours": "PH, Tu-Su 10:00-17:00; Mo off"
        }
      }
    },
    {
      "type": "Feature",
      "geometry": {
        "type": "Point",
        "coordinates": [
          -3.2267598,
          55.9506513
        ]
      },
      "properties": {
        "id": "osm:node:7796616522",
        "source": "osm",
        "title": "Conversation with Magic Stones",
        "address": "",
        "description": "",
        "categories": [
          "cultural",
          "art"
        ],
        "primary_category": "cultural",
        "interest_score": 30,
        "website": "",
        "wikipedia": "",
        "wikidata": "",
        "source_url": "https://www.openstreetmap.org/node/7796616522",
        "fetched_at_utc": "2026-10-07T11:41:56+00:00",
        "query_key": "galleries_and_arts",
        "tags": {
          "artist:wikidata": "Q234109",
          "artist_name": "Barbara Hepworth",
          "artwork_type": "sculpture",
          "date": "1973",
          "material": "bronze",
          "name": "Conversation with Magic Stones",
          "tourism": "artwork"
        }
      }
    },
    {
      "type": "Feature",
      "geometry": {
        "type": "Point",
        "coordinates": [
          -3.1705897,
          55.9767406
        ]
      },
      "properties": {
        "id": "osm:node:5535848862",
        "source": "osm",
        "title": "Custom House Gallery",
        "address": "",
        "description": "",
        "categories": [
          "cultural",
          "art"
        ],
        "primary_category": "cultural",
        "interest_score": 30,
        "website": "",
        "wikipedia": "",
        "wikidata": "",
        "source_url": "https://www.openstreetmap.org/node/5535848862",
        "fetched_at_utc": "2026-10-07T11:41:56+00:00",
        "query_key": "galleries_and_arts",
        "tags": {
          "amenity": "arts_centre",
          "check_date": "2026-09-10",
          "name": "Custom House Gallery"
        }
      }
    },
    {
      "type": "Feature",
      "geometry": {
        "type": "Point",
        "coordinates": [
          -3.2483606,
          55.9334853
        ]
      },
      "properties": {
        "id": "osm:node:9324888089",
        "source": "osm",
        "title": "Dreamer of Peace",
        "address": "",
        "description": "",
        "categories": [
          "cultural",
          "art"
        ],
        "primary_category": "cultural",
        "interest_score": 30,
        "website": "",
        "wikipedia": "",
        "wikidata": "",
        "source_url": "https://www.openstreetmap.org/node/9324888089",
        "fetched_at_utc": "2026-10-07T11:41:56+00:00",
        "query_key": "galleries_and_arts",
        "tags": {
          "artist:wikidata": "Q130219764",
          "artwork_type": "sculpture",
          "name": "Dreamer of Peace",
          "subject:wikidata": "Q319578",
          "tourism": "artwork",
          "wikimedia_commons": "File:Dreamer of Peace - geograph.org.uk - 7619265.jpg",
          "wikimedia_commons:0": "File:Dreamer of Peace - geograph.org.uk - 6213101.jpg"
        }
      }
    },
    {
      "type": "Feature",
      "geometry": {
        "type": "Point",
        "coordinates": [
          -3.1952177,
          55.9514858
        ]
      },
      "properties": {
        "id": "osm:node:13681907568",
        "source": "osm",
        "title": "E Paolozzi 1989",
        "address": "",
        "description": "",
        "categories": [
          "cultural",
          "art"
        ],
        "primary_category": "cultural",
        "interest_score": 30,
        "website": "",
        "wikipedia": "",
        "wikidata": "",
        "source_url": "https://www.openstreetmap.org/node/13681907568",
        "fetched_at_utc": "2026-10-07T11:41:56+00:00",
        "query_key": "galleries_and_arts",
        "tags": {
          "artwork_type": "statue",
          "name": "E Paolozzi 1989",
          "tourism": "artwork"
        }
      }
    },
    {
      "type": "Feature",
      "geometry": {
        "type": "Point",
        "coordinates": [
          -3.2005191,
          55.9460774
        ]
      },
      "properties": {
        "id": "osm:node:5958576794",
        "source": "osm",
        "title": "Edinburgh College of Art Library",
        "address": "",
        "description": "",
        "categories": [
          "cultural",
          "literary"
        ],
        "primary_category": "cultural",
        "interest_score": 30,
        "website": "",
        "wikipedia": "",
        "wikidata": "",
        "source_url": "https://www.openstreetmap.org/node/5958576794",
        "fetched_at_utc": "2026-10-07T11:41:56+00:00",
        "query_key": "performance_and_literary",
        "tags": {
          "amenity": "library",
          "check_date": "2024-04-07",
          "name": "Edinburgh College of Art Library",
          "opening_hours": "Mo-Th 09:00-22:00; Fr 09:00-17:00; Sa-Su 12:00-17:00",
          "operator": "The University of Edinburgh"
        }
      }
    },
    {
      "type": "Feature",
      "geometry": {
        "type": "Point",
        "coordinates": [
          -3.1876627,
          55.9476338
        ]
      },
      "properties": {
        "id": "osm:node:6253887443",
        "source": "osm",
        "title": "Edinburgh Law School Library",
        "address": "",
        "description": "",
        "categories": [
          "cultural",
          "literary"
        ],
        "primary_category": "cultural",
        "interest_score": 30,
        "website": "",
        "wikipedia": "",
        "wikidata": "",
        "source_url": "https://www.openstreetmap.org/node/6253887443",
        "fetched_at_utc": "2026-10-07T11:41:56+00:00",
        "query_key": "performance_and_literary",
        "tags": {
          "amenity": "library",
          "check_date": "2024-08-05",
          "name": "Edinburgh Law School Library",
          "name:gd": "Leabharlann Sgoil Lagha Dhùn Èideann",
          "operator": "University of Edinburgh",
          "source": "survey"
        }
      }
    },
    {
      "type": "Feature",
      "geometry": {
        "type": "Point",
        "coordinates": [
          -3.1721916,
          55.9745479
        ]
      },
      "properties": {
        "id": "osm:node:4804473401",
        "source": "osm",
        "title": "Eduardo Paolozzi Mural",
        "address": "",
        "description": "",
        "categories": [
          "cultural",
          "art"
        ],
        "primary_category": "cultural",
        "interest_score": 30,
        "website": "",
        "wikipedia": "",
        "wikidata": "",
        "source_url": "https://www.openstreetmap.org/node/4804473401",
        "fetched_at_utc": "2026-10-07T11:41:56+00:00",
        "query_key": "galleries_and_arts",
        "tags": {
          "artist_name": "Russell Ian Dempster",
          "artwork_type": "mural",
          "name": "Eduardo Paolozzi Mural",
          "start_date": "2014",
          "tourism": "artwork"
        }
      }
    },
    {
      "type": "Feature",
      "geometry": {
        "type": "Point",
        "coordinates": [
          -3.1732851,
          55.9685713
        ]
      },
      "properties": {
        "id": "osm:node:5747193436",
        "source": "osm",
        "title": "Elph Mural",
        "address": "115 Leith Walk, Edinburgh",
        "description": "",
        "categories": [
          "cultural",
          "art"
        ],
        "primary_category": "cultural",
        "interest_score": 30,
        "website": "",
        "wikipedia": "",
        "wikidata": "",
        "source_url": "https://www.openstreetmap.org/node/5747193436",
        "fetched_at_utc": "2026-10-07T11:41:56+00:00",
        "query_key": "galleries_and_arts",
        "tags": {
          "addr:city": "Edinburgh",
          "addr:housenumber": "115",
          "addr:street": "Leith Walk",
          "artist_name": "Elph",
          "artwork_type": "mural",
          "name": "Elph Mural",
          "start_date": "2016",
          "tourism": "artwork"
        }
      }
    },
    {
      "type": "Feature",
      "geometry": {
        "type": "Point",
        "coordinates": [
          -3.1793273,
          55.9752
        ]
      },
      "properties": {
        "id": "osm:node:3974215891",
        "source": "osm",
        "title": "Embassy",
        "address": "7 Ferry Road, Edinburgh",
        "description": "",
        "categories": [
          "cultural",
          "art"
        ],
        "primary_category": "cultural",
        "interest_score": 30,
        "website": "",
        "wikipedia": "",
        "wikidata": "",
        "source_url": "https://www.openstreetmap.org/node/3974215891",
        "fetched_at_utc": "2026-10-07T11:41:56+00:00",
        "query_key": "galleries_and_arts",
        "tags": {
          "addr:city": "Edinburgh",
          "addr:housenumber": "7",
          "addr:street": "Ferry Road",
          "fee": "no",
          "name": "Embassy",
          "opening_hours": "\"Open for scheduled events\"",
          "source": "Bing",
          "tourism": "gallery"
        }
      }
    },
    {
      "type": "Feature",
      "geometry": {
        "type": "Point",
        "coordinates": [
          -3.2045629,
          55.9645736
        ]
      },
      "properties": {
        "id": "osm:node:13516789707",
        "source": "osm",
        "title": "Endless Forms",
        "address": "",
        "description": "",
        "categories": [
          "cultural",
          "art"
        ],
        "primary_category": "cultural",
        "interest_score": 30,
        "website": "",
        "wikipedia": "",
        "wikidata": "",
        "source_url": "https://www.openstreetmap.org/node/13516789707",
        "fetched_at_utc": "2026-10-07T11:41:56+00:00",
        "query_key": "galleries_and_arts",
        "tags": {
          "artist_name": "Sarah Keer-Keer",
          "artwork_type": "sculpture",
          "name": "Endless Forms",
          "panoramax": "c27dee15-a38d-4f73-9786-38a93fed77e2",
          "tourism": "artwork"
        }
      }
    },
    {
      "type": "Feature",
      "geometry": {
        "type": "Point",
        "coordinates": [
          -3.2254161,
          55.9521266
        ]
      },
      "properties": {
        "id": "osm:node:12535172911",
        "source": "osm",
        "title": "Escaped Animals",
        "address": "",
        "description": "",
        "categories": [
          "cultural",
          "art"
        ],
        "primary_category": "cultural",
        "interest_score": 30,
        "website": "",
        "wikipedia": "",
        "wikidata": "",
        "source_url": "https://www.openstreetmap.org/node/12535172911",
        "fetched_at_utc": "2026-10-07T11:41:56+00:00",
        "query_key": "galleries_and_arts",
        "tags": {
          "artist_name": "Julian Opie",
          "name": "Escaped Animals",
          "start_date": "2002",
          "tourism": "artwork"
        }
      }
    },
    {
      "type": "Feature",
      "geometry": {
        "type": "Point",
        "coordinates": [
          -3.2261962,
          55.9512668
        ]
      },
      "properties": {
        "id": "osm:node:4640452252",
        "source": "osm",
        "title": "Femme",
        "address": "",
        "description": "",
        "categories": [
          "cultural",
          "art"
        ],
        "primary_category": "cultural",
        "interest_score": 30,
        "website": "",
        "wikipedia": "",
        "wikidata": "",
        "source_url": "https://www.openstreetmap.org/node/4640452252",
        "fetched_at_utc": "2026-10-07T11:41:56+00:00",
        "query_key": "galleries_and_arts",
        "tags": {
          "alt_name": "Femme (Woman)",
          "artist:wikidata": "Q152384",
          "artist_name": "Joan Miro",
          "artwork_type": "sculpture",
          "name": "Femme",
          "source": "survey",
          "start_date": "1970",
          "tourism": "artwork"
        }
      }
    },
    {
      "type": "Feature",
      "geometry": {
        "type": "Point",
        "coordinates": [
          -3.2069434,
          55.9470593
        ]
      },
      "properties": {
        "id": "osm:node:2675712310",
        "source": "osm",
        "title": "First Conundrum",
        "address": "",
        "description": "",
        "categories": [
          "cultural",
          "art"
        ],
        "primary_category": "cultural",
        "interest_score": 30,
        "website": "",
        "wikipedia": "",
        "wikidata": "",
        "source_url": "https://www.openstreetmap.org/node/2675712310",
        "fetched_at_utc": "2026-10-07T11:41:56+00:00",
        "query_key": "galleries_and_arts",
        "tags": {
          "artist_name": "Remco de Fouw",
          "artwork_type": "sculpture",
          "name": "First Conundrum",
          "source": "survey",
          "tourism": "artwork",
          "wikimedia_commons": "File:FirstConundrum.jpg"
        }
      }
    },
    {
      "type": "Feature",
      "geometry": {
        "type": "Point",
        "coordinates": [
          -3.2281433,
          55.9515483
        ]
      },
      "properties": {
        "id": "osm:node:7796616520",
        "source": "osm",
        "title": "Foil",
        "address": "",
        "description": "",
        "categories": [
          "cultural",
          "art"
        ],
        "primary_category": "cultural",
        "interest_score": 30,
        "website": "",
        "wikipedia": "",
        "wikidata": "",
        "source_url": "https://www.openstreetmap.org/node/7796616520",
        "fetched_at_utc": "2026-10-07T11:41:56+00:00",
        "query_key": "galleries_and_arts",
        "tags": {
          "artist:wikidata": "Q529591",
          "artist_name": "Anthony Caro",
          "artwork_type": "sculpture",
          "date": "1978",
          "material": "cor-ten steel",
          "name": "Foil",
          "panoramax": "934cfade-79c2-4536-b9fe-12113233fa19",
          "tourism": "artwork"
        }
      }
    },
    {
      "type": "Feature",
      "geometry": {
        "type": "Point",
        "coordinates": [
          -3.2186584,
          55.9405682
        ]
      },
      "properties": {
        "id": "osm:node:6293408930",
        "source": "osm",
        "title": "Fountain Park Community Mural",
        "address": "",
        "description": "",
        "categories": [
          "cultural",
          "art"
        ],
        "primary_category": "cultural",
        "interest_score": 30,
        "website": "",
        "wikipedia": "",
        "wikidata": "",
        "source_url": "https://www.openstreetmap.org/node/6293408930",
        "fetched_at_utc": "2026-10-07T11:41:56+00:00",
        "query_key": "galleries_and_arts",
        "tags": {
          "artwork_type": "mural",
          "name": "Fountain Park Community Mural",
          "tourism": "artwork"
        }
      }
    },
    {
      "type": "Feature",
      "geometry": {
        "type": "Point",
        "coordinates": [
          -3.1686735500000003,
          55.97811645
        ]
      },
      "properties": {
        "id": "osm:way:1414797441",
        "source": "osm",
        "title": "Four Winds Screen",
        "address": "",
        "description": "",
        "categories": [
          "art",
          "cultural"
        ],
        "primary_category": "cultural",
        "interest_score": 30,
        "website": "",
        "wikipedia": "",
        "wikidata": "",
        "source_url": "https://www.openstreetmap.org/way/1414797441",
        "fetched_at_utc": "2026-10-07T11:41:56+00:00",
        "query_key": "galleries_and_arts",
        "tags": {
          "artwork_type": "gate",
          "barrier": "gate",
          "name": "Four Winds Screen",
          "ref:canmore": "302339",
          "tourism": "artwork"
        }
      }
    },
    {
      "type": "Feature",
      "geometry": {
        "type": "Point",
        "coordinates": [
          -3.2247722,
          55.9511778
        ]
      },
      "properties": {
        "id": "osm:node:12535172913",
        "source": "osm",
        "title": "Gate",
        "address": "",
        "description": "",
        "categories": [
          "cultural",
          "art"
        ],
        "primary_category": "cultural",
        "interest_score": 30,
        "website": "",
        "wikipedia": "",
        "wikidata": "",
        "source_url": "https://www.openstreetmap.org/node/12535172913",
        "fetched_at_utc": "2026-10-07T11:41:56+00:00",
        "query_key": "galleries_and_arts",
        "tags": {
          "artist:wikidata": "Q325274",
          "artist_name": "William Turnbull",
          "artwork_type": "sculpture",
          "name": "Gate",
          "panoramax": "4c95f013-1aaa-4b9e-9fd7-062aceadffc3",
          "source": "survey",
          "start_date": "1972",
          "tourism": "artwork"
        }
      }
    },
    {
      "type": "Feature",
      "geometry": {
        "type": "Point",
        "coordinates": [
          -3.1710719,
          55.9736101
        ]
      },
      "properties": {
        "id": "osm:node:1050479482",
        "source": "osm",
        "title": "Giles Street Mural",
        "address": "",
        "description": "",
        "categories": [
          "cultural",
          "art"
        ],
        "primary_category": "cultural",
        "interest_score": 30,
        "website": "",
        "wikipedia": "",
        "wikidata": "",
        "source_url": "https://www.openstreetmap.org/node/1050479482",
        "fetched_at_utc": "2026-10-07T11:41:56+00:00",
        "query_key": "galleries_and_arts",
        "tags": {
          "artist_name": "Robbie Broome, RBRME.Studio",
          "artwork_type": "mural",
          "name": "Giles Street Mural",
          "start_date": "2020-04",
          "tourism": "artwork"
        }
      }
    },
    {
      "type": "Feature",
      "geometry": {
        "type": "Point",
        "coordinates": [
          -3.2103641,
          55.9651875
        ]
      },
      "properties": {
        "id": "osm:node:3787799664",
        "source": "osm",
        "title": "Girl",
        "address": "",
        "description": "",
        "categories": [
          "cultural",
          "art"
        ],
        "primary_category": "cultural",
        "interest_score": 30,
        "website": "",
        "wikipedia": "",
        "wikidata": "",
        "source_url": "https://www.openstreetmap.org/node/3787799664",
        "fetched_at_utc": "2026-10-07T11:41:56+00:00",
        "query_key": "galleries_and_arts",
        "tags": {
          "artist:wikidata": "Q570353",
          "artist_name": "Reg Butler",
          "artwork_type": "sculpture",
          "material": "bronze",
          "name": "Girl",
          "tourism": "artwork"
        }
      }
    },
    {
      "type": "Feature",
      "geometry": {
        "type": "Point",
        "coordinates": [
          -3.2364293,
          55.9811511
        ]
      },
      "properties": {
        "id": "osm:node:3539880535",
        "source": "osm",
        "title": "Going to the Beach",
        "address": "",
        "description": "",
        "categories": [
          "cultural",
          "art"
        ],
        "primary_category": "cultural",
        "interest_score": 30,
        "website": "",
        "wikipedia": "",
        "wikidata": "",
        "source_url": "https://www.openstreetmap.org/node/3539880535",
        "fetched_at_utc": "2026-10-07T11:41:56+00:00",
        "query_key": "galleries_and_arts",
        "tags": {
          "artist:wikidata": "Q98763496",
          "artist_name": "Vincent F Butler",
          "artwork_subject": "Family and dog",
          "artwork_type": "sculpture",
          "material": "bronze",
          "name": "Going to the Beach",
          "panoramax": "7f96229e-ceea-480c-b90b-34cd15b8f04c",
          "ref:canmore": "302213",
          "source": "survey",
          "tourism": "artwork"
        }
      }
    },
    {
      "type": "Feature",
      "geometry": {
        "type": "Point",
        "coordinates": [
          -3.1868842714285712,
          55.97994607142858
        ]
      },
      "properties": {
        "id": "osm:way:467641735",
        "source": "osm",
        "title": "Grafitti Wall",
        "address": "",
        "description": "",
        "categories": [
          "cultural",
          "art"
        ],
        "primary_category": "cultural",
        "interest_score": 30,
        "website": "",
        "wikipedia": "",
        "wikidata": "",
        "source_url": "https://www.openstreetmap.org/way/467641735",
        "fetched_at_utc": "2026-10-07T11:41:56+00:00",
        "query_key": "galleries_and_arts",
        "tags": {
          "artwork_type": "mural",
          "barrier": "retaining_wall",
          "name": "Grafitti Wall",
          "tourism": "artwork",
          "wikimedia_commons": "File:Graffiti artist at work - geograph.org.uk - 6141533.jpg"
        }
      }
    },
    {
      "type": "Feature",
      "geometry": {
        "type": "Point",
        "coordinates": [
          -3.2267667,
          55.9767277
        ]
      },
      "properties": {
        "id": "osm:node:7711576047",
        "source": "osm",
        "title": "Granton Library",
        "address": "",
        "description": "",
        "categories": [
          "cultural",
          "literary"
        ],
        "primary_category": "cultural",
        "interest_score": 30,
        "website": "",
        "wikipedia": "",
        "wikidata": "",
        "source_url": "https://www.openstreetmap.org/node/7711576047",
        "fetched_at_utc": "2026-10-07T11:41:56+00:00",
        "query_key": "performance_and_literary",
        "tags": {
          "amenity": "library",
          "name": "Granton Library",
          "opening_hours": "Mo, We 13:00-20:00; Tu, Fr 10:00-17:00; Sa 10:00-14:00",
          "operator": "Edinburgh City Council",
          "source": "Bing"
        }
      }
    },
    {
      "type": "Feature",
      "geometry": {
        "type": "Point",
        "coordinates": [
          -3.1848483,
          55.9466338
        ]
      },
      "properties": {
        "id": "osm:node:5238301368",
        "source": "osm",
        "title": "Hinc Sanitas",
        "address": "",
        "description": "",
        "categories": [
          "cultural",
          "art"
        ],
        "primary_category": "cultural",
        "interest_score": 30,
        "website": "",
        "wikipedia": "",
        "wikidata": "",
        "source_url": "https://www.openstreetmap.org/node/5238301368",
        "fetched_at_utc": "2026-10-07T11:41:56+00:00",
        "query_key": "galleries_and_arts",
        "tags": {
          "artist_name": "Denys Mitchell",
          "artwork_type": "sculpture",
          "name": "Hinc Sanitas",
          "name:en": "From here, health",
          "start_date": "1994-12-06",
          "tourism": "artwork"
        }
      }
    },
    {
      "type": "Feature",
      "geometry": {
        "type": "Point",
        "coordinates": [
          -3.208647,
          55.9481361
        ]
      },
      "properties": {
        "id": "osm:node:2156953060",
        "source": "osm",
        "title": "Horse & Rider",
        "address": "",
        "description": "",
        "categories": [
          "cultural",
          "art"
        ],
        "primary_category": "cultural",
        "interest_score": 30,
        "website": "",
        "wikipedia": "",
        "wikidata": "",
        "source_url": "https://www.openstreetmap.org/node/2156953060",
        "fetched_at_utc": "2026-10-07T11:41:56+00:00",
        "query_key": "galleries_and_arts",
        "tags": {
          "artwork_type": "sculpture",
          "layer": "1",
          "name": "Horse & Rider",
          "ref:canmore": "302249",
          "source": "local_knowledge",
          "tourism": "artwork"
        }
      }
    },
    {
      "type": "Feature",
      "geometry": {
        "type": "Point",
        "coordinates": [
          -3.1867237909090913,
          55.94492191818181
        ]
      },
      "properties": {
        "id": "osm:way:169111780",
        "source": "osm",
        "title": "Inspace",
        "address": "1 Crichton Street, EH8 9AB",
        "description": "",
        "categories": [
          "cultural",
          "art"
        ],
        "primary_category": "cultural",
        "interest_score": 30,
        "website": "",
        "wikipedia": "",
        "wikidata": "",
        "source_url": "https://www.openstreetmap.org/way/169111780",
        "fetched_at_utc": "2026-10-07T11:41:56+00:00",
        "query_key": "galleries_and_arts",
        "tags": {
          "addr:housenumber": "1",
          "addr:postcode": "EH8 9AB",
          "addr:street": "Crichton Street",
          "fee": "no",
          "indoor": "level",
          "level": "0",
          "name": "Inspace",
          "source": "knowledge",
          "tourism": "gallery",
          "wheelchair": "yes"
        }
      }
    },
    {
      "type": "Feature",
      "geometry": {
        "type": "Point",
        "coordinates": [
          -3.1904044,
          55.949995
        ]
      },
      "properties": {
        "id": "osm:node:13681907516",
        "source": "osm",
        "title": "JK Rowling’s Handprints",
        "address": "",
        "description": "",
        "categories": [
          "cultural",
          "art"
        ],
        "primary_category": "cultural",
        "interest_score": 30,
        "website": "",
        "wikipedia": "",
        "wikidata": "",
        "source_url": "https://www.openstreetmap.org/node/13681907516",
        "fetched_at_utc": "2026-10-07T11:41:56+00:00",
        "query_key": "galleries_and_arts",
        "tags": {
          "artwork_type": "sculpture",
          "name": "JK Rowling’s Handprints",
          "tourism": "artwork"
        }
      }
    },
    {
      "type": "Feature",
      "geometry": {
        "type": "Point",
        "coordinates": [
          -3.1841466,
          55.9516537
        ]
      },
      "properties": {
        "id": "osm:node:2476638317",
        "source": "osm",
        "title": "Joe Public",
        "address": "",
        "description": "",
        "categories": [
          "cultural",
          "art"
        ],
        "primary_category": "cultural",
        "interest_score": 30,
        "website": "",
        "wikipedia": "",
        "wikidata": "",
        "source_url": "https://www.openstreetmap.org/node/2476638317",
        "fetched_at_utc": "2026-10-07T11:41:56+00:00",
        "query_key": "galleries_and_arts",
        "tags": {
          "artist:wikidata": "Q517388",
          "artist_name": "Stephan Balkenhol",
          "artwork_type": "statue",
          "name": "Joe Public",
          "tourism": "artwork"
        }
      }
    },
    {
      "type": "Feature",
      "geometry": {
        "type": "Point",
        "coordinates": [
          -3.196548828571429,
          55.948083450000006
        ]
      },
      "properties": {
        "id": "osm:way:514548025",
        "source": "osm",
        "title": "Johnston Terrace Garden",
        "address": "",
        "description": "",
        "categories": [
          "natural"
        ],
        "primary_category": "natural",
        "interest_score": 30,
        "website": "",
        "wikipedia": "",
        "wikidata": "",
        "source_url": "https://www.openstreetmap.org/way/514548025",
        "fetched_at_utc": "2026-10-07T11:41:56+00:00",
        "query_key": "nature_reserves",
        "tags": {
          "access": "private",
          "landuse": "meadow",
          "leisure": "nature_reserve",
          "meadow": "wildflower",
          "name": "Johnston Terrace Garden",
          "source": "NLS_OS_Edinburgh_map_1940s;Bing"
        }
      }
    },
    {
      "type": "Feature",
      "geometry": {
        "type": "Point",
        "coordinates": [
          -3.1948417,
          55.9393984
        ]
      },
      "properties": {
        "id": "osm:node:3237281852",
        "source": "osm",
        "title": "KB Smile Studio",
        "address": "3 Marchmont Road, Edinburgh",
        "description": "",
        "categories": [
          "cultural",
          "art"
        ],
        "primary_category": "cultural",
        "interest_score": 30,
        "website": "",
        "wikipedia": "",
        "wikidata": "",
        "source_url": "https://www.openstreetmap.org/node/3237281852",
        "fetched_at_utc": "2026-10-07T11:41:56+00:00",
        "query_key": "galleries_and_arts",
        "tags": {
          "addr:city": "Edinburgh",
          "addr:housenumber": "3",
          "addr:street": "Marchmont Road",
          "check_date": "2025-08-11",
          "name": "KB Smile Studio",
          "source": "survey",
          "tourism": "gallery"
        }
      }
    },
    {
      "type": "Feature",
      "geometry": {
        "type": "Point",
        "coordinates": [
          -3.2276027,
          55.9517267
        ]
      },
      "properties": {
        "id": "osm:node:7796616517",
        "source": "osm",
        "title": "Kolbenneblok",
        "address": "",
        "description": "",
        "categories": [
          "cultural",
          "art"
        ],
        "primary_category": "cultural",
        "interest_score": 30,
        "website": "",
        "wikipedia": "",
        "wikidata": "",
        "source_url": "https://www.openstreetmap.org/node/7796616517",
        "fetched_at_utc": "2026-10-07T11:41:56+00:00",
        "query_key": "galleries_and_arts",
        "tags": {
          "artist:wikidata": "Q702163",
          "artist_name": "Tony Cragg",
          "artwork_type": "sculpture",
          "date": "1989",
          "material": "bronze",
          "name": "Kolbenneblok",
          "panoramax": "721d3dd8-63f3-432d-8e2c-2e127e2905f5",
          "tourism": "artwork",
          "wikimedia_commons": "File:Object in Sculpture Garden (6872522582).jpg"
        }
      }
    },
    {
      "type": "Feature",
      "geometry": {
        "type": "Point",
        "coordinates": [
          -3.2269462,
          55.9513117
        ]
      },
      "properties": {
        "id": "osm:node:11190384094",
        "source": "osm",
        "title": "Landform",
        "address": "",
        "description": "",
        "categories": [
          "cultural",
          "art"
        ],
        "primary_category": "cultural",
        "interest_score": 30,
        "website": "",
        "wikipedia": "",
        "wikidata": "",
        "source_url": "https://www.openstreetmap.org/node/11190384094",
        "fetched_at_utc": "2026-10-07T11:41:56+00:00",
        "query_key": "galleries_and_arts",
        "tags": {
          "artist:wikidata": "Q354634",
          "artwork_type": "installation",
          "name": "Landform",
          "tourism": "artwork",
          "url": "https://www.nationalgalleries.org/art-and-artists/63131"
        }
      }
    },
    {
      "type": "Feature",
      "geometry": {
        "type": "Point",
        "coordinates": [
          -3.1699501,
          55.971579
        ]
      },
      "properties": {
        "id": "osm:node:5735242340",
        "source": "osm",
        "title": "Leith developed because of its strong links \nwith the sea. Keep all seafarers \ni",
        "address": "",
        "description": "Leith developed because of its strong links \nwith the sea. Keep all seafarers \nin your prayers.",
        "categories": [
          "cultural",
          "art"
        ],
        "primary_category": "cultural",
        "interest_score": 30,
        "website": "",
        "wikipedia": "",
        "wikidata": "",
        "source_url": "https://www.openstreetmap.org/node/5735242340",
        "fetched_at_utc": "2026-10-07T11:41:56+00:00",
        "query_key": "galleries_and_arts",
        "tags": {
          "artwork_type": "painting",
          "inscription": "Leith developed because of its strong links \nwith the sea. Keep all seafarers \nin your prayers.",
          "tourism": "artwork"
        }
      }
    },
    {
      "type": "Feature",
      "geometry": {
        "type": "Point",
        "coordinates": [
          -3.1700092,
          55.9707646
        ]
      },
      "properties": {
        "id": "osm:node:4804473402",
        "source": "osm",
        "title": "Leith Dockers Club Mural",
        "address": "",
        "description": "",
        "categories": [
          "cultural",
          "art"
        ],
        "primary_category": "cultural",
        "interest_score": 30,
        "website": "",
        "wikipedia": "",
        "wikidata": "",
        "source_url": "https://www.openstreetmap.org/node/4804473402",
        "fetched_at_utc": "2026-10-07T11:41:56+00:00",
        "query_key": "galleries_and_arts",
        "tags": {
          "artist_name": "Tom Ewing",
          "artwork_type": "mural",
          "name": "Leith Dockers Club Mural",
          "start_date": "2014",
          "tourism": "artwork"
        }
      }
    },
    {
      "type": "Feature",
      "geometry": {
        "type": "Point",
        "coordinates": [
          -3.1794748,
          55.9757821
        ]
      },
      "properties": {
        "id": "osm:node:5363380132",
        "source": "osm",
        "title": "Leith History Mural",
        "address": "",
        "description": "",
        "categories": [
          "cultural",
          "art"
        ],
        "primary_category": "cultural",
        "interest_score": 30,
        "website": "",
        "wikipedia": "",
        "wikidata": "",
        "source_url": "https://www.openstreetmap.org/node/5363380132",
        "fetched_at_utc": "2026-10-07T11:41:56+00:00",
        "query_key": "galleries_and_arts",
        "tags": {
          "artist_name": "Tim Chalk & Paul Grime",
          "artwork_type": "mural",
          "name": "Leith History Mural",
          "start_date": "1986",
          "tourism": "artwork",
          "wikimedia_commons": "File:Leith Mural detail - geograph.org.uk - 2643563.jpg",
          "wikimedia_commons:0": "File:Leith Mural detail - geograph.org.uk - 2643564.jpg",
          "wikimedia_commons:1": "File:Leith Mural detail - geograph.org.uk - 2643565.jpg",
          "wikimedia_commons:2": "File:Leith Mural section - geograph.org.uk - 2643567.jpg"
        }
      }
    },
    {
      "type": "Feature",
      "geometry": {
        "type": "Point",
        "coordinates": [
          -3.1823076,
          55.9599489
        ]
      },
      "properties": {
        "id": "osm:node:9207823423",
        "source": "osm",
        "title": "Leith Soothes",
        "address": "",
        "description": "",
        "categories": [
          "cultural",
          "art"
        ],
        "primary_category": "cultural",
        "interest_score": 30,
        "website": "",
        "wikipedia": "",
        "wikidata": "",
        "source_url": "https://www.openstreetmap.org/node/9207823423",
        "fetched_at_utc": "2026-10-07T11:41:56+00:00",
        "query_key": "galleries_and_arts",
        "tags": {
          "artist_name": "Breeze Thirteen",
          "artwork_type": "mural",
          "name": "Leith Soothes",
          "tourism": "artwork"
        }
      }
    },
    {
      "type": "Feature",
      "geometry": {
        "type": "Point",
        "coordinates": [
          -3.2233283857142854,
          55.95190078571428
        ]
      },
      "properties": {
        "id": "osm:way:1362573499",
        "source": "osm",
        "title": "Macduff Circle",
        "address": "",
        "description": "",
        "categories": [
          "cultural",
          "art"
        ],
        "primary_category": "cultural",
        "interest_score": 30,
        "website": "",
        "wikipedia": "",
        "wikidata": "",
        "source_url": "https://www.openstreetmap.org/way/1362573499",
        "fetched_at_utc": "2026-10-07T11:41:56+00:00",
        "query_key": "galleries_and_arts",
        "tags": {
          "artist:wikidata": "Q368645",
          "artist_name": "Richard Long",
          "artwork_type": "sculpture",
          "name": "Macduff Circle",
          "panoramax": "e93d3984-98a8-4568-af23-76082dd9dc0a",
          "start_date": "2002",
          "tourism": "artwork"
        }
      }
    },
    {
      "type": "Feature",
      "geometry": {
        "type": "Point",
        "coordinates": [
          -3.2042071,
          55.9594125
        ]
      },
      "properties": {
        "id": "osm:node:922566765",
        "source": "osm",
        "title": "Man Horse Eagle",
        "address": "",
        "description": "",
        "categories": [
          "cultural",
          "art"
        ],
        "primary_category": "cultural",
        "interest_score": 30,
        "website": "",
        "wikipedia": "",
        "wikidata": "",
        "source_url": "https://www.openstreetmap.org/node/922566765",
        "fetched_at_utc": "2026-10-07T11:41:56+00:00",
        "query_key": "galleries_and_arts",
        "tags": {
          "artist_name": "Eoghan Bridge",
          "artwork_type": "statue",
          "name": "Man Horse Eagle",
          "tourism": "artwork"
        }
      }
    },
    {
      "type": "Feature",
      "geometry": {
        "type": "Point",
        "coordinates": [
          -3.1909755,
          55.9426517
        ]
      },
      "properties": {
        "id": "osm:node:6410405812",
        "source": "osm",
        "title": "Meadows Mural",
        "address": "",
        "description": "",
        "categories": [
          "cultural",
          "art"
        ],
        "primary_category": "cultural",
        "interest_score": 30,
        "website": "",
        "wikipedia": "",
        "wikidata": "",
        "source_url": "https://www.openstreetmap.org/node/6410405812",
        "fetched_at_utc": "2026-10-07T11:41:56+00:00",
        "query_key": "galleries_and_arts",
        "tags": {
          "artwork_type": "mural",
          "name": "Meadows Mural",
          "tourism": "artwork"
        }
      }
    },
    {
      "type": "Feature",
      "geometry": {
        "type": "Point",
        "coordinates": [
          -3.2276656,
          55.950821477215186
        ]
      },
      "properties": {
        "id": "osm:way:22938984",
        "source": "osm",
        "title": "Modern One",
        "address": "75 Belford Road, Edinburgh, EH4 3DR",
        "description": "",
        "categories": [
          "cultural",
          "art"
        ],
        "primary_category": "cultural",
        "interest_score": 30,
        "website": "",
        "wikipedia": "",
        "wikidata": "",
        "source_url": "https://www.openstreetmap.org/way/22938984",
        "fetched_at_utc": "2026-10-07T11:41:56+00:00",
        "query_key": "galleries_and_arts",
        "tags": {
          "addr:city": "Edinburgh",
          "addr:housenumber": "75",
          "addr:postcode": "EH4 3DR",
          "addr:street": "Belford Road",
          "alt_name:es": "Galería_Nacional_de_Arte_Moderno",
          "building": "museum",
          "fee": "no",
          "name": "Modern One",
          "name:gd": "Gailearaidh Nàiseanta Nuadh-ealain na h-Alba",
          "opening_hours": "Mo-Su 10:00-17:00",
          "source": "NLS_OS_Edinburgh_map_1940s;Bing;survey",
          "tourism": "gallery",
          "wheelchair": "yes"
        }
      }
    },
    {
      "type": "Feature",
      "geometry": {
        "type": "Point",
        "coordinates": [
          -3.1875345,
          55.9493618
        ]
      },
      "properties": {
        "id": "osm:node:14049449092",
        "source": "osm",
        "title": "Monkey Barrel MB3 MB4",
        "address": "",
        "description": "",
        "categories": [
          "cultural",
          "art"
        ],
        "primary_category": "cultural",
        "interest_score": 30,
        "website": "",
        "wikipedia": "",
        "wikidata": "",
        "source_url": "https://www.openstreetmap.org/node/14049449092",
        "fetched_at_utc": "2026-10-07T11:41:56+00:00",
        "query_key": "performance_and_literary",
        "tags": {
          "amenity": "theatre",
          "check_date": "2026-07-25",
          "level": "-1",
          "name": "Monkey Barrel MB3 MB4",
          "wheelchair": "no"
        }
      }
    },
    {
      "type": "Feature",
      "geometry": {
        "type": "Point",
        "coordinates": [
          -3.1763544,
          55.9594017
        ]
      },
      "properties": {
        "id": "osm:node:10678739814",
        "source": "osm",
        "title": "Montgomery Street Park",
        "address": "",
        "description": "Montgomery Street Park",
        "categories": [
          "cultural",
          "art"
        ],
        "primary_category": "cultural",
        "interest_score": 30,
        "website": "",
        "wikipedia": "",
        "wikidata": "",
        "source_url": "https://www.openstreetmap.org/node/10678739814",
        "fetched_at_utc": "2026-10-07T11:41:56+00:00",
        "query_key": "galleries_and_arts",
        "tags": {
          "artist_name": "Colony of Artists",
          "artwork_type": "mural",
          "inscription": "Montgomery Street Park",
          "start_date": "2022",
          "tourism": "artwork"
        }
      }
    },
    {
      "type": "Feature",
      "geometry": {
        "type": "Point",
        "coordinates": [
          -3.1732233,
          55.9591233
        ]
      },
      "properties": {
        "id": "osm:node:10678739815",
        "source": "osm",
        "title": "Montgomery Street Park",
        "address": "",
        "description": "Montgomery Street Park",
        "categories": [
          "cultural",
          "art"
        ],
        "primary_category": "cultural",
        "interest_score": 30,
        "website": "",
        "wikipedia": "",
        "wikidata": "",
        "source_url": "https://www.openstreetmap.org/node/10678739815",
        "fetched_at_utc": "2026-10-07T11:41:56+00:00",
        "query_key": "galleries_and_arts",
        "tags": {
          "artist_name": "Colony of Artists",
          "artwork_type": "mural",
          "inscription": "Montgomery Street Park",
          "start_date": "2022",
          "tourism": "artwork"
        }
      }
    },
    {
      "type": "Feature",
      "geometry": {
        "type": "Point",
        "coordinates": [
          -3.1872587,
          55.947417
        ]
      },
      "properties": {
        "id": "osm:node:12858028462",
        "source": "osm",
        "title": "Old College Quad",
        "address": "",
        "description": "",
        "categories": [
          "cultural",
          "art"
        ],
        "primary_category": "cultural",
        "interest_score": 30,
        "website": "",
        "wikipedia": "",
        "wikidata": "",
        "source_url": "https://www.openstreetmap.org/node/12858028462",
        "fetched_at_utc": "2026-10-07T11:41:56+00:00",
        "query_key": "performance_and_literary",
        "tags": {
          "amenity": "theatre",
          "name": "Old College Quad"
        }
      }
    },
    {
      "type": "Feature",
      "geometry": {
        "type": "Point",
        "coordinates": [
          -3.1934047,
          55.95417
        ]
      },
      "properties": {
        "id": "osm:node:12837272801",
        "source": "osm",
        "title": "Ours Paddington",
        "address": "",
        "description": "",
        "categories": [
          "cultural",
          "art"
        ],
        "primary_category": "cultural",
        "interest_score": 30,
        "website": "",
        "wikipedia": "",
        "wikidata": "",
        "source_url": "https://www.openstreetmap.org/node/12837272801",
        "fetched_at_utc": "2026-10-07T11:41:56+00:00",
        "query_key": "galleries_and_arts",
        "tags": {
          "artwork_type": "sculpture",
          "name": "Ours Paddington",
          "tourism": "artwork"
        }
      }
    },
    {
      "type": "Feature",
      "geometry": {
        "type": "Point",
        "coordinates": [
          -3.170494,
          55.9782739
        ]
      },
      "properties": {
        "id": "osm:node:8911898573",
        "source": "osm",
        "title": "Owheo",
        "address": "",
        "description": "",
        "categories": [
          "cultural",
          "art"
        ],
        "primary_category": "cultural",
        "interest_score": 30,
        "website": "",
        "wikipedia": "",
        "wikidata": "",
        "source_url": "https://www.openstreetmap.org/node/8911898573",
        "fetched_at_utc": "2026-10-07T11:41:56+00:00",
        "query_key": "galleries_and_arts",
        "tags": {
          "artist_name": "Sylvia Stewart",
          "artwork_type": "sculpture",
          "material": "stone",
          "name": "Owheo",
          "ref:canmore": "306334",
          "tourism": "artwork"
        }
      }
    },
    {
      "type": "Feature",
      "geometry": {
        "type": "Point",
        "coordinates": [
          -3.2448798,
          55.9771859
        ]
      },
      "properties": {
        "id": "osm:node:11263312747",
        "source": "osm",
        "title": "PASS Theatre",
        "address": "",
        "description": "",
        "categories": [
          "cultural",
          "art"
        ],
        "primary_category": "cultural",
        "interest_score": 30,
        "website": "",
        "wikipedia": "",
        "wikidata": "",
        "source_url": "https://www.openstreetmap.org/node/11263312747",
        "fetched_at_utc": "2026-10-07T11:41:56+00:00",
        "query_key": "performance_and_literary",
        "tags": {
          "amenity": "theatre",
          "name": "PASS Theatre"
        }
      }
    },
    {
      "type": "Feature",
      "geometry": {
        "type": "Point",
        "coordinates": [
          -3.2269199,
          55.9509119
        ]
      },
      "properties": {
        "id": "osm:node:4640452226",
        "source": "osm",
        "title": "Personnage",
        "address": "",
        "description": "",
        "categories": [
          "cultural",
          "art"
        ],
        "primary_category": "cultural",
        "interest_score": 30,
        "website": "",
        "wikipedia": "",
        "wikidata": "",
        "source_url": "https://www.openstreetmap.org/node/4640452226",
        "fetched_at_utc": "2026-10-07T11:41:56+00:00",
        "query_key": "galleries_and_arts",
        "tags": {
          "alt_name": "Personnage (Figure)",
          "artist_name": "Joan Miro",
          "artwork_type": "sculpture",
          "name": "Personnage",
          "source": "survey",
          "start_date": "1978",
          "tourism": "artwork"
        }
      }
    },
    {
      "type": "Feature",
      "geometry": {
        "type": "Point",
        "coordinates": [
          -3.1774792,
          55.9638359
        ]
      },
      "properties": {
        "id": "osm:node:10971482072",
        "source": "osm",
        "title": "Pilrig wheels",
        "address": "",
        "description": "",
        "categories": [
          "cultural",
          "art"
        ],
        "primary_category": "cultural",
        "interest_score": 30,
        "website": "",
        "wikipedia": "",
        "wikidata": "",
        "source_url": "https://www.openstreetmap.org/node/10971482072",
        "fetched_at_utc": "2026-10-07T11:41:56+00:00",
        "query_key": "galleries_and_arts",
        "tags": {
          "alt_name": "Pilrig Muddle",
          "artwork_type": "sculpture",
          "name": "Pilrig wheels",
          "tourism": "artwork"
        }
      }
    },
    {
      "type": "Feature",
      "geometry": {
        "type": "Point",
        "coordinates": [
          -3.1716251,
          55.9706499
        ]
      },
      "properties": {
        "id": "osm:node:13009960944",
        "source": "osm",
        "title": "Pinnacle",
        "address": "",
        "description": "",
        "categories": [
          "cultural",
          "art"
        ],
        "primary_category": "cultural",
        "interest_score": 30,
        "website": "",
        "wikipedia": "",
        "wikidata": "",
        "source_url": "https://www.openstreetmap.org/node/13009960944",
        "fetched_at_utc": "2026-10-07T11:41:56+00:00",
        "query_key": "galleries_and_arts",
        "tags": {
          "artwork_type": "sculpture",
          "name": "Pinnacle",
          "ref:canmore": "302336",
          "tourism": "artwork"
        }
      }
    },
    {
      "type": "Feature",
      "geometry": {
        "type": "Point",
        "coordinates": [
          -3.2369886,
          55.9452917
        ]
      },
      "properties": {
        "id": "osm:node:13011057774",
        "source": "osm",
        "title": "Quantum",
        "address": "",
        "description": "",
        "categories": [
          "cultural",
          "art"
        ],
        "primary_category": "cultural",
        "interest_score": 30,
        "website": "",
        "wikipedia": "",
        "wikidata": "",
        "source_url": "https://www.openstreetmap.org/node/13011057774",
        "fetched_at_utc": "2026-10-07T11:41:56+00:00",
        "query_key": "galleries_and_arts",
        "tags": {
          "artwork_type": "sculpture",
          "name": "Quantum",
          "ref:canmore": "301246",
          "tourism": "artwork"
        }
      }
    },
    {
      "type": "Feature",
      "geometry": {
        "type": "Point",
        "coordinates": [
          -3.2271472,
          55.9507782
        ]
      },
      "properties": {
        "id": "osm:node:7796616519",
        "source": "osm",
        "title": "Reclining Figure",
        "address": "",
        "description": "",
        "categories": [
          "cultural",
          "art"
        ],
        "primary_category": "cultural",
        "interest_score": 30,
        "website": "",
        "wikipedia": "",
        "wikidata": "",
        "source_url": "https://www.openstreetmap.org/node/7796616519",
        "fetched_at_utc": "2026-10-07T11:41:56+00:00",
        "query_key": "galleries_and_arts",
        "tags": {
          "artist:wikidata": "Q151097",
          "artist_name": "Henry Moore",
          "artwork_type": "sculpture",
          "date": "1951",
          "material": "bronze",
          "name": "Reclining Figure",
          "tourism": "artwork"
        }
      }
    },
    {
      "type": "Feature",
      "geometry": {
        "type": "Point",
        "coordinates": [
          -3.2061154,
          55.9647386
        ]
      },
      "properties": {
        "id": "osm:node:11898713557",
        "source": "osm",
        "title": "Rock Form (Porthcurno)",
        "address": "",
        "description": "",
        "categories": [
          "cultural",
          "art"
        ],
        "primary_category": "cultural",
        "interest_score": 30,
        "website": "",
        "wikipedia": "",
        "wikidata": "",
        "source_url": "https://www.openstreetmap.org/node/11898713557",
        "fetched_at_utc": "2026-10-07T11:41:56+00:00",
        "query_key": "galleries_and_arts",
        "tags": {
          "artist:wikidata": "Q234109",
          "artist_name": "Barbara Hepworth",
          "artwork_type": "sculpture",
          "material": "bronze",
          "name": "Rock Form (Porthcurno)",
          "tourism": "artwork"
        }
      }
    },
    {
      "type": "Feature",
      "geometry": {
        "type": "Point",
        "coordinates": [
          -3.1692201,
          55.9780398
        ]
      },
      "properties": {
        "id": "osm:node:2254692186",
        "source": "osm",
        "title": "Sandy Irvine Robertson OBE",
        "address": "",
        "description": "",
        "categories": [
          "cultural",
          "art"
        ],
        "primary_category": "cultural",
        "interest_score": 30,
        "website": "",
        "wikipedia": "",
        "wikidata": "",
        "source_url": "https://www.openstreetmap.org/node/2254692186",
        "fetched_at_utc": "2026-10-07T11:41:56+00:00",
        "query_key": "galleries_and_arts",
        "tags": {
          "artist:wikidata": "Q98764263",
          "artist_name": "Lucy Poett",
          "artwork_type": "statue",
          "name": "Sandy Irvine Robertson OBE",
          "tourism": "artwork"
        }
      }
    },
    {
      "type": "Feature",
      "geometry": {
        "type": "Point",
        "coordinates": [
          -3.1664143,
          55.9753143
        ]
      },
      "properties": {
        "id": "osm:node:9207823424",
        "source": "osm",
        "title": "She's Got Some Bottle",
        "address": "",
        "description": "",
        "categories": [
          "cultural",
          "art"
        ],
        "primary_category": "cultural",
        "interest_score": 30,
        "website": "",
        "wikipedia": "",
        "wikidata": "",
        "source_url": "https://www.openstreetmap.org/node/9207823424",
        "fetched_at_utc": "2026-10-07T11:41:56+00:00",
        "query_key": "galleries_and_arts",
        "tags": {
          "artist_name": "Mia McGregor",
          "artwork_type": "mural",
          "name": "She's Got Some Bottle",
          "tourism": "artwork"
        }
      }
    },
    {
      "type": "Feature",
      "geometry": {
        "type": "Point",
        "coordinates": [
          -3.1740634,
          55.9749881
        ]
      },
      "properties": {
        "id": "osm:node:8911832315",
        "source": "osm",
        "title": "Sheriff Bank Anchor",
        "address": "",
        "description": "",
        "categories": [
          "cultural",
          "art"
        ],
        "primary_category": "cultural",
        "interest_score": 30,
        "website": "",
        "wikipedia": "",
        "wikidata": "",
        "source_url": "https://www.openstreetmap.org/node/8911832315",
        "fetched_at_utc": "2026-10-07T11:41:56+00:00",
        "query_key": "galleries_and_arts",
        "tags": {
          "artwork_type": "sculpture",
          "material": "metal",
          "name": "Sheriff Bank Anchor",
          "tourism": "artwork"
        }
      }
    },
    {
      "type": "Feature",
      "geometry": {
        "type": "Point",
        "coordinates": [
          -3.1716968,
          55.9750624
        ]
      },
      "properties": {
        "id": "osm:node:8954318631",
        "source": "osm",
        "title": "Shore Anchor",
        "address": "",
        "description": "",
        "categories": [
          "cultural",
          "art"
        ],
        "primary_category": "cultural",
        "interest_score": 30,
        "website": "",
        "wikipedia": "",
        "wikidata": "",
        "source_url": "https://www.openstreetmap.org/node/8954318631",
        "fetched_at_utc": "2026-10-07T11:41:56+00:00",
        "query_key": "galleries_and_arts",
        "tags": {
          "artwork_type": "sculpture",
          "material": "metal",
          "name": "Shore Anchor",
          "tourism": "artwork",
          "wikimedia_commons": "File:Shore and Water of Leith - geograph.org.uk - 3084870.jpg"
        }
      }
    },
    {
      "type": "Feature",
      "geometry": {
        "type": "Point",
        "coordinates": [
          -3.2477545,
          55.9352918
        ]
      },
      "properties": {
        "id": "osm:node:9500271235",
        "source": "osm",
        "title": "Simba Tree",
        "address": "",
        "description": "",
        "categories": [
          "cultural",
          "art"
        ],
        "primary_category": "cultural",
        "interest_score": 30,
        "website": "",
        "wikipedia": "",
        "wikidata": "",
        "source_url": "https://www.openstreetmap.org/node/9500271235",
        "fetched_at_utc": "2026-10-07T11:41:56+00:00",
        "query_key": "galleries_and_arts",
        "tags": {
          "artwork_type": "sculpture",
          "name": "Simba Tree",
          "source": "survey",
          "tourism": "artwork"
        }
      }
    },
    {
      "type": "Feature",
      "geometry": {
        "type": "Point",
        "coordinates": [
          -3.224647,
          55.9520276
        ]
      },
      "properties": {
        "id": "osm:node:12535219513",
        "source": "osm",
        "title": "Six Definitions: Grove",
        "address": "",
        "description": "",
        "categories": [
          "cultural",
          "art"
        ],
        "primary_category": "cultural",
        "interest_score": 30,
        "website": "",
        "wikipedia": "",
        "wikidata": "",
        "source_url": "https://www.openstreetmap.org/node/12535219513",
        "fetched_at_utc": "2026-10-07T11:41:56+00:00",
        "query_key": "galleries_and_arts",
        "tags": {
          "artwork_type": "poem",
          "name": "Six Definitions: Grove",
          "panoramax": "9c55ebe8-99e1-4714-a750-9d651a34afb6",
          "tourism": "artwork"
        }
      }
    },
    {
      "type": "Feature",
      "geometry": {
        "type": "Point",
        "coordinates": [
          -3.2242729,
          55.9521291
        ]
      },
      "properties": {
        "id": "osm:node:12535219516",
        "source": "osm",
        "title": "Six Definitions: Horizon",
        "address": "",
        "description": "",
        "categories": [
          "cultural",
          "art"
        ],
        "primary_category": "cultural",
        "interest_score": 30,
        "website": "",
        "wikipedia": "",
        "wikidata": "",
        "source_url": "https://www.openstreetmap.org/node/12535219516",
        "fetched_at_utc": "2026-10-07T11:41:56+00:00",
        "query_key": "galleries_and_arts",
        "tags": {
          "name": "Six Definitions: Horizon",
          "panoramax": "bb4ad6c4-b7d6-41bf-a5b8-c6c091285da3",
          "tourism": "artwork"
        }
      }
    },
    {
      "type": "Feature",
      "geometry": {
        "type": "Point",
        "coordinates": [
          -3.2244111,
          55.9520916
        ]
      },
      "properties": {
        "id": "osm:node:12535219515",
        "source": "osm",
        "title": "Six Definitions: Peace",
        "address": "",
        "description": "",
        "categories": [
          "cultural",
          "art"
        ],
        "primary_category": "cultural",
        "interest_score": 30,
        "website": "",
        "wikipedia": "",
        "wikidata": "",
        "source_url": "https://www.openstreetmap.org/node/12535219515",
        "fetched_at_utc": "2026-10-07T11:41:56+00:00",
        "query_key": "galleries_and_arts",
        "tags": {
          "artist:wikidata": "Q567547",
          "artwork_type": "poem",
          "name": "Six Definitions: Peace",
          "panoramax": "efd2d5c7-e699-4c39-80ea-8a82ccd92ef8",
          "tourism": "artwork"
        }
      }
    },
    {
      "type": "Feature",
      "geometry": {
        "type": "Point",
        "coordinates": [
          -3.2245166,
          55.9520632
        ]
      },
      "properties": {
        "id": "osm:node:12535219514",
        "source": "osm",
        "title": "Six Definitions: Shadow",
        "address": "",
        "description": "",
        "categories": [
          "cultural",
          "art"
        ],
        "primary_category": "cultural",
        "interest_score": 30,
        "website": "",
        "wikipedia": "",
        "wikidata": "",
        "source_url": "https://www.openstreetmap.org/node/12535219514",
        "fetched_at_utc": "2026-10-07T11:41:56+00:00",
        "query_key": "galleries_and_arts",
        "tags": {
          "artist:wikidata": "Q567547",
          "artwork_type": "poem",
          "name": "Six Definitions: Shadow",
          "tourism": "artwork"
        }
      }
    },
    {
      "type": "Feature",
      "geometry": {
        "type": "Point",
        "coordinates": [
          -3.2241592,
          55.9521599
        ]
      },
      "properties": {
        "id": "osm:node:12535219517",
        "source": "osm",
        "title": "Six Definitions: Sheep",
        "address": "",
        "description": "",
        "categories": [
          "cultural",
          "art"
        ],
        "primary_category": "cultural",
        "interest_score": 30,
        "website": "",
        "wikipedia": "",
        "wikidata": "",
        "source_url": "https://www.openstreetmap.org/node/12535219517",
        "fetched_at_utc": "2026-10-07T11:41:56+00:00",
        "query_key": "galleries_and_arts",
        "tags": {
          "artwork_type": "poem",
          "name": "Six Definitions: Sheep",
          "panoramax": "3190fdf9-1517-4c1b-aca0-f879b6442924",
          "tourism": "artwork"
        }
      }
    },
    {
      "type": "Feature",
      "geometry": {
        "type": "Point",
        "coordinates": [
          -3.2244155,
          55.9520968
        ]
      },
      "properties": {
        "id": "osm:node:12535219512",
        "source": "osm",
        "title": "Six Definitions: Temple",
        "address": "",
        "description": "",
        "categories": [
          "cultural",
          "art"
        ],
        "primary_category": "cultural",
        "interest_score": 30,
        "website": "",
        "wikipedia": "",
        "wikidata": "",
        "source_url": "https://www.openstreetmap.org/node/12535219512",
        "fetched_at_utc": "2026-10-07T11:41:56+00:00",
        "query_key": "galleries_and_arts",
        "tags": {
          "artist:wikidata": "Q567547",
          "artwork_type": "poem",
          "name": "Six Definitions: Temple",
          "panoramax": "82b161e4-8121-4f8f-b54a-a2746c4db461",
          "tourism": "artwork"
        }
      }
    },
    {
      "type": "Feature",
      "geometry": {
        "type": "Point",
        "coordinates": [
          -3.2113796,
          55.9628851
        ]
      },
      "properties": {
        "id": "osm:node:13784897499",
        "source": "osm",
        "title": "Slate, Hole, Wall",
        "address": "",
        "description": "",
        "categories": [
          "cultural",
          "art"
        ],
        "primary_category": "cultural",
        "interest_score": 30,
        "website": "",
        "wikipedia": "",
        "wikidata": "",
        "source_url": "https://www.openstreetmap.org/node/13784897499",
        "fetched_at_utc": "2026-10-07T11:41:56+00:00",
        "query_key": "galleries_and_arts",
        "tags": {
          "artist:wikidata": "Q357126",
          "artist_name": "Andy Goldsworthy",
          "artwork_type": "sculpture",
          "material": "dry_stone",
          "name": "Slate, Hole, Wall",
          "panoramax": "2b31faad-049a-43e3-b83a-05294e049c3c",
          "start_date": "1990",
          "tourism": "artwork"
        }
      }
    },
    {
      "type": "Feature",
      "geometry": {
        "type": "Point",
        "coordinates": [
          -3.169743,
          55.9717065
        ]
      },
      "properties": {
        "id": "osm:node:529915671",
        "source": "osm",
        "title": "South Leith Parish Church \nBuilding began here in 1483. \nThis congregation becam",
        "address": "",
        "description": "South Leith Parish Church \nBuilding began here in 1483. \nThis congregation became known as the \nchurch in the midst of the people of Leith.",
        "categories": [
          "cultural",
          "art"
        ],
        "primary_category": "cultural",
        "interest_score": 30,
        "website": "",
        "wikipedia": "",
        "wikidata": "",
        "source_url": "https://www.openstreetmap.org/node/529915671",
        "fetched_at_utc": "2026-10-07T11:41:56+00:00",
        "query_key": "galleries_and_arts",
        "tags": {
          "artwork_type": "painting",
          "inscription": "South Leith Parish Church \nBuilding began here in 1483. \nThis congregation became known as the \nchurch in the midst of the people of Leith.",
          "tourism": "artwork"
        }
      }
    },
    {
      "type": "Feature",
      "geometry": {
        "type": "Point",
        "coordinates": [
          -3.1745266449999994,
          55.95491568
        ]
      },
      "properties": {
        "id": "osm:way:89412005",
        "source": "osm",
        "title": "Stones of Scotland",
        "address": "",
        "description": "",
        "categories": [
          "cultural",
          "art"
        ],
        "primary_category": "cultural",
        "interest_score": 30,
        "website": "",
        "wikipedia": "",
        "wikidata": "",
        "source_url": "https://www.openstreetmap.org/way/89412005",
        "fetched_at_utc": "2026-10-07T11:41:56+00:00",
        "query_key": "galleries_and_arts",
        "tags": {
          "artist_name": "George Wyllie",
          "artwork_type": "stone",
          "material": "stone",
          "monument": "yes",
          "name": "Stones of Scotland",
          "ref:canmore": "302220",
          "source": "Bing;survey",
          "surface": "stone",
          "tourism": "artwork"
        }
      }
    },
    {
      "type": "Feature",
      "geometry": {
        "type": "Point",
        "coordinates": [
          -3.181994410526316,
          55.94014141052632
        ]
      },
      "properties": {
        "id": "osm:way:79689765",
        "source": "osm",
        "title": "Summerhall",
        "address": "",
        "description": "",
        "categories": [
          "cultural",
          "art"
        ],
        "primary_category": "cultural",
        "interest_score": 30,
        "website": "",
        "wikipedia": "",
        "wikidata": "",
        "source_url": "https://www.openstreetmap.org/way/79689765",
        "fetched_at_utc": "2026-10-07T11:41:56+00:00",
        "query_key": "galleries_and_arts",
        "tags": {
          "amenity": "arts_centre",
          "check_date": "2026-10-05",
          "contact:facebook": "https://www.facebook.com/summerhalledinburgh/",
          "contact:instagram": "https://www.instagram.com/summerhallery",
          "email": "info@summerhall.co.uk",
          "name": "Summerhall",
          "wheelchair": "limited"
        }
      }
    },
    {
      "type": "Feature",
      "geometry": {
        "type": "Point",
        "coordinates": [
          -3.2490001111111115,
          55.93453633333334
        ]
      },
      "properties": {
        "id": "osm:way:1008731433",
        "source": "osm",
        "title": "Sundial",
        "address": "",
        "description": "",
        "categories": [
          "cultural",
          "art"
        ],
        "primary_category": "cultural",
        "interest_score": 30,
        "website": "",
        "wikipedia": "",
        "wikidata": "",
        "source_url": "https://www.openstreetmap.org/way/1008731433",
        "fetched_at_utc": "2026-10-07T11:41:56+00:00",
        "query_key": "galleries_and_arts",
        "tags": {
          "artwork_type": "sculpture",
          "name": "Sundial",
          "tourism": "artwork",
          "wikimedia_commons": "File:Sundial, Saughton Park - geograph.org.uk - 8273662.jpg",
          "wikimedia_commons:0": "File:Saughton Rose Garden sundial - geograph.org.uk - 3885374.jpg",
          "wikimedia_commons:1": "File:Sundial in Saughton Park - geograph.org.uk - 6213077.jpg",
          "wikimedia_commons:2": "File:Sundial at Saughton Park - geograph.org.uk - 6186048.jpg"
        }
      }
    },
    {
      "type": "Feature",
      "geometry": {
        "type": "Point",
        "coordinates": [
          -3.1771629,
          55.971722
        ]
      },
      "properties": {
        "id": "osm:node:5747193434",
        "source": "osm",
        "title": "Swan Weathervane",
        "address": "",
        "description": "",
        "categories": [
          "cultural",
          "art"
        ],
        "primary_category": "cultural",
        "interest_score": 30,
        "website": "",
        "wikipedia": "",
        "wikidata": "",
        "source_url": "https://www.openstreetmap.org/node/5747193434",
        "fetched_at_utc": "2026-10-07T11:41:56+00:00",
        "query_key": "galleries_and_arts",
        "tags": {
          "artwork_type": "sculpture",
          "name": "Swan Weathervane",
          "ref:canmore": "302187",
          "tourism": "artwork"
        }
      }
    },
    {
      "type": "Feature",
      "geometry": {
        "type": "Point",
        "coordinates": [
          -3.1761115,
          55.9722758
        ]
      },
      "properties": {
        "id": "osm:node:5747193424",
        "source": "osm",
        "title": "Swanfield",
        "address": "",
        "description": "",
        "categories": [
          "cultural",
          "art"
        ],
        "primary_category": "cultural",
        "interest_score": 30,
        "website": "",
        "wikipedia": "",
        "wikidata": "",
        "source_url": "https://www.openstreetmap.org/node/5747193424",
        "fetched_at_utc": "2026-10-07T11:41:56+00:00",
        "query_key": "galleries_and_arts",
        "tags": {
          "artwork_type": "sculpture",
          "name": "Swanfield",
          "tourism": "artwork"
        }
      }
    },
    {
      "type": "Feature",
      "geometry": {
        "type": "Point",
        "coordinates": [
          -3.175628,
          55.9725775
        ]
      },
      "properties": {
        "id": "osm:node:5747193423",
        "source": "osm",
        "title": "Swanfield Mill Mural",
        "address": "",
        "description": "",
        "categories": [
          "cultural",
          "art"
        ],
        "primary_category": "cultural",
        "interest_score": 30,
        "website": "",
        "wikipedia": "",
        "wikidata": "",
        "source_url": "https://www.openstreetmap.org/node/5747193423",
        "fetched_at_utc": "2026-10-07T11:41:56+00:00",
        "query_key": "galleries_and_arts",
        "tags": {
          "artist_name": "David Wilkinson",
          "artwork_type": "mural",
          "name": "Swanfield Mill Mural",
          "start_date": "1984",
          "tourism": "artwork"
        }
      }
    },
    {
      "type": "Feature",
      "geometry": {
        "type": "Point",
        "coordinates": [
          -3.2031774,
          55.9612778
        ]
      },
      "properties": {
        "id": "osm:node:13028015488",
        "source": "osm",
        "title": "Swoop",
        "address": "",
        "description": "",
        "categories": [
          "cultural",
          "art"
        ],
        "primary_category": "cultural",
        "interest_score": 30,
        "website": "",
        "wikipedia": "",
        "wikidata": "",
        "source_url": "https://www.openstreetmap.org/node/13028015488",
        "fetched_at_utc": "2026-10-07T11:41:56+00:00",
        "query_key": "galleries_and_arts",
        "tags": {
          "artwork_type": "sculpture",
          "name": "Swoop",
          "ref:canmore": "302341",
          "tourism": "artwork"
        }
      }
    },
    {
      "type": "Feature",
      "geometry": {
        "type": "Point",
        "coordinates": [
          -3.2006247,
          55.9619202
        ]
      },
      "properties": {
        "id": "osm:node:12103097585",
        "source": "osm",
        "title": "The Art Club",
        "address": "",
        "description": "",
        "categories": [
          "cultural",
          "art"
        ],
        "primary_category": "cultural",
        "interest_score": 30,
        "website": "",
        "wikipedia": "",
        "wikidata": "",
        "source_url": "https://www.openstreetmap.org/node/12103097585",
        "fetched_at_utc": "2026-10-07T11:41:56+00:00",
        "query_key": "galleries_and_arts",
        "tags": {
          "amenity": "arts_centre",
          "check_date": "2026-01-17",
          "contact:website": "https://www.artclubedinburgh.com/",
          "name": "The Art Club"
        }
      }
    },
    {
      "type": "Feature",
      "geometry": {
        "type": "Point",
        "coordinates": [
          -3.2166666,
          55.9482345
        ]
      },
      "properties": {
        "id": "osm:node:10676569424",
        "source": "osm",
        "title": "The Awda Key",
        "address": "",
        "description": "",
        "categories": [
          "cultural",
          "art"
        ],
        "primary_category": "cultural",
        "interest_score": 30,
        "website": "",
        "wikipedia": "",
        "wikidata": "",
        "source_url": "https://www.openstreetmap.org/node/10676569424",
        "fetched_at_utc": "2026-10-07T11:41:56+00:00",
        "query_key": "galleries_and_arts",
        "tags": {
          "artwork_type": "sculpture",
          "name": "The Awda Key",
          "tourism": "artwork"
        }
      }
    },
    {
      "type": "Feature",
      "geometry": {
        "type": "Point",
        "coordinates": [
          -3.1886039,
          55.9438238
        ]
      },
      "properties": {
        "id": "osm:node:13052471348",
        "source": "osm",
        "title": "The Dreamer",
        "address": "",
        "description": "",
        "categories": [
          "cultural",
          "art"
        ],
        "primary_category": "cultural",
        "interest_score": 30,
        "website": "",
        "wikipedia": "",
        "wikidata": "",
        "source_url": "https://www.openstreetmap.org/node/13052471348",
        "fetched_at_utc": "2026-10-07T11:41:56+00:00",
        "query_key": "galleries_and_arts",
        "tags": {
          "artist_name": "Chris Hall",
          "artwork_type": "sculpture",
          "name": "The Dreamer",
          "note": "Dedicated to Dr. Winifred Rushforth, OBE.",
          "tourism": "artwork"
        }
      }
    },
    {
      "type": "Feature",
      "geometry": {
        "type": "Point",
        "coordinates": [
          -3.1758187,
          55.9661632
        ]
      },
      "properties": {
        "id": "osm:node:9207823421",
        "source": "osm",
        "title": "The Fairy Boy of Leith",
        "address": "",
        "description": "",
        "categories": [
          "cultural",
          "art"
        ],
        "primary_category": "cultural",
        "interest_score": 30,
        "website": "",
        "wikipedia": "",
        "wikidata": "",
        "source_url": "https://www.openstreetmap.org/node/9207823421",
        "fetched_at_utc": "2026-10-07T11:41:56+00:00",
        "query_key": "galleries_and_arts",
        "tags": {
          "artist_name": "Elph",
          "artwork_type": "mural",
          "name": "The Fairy Boy of Leith",
          "tourism": "artwork"
        }
      }
    },
    {
      "type": "Feature",
      "geometry": {
        "type": "Point",
        "coordinates": [
          -3.1702009,
          55.9714281
        ]
      },
      "properties": {
        "id": "osm:node:5735242341",
        "source": "osm",
        "title": "The ground behind this wall has been \ndesignated as sacred, it has been used for",
        "address": "",
        "description": "The ground behind this wall has been \ndesignated as sacred, it has been used for \nburials for over six centuries.",
        "categories": [
          "cultural",
          "art"
        ],
        "primary_category": "cultural",
        "interest_score": 30,
        "website": "",
        "wikipedia": "",
        "wikidata": "",
        "source_url": "https://www.openstreetmap.org/node/5735242341",
        "fetched_at_utc": "2026-10-07T11:41:56+00:00",
        "query_key": "galleries_and_arts",
        "tags": {
          "artwork_type": "painting",
          "inscription": "The ground behind this wall has been \ndesignated as sacred, it has been used for \nburials for over six centuries.",
          "tourism": "artwork"
        }
      }
    },
    {
      "type": "Feature",
      "geometry": {
        "type": "Point",
        "coordinates": [
          -3.1782548,
          55.9505885
        ]
      },
      "properties": {
        "id": "osm:node:12176639341",
        "source": "osm",
        "title": "The Holyrood",
        "address": "",
        "description": "",
        "categories": [
          "cultural",
          "art"
        ],
        "primary_category": "cultural",
        "interest_score": 30,
        "website": "",
        "wikipedia": "",
        "wikidata": "",
        "source_url": "https://www.openstreetmap.org/node/12176639341",
        "fetched_at_utc": "2026-10-07T11:41:56+00:00",
        "query_key": "galleries_and_arts",
        "tags": {
          "artist_name": "Chris Rutterford",
          "artwork_type": "mural",
          "name": "The Holyrood",
          "tourism": "artwork"
        }
      }
    },
    {
      "type": "Feature",
      "geometry": {
        "type": "Point",
        "coordinates": [
          -3.1791864,
          55.9517285
        ]
      },
      "properties": {
        "id": "osm:node:6969823440",
        "source": "osm",
        "title": "The Last Chimera",
        "address": "",
        "description": "",
        "categories": [
          "cultural",
          "art"
        ],
        "primary_category": "cultural",
        "interest_score": 30,
        "website": "",
        "wikipedia": "",
        "wikidata": "",
        "source_url": "https://www.openstreetmap.org/node/6969823440",
        "fetched_at_utc": "2026-10-07T11:41:56+00:00",
        "query_key": "galleries_and_arts",
        "tags": {
          "artist:wikidata": "Q2749670",
          "artist_name": "Josefina de Vasconcellos",
          "artwork_type": "sculpture",
          "material": "stone",
          "name": "The Last Chimera",
          "start_date": "1950",
          "tourism": "artwork"
        }
      }
    },
    {
      "type": "Feature",
      "geometry": {
        "type": "Point",
        "coordinates": [
          -3.1703513,
          55.9679841
        ]
      },
      "properties": {
        "id": "osm:node:5747193435",
        "source": "osm",
        "title": "The Leith Aquatic Mural",
        "address": "Halmyre Street",
        "description": "",
        "categories": [
          "cultural",
          "art"
        ],
        "primary_category": "cultural",
        "interest_score": 30,
        "website": "",
        "wikipedia": "",
        "wikidata": "",
        "source_url": "https://www.openstreetmap.org/node/5747193435",
        "fetched_at_utc": "2026-10-07T11:41:56+00:00",
        "query_key": "galleries_and_arts",
        "tags": {
          "addr:street": "Halmyre Street",
          "artist_name": "Blameless Collective",
          "artwork_type": "mural",
          "name": "The Leith Aquatic Mural",
          "start_date": "2013",
          "tourism": "artwork"
        }
      }
    },
    {
      "type": "Feature",
      "geometry": {
        "type": "Point",
        "coordinates": [
          -3.1677084,
          55.973676
        ]
      },
      "properties": {
        "id": "osm:node:9207823425",
        "source": "osm",
        "title": "The Leith Police Dismisseth Us",
        "address": "",
        "description": "",
        "categories": [
          "cultural",
          "art"
        ],
        "primary_category": "cultural",
        "interest_score": 30,
        "website": "",
        "wikipedia": "",
        "wikidata": "",
        "source_url": "https://www.openstreetmap.org/node/9207823425",
        "fetched_at_utc": "2026-10-07T11:41:56+00:00",
        "query_key": "galleries_and_arts",
        "tags": {
          "artist_name": "Ooft",
          "artwork_type": "mural",
          "name": "The Leith Police Dismisseth Us",
          "tourism": "artwork"
        }
      }
    },
    {
      "type": "Feature",
      "geometry": {
        "type": "Point",
        "coordinates": [
          -3.1873466,
          55.9562566
        ]
      },
      "properties": {
        "id": "osm:node:1601598232",
        "source": "osm",
        "title": "The Manuscript of Monte Cassino",
        "address": "",
        "description": "",
        "categories": [
          "art",
          "cultural"
        ],
        "primary_category": "cultural",
        "interest_score": 30,
        "website": "",
        "wikipedia": "",
        "wikidata": "",
        "source_url": "https://www.openstreetmap.org/node/1601598232",
        "fetched_at_utc": "2026-10-07T11:41:56+00:00",
        "query_key": "galleries_and_arts",
        "tags": {
          "alt_name": "Giant foot",
          "artist_name": "Eduardo Paolozzi",
          "artwork_type": "sculpture",
          "name": "The Manuscript of Monte Cassino",
          "note": "Statues returned to close to original location outside St Mary's Cathedral following Picardy Place redevelopment",
          "ref:canmore": "302216",
          "source": "Bing;survey",
          "tourism": "artwork"
        }
      }
    },
    {
      "type": "Feature",
      "geometry": {
        "type": "Point",
        "coordinates": [
          -3.2093667,
          55.9657131
        ]
      },
      "properties": {
        "id": "osm:node:6784156165",
        "source": "osm",
        "title": "The Permanence of Fragility",
        "address": "",
        "description": "",
        "categories": [
          "cultural",
          "art"
        ],
        "primary_category": "cultural",
        "interest_score": 30,
        "website": "",
        "wikipedia": "",
        "wikidata": "",
        "source_url": "https://www.openstreetmap.org/node/6784156165",
        "fetched_at_utc": "2026-10-07T11:41:56+00:00",
        "query_key": "galleries_and_arts",
        "tags": {
          "artist": "Heather Lander",
          "name": "The Permanence of Fragility",
          "note": "temporary event",
          "tourism": "artwork"
        }
      }
    },
    {
      "type": "Feature",
      "geometry": {
        "type": "Point",
        "coordinates": [
          -3.2232888,
          55.9514637
        ]
      },
      "properties": {
        "id": "osm:node:4640452225",
        "source": "osm",
        "title": "There will be no Miracles Here",
        "address": "",
        "description": "",
        "categories": [
          "cultural",
          "art"
        ],
        "primary_category": "cultural",
        "interest_score": 30,
        "website": "",
        "wikipedia": "",
        "wikidata": "",
        "source_url": "https://www.openstreetmap.org/node/4640452225",
        "fetched_at_utc": "2026-10-07T11:41:56+00:00",
        "query_key": "galleries_and_arts",
        "tags": {
          "artist:wikidata": "Q6968978",
          "artist_name": "Nathan Coley",
          "artwork_type": "installation",
          "name": "There will be no Miracles Here",
          "source": "survey",
          "start_date": "2009",
          "tourism": "artwork",
          "wikimedia_commons": "File:Edinburgh (8990480439).jpg",
          "wikimedia_commons:0": "File:Truth (4809503091).jpg"
        }
      }
    },
    {
      "type": "Feature",
      "geometry": {
        "type": "Point",
        "coordinates": [
          -3.1768833,
          55.9717859
        ]
      },
      "properties": {
        "id": "osm:node:5747193433",
        "source": "osm",
        "title": "Three Swans",
        "address": "",
        "description": "",
        "categories": [
          "cultural",
          "art"
        ],
        "primary_category": "cultural",
        "interest_score": 30,
        "website": "",
        "wikipedia": "",
        "wikidata": "",
        "source_url": "https://www.openstreetmap.org/node/5747193433",
        "fetched_at_utc": "2026-10-07T11:41:56+00:00",
        "query_key": "galleries_and_arts",
        "tags": {
          "artwork_type": "sculpture",
          "name": "Three Swans",
          "ref:canmore": "302187",
          "tourism": "artwork"
        }
      }
    },
    {
      "type": "Feature",
      "geometry": {
        "type": "Point",
        "coordinates": [
          -3.1762638,
          55.965761
        ]
      },
      "properties": {
        "id": "osm:node:9207823422",
        "source": "osm",
        "title": "Twelve O'Clock Coachman",
        "address": "",
        "description": "",
        "categories": [
          "cultural",
          "art"
        ],
        "primary_category": "cultural",
        "interest_score": 30,
        "website": "",
        "wikipedia": "",
        "wikidata": "",
        "source_url": "https://www.openstreetmap.org/node/9207823422",
        "fetched_at_utc": "2026-10-07T11:41:56+00:00",
        "query_key": "galleries_and_arts",
        "tags": {
          "artist_name": "Vincente Aguado",
          "artwork_type": "mural",
          "name": "Twelve O'Clock Coachman",
          "tourism": "artwork"
        }
      }
    },
    {
      "type": "Feature",
      "geometry": {
        "type": "Point",
        "coordinates": [
          -3.2233517,
          55.9511602
        ]
      },
      "properties": {
        "id": "osm:node:12535172915",
        "source": "osm",
        "title": "Two Lines Up Excentric Variation VI",
        "address": "",
        "description": "",
        "categories": [
          "cultural",
          "art"
        ],
        "primary_category": "cultural",
        "interest_score": 30,
        "website": "",
        "wikipedia": "",
        "wikidata": "",
        "source_url": "https://www.openstreetmap.org/node/12535172915",
        "fetched_at_utc": "2026-10-07T11:41:56+00:00",
        "query_key": "galleries_and_arts",
        "tags": {
          "artist:wikidata": "Q632656",
          "artist_name": "George Rickey",
          "artwork_type": "sculpture",
          "name": "Two Lines Up Excentric Variation VI",
          "source": "survey",
          "start_date": "1977",
          "tourism": "artwork"
        }
      }
    },
    {
      "type": "Feature",
      "geometry": {
        "type": "Point",
        "coordinates": [
          -3.2244078,
          55.9512162
        ]
      },
      "properties": {
        "id": "osm:node:12535172914",
        "source": "osm",
        "title": "Two Two-Way Mirrored Parallelograms Joined with One Side Balanced Spiral Welded Mesh",
        "address": "",
        "description": "",
        "categories": [
          "cultural",
          "art"
        ],
        "primary_category": "cultural",
        "interest_score": 30,
        "website": "",
        "wikipedia": "",
        "wikidata": "",
        "source_url": "https://www.openstreetmap.org/node/12535172914",
        "fetched_at_utc": "2026-10-07T11:41:56+00:00",
        "query_key": "galleries_and_arts",
        "tags": {
          "artist:wikidata": "Q698436",
          "artist_name": "Dan Graham",
          "artwork_type": "sculpture",
          "name": "Two Two-Way Mirrored Parallelograms Joined with One Side Balanced Spiral Welded Mesh",
          "panoramax": "9d31f3ba-5c6c-4d01-b7df-34ad23405c63",
          "source": "survey",
          "start_date": "1996",
          "tourism": "artwork"
        }
      }
    },
    {
      "type": "Feature",
      "geometry": {
        "type": "Point",
        "coordinates": [
          -3.2262113,
          55.9505691
        ]
      },
      "properties": {
        "id": "osm:node:7796616526",
        "source": "osm",
        "title": "Untitled (Pair)",
        "address": "",
        "description": "",
        "categories": [
          "cultural",
          "art"
        ],
        "primary_category": "cultural",
        "interest_score": 30,
        "website": "",
        "wikipedia": "",
        "wikidata": "",
        "source_url": "https://www.openstreetmap.org/node/7796616526",
        "fetched_at_utc": "2026-10-07T11:41:56+00:00",
        "query_key": "galleries_and_arts",
        "tags": {
          "artist:wikidata": "Q454041",
          "artist_name": "Rachel Whiteread",
          "artwork_type": "sculpture",
          "date": "1999",
          "name": "Untitled (Pair)",
          "panoramax": "4d32c2a4-d6e5-4bd6-843f-cc87ed12b8ac",
          "tourism": "artwork"
        }
      }
    },
    {
      "type": "Feature",
      "geometry": {
        "type": "Point",
        "coordinates": [
          -3.1706829,
          55.9735348
        ]
      },
      "properties": {
        "id": "osm:node:5747193437",
        "source": "osm",
        "title": "Untitled Mural",
        "address": "",
        "description": "",
        "categories": [
          "cultural",
          "art"
        ],
        "primary_category": "cultural",
        "interest_score": 30,
        "website": "",
        "wikipedia": "",
        "wikidata": "",
        "source_url": "https://www.openstreetmap.org/node/5747193437",
        "fetched_at_utc": "2026-10-07T11:41:56+00:00",
        "query_key": "galleries_and_arts",
        "tags": {
          "artist_name": "Tim Chalk",
          "artwork_type": "mural",
          "name": "Untitled Mural",
          "start_date": "1984",
          "tourism": "artwork"
        }
      }
    },
    {
      "type": "Feature",
      "geometry": {
        "type": "Point",
        "coordinates": [
          -3.1819291,
          55.943955
        ]
      },
      "properties": {
        "id": "osm:node:12085784974",
        "source": "osm",
        "title": "White Space",
        "address": "76 East Crosscauseway",
        "description": "",
        "categories": [
          "cultural",
          "art"
        ],
        "primary_category": "cultural",
        "interest_score": 30,
        "website": "",
        "wikipedia": "",
        "wikidata": "",
        "source_url": "https://www.openstreetmap.org/node/12085784974",
        "fetched_at_utc": "2026-10-07T11:41:56+00:00",
        "query_key": "galleries_and_arts",
        "tags": {
          "addr:housenumber": "76",
          "addr:street": "East Crosscauseway",
          "check_date": "2026-07-15",
          "check_date:opening_hours": "2026-07-15",
          "contact:website": "https://whitespace76.com/",
          "fee": "no",
          "name": "White Space",
          "opening_hours:signed": "no",
          "tourism": "gallery"
        }
      }
    },
    {
      "type": "Feature",
      "geometry": {
        "type": "Point",
        "coordinates": [
          -3.2061356,
          55.9469032
        ]
      },
      "properties": {
        "id": "osm:node:4621268790",
        "source": "osm",
        "title": "Woman and Child",
        "address": "",
        "description": "",
        "categories": [
          "cultural",
          "art"
        ],
        "primary_category": "cultural",
        "interest_score": 30,
        "website": "",
        "wikipedia": "",
        "wikidata": "",
        "source_url": "https://www.openstreetmap.org/node/4621268790",
        "fetched_at_utc": "2026-10-07T11:41:56+00:00",
        "query_key": "galleries_and_arts",
        "tags": {
          "artist:wikidata": "Q4768256",
          "artist:wikipedia": "en:Anne Davidson",
          "artist_name": "Anne Davidson",
          "artwork_type": "sculpture",
          "name": "Woman and Child",
          "ref:canmore": "302146",
          "source": "Bing;survey",
          "start_date": "1986-07-22",
          "tourism": "artwork",
          "wikimedia_commons": "File:WomanAndChild.jpg"
        }
      }
    },
    {
      "type": "Feature",
      "geometry": {
        "type": "Point",
        "coordinates": [
          -3.1745443,
          55.964767
        ]
      },
      "properties": {
        "id": "osm:node:5747193438",
        "source": "osm",
        "title": "Wranger Rites",
        "address": "",
        "description": "",
        "categories": [
          "cultural",
          "art"
        ],
        "primary_category": "cultural",
        "interest_score": 30,
        "website": "",
        "wikipedia": "",
        "wikidata": "",
        "source_url": "https://www.openstreetmap.org/node/5747193438",
        "fetched_at_utc": "2026-10-07T11:41:56+00:00",
        "query_key": "galleries_and_arts",
        "tags": {
          "artist_name": "Kirsty Whiten",
          "artwork_type": "mural",
          "name": "Wranger Rites",
          "start_date": "2015",
          "tourism": "artwork"
        }
      }
    },
    {
      "type": "Feature",
      "geometry": {
        "type": "Point",
        "coordinates": [
          -3.1875474,
          55.9569679
        ]
      },
      "properties": {
        "id": "osm:node:2333922708",
        "source": "osm",
        "title": "Yaniv Edery Gallery",
        "address": "4 Picardy Place, Edinburgh, EH1 3JT",
        "description": "",
        "categories": [
          "cultural",
          "art"
        ],
        "primary_category": "cultural",
        "interest_score": 30,
        "website": "",
        "wikipedia": "",
        "wikidata": "",
        "source_url": "https://www.openstreetmap.org/node/2333922708",
        "fetched_at_utc": "2026-10-07T11:41:56+00:00",
        "query_key": "galleries_and_arts",
        "tags": {
          "addr:city": "Edinburgh",
          "addr:housenumber": "4",
          "addr:postcode": "EH1 3JT",
          "addr:street": "Picardy Place",
          "name": "Yaniv Edery Gallery",
          "old_name": "The Wine House Hotel 1821",
          "tourism": "gallery"
        }
      }
    },
    {
      "type": "Feature",
      "geometry": {
        "type": "Point",
        "coordinates": [
          -3.1921877,
          55.9523621
        ]
      },
      "properties": {
        "id": "osm:node:4616593954",
        "source": "osm",
        "title": "Edinburgh Bus Tours",
        "address": "",
        "description": "",
        "categories": [
          "landmark"
        ],
        "primary_category": "landmark",
        "interest_score": 28,
        "website": "https://edinburghtour.com/",
        "wikipedia": "",
        "wikidata": "",
        "source_url": "https://www.openstreetmap.org/node/4616593954",
        "fetched_at_utc": "2026-10-07T11:41:56+00:00",
        "query_key": "attractions_and_viewpoints",
        "tags": {
          "name": "Edinburgh Bus Tours",
          "source": "survey",
          "tourism": "attraction",
          "website": "https://edinburghtour.com/",
          "wheelchair": "limited"
        }
      }
    },
    {
      "type": "Feature",
      "geometry": {
        "type": "Point",
        "coordinates": [
          -3.1845694,
          55.9513434
        ]
      },
      "properties": {
        "id": "osm:node:12386107535",
        "source": "osm",
        "title": "Edinburgh Gin",
        "address": "29a East Market Street, Edinburgh, EH8 8FS",
        "description": "",
        "categories": [
          "landmark"
        ],
        "primary_category": "landmark",
        "interest_score": 28,
        "website": "https://www.edinburghgin.com/visit",
        "wikipedia": "",
        "wikidata": "",
        "source_url": "https://www.openstreetmap.org/node/12386107535",
        "fetched_at_utc": "2026-10-07T11:41:56+00:00",
        "query_key": "attractions_and_viewpoints",
        "tags": {
          "addr:city": "Edinburgh",
          "addr:housename": "The Edinburgh Gin Distillery",
          "addr:housenumber": "29a",
          "addr:postcode": "EH8 8FS",
          "addr:street": "East Market Street",
          "addr:substreet": "The Arches",
          "check_date": "2025-09-09",
          "craft": "distillery",
          "fhrs:id": "1940850",
          "name": "Edinburgh Gin",
          "product": "gin",
          "source:addr": "FHRS Open Data",
          "tourism": "attraction",
          "website": "https://www.edinburghgin.com/visit"
        }
      }
    },
    {
      "type": "Feature",
      "geometry": {
        "type": "Point",
        "coordinates": [
          -3.208268366666667,
          55.967022794444446
        ]
      },
      "properties": {
        "id": "osm:way:99554908",
        "source": "osm",
        "title": "Palm Houses",
        "address": "",
        "description": "",
        "categories": [
          "landmark"
        ],
        "primary_category": "landmark",
        "interest_score": 28,
        "website": "http://www.rbge.org.uk/the-gardens/edinburgh/the-glasshouses",
        "wikipedia": "",
        "wikidata": "",
        "source_url": "https://www.openstreetmap.org/way/99554908",
        "fetched_at_utc": "2026-10-07T11:41:56+00:00",
        "query_key": "attractions_and_viewpoints",
        "tags": {
          "building": "greenhouse",
          "name": "Palm Houses",
          "source": "Bing",
          "tourism": "attraction",
          "website": "http://www.rbge.org.uk/the-gardens/edinburgh/the-glasshouses",
          "wheelchair": "yes"
        }
      }
    },
    {
      "type": "Feature",
      "geometry": {
        "type": "Point",
        "coordinates": [
          -3.1853389,
          55.946619
        ]
      },
      "properties": {
        "id": "osm:node:12105022035",
        "source": "osm",
        "title": "Spirit of Scotland",
        "address": "",
        "description": "",
        "categories": [
          "landmark"
        ],
        "primary_category": "landmark",
        "interest_score": 28,
        "website": "https://spiritofscotlandshow.co.uk/",
        "wikipedia": "",
        "wikidata": "",
        "source_url": "https://www.openstreetmap.org/node/12105022035",
        "fetched_at_utc": "2026-10-07T11:41:56+00:00",
        "query_key": "attractions_and_viewpoints",
        "tags": {
          "contact:facebook": "spiritofscotlandshow",
          "contact:instagram": "spiritofscotlandshowedinburgh",
          "contact:linkedin": "spirit-of-scotland-show",
          "contact:tiktok": "spiritofscotlandshow",
          "email": "info@spiritofscotlandshow.co.uk",
          "name": "Spirit of Scotland",
          "phone": "+44 131 618 9899",
          "tourism": "attraction",
          "website": "https://spiritofscotlandshow.co.uk/"
        }
      }
    },
    {
      "type": "Feature",
      "geometry": {
        "type": "Point",
        "coordinates": [
          -3.1943024,
          55.9483792
        ]
      },
      "properties": {
        "id": "osm:node:2899252474",
        "source": "osm",
        "title": "The Cadies and Witchery Tours",
        "address": "84 West Bow, Edinburgh, EH1 2HH",
        "description": "",
        "categories": [
          "landmark"
        ],
        "primary_category": "landmark",
        "interest_score": 28,
        "website": "https://www.witcherytours.com/",
        "wikipedia": "",
        "wikidata": "",
        "source_url": "https://www.openstreetmap.org/node/2899252474",
        "fetched_at_utc": "2026-10-07T11:41:56+00:00",
        "query_key": "attractions_and_viewpoints",
        "tags": {
          "addr:city": "Edinburgh",
          "addr:housenumber": "84",
          "addr:postcode": "EH1 2HH",
          "addr:street": "West Bow",
          "check_date": "2025-02-08",
          "fee": "yes",
          "name": "The Cadies and Witchery Tours",
          "shop": "ticket",
          "source": "survey",
          "tourism": "attraction",
          "website": "https://www.witcherytours.com/"
        }
      }
    },
    {
      "type": "Feature",
      "geometry": {
        "type": "Point",
        "coordinates": [
          -3.1904456,
          55.9499608
        ]
      },
      "properties": {
        "id": "osm:node:6585283285",
        "source": "osm",
        "title": "The Real Mary King's Close",
        "address": "2 Warriston’s Close, Edinburgh, EH1 1PG",
        "description": "",
        "categories": [
          "landmark"
        ],
        "primary_category": "landmark",
        "interest_score": 28,
        "website": "https://www.realmarykingsclose.com/",
        "wikipedia": "",
        "wikidata": "",
        "source_url": "https://www.openstreetmap.org/node/6585283285",
        "fetched_at_utc": "2026-10-07T11:41:56+00:00",
        "query_key": "attractions_and_viewpoints",
        "tags": {
          "addr:city": "Edinburgh",
          "addr:housenumber": "2",
          "addr:parentstreet": "High Street",
          "addr:postcode": "EH1 1PG",
          "addr:street": "Warriston’s Close",
          "check_date": "2024-09-24",
          "fhrs:id": "769418",
          "name": "The Real Mary King's Close",
          "opening_hours": "Mo-Su 09:00-17:45",
          "shop": "gift",
          "tourism": "attraction",
          "website": "https://www.realmarykingsclose.com/",
          "wheelchair": "no"
        }
      }
    },
    {
      "type": "Feature",
      "geometry": {
        "type": "Point",
        "coordinates": [
          -3.2093392,
          55.967003
        ]
      },
      "properties": {
        "id": "osm:node:1488010883",
        "source": "osm",
        "title": "Alpine Garden",
        "address": "",
        "description": "",
        "categories": [
          "landmark"
        ],
        "primary_category": "landmark",
        "interest_score": 22,
        "website": "",
        "wikipedia": "",
        "wikidata": "",
        "source_url": "https://www.openstreetmap.org/node/1488010883",
        "fetched_at_utc": "2026-10-07T11:41:56+00:00",
        "query_key": "attractions_and_viewpoints",
        "tags": {
          "check_date": "2026-08-21",
          "check_date:opening_hours": "2026-08-21",
          "name": "Alpine Garden",
          "opening_hours": "Mo-Fr off || \"wider garden opening hours\"",
          "tourism": "attraction"
        }
      }
    },
    {
      "type": "Feature",
      "geometry": {
        "type": "Point",
        "coordinates": [
          -3.192621,
          55.9469222
        ]
      },
      "properties": {
        "id": "osm:node:11908069349",
        "source": "osm",
        "title": "Anne and Robert Potter",
        "address": "",
        "description": "",
        "categories": [
          "landmark"
        ],
        "primary_category": "landmark",
        "interest_score": 22,
        "website": "",
        "wikipedia": "",
        "wikidata": "",
        "source_url": "https://www.openstreetmap.org/node/11908069349",
        "fetched_at_utc": "2026-10-07T11:41:56+00:00",
        "query_key": "attractions_and_viewpoints",
        "tags": {
          "cemetery": "grave",
          "name": "Anne and Robert Potter",
          "tourism": "attraction"
        }
      }
    },
    {
      "type": "Feature",
      "geometry": {
        "type": "Point",
        "coordinates": [
          -3.2004215599999997,
          55.94904108000001
        ]
      },
      "properties": {
        "id": "osm:way:714452591",
        "source": "osm",
        "title": "Argyle Battery",
        "address": "",
        "description": "",
        "categories": [
          "landmark"
        ],
        "primary_category": "landmark",
        "interest_score": 22,
        "website": "",
        "wikipedia": "",
        "wikidata": "",
        "source_url": "https://www.openstreetmap.org/way/714452591",
        "fetched_at_utc": "2026-10-07T11:41:56+00:00",
        "query_key": "attractions_and_viewpoints",
        "tags": {
          "defensive_works": "battery",
          "name": "Argyle Battery",
          "tourism": "attraction",
          "wikimedia_commons": "Category:Argyle Battery, Edinburgh Castle"
        }
      }
    },
    {
      "type": "Feature",
      "geometry": {
        "type": "Point",
        "coordinates": [
          -3.2080963,
          55.9658667
        ]
      },
      "properties": {
        "id": "osm:node:5043027301",
        "source": "osm",
        "title": "Azalea Lawn",
        "address": "",
        "description": "",
        "categories": [
          "landmark"
        ],
        "primary_category": "landmark",
        "interest_score": 22,
        "website": "",
        "wikipedia": "",
        "wikidata": "",
        "source_url": "https://www.openstreetmap.org/node/5043027301",
        "fetched_at_utc": "2026-10-07T11:41:56+00:00",
        "query_key": "attractions_and_viewpoints",
        "tags": {
          "name": "Azalea Lawn",
          "tourism": "attraction"
        }
      }
    },
    {
      "type": "Feature",
      "geometry": {
        "type": "Point",
        "coordinates": [
          -3.1873777,
          55.9491292
        ]
      },
      "properties": {
        "id": "osm:node:2323807230",
        "source": "osm",
        "title": "Blair Street Underground Vaults",
        "address": "28 Blair Street, Edinburgh, EH1 1QR",
        "description": "",
        "categories": [
          "landmark"
        ],
        "primary_category": "landmark",
        "interest_score": 22,
        "website": "",
        "wikipedia": "",
        "wikidata": "",
        "source_url": "https://www.openstreetmap.org/node/2323807230",
        "fetched_at_utc": "2026-10-07T11:41:56+00:00",
        "query_key": "attractions_and_viewpoints",
        "tags": {
          "addr:city": "Edinburgh",
          "addr:housenumber": "28",
          "addr:postcode": "EH1 1QR",
          "addr:street": "Blair Street",
          "name": "Blair Street Underground Vaults",
          "operator": "Mercat Tours",
          "source": "survey",
          "tourism": "attraction"
        }
      }
    },
    {
      "type": "Feature",
      "geometry": {
        "type": "Point",
        "coordinates": [
          -3.2093229,
          55.9642033
        ]
      },
      "properties": {
        "id": "osm:node:1128621787",
        "source": "osm",
        "title": "Chinese Hillside 中国坡",
        "address": "",
        "description": "",
        "categories": [
          "landmark"
        ],
        "primary_category": "landmark",
        "interest_score": 22,
        "website": "",
        "wikipedia": "",
        "wikidata": "",
        "source_url": "https://www.openstreetmap.org/node/1128621787",
        "fetched_at_utc": "2026-10-07T11:41:56+00:00",
        "query_key": "attractions_and_viewpoints",
        "tags": {
          "name": "Chinese Hillside 中国坡",
          "name:en": "Chinese Hillside",
          "name:zh": "中国坡",
          "tourism": "attraction"
        }
      }
    },
    {
      "type": "Feature",
      "geometry": {
        "type": "Point",
        "coordinates": [
          -3.2049054804878048,
          55.95794334146343
        ]
      },
      "properties": {
        "id": "osm:way:7841743",
        "source": "osm",
        "title": "Circus Lane",
        "address": "",
        "description": "",
        "categories": [
          "landmark"
        ],
        "primary_category": "landmark",
        "interest_score": 22,
        "website": "",
        "wikipedia": "",
        "wikidata": "",
        "source_url": "https://www.openstreetmap.org/way/7841743",
        "fetched_at_utc": "2026-10-07T11:41:56+00:00",
        "query_key": "attractions_and_viewpoints",
        "tags": {
          "highway": "residential",
          "lit": "yes",
          "maxspeed": "20 mph",
          "name": "Circus Lane",
          "oneway": "yes",
          "oneway:bicycle": "no",
          "service": "alley",
          "source": "Bing;survey",
          "surface": "sett",
          "tourism": "attraction"
        }
      }
    },
    {
      "type": "Feature",
      "geometry": {
        "type": "Point",
        "coordinates": [
          -3.2130886,
          55.9661714
        ]
      },
      "properties": {
        "id": "osm:node:1137225767",
        "source": "osm",
        "title": "Cryptogamic Garden",
        "address": "",
        "description": "",
        "categories": [
          "landmark"
        ],
        "primary_category": "landmark",
        "interest_score": 22,
        "website": "",
        "wikipedia": "",
        "wikidata": "",
        "source_url": "https://www.openstreetmap.org/node/1137225767",
        "fetched_at_utc": "2026-10-07T11:41:56+00:00",
        "query_key": "attractions_and_viewpoints",
        "tags": {
          "name": "Cryptogamic Garden",
          "tourism": "attraction"
        }
      }
    },
    {
      "type": "Feature",
      "geometry": {
        "type": "Point",
        "coordinates": [
          -3.2120384,
          55.9665833
        ]
      },
      "properties": {
        "id": "osm:node:1137225786",
        "source": "osm",
        "title": "Demonstration Garden",
        "address": "",
        "description": "",
        "categories": [
          "landmark"
        ],
        "primary_category": "landmark",
        "interest_score": 22,
        "website": "",
        "wikipedia": "",
        "wikidata": "",
        "source_url": "https://www.openstreetmap.org/node/1137225786",
        "fetched_at_utc": "2026-10-07T11:41:56+00:00",
        "query_key": "attractions_and_viewpoints",
        "tags": {
          "name": "Demonstration Garden",
          "tourism": "attraction"
        }
      }
    },
    {
      "type": "Feature",
      "geometry": {
        "type": "Point",
        "coordinates": [
          -3.2001998,
          55.9480093
        ]
      },
      "properties": {
        "id": "osm:node:6715804583",
        "source": "osm",
        "title": "Dury's Battery",
        "address": "",
        "description": "",
        "categories": [
          "landmark"
        ],
        "primary_category": "landmark",
        "interest_score": 22,
        "website": "",
        "wikipedia": "",
        "wikidata": "",
        "source_url": "https://www.openstreetmap.org/node/6715804583",
        "fetched_at_utc": "2026-10-07T11:41:56+00:00",
        "query_key": "attractions_and_viewpoints",
        "tags": {
          "defensive_works": "battery",
          "name": "Dury's Battery",
          "tourism": "attraction"
        }
      }
    },
    {
      "type": "Feature",
      "geometry": {
        "type": "Point",
        "coordinates": [
          -3.189499579166666,
          55.94382905833336
        ]
      },
      "properties": {
        "id": "osm:way:170962798",
        "source": "osm",
        "title": "Edinburgh Labyrinth",
        "address": "",
        "description": "",
        "categories": [
          "landmark"
        ],
        "primary_category": "landmark",
        "interest_score": 22,
        "website": "",
        "wikipedia": "",
        "wikidata": "",
        "source_url": "https://www.openstreetmap.org/way/170962798",
        "fetched_at_utc": "2026-10-07T11:41:56+00:00",
        "query_key": "attractions_and_viewpoints",
        "tags": {
          "area": "yes",
          "foot": "permissive",
          "highway": "pedestrian",
          "name": "Edinburgh Labyrinth",
          "name:es": "Laberinto de George Square",
          "source": "Bing;survey",
          "surface": "pebblestone",
          "tourism": "attraction",
          "wheelchair": "yes"
        }
      }
    },
    {
      "type": "Feature",
      "geometry": {
        "type": "Point",
        "coordinates": [
          -3.19958,
          55.948700237500006
        ]
      },
      "properties": {
        "id": "osm:way:714452594",
        "source": "osm",
        "title": "Forewall Battery",
        "address": "",
        "description": "",
        "categories": [
          "landmark"
        ],
        "primary_category": "landmark",
        "interest_score": 22,
        "website": "",
        "wikipedia": "",
        "wikidata": "",
        "source_url": "https://www.openstreetmap.org/way/714452594",
        "fetched_at_utc": "2026-10-07T11:41:56+00:00",
        "query_key": "attractions_and_viewpoints",
        "tags": {
          "defensive_works": "battery",
          "name": "Forewall Battery",
          "tourism": "attraction",
          "wikimedia_commons": "Category:Forewall Battery, Edinburgh Castle"
        }
      }
    },
    {
      "type": "Feature",
      "geometry": {
        "type": "Point",
        "coordinates": [
          -3.2049943,
          55.9536886
        ]
      },
      "properties": {
        "id": "osm:node:3829574798",
        "source": "osm",
        "title": "Gilbert",
        "address": "",
        "description": "",
        "categories": [
          "landmark"
        ],
        "primary_category": "landmark",
        "interest_score": 22,
        "website": "",
        "wikipedia": "",
        "wikidata": "",
        "source_url": "https://www.openstreetmap.org/node/3829574798",
        "fetched_at_utc": "2026-10-07T11:41:56+00:00",
        "query_key": "attractions_and_viewpoints",
        "tags": {
          "amenity": "telephone",
          "booth": "K6",
          "check_date": "2024-09-04",
          "covered": "booth",
          "man_made": "telephone_box",
          "name": "Gilbert",
          "note": "key available at Stewart Christie & Co, 63 Queen St, Edinburgh. rainsing money for Save the Children",
          "operator": "Stewart Christie & Co",
          "source": "survey",
          "tourism": "attraction"
        }
      }
    },
    {
      "type": "Feature",
      "geometry": {
        "type": "Point",
        "coordinates": [
          -3.1989878210526324,
          55.94832307105261
        ]
      },
      "properties": {
        "id": "osm:way:714452595",
        "source": "osm",
        "title": "Half-Moon Battery",
        "address": "",
        "description": "",
        "categories": [
          "landmark"
        ],
        "primary_category": "landmark",
        "interest_score": 22,
        "website": "",
        "wikipedia": "",
        "wikidata": "",
        "source_url": "https://www.openstreetmap.org/way/714452595",
        "fetched_at_utc": "2026-10-07T11:41:56+00:00",
        "query_key": "attractions_and_viewpoints",
        "tags": {
          "defensive_works": "battery",
          "name": "Half-Moon Battery",
          "tourism": "attraction",
          "wikimedia_commons": "Category:Half-Moon Battery, Edinburgh Castle"
        }
      }
    },
    {
      "type": "Feature",
      "geometry": {
        "type": "Point",
        "coordinates": [
          -3.2109599,
          55.9665212
        ]
      },
      "properties": {
        "id": "osm:node:1137225754",
        "source": "osm",
        "title": "Herbaceous Border and Beech Hedge",
        "address": "",
        "description": "",
        "categories": [
          "landmark"
        ],
        "primary_category": "landmark",
        "interest_score": 22,
        "website": "",
        "wikipedia": "",
        "wikidata": "",
        "source_url": "https://www.openstreetmap.org/node/1137225754",
        "fetched_at_utc": "2026-10-07T11:41:56+00:00",
        "query_key": "attractions_and_viewpoints",
        "tags": {
          "name": "Herbaceous Border and Beech Hedge",
          "tourism": "attraction"
        }
      }
    },
    {
      "type": "Feature",
      "geometry": {
        "type": "Point",
        "coordinates": [
          -3.1592846,
          55.9446331
        ]
      },
      "properties": {
        "id": "osm:node:10765920705",
        "source": "osm",
        "title": "Hike to Arthurs Seat",
        "address": "",
        "description": "",
        "categories": [
          "scenic",
          "landmark"
        ],
        "primary_category": "scenic",
        "interest_score": 22,
        "website": "",
        "wikipedia": "",
        "wikidata": "",
        "source_url": "https://www.openstreetmap.org/node/10765920705",
        "fetched_at_utc": "2026-10-07T11:41:56+00:00",
        "query_key": "attractions_and_viewpoints",
        "tags": {
          "name": "Hike to Arthurs Seat",
          "tourism": "viewpoint"
        }
      }
    },
    {
      "type": "Feature",
      "geometry": {
        "type": "Point",
        "coordinates": [
          -3.2061881,
          55.9636807
        ]
      },
      "properties": {
        "id": "osm:node:1128620625",
        "source": "osm",
        "title": "John Muir Grove",
        "address": "",
        "description": "",
        "categories": [
          "landmark"
        ],
        "primary_category": "landmark",
        "interest_score": 22,
        "website": "",
        "wikipedia": "",
        "wikidata": "",
        "source_url": "https://www.openstreetmap.org/node/1128620625",
        "fetched_at_utc": "2026-10-07T11:41:56+00:00",
        "query_key": "attractions_and_viewpoints",
        "tags": {
          "name": "John Muir Grove",
          "tourism": "attraction"
        }
      }
    },
    {
      "type": "Feature",
      "geometry": {
        "type": "Point",
        "coordinates": [
          -3.2076110272727276,
          55.950420518181815
        ]
      },
      "properties": {
        "id": "osm:way:130139876",
        "source": "osm",
        "title": "Johnnie Walker",
        "address": "145 Princes Street, Edinburgh, EH2 4BL",
        "description": "",
        "categories": [
          "landmark"
        ],
        "primary_category": "landmark",
        "interest_score": 22,
        "website": "",
        "wikipedia": "",
        "wikidata": "",
        "source_url": "https://www.openstreetmap.org/way/130139876",
        "fetched_at_utc": "2026-10-07T11:41:56+00:00",
        "query_key": "attractions_and_viewpoints",
        "tags": {
          "addr:city": "Edinburgh",
          "addr:country": "GB",
          "addr:housenumber": "145",
          "addr:postcode": "EH2 4BL",
          "addr:street": "Princes Street",
          "building": "retail",
          "building:levels": "6",
          "check_date": "2025-12-26",
          "fhrs:id": "1707891",
          "name": "Johnnie Walker",
          "old_name": "House of Fraser",
          "shop": "alcohol",
          "source": "Bing;survey",
          "tourism": "attraction"
        }
      }
    },
    {
      "type": "Feature",
      "geometry": {
        "type": "Point",
        "coordinates": [
          -3.2070932,
          55.9645817
        ]
      },
      "properties": {
        "id": "osm:node:5043027299",
        "source": "osm",
        "title": "Lower Woodland Garden",
        "address": "",
        "description": "",
        "categories": [
          "landmark"
        ],
        "primary_category": "landmark",
        "interest_score": 22,
        "website": "",
        "wikipedia": "",
        "wikidata": "",
        "source_url": "https://www.openstreetmap.org/node/5043027299",
        "fetched_at_utc": "2026-10-07T11:41:56+00:00",
        "query_key": "attractions_and_viewpoints",
        "tags": {
          "name": "Lower Woodland Garden",
          "tourism": "attraction"
        }
      }
    },
    {
      "type": "Feature",
      "geometry": {
        "type": "Point",
        "coordinates": [
          -3.2131069,
          55.9665978
        ]
      },
      "properties": {
        "id": "osm:node:1137225773",
        "source": "osm",
        "title": "Native Woodland",
        "address": "",
        "description": "",
        "categories": [
          "landmark"
        ],
        "primary_category": "landmark",
        "interest_score": 22,
        "website": "",
        "wikipedia": "",
        "wikidata": "",
        "source_url": "https://www.openstreetmap.org/node/1137225773",
        "fetched_at_utc": "2026-10-07T11:41:56+00:00",
        "query_key": "attractions_and_viewpoints",
        "tags": {
          "name": "Native Woodland",
          "tourism": "attraction"
        }
      }
    },
    {
      "type": "Feature",
      "geometry": {
        "type": "Point",
        "coordinates": [
          -3.1824861,
          55.9560356
        ]
      },
      "properties": {
        "id": "osm:node:1484679632",
        "source": "osm",
        "title": "North Viewpoint",
        "address": "",
        "description": "",
        "categories": [
          "scenic",
          "landmark"
        ],
        "primary_category": "scenic",
        "interest_score": 22,
        "website": "",
        "wikipedia": "",
        "wikidata": "",
        "source_url": "https://www.openstreetmap.org/node/1484679632",
        "fetched_at_utc": "2026-10-07T11:41:56+00:00",
        "query_key": "attractions_and_viewpoints",
        "tags": {
          "name": "North Viewpoint",
          "tourism": "viewpoint"
        }
      }
    },
    {
      "type": "Feature",
      "geometry": {
        "type": "Point",
        "coordinates": [
          -3.1917658,
          55.9527656
        ]
      },
      "properties": {
        "id": "osm:node:3798302141",
        "source": "osm",
        "title": "Photo trail",
        "address": "",
        "description": "",
        "categories": [
          "scenic",
          "landmark"
        ],
        "primary_category": "scenic",
        "interest_score": 22,
        "website": "",
        "wikipedia": "",
        "wikidata": "",
        "source_url": "https://www.openstreetmap.org/node/3798302141",
        "fetched_at_utc": "2026-10-07T11:41:56+00:00",
        "query_key": "attractions_and_viewpoints",
        "tags": {
          "name": "Photo trail",
          "tourism": "viewpoint"
        }
      }
    },
    {
      "type": "Feature",
      "geometry": {
        "type": "Point",
        "coordinates": [
          -3.210457,
          55.9671288
        ]
      },
      "properties": {
        "id": "osm:node:1137225750",
        "source": "osm",
        "title": "Queen Mother's Memorial Garden",
        "address": "",
        "description": "",
        "categories": [
          "landmark"
        ],
        "primary_category": "landmark",
        "interest_score": 22,
        "website": "",
        "wikipedia": "",
        "wikidata": "",
        "source_url": "https://www.openstreetmap.org/node/1137225750",
        "fetched_at_utc": "2026-10-07T11:41:56+00:00",
        "query_key": "attractions_and_viewpoints",
        "tags": {
          "check_date": "2026-08-21",
          "check_date:opening_hours": "2026-08-21",
          "name": "Queen Mother's Memorial Garden",
          "opening_hours": "Mo-Fr off || \"wider garden opening hours\"",
          "source": "Bing;survey",
          "tourism": "attraction"
        }
      }
    },
    {
      "type": "Feature",
      "geometry": {
        "type": "Point",
        "coordinates": [
          -3.2055016,
          55.9640301
        ]
      },
      "properties": {
        "id": "osm:node:1128621951",
        "source": "osm",
        "title": "Rock Garden",
        "address": "",
        "description": "",
        "categories": [
          "landmark"
        ],
        "primary_category": "landmark",
        "interest_score": 22,
        "website": "",
        "wikipedia": "",
        "wikidata": "",
        "source_url": "https://www.openstreetmap.org/node/1128621951",
        "fetched_at_utc": "2026-10-07T11:41:56+00:00",
        "query_key": "attractions_and_viewpoints",
        "tags": {
          "name": "Rock Garden",
          "tourism": "attraction"
        }
      }
    },
    {
      "type": "Feature",
      "geometry": {
        "type": "Point",
        "coordinates": [
          -3.2041239,
          55.9642665
        ]
      },
      "properties": {
        "id": "osm:node:1128621143",
        "source": "osm",
        "title": "Scottish Heath Garden",
        "address": "",
        "description": "",
        "categories": [
          "landmark"
        ],
        "primary_category": "landmark",
        "interest_score": 22,
        "website": "",
        "wikipedia": "",
        "wikidata": "",
        "source_url": "https://www.openstreetmap.org/node/1128621143",
        "fetched_at_utc": "2026-10-07T11:41:56+00:00",
        "query_key": "attractions_and_viewpoints",
        "tags": {
          "name": "Scottish Heath Garden",
          "tourism": "attraction"
        }
      }
    },
    {
      "type": "Feature",
      "geometry": {
        "type": "Point",
        "coordinates": [
          -3.1808485,
          55.9541189
        ]
      },
      "properties": {
        "id": "osm:node:259860021",
        "source": "osm",
        "title": "South Viewpoint",
        "address": "",
        "description": "",
        "categories": [
          "scenic",
          "landmark"
        ],
        "primary_category": "scenic",
        "interest_score": 22,
        "website": "",
        "wikipedia": "",
        "wikidata": "",
        "source_url": "https://www.openstreetmap.org/node/259860021",
        "fetched_at_utc": "2026-10-07T11:41:56+00:00",
        "query_key": "attractions_and_viewpoints",
        "tags": {
          "name": "South Viewpoint",
          "tourism": "viewpoint"
        }
      }
    },
    {
      "type": "Feature",
      "geometry": {
        "type": "Point",
        "coordinates": [
          -3.1935795,
          55.9469905
        ]
      },
      "properties": {
        "id": "osm:node:5827482986",
        "source": "osm",
        "title": "Thomas Riddell",
        "address": "",
        "description": "",
        "categories": [
          "landmark"
        ],
        "primary_category": "landmark",
        "interest_score": 22,
        "website": "",
        "wikipedia": "",
        "wikidata": "",
        "source_url": "https://www.openstreetmap.org/node/5827482986",
        "fetched_at_utc": "2026-10-07T11:41:56+00:00",
        "query_key": "attractions_and_viewpoints",
        "tags": {
          "cemetery": "grave",
          "name": "Thomas Riddell",
          "tourism": "attraction"
        }
      }
    },
    {
      "type": "Feature",
      "geometry": {
        "type": "Point",
        "coordinates": [
          -3.2145571,
          55.9532233
        ]
      },
      "properties": {
        "id": "osm:node:9775076217",
        "source": "osm",
        "title": "View over Dean Village",
        "address": "",
        "description": "",
        "categories": [
          "scenic",
          "landmark"
        ],
        "primary_category": "scenic",
        "interest_score": 22,
        "website": "",
        "wikipedia": "",
        "wikidata": "",
        "source_url": "https://www.openstreetmap.org/node/9775076217",
        "fetched_at_utc": "2026-10-07T11:41:56+00:00",
        "query_key": "attractions_and_viewpoints",
        "tags": {
          "name": "View over Dean Village",
          "tourism": "viewpoint"
        }
      }
    }
  ]
}