{
  "type": "FeatureCollection",
  "features": [
    {
      "type": "Feature",
      "geometry": {
        "type": "Point",
        "coordinates": [
          -3.1715326,
          55.9764865
        ]
      },
      "properties": {
        "name": "3 Old Monks",
        "osm_type": "node",
        "osm_id": 446754435,
        "address": "23 Commercial Street, Edinburgh, EH6 6JA",
        "house_name": "",
        "house_number": "23",
        "street": "Commercial Street",
        "suburb": "",
        "city": "Edinburgh",
        "postcode": "EH6 6JA",
        "country": "",
        "operator": "",
        "brewery": "",
        "website": "",
        "phone": "",
        "opening_hours": "",
        "cuisine": "",
        "food": "",
        "drink": "",
        "outdoor_seating": "",
        "indoor_seating": "",
        "internet_access": "",
        "real_ale": "",
        "real_cider": "",
        "live_music": "",
        "dog": "",
        "wheelchair": "",
        "toilets": "",
        "smoking": "",
        "wikidata": "",
        "wikipedia": "",
        "fetched_at_utc": "2026-10-07T11:41:12+00:00",
        "source_endpoint": "osm-extract",
        "tags": {
          "addr:city": "Edinburgh",
          "addr:housenumber": "23",
          "addr:postcode": "EH6 6JA",
          "addr:street": "Commercial Street",
          "amenity": "pub",
          "check_date": "2025-11-29",
          "name": "3 Old Monks",
          "old_name": "Sandport Tavern",
          "source": "survey"
        }
      }
    },
    {
      "type": "Feature",
      "geometry": {
        "type": "Point",
        "coordinates": [
          -3.1946516,
          55.9532705
        ]
      },
      "properties": {
        "name": "Abbotsford",
        "osm_type": "node",
        "osm_id": 1367337816,
        "address": "3-5 Rose Street, Edinburgh, EH2 2PR",
        "house_name": "",
        "house_number": "3-5",
        "street": "Rose Street",
        "suburb": "",
        "city": "Edinburgh",
        "postcode": "EH2 2PR",
        "country": "",
        "operator": "",
        "brewery": "",
        "website": "https://theabbotsford.com/",
        "phone": "",
        "opening_hours": "",
        "cuisine": "",
        "food": "yes",
        "drink": "",
        "outdoor_seating": "",
        "indoor_seating": "",
        "internet_access": "",
        "real_ale": "3 or more beers",
        "real_cider": "",
        "live_music": "",
        "dog": "",
        "wheelchair": "no",
        "toilets": "",
        "smoking": "",
        "wikidata": "",
        "wikipedia": "",
        "fetched_at_utc": "2026-10-07T11:41:12+00:00",
        "source_endpoint": "osm-extract",
        "tags": {
          "addr:city": "Edinburgh",
          "addr:housenumber": "3-5",
          "addr:postcode": "EH2 2PR",
          "addr:street": "Rose Street",
          "amenity": "pub",
          "check_date": "2026-01-13",
          "contact:facebook": "https://www.facebook.com/TheAbbotsfordBar/",
          "description:floor": "uncarpeted",
          "fhrs:id": "96000",
          "food": "yes",
          "name": "Abbotsford",
          "real_ale": "3 or more beers",
          "source": "survey",
          "website": "https://theabbotsford.com/",
          "wheelchair": "no"
        }
      }
    },
    {
      "type": "Feature",
      "geometry": {
        "type": "Point",
        "coordinates": [
          -3.1748044,
          55.9666806
        ]
      },
      "properties": {
        "name": "Alhambra Bar",
        "osm_type": "node",
        "osm_id": 588498429,
        "address": "227 Leith Walk, Edinburgh",
        "house_name": "",
        "house_number": "227",
        "street": "Leith Walk",
        "suburb": "",
        "city": "Edinburgh",
        "postcode": "",
        "country": "",
        "operator": "",
        "brewery": "",
        "website": "",
        "phone": "+44 131 554 4868",
        "opening_hours": "",
        "cuisine": "",
        "food": "",
        "drink": "",
        "outdoor_seating": "yes",
        "indoor_seating": "",
        "internet_access": "",
        "real_ale": "",
        "real_cider": "",
        "live_music": "",
        "dog": "",
        "wheelchair": "yes",
        "toilets": "",
        "smoking": "",
        "wikidata": "",
        "wikipedia": "",
        "fetched_at_utc": "2026-10-07T11:41:12+00:00",
        "source_endpoint": "osm-extract",
        "tags": {
          "addr:city": "Edinburgh",
          "addr:housenumber": "227",
          "addr:street": "Leith Walk",
          "amenity": "pub",
          "check_date": "2026-10-01",
          "check_date:opening_hours": "2026-10-01",
          "name": "Alhambra Bar",
          "opening_hours:signed": "no",
          "outdoor_seating": "yes",
          "phone": "+44 131 554 4868",
          "source": "survey",
          "toilets:wheelchair": "no",
          "wheelchair": "yes"
        }
      }
    },
    {
      "type": "Feature",
      "geometry": {
        "type": "Point",
        "coordinates": [
          -3.2261155,
          55.9383618
        ]
      },
      "properties": {
        "name": "Ardmillan Hotel",
        "osm_type": "node",
        "osm_id": 482352491,
        "address": "9,10 Ardmillan Terrace, Edinburgh, EH11 2JW",
        "house_name": "",
        "house_number": "9,10",
        "street": "Ardmillan Terrace",
        "suburb": "",
        "city": "Edinburgh",
        "postcode": "EH11 2JW",
        "country": "GB",
        "operator": "",
        "brewery": "",
        "website": "https://ardmillanhotel.co.uk/",
        "phone": "+44 131 337 9588",
        "opening_hours": "",
        "cuisine": "",
        "food": "",
        "drink": "",
        "outdoor_seating": "",
        "indoor_seating": "",
        "internet_access": "",
        "real_ale": "",
        "real_cider": "",
        "live_music": "",
        "dog": "",
        "wheelchair": "",
        "toilets": "",
        "smoking": "",
        "wikidata": "",
        "wikipedia": "",
        "fetched_at_utc": "2026-10-07T11:41:12+00:00",
        "source_endpoint": "osm-extract",
        "tags": {
          "addr:city": "Edinburgh",
          "addr:country": "GB",
          "addr:housenumber": "9,10",
          "addr:postcode": "EH11 2JW",
          "addr:street": "Ardmillan Terrace",
          "amenity": "pub",
          "check_date": "2026-07-09",
          "fhrs:id": "663230",
          "name": "Ardmillan Hotel",
          "phone": "+44 131 337 9588",
          "website": "https://ardmillanhotel.co.uk/"
        }
      }
    },
    {
      "type": "Feature",
      "geometry": {
        "type": "Point",
        "coordinates": [
          -3.191593,
          55.9382403
        ]
      },
      "properties": {
        "name": "Argyle Bar",
        "osm_type": "node",
        "osm_id": 2277391529,
        "address": "15-17 Argyle Place, Edinburgh, EH9 1JJ",
        "house_name": "",
        "house_number": "15-17",
        "street": "Argyle Place",
        "suburb": "",
        "city": "Edinburgh",
        "postcode": "EH9 1JJ",
        "country": "GB",
        "operator": "",
        "brewery": "",
        "website": "",
        "phone": "+44 131 221 9759",
        "opening_hours": "Mo-Th 16:00-23:00; Fr 15:00-24:00; Sa 14:00-24:00; Su 15:00-23:00",
        "cuisine": "",
        "food": "",
        "drink": "",
        "outdoor_seating": "",
        "indoor_seating": "",
        "internet_access": "",
        "real_ale": "",
        "real_cider": "",
        "live_music": "",
        "dog": "",
        "wheelchair": "",
        "toilets": "",
        "smoking": "",
        "wikidata": "",
        "wikipedia": "",
        "fetched_at_utc": "2026-10-07T11:41:12+00:00",
        "source_endpoint": "osm-extract",
        "tags": {
          "addr:city": "Edinburgh",
          "addr:country": "GB",
          "addr:housenumber": "15-17",
          "addr:postcode": "EH9 1JJ",
          "addr:street": "Argyle Place",
          "amenity": "pub",
          "check_date": "2025-08-11",
          "facebook": "https://www.facebook.com/argyleandcellarmonkey",
          "fhrs:id": "129705",
          "name": "Argyle Bar",
          "opening_hours": "Mo-Th 16:00-23:00; Fr 15:00-24:00; Sa 14:00-24:00; Su 15:00-23:00",
          "phone": "+44 131 221 9759",
          "twitter": "https://twitter.com/argyle_monkey"
        }
      }
    },
    {
      "type": "Feature",
      "geometry": {
        "type": "Point",
        "coordinates": [
          -3.1993756,
          55.9522826
        ]
      },
      "properties": {
        "name": "Auld Hundred",
        "osm_type": "node",
        "osm_id": 41483854,
        "address": "100 Rose Street, Edinburgh, EH2 2NN",
        "house_name": "",
        "house_number": "100",
        "street": "Rose Street",
        "suburb": "",
        "city": "Edinburgh",
        "postcode": "EH2 2NN",
        "country": "",
        "operator": "",
        "brewery": "",
        "website": "https://auldhundrededinburgh.com/",
        "phone": "+44 131 225 1809",
        "opening_hours": "",
        "cuisine": "",
        "food": "",
        "drink": "",
        "outdoor_seating": "",
        "indoor_seating": "",
        "internet_access": "",
        "real_ale": "yes",
        "real_cider": "",
        "live_music": "",
        "dog": "",
        "wheelchair": "no",
        "toilets": "",
        "smoking": "",
        "wikidata": "",
        "wikipedia": "",
        "fetched_at_utc": "2026-10-07T11:41:12+00:00",
        "source_endpoint": "osm-extract",
        "tags": {
          "addr:city": "Edinburgh",
          "addr:housenumber": "100",
          "addr:postcode": "EH2 2NN",
          "addr:street": "Rose Street",
          "amenity": "pub",
          "check_date": "2026-01-13",
          "fhrs:id": "96265",
          "name": "Auld Hundred",
          "phone": "+44 131 225 1809",
          "real_ale": "yes",
          "source": "survey",
          "website": "https://auldhundrededinburgh.com/",
          "wheelchair": "no"
        }
      }
    },
    {
      "type": "Feature",
      "geometry": {
        "type": "Point",
        "coordinates": [
          -3.1866449,
          55.9488466
        ]
      },
      "properties": {
        "name": "Bannerman's Bar",
        "osm_type": "node",
        "osm_id": 2338749883,
        "address": "212 Cowgate, Edinburgh, EH1 1NQ",
        "house_name": "",
        "house_number": "212",
        "street": "Cowgate",
        "suburb": "",
        "city": "Edinburgh",
        "postcode": "EH1 1NQ",
        "country": "",
        "operator": "",
        "brewery": "",
        "website": "https://www.bannermanslive.co.uk/",
        "phone": "+44 131 556 3254",
        "opening_hours": "",
        "cuisine": "",
        "food": "",
        "drink": "",
        "outdoor_seating": "",
        "indoor_seating": "",
        "internet_access": "",
        "real_ale": "",
        "real_cider": "",
        "live_music": "",
        "dog": "",
        "wheelchair": "limited",
        "toilets": "",
        "smoking": "",
        "wikidata": "",
        "wikipedia": "",
        "fetched_at_utc": "2026-10-07T11:41:12+00:00",
        "source_endpoint": "osm-extract",
        "tags": {
          "addr:city": "Edinburgh",
          "addr:housenumber": "212",
          "addr:postcode": "EH1 1NQ",
          "addr:street": "Cowgate",
          "amenity": "pub",
          "check_date": "2024-08-02",
          "fhrs:id": "52883",
          "name": "Bannerman's Bar",
          "not:addr:postcode": "EH1 1LG",
          "phone": "+44 131 556 3254",
          "source": "survey",
          "website": "https://www.bannermanslive.co.uk/",
          "wheelchair": "limited"
        }
      }
    },
    {
      "type": "Feature",
      "geometry": {
        "type": "Point",
        "coordinates": [
          -3.1940182,
          55.9477219
        ]
      },
      "properties": {
        "name": "Bar Salsa",
        "osm_type": "node",
        "osm_id": 2112474893,
        "address": "3 Cowgatehead, Edinburgh, EH1 1JY",
        "house_name": "",
        "house_number": "3",
        "street": "Cowgatehead",
        "suburb": "",
        "city": "Edinburgh",
        "postcode": "EH1 1JY",
        "country": "GB",
        "operator": "Old Town pub Co.",
        "brewery": "",
        "website": "",
        "phone": "+44 131 629 1730",
        "opening_hours": "We-Su 17:00-01:00",
        "cuisine": "",
        "food": "",
        "drink": "",
        "outdoor_seating": "",
        "indoor_seating": "",
        "internet_access": "",
        "real_ale": "",
        "real_cider": "",
        "live_music": "",
        "dog": "",
        "wheelchair": "no",
        "toilets": "",
        "smoking": "",
        "wikidata": "",
        "wikipedia": "",
        "fetched_at_utc": "2026-10-07T11:41:12+00:00",
        "source_endpoint": "osm-extract",
        "tags": {
          "addr:city": "Edinburgh",
          "addr:country": "GB",
          "addr:housenumber": "3",
          "addr:postcode": "EH1 1JY",
          "addr:street": "Cowgatehead",
          "amenity": "pub",
          "check_date": "2025-09-28",
          "contact:facebook": "https://www.facebook.com/BarSalsaEdinburgh",
          "email": "manager@barsalsaedinburgh.com",
          "fhrs:id": "92128",
          "name": "Bar Salsa",
          "opening_hours": "We-Su 17:00-01:00",
          "operator": "Old Town pub Co.",
          "phone": "+44 131 629 1730",
          "wheelchair": "no"
        }
      }
    },
    {
      "type": "Feature",
      "geometry": {
        "type": "Point",
        "coordinates": [
          -3.1892992,
          55.9797161
        ]
      },
      "properties": {
        "name": "Basils",
        "osm_type": "node",
        "osm_id": 570313189,
        "address": "9-10-11 Annfield, Edinburgh, EH6 4JF",
        "house_name": "",
        "house_number": "9-10-11",
        "street": "Annfield",
        "suburb": "",
        "city": "Edinburgh",
        "postcode": "EH6 4JF",
        "country": "",
        "operator": "",
        "brewery": "",
        "website": "",
        "phone": "",
        "opening_hours": "",
        "cuisine": "",
        "food": "",
        "drink": "",
        "outdoor_seating": "",
        "indoor_seating": "",
        "internet_access": "",
        "real_ale": "",
        "real_cider": "",
        "live_music": "",
        "dog": "",
        "wheelchair": "",
        "toilets": "",
        "smoking": "",
        "wikidata": "",
        "wikipedia": "",
        "fetched_at_utc": "2026-10-07T11:41:12+00:00",
        "source_endpoint": "osm-extract",
        "tags": {
          "addr:city": "Edinburgh",
          "addr:housenumber": "9-10-11",
          "addr:postcode": "EH6 4JF",
          "addr:street": "Annfield",
          "amenity": "pub",
          "fhrs:id": "1215099",
          "name": "Basils",
          "source:addr": "FHRS Open Data"
        }
      }
    },
    {
      "type": "Feature",
      "geometry": {
        "type": "Point",
        "coordinates": [
          -3.1643134,
          55.9557873
        ]
      },
      "properties": {
        "name": "Bellfield Taproom",
        "osm_type": "node",
        "osm_id": 6816972744,
        "address": "46 Stanley Place, Edinburgh, EH7 5TB",
        "house_name": "",
        "house_number": "46",
        "street": "Stanley Place",
        "suburb": "",
        "city": "Edinburgh",
        "postcode": "EH7 5TB",
        "country": "",
        "operator": "",
        "brewery": "",
        "website": "",
        "phone": "",
        "opening_hours": "We,Th 17:00-22:00; Fr 14:30-24:00; Sa 12:00-24:00; Su 12:00-22:00",
        "cuisine": "",
        "food": "",
        "drink": "",
        "outdoor_seating": "",
        "indoor_seating": "",
        "internet_access": "",
        "real_ale": "",
        "real_cider": "",
        "live_music": "",
        "dog": "",
        "wheelchair": "",
        "toilets": "",
        "smoking": "",
        "wikidata": "",
        "wikipedia": "",
        "fetched_at_utc": "2026-10-07T11:41:12+00:00",
        "source_endpoint": "osm-extract",
        "tags": {
          "addr:city": "Edinburgh",
          "addr:housenumber": "46",
          "addr:postcode": "EH7 5TB",
          "addr:street": "Stanley Place",
          "amenity": "pub",
          "check_date:opening_hours": "2026-04-14",
          "name": "Bellfield Taproom",
          "opening_hours": "We,Th 17:00-22:00; Fr 14:30-24:00; Sa 12:00-24:00; Su 12:00-22:00"
        }
      }
    },
    {
      "type": "Feature",
      "geometry": {
        "type": "Point",
        "coordinates": [
          -3.2095223,
          55.9265024
        ]
      },
      "properties": {
        "name": "Bennets",
        "osm_type": "node",
        "osm_id": 244049913,
        "address": "1A Maxwell Street, Edinburgh, EH10 5HT",
        "house_name": "",
        "house_number": "1A",
        "street": "Maxwell Street",
        "suburb": "",
        "city": "Edinburgh",
        "postcode": "EH10 5HT",
        "country": "",
        "operator": "",
        "brewery": "",
        "website": "",
        "phone": "+44 131 447 1903",
        "opening_hours": "Su-Th 11:00-24:00, Fr,Sa 11:00-01:00",
        "cuisine": "",
        "food": "",
        "drink": "",
        "outdoor_seating": "yes",
        "indoor_seating": "",
        "internet_access": "",
        "real_ale": "",
        "real_cider": "",
        "live_music": "",
        "dog": "",
        "wheelchair": "",
        "toilets": "",
        "smoking": "",
        "wikidata": "",
        "wikipedia": "",
        "fetched_at_utc": "2026-10-07T11:41:12+00:00",
        "source_endpoint": "osm-extract",
        "tags": {
          "addr:city": "Edinburgh",
          "addr:housenumber": "1A",
          "addr:postcode": "EH10 5HT",
          "addr:street": "Maxwell Street",
          "amenity": "pub",
          "check_date": "2025-11-11",
          "check_date:opening_hours": "2025-11-11",
          "fhrs:id": "129013",
          "name": "Bennets",
          "opening_hours": "Su-Th 11:00-24:00, Fr,Sa 11:00-01:00",
          "outdoor_seating": "yes",
          "phone": "+44 131 447 1903",
          "source": "survey"
        }
      }
    },
    {
      "type": "Feature",
      "geometry": {
        "type": "Point",
        "coordinates": [
          -3.2032072,
          55.9417361
        ]
      },
      "properties": {
        "name": "Bennets Bar",
        "osm_type": "node",
        "osm_id": 482432721,
        "address": "8 Leven Street, Edinburgh, EH3 9LG",
        "house_name": "",
        "house_number": "8",
        "street": "Leven Street",
        "suburb": "",
        "city": "Edinburgh",
        "postcode": "EH3 9LG",
        "country": "",
        "operator": "",
        "brewery": "",
        "website": "https://kilderkingroup.co.uk/bennets/",
        "phone": "",
        "opening_hours": "",
        "cuisine": "",
        "food": "",
        "drink": "",
        "outdoor_seating": "",
        "indoor_seating": "",
        "internet_access": "",
        "real_ale": "",
        "real_cider": "",
        "live_music": "",
        "dog": "",
        "wheelchair": "",
        "toilets": "",
        "smoking": "",
        "wikidata": "Q17795303",
        "wikipedia": "",
        "fetched_at_utc": "2026-10-07T11:41:12+00:00",
        "source_endpoint": "osm-extract",
        "tags": {
          "addr:city": "Edinburgh",
          "addr:housenumber": "8",
          "addr:postcode": "EH3 9LG",
          "addr:street": "Leven Street",
          "amenity": "pub",
          "check_date": "2026-02-26",
          "contact:facebook": "https://www.facebook.com/BennetsBar8/",
          "contact:instagram": "https://www.instagram.com/bennetsbar/",
          "contact:twitter": "https://twitter.com/BennetsBar8",
          "fhrs:id": "117804",
          "name": "Bennets Bar",
          "source": "survey",
          "website": "https://kilderkingroup.co.uk/bennets/",
          "wikidata": "Q17795303"
        }
      }
    },
    {
      "type": "Feature",
      "geometry": {
        "type": "Point",
        "coordinates": [
          -3.2234609,
          55.9413923
        ]
      },
      "properties": {
        "name": "Bensons Bar",
        "osm_type": "node",
        "osm_id": 2338953044,
        "address": "178,180,182 Dalry Road, Edinburgh, EH11 2EG",
        "house_name": "",
        "house_number": "178,180,182",
        "street": "Dalry Road",
        "suburb": "",
        "city": "Edinburgh",
        "postcode": "EH11 2EG",
        "country": "",
        "operator": "",
        "brewery": "",
        "website": "",
        "phone": "",
        "opening_hours": "",
        "cuisine": "",
        "food": "",
        "drink": "",
        "outdoor_seating": "no",
        "indoor_seating": "yes",
        "internet_access": "",
        "real_ale": "",
        "real_cider": "",
        "live_music": "",
        "dog": "",
        "wheelchair": "",
        "toilets": "",
        "smoking": "",
        "wikidata": "",
        "wikipedia": "",
        "fetched_at_utc": "2026-10-07T11:41:12+00:00",
        "source_endpoint": "osm-extract",
        "tags": {
          "addr:city": "Edinburgh",
          "addr:housenumber": "178,180,182",
          "addr:postcode": "EH11 2EG",
          "addr:street": "Dalry Road",
          "amenity": "pub",
          "check_date": "2026-01-20",
          "fhrs:id": "662439",
          "indoor_seating": "yes",
          "name": "Bensons Bar",
          "outdoor_seating": "no"
        }
      }
    },
    {
      "type": "Feature",
      "geometry": {
        "type": "Point",
        "coordinates": [
          -3.1948846,
          55.9479678
        ]
      },
      "properties": {
        "name": "Biddy Mulligans",
        "osm_type": "node",
        "osm_id": 2338724156,
        "address": "94,96 Grassmarket, Edinburgh, EH1 2JR",
        "house_name": "",
        "house_number": "94,96",
        "street": "Grassmarket",
        "suburb": "",
        "city": "Edinburgh",
        "postcode": "EH1 2JR",
        "country": "GB",
        "operator": "",
        "brewery": "",
        "website": "https://www.biddymulligans.co.uk/",
        "phone": "",
        "opening_hours": "Mo-Su 08:00-01:00",
        "cuisine": "",
        "food": "",
        "drink": "",
        "outdoor_seating": "",
        "indoor_seating": "",
        "internet_access": "",
        "real_ale": "",
        "real_cider": "",
        "live_music": "",
        "dog": "",
        "wheelchair": "no",
        "toilets": "",
        "smoking": "",
        "wikidata": "",
        "wikipedia": "",
        "fetched_at_utc": "2026-10-07T11:41:12+00:00",
        "source_endpoint": "osm-extract",
        "tags": {
          "addr:city": "Edinburgh",
          "addr:country": "GB",
          "addr:housenumber": "94,96",
          "addr:postcode": "EH1 2JR",
          "addr:street": "Grassmarket",
          "amenity": "pub",
          "check_date": "2025-08-10",
          "fhrs:id": "63643",
          "name": "Biddy Mulligans",
          "opening_hours": "Mo-Su 08:00-01:00",
          "website": "https://www.biddymulligans.co.uk/",
          "wheelchair": "no"
        }
      }
    },
    {
      "type": "Feature",
      "geometry": {
        "type": "Point",
        "coordinates": [
          -3.1974869,
          55.9473403
        ]
      },
      "properties": {
        "name": "Black Bull",
        "osm_type": "node",
        "osm_id": 2338717872,
        "address": "12-18 Grassmarket, Edinburgh, EH1 2JU",
        "house_name": "",
        "house_number": "12-18",
        "street": "Grassmarket",
        "suburb": "",
        "city": "Edinburgh",
        "postcode": "EH1 2JU",
        "country": "GB",
        "operator": "",
        "brewery": "",
        "website": "",
        "phone": "",
        "opening_hours": "",
        "cuisine": "",
        "food": "",
        "drink": "",
        "outdoor_seating": "",
        "indoor_seating": "",
        "internet_access": "",
        "real_ale": "",
        "real_cider": "",
        "live_music": "",
        "dog": "",
        "wheelchair": "",
        "toilets": "",
        "smoking": "",
        "wikidata": "",
        "wikipedia": "",
        "fetched_at_utc": "2026-10-07T11:41:12+00:00",
        "source_endpoint": "osm-extract",
        "tags": {
          "addr:city": "Edinburgh",
          "addr:country": "GB",
          "addr:housenumber": "12-18",
          "addr:postcode": "EH1 2JU",
          "addr:street": "Grassmarket",
          "amenity": "pub",
          "check_date": "2026-02-05",
          "fhrs:id": "121165",
          "name": "Black Bull"
        }
      }
    },
    {
      "type": "Feature",
      "geometry": {
        "type": "Point",
        "coordinates": [
          -3.2031782,
          55.9459463
        ]
      },
      "properties": {
        "name": "Blue Blazer",
        "osm_type": "node",
        "osm_id": 483034256,
        "address": "2 Spittal Street, Edinburgh",
        "house_name": "",
        "house_number": "2",
        "street": "Spittal Street",
        "suburb": "",
        "city": "Edinburgh",
        "postcode": "",
        "country": "",
        "operator": "",
        "brewery": "various",
        "website": "",
        "phone": "",
        "opening_hours": "",
        "cuisine": "",
        "food": "",
        "drink": "",
        "outdoor_seating": "no",
        "indoor_seating": "yes",
        "internet_access": "",
        "real_ale": "",
        "real_cider": "",
        "live_music": "",
        "dog": "",
        "wheelchair": "",
        "toilets": "yes",
        "smoking": "",
        "wikidata": "",
        "wikipedia": "",
        "fetched_at_utc": "2026-10-07T11:41:12+00:00",
        "source_endpoint": "osm-extract",
        "tags": {
          "addr:city": "Edinburgh",
          "addr:housenumber": "2",
          "addr:street": "Spittal Street",
          "amenity": "pub",
          "brewery": "various",
          "check_date": "2026-03-03",
          "indoor_seating": "yes",
          "name": "Blue Blazer",
          "outdoor_seating": "no",
          "source": "survey",
          "toilets": "yes",
          "toilets:access": "customers",
          "toilets:disposal": "flush",
          "toilets:female": "yes",
          "toilets:hands_drying": "electric_hand_dryer",
          "toilets:handwashing": "yes",
          "toilets:male": "yes",
          "toilets:position": "seated;urinal"
        }
      }
    },
    {
      "type": "Feature",
      "geometry": {
        "type": "Point",
        "coordinates": [
          -3.1914089666666663,
          55.951738899999995
        ]
      },
      "properties": {
        "name": "Booking Office",
        "osm_type": "way",
        "osm_id": 377738789,
        "address": "17 Waverley Bridge, Edinburgh, EH1 1BQ",
        "house_name": "",
        "house_number": "17",
        "street": "Waverley Bridge",
        "suburb": "",
        "city": "Edinburgh",
        "postcode": "EH1 1BQ",
        "country": "GB",
        "operator": "",
        "brewery": "",
        "website": "https://www.jdwetherspoon.com/pubs/the-booking-office-edinburgh/",
        "phone": "+44 131 558 1003",
        "opening_hours": "",
        "cuisine": "",
        "food": "",
        "drink": "",
        "outdoor_seating": "yes",
        "indoor_seating": "yes",
        "internet_access": "",
        "real_ale": "",
        "real_cider": "",
        "live_music": "",
        "dog": "no",
        "wheelchair": "yes",
        "toilets": "yes",
        "smoking": "",
        "wikidata": "",
        "wikipedia": "",
        "fetched_at_utc": "2026-10-07T11:41:12+00:00",
        "source_endpoint": "osm-extract",
        "tags": {
          "addr:city": "Edinburgh",
          "addr:country": "GB",
          "addr:housenumber": "17",
          "addr:postcode": "EH1 1BQ",
          "addr:street": "Waverley Bridge",
          "amenity": "pub",
          "brand": "Wetherspoon",
          "brand:wikidata": "Q6109362",
          "brand:wikipedia": "en:Wetherspoons",
          "building": "yes",
          "check_date": "2025-08-14",
          "dog": "no",
          "fhrs:id": "922847",
          "indoor_seating": "yes",
          "layer": "1",
          "name": "Booking Office",
          "outdoor_seating": "yes",
          "payment:cash": "yes",
          "payment:credit_cards": "yes",
          "payment:debit_cards": "yes",
          "phone": "+44 131 558 1003",
          "ref:vatin": "GB396331433",
          "source": "survey",
          "toilets": "yes",
          "toilets:wheelchair": "yes",
          "website": "https://www.jdwetherspoon.com/pubs/the-booking-office-edinburgh/",
          "website:menu": "https://order.jdwetherspoon.com/venue/jdw/7164/menus",
          "wheelchair": "yes"
        }
      }
    },
    {
      "type": "Feature",
      "geometry": {
        "type": "Point",
        "coordinates": [
          -3.1776579,
          55.9635684
        ]
      },
      "properties": {
        "name": "Boundary Bar",
        "osm_type": "node",
        "osm_id": 588498411,
        "address": "379 Leith Walk, Edinburgh, EH6 8SE",
        "house_name": "",
        "house_number": "379",
        "street": "Leith Walk",
        "suburb": "",
        "city": "Edinburgh",
        "postcode": "EH6 8SE",
        "country": "",
        "operator": "",
        "brewery": "",
        "website": "",
        "phone": "",
        "opening_hours": "",
        "cuisine": "",
        "food": "",
        "drink": "",
        "outdoor_seating": "seasonal",
        "indoor_seating": "",
        "internet_access": "",
        "real_ale": "",
        "real_cider": "",
        "live_music": "",
        "dog": "",
        "wheelchair": "limited",
        "toilets": "",
        "smoking": "",
        "wikidata": "",
        "wikipedia": "",
        "fetched_at_utc": "2026-10-07T11:41:12+00:00",
        "source_endpoint": "osm-extract",
        "tags": {
          "addr:city": "Edinburgh",
          "addr:housenumber": "379",
          "addr:postcode": "EH6 8SE",
          "addr:street": "Leith Walk",
          "amenity": "pub",
          "check_date": "2026-10-04",
          "check_date:opening_hours": "2026-10-04",
          "fhrs:id": "1699744",
          "name": "Boundary Bar",
          "old_name": "Boundary",
          "opening_hours:signed": "no",
          "outdoor_seating": "seasonal",
          "source": "survey",
          "source:addr": "FHRS Open Data",
          "wheelchair": "limited"
        }
      }
    },
    {
      "type": "Feature",
      "geometry": {
        "type": "Point",
        "coordinates": [
          -3.1941366,
          55.9484235
        ]
      },
      "properties": {
        "name": "Bow Bar",
        "osm_type": "node",
        "osm_id": 1367318907,
        "address": "80 West Bow, Edinburgh, EH1 2HH",
        "house_name": "",
        "house_number": "80",
        "street": "West Bow",
        "suburb": "",
        "city": "Edinburgh",
        "postcode": "EH1 2HH",
        "country": "GB",
        "operator": "",
        "brewery": "",
        "website": "https://www.thebowbar.co.uk/",
        "phone": "+44 131 226 7667",
        "opening_hours": "Mo-Su 12:00-00:00",
        "cuisine": "",
        "food": "",
        "drink": "",
        "outdoor_seating": "no",
        "indoor_seating": "yes",
        "internet_access": "",
        "real_ale": "",
        "real_cider": "",
        "live_music": "",
        "dog": "",
        "wheelchair": "",
        "toilets": "",
        "smoking": "",
        "wikidata": "",
        "wikipedia": "",
        "fetched_at_utc": "2026-10-07T11:41:12+00:00",
        "source_endpoint": "osm-extract",
        "tags": {
          "addr:city": "Edinburgh",
          "addr:country": "GB",
          "addr:housenumber": "80",
          "addr:postcode": "EH1 2HH",
          "addr:street": "West Bow",
          "amenity": "pub",
          "check_date": "2025-02-08",
          "fhrs:id": "123951",
          "indoor_seating": "yes",
          "name": "Bow Bar",
          "opening_hours": "Mo-Su 12:00-00:00",
          "outdoor_seating": "no",
          "phone": "+44 131 226 7667",
          "source": "survey",
          "website": "https://www.thebowbar.co.uk/"
        }
      }
    },
    {
      "type": "Feature",
      "geometry": {
        "type": "Point",
        "coordinates": [
          -3.1645888,
          55.9738415
        ]
      },
      "properties": {
        "name": "Bowler's Rest",
        "osm_type": "node",
        "osm_id": 587758583,
        "address": "24 Mitchell Street, Edinburgh, EH6 7BD",
        "house_name": "",
        "house_number": "24",
        "street": "Mitchell Street",
        "suburb": "",
        "city": "Edinburgh",
        "postcode": "EH6 7BD",
        "country": "",
        "operator": "",
        "brewery": "",
        "website": "",
        "phone": "",
        "opening_hours": "",
        "cuisine": "",
        "food": "",
        "drink": "",
        "outdoor_seating": "",
        "indoor_seating": "",
        "internet_access": "",
        "real_ale": "",
        "real_cider": "",
        "live_music": "",
        "dog": "",
        "wheelchair": "",
        "toilets": "",
        "smoking": "",
        "wikidata": "",
        "wikipedia": "",
        "fetched_at_utc": "2026-10-07T11:41:12+00:00",
        "source_endpoint": "osm-extract",
        "tags": {
          "addr:city": "Edinburgh",
          "addr:housenumber": "24",
          "addr:postcode": "EH6 7BD",
          "addr:street": "Mitchell Street",
          "amenity": "pub",
          "description": "Eric Morrison Lounge",
          "fhrs:id": "1832167",
          "name": "Bowler's Rest",
          "source": "survey",
          "source:addr": "FHRS Open Data"
        }
      }
    },
    {
      "type": "Feature",
      "geometry": {
        "type": "Point",
        "coordinates": [
          -3.1778257,
          55.9640338
        ]
      },
      "properties": {
        "name": "Brass Monkey",
        "osm_type": "node",
        "osm_id": 588498410,
        "address": "362 Leith Walk, Edinburgh, EH6 5BR",
        "house_name": "",
        "house_number": "362",
        "street": "Leith Walk",
        "suburb": "",
        "city": "Edinburgh",
        "postcode": "EH6 5BR",
        "country": "",
        "operator": "",
        "brewery": "various",
        "website": "",
        "phone": "",
        "opening_hours": "Mo 15:00-01:00, Tu-Su 12:00-01:00",
        "cuisine": "burger;hot_dog",
        "food": "",
        "drink": "",
        "outdoor_seating": "no",
        "indoor_seating": "yes",
        "internet_access": "wlan",
        "real_ale": "",
        "real_cider": "",
        "live_music": "",
        "dog": "yes",
        "wheelchair": "no",
        "toilets": "yes",
        "smoking": "no",
        "wikidata": "",
        "wikipedia": "",
        "fetched_at_utc": "2026-10-07T11:41:12+00:00",
        "source_endpoint": "osm-extract",
        "tags": {
          "addr:city": "Edinburgh",
          "addr:housenumber": "362",
          "addr:postcode": "EH6 5BR",
          "addr:street": "Leith Walk",
          "amenity": "pub",
          "brewery": "various",
          "changing_table": "yes",
          "check_date": "2026-10-01",
          "check_date:opening_hours": "2026-10-01",
          "cuisine": "burger;hot_dog",
          "diet:vegan": "yes",
          "diet:vegetarian": "yes",
          "dog": "yes",
          "drink:beer": "served",
          "drink:cider": "served",
          "drink:cocktail": "served",
          "drink:whisky": "served",
          "drink:wine": "served",
          "fhrs:id": "522400;1950582",
          "indoor_seating": "yes",
          "internet_access": "wlan",
          "internet_access:fee": "customers",
          "name": "Brass Monkey",
          "opening_hours": "Mo 15:00-01:00, Tu-Su 12:00-01:00",
          "outdoor_seating": "no",
          "payment:cash": "yes",
          "payment:contactless": "yes",
          "payment:girocard": "yes",
          "payment:mastercard": "yes",
          "payment:visa": "yes",
          "smoking": "no",
          "source": "survey",
          "source:addr": "FHRS Open Data",
          "toilets": "yes",
          "toilets:menstrual_products": "yes",
          "toilets:wheelchair": "yes",
          "wheelchair": "no"
        }
      }
    },
    {
      "type": "Feature",
      "geometry": {
        "type": "Point",
        "coordinates": [
          -3.1852854,
          55.9472546
        ]
      },
      "properties": {
        "name": "Brass Monkey",
        "osm_type": "node",
        "osm_id": 1996125592,
        "address": "14 Drummond Street, Edinburgh, EH8 9TU",
        "house_name": "",
        "house_number": "14",
        "street": "Drummond Street",
        "suburb": "",
        "city": "Edinburgh",
        "postcode": "EH8 9TU",
        "country": "",
        "operator": "",
        "brewery": "",
        "website": "",
        "phone": "+44 131 556 1961",
        "opening_hours": "Mo-Su 11:00-01:00",
        "cuisine": "",
        "food": "",
        "drink": "",
        "outdoor_seating": "",
        "indoor_seating": "",
        "internet_access": "",
        "real_ale": "",
        "real_cider": "",
        "live_music": "",
        "dog": "",
        "wheelchair": "no",
        "toilets": "",
        "smoking": "",
        "wikidata": "",
        "wikipedia": "",
        "fetched_at_utc": "2026-10-07T11:41:12+00:00",
        "source_endpoint": "osm-extract",
        "tags": {
          "addr:city": "Edinburgh",
          "addr:housenumber": "14",
          "addr:postcode": "EH8 9TU",
          "addr:street": "Drummond Street",
          "amenity": "pub",
          "check_date": "2026-03-04",
          "fhrs:id": "77183",
          "name": "Brass Monkey",
          "opening_hours": "Mo-Su 11:00-01:00",
          "phone": "+44 131 556 1961",
          "source": "survey",
          "wheelchair": "no"
        }
      }
    },
    {
      "type": "Feature",
      "geometry": {
        "type": "Point",
        "coordinates": [
          -3.2377773,
          55.9368745
        ]
      },
      "properties": {
        "name": "Brass Monkey Gorgie",
        "osm_type": "node",
        "osm_id": 2199285638,
        "address": "316-320 Gorgie Road, Edinburgh, EH11 2QZ",
        "house_name": "",
        "house_number": "316-320",
        "street": "Gorgie Road",
        "suburb": "",
        "city": "Edinburgh",
        "postcode": "EH11 2QZ",
        "country": "GB",
        "operator": "",
        "brewery": "",
        "website": "https://www.brassmonkeygorgie.com/",
        "phone": "",
        "opening_hours": "",
        "cuisine": "",
        "food": "",
        "drink": "",
        "outdoor_seating": "",
        "indoor_seating": "",
        "internet_access": "",
        "real_ale": "",
        "real_cider": "",
        "live_music": "",
        "dog": "",
        "wheelchair": "",
        "toilets": "",
        "smoking": "",
        "wikidata": "",
        "wikipedia": "",
        "fetched_at_utc": "2026-10-07T11:41:12+00:00",
        "source_endpoint": "osm-extract",
        "tags": {
          "addr:city": "Edinburgh",
          "addr:country": "GB",
          "addr:housenumber": "316-320",
          "addr:postcode": "EH11 2QZ",
          "addr:street": "Gorgie Road",
          "amenity": "pub",
          "check_date": "2025-01-04",
          "fhrs:id": "1962689",
          "name": "Brass Monkey Gorgie",
          "source:addr": "FHRS Open Data",
          "website": "https://www.brassmonkeygorgie.com/"
        }
      }
    },
    {
      "type": "Feature",
      "geometry": {
        "type": "Point",
        "coordinates": [
          -3.1806361,
          55.9368014
        ]
      },
      "properties": {
        "name": "Brass Monkey Grange",
        "osm_type": "node",
        "osm_id": 322064154,
        "address": "1 Grange Road, Edinburgh, EH9 1UH",
        "house_name": "",
        "house_number": "1",
        "street": "Grange Road",
        "suburb": "",
        "city": "Edinburgh",
        "postcode": "EH9 1UH",
        "country": "GB",
        "operator": "",
        "brewery": "",
        "website": "https://www.brassmonkeygrange.co.uk",
        "phone": "",
        "opening_hours": "Su-We 12:00-00:00; Th-Sa 12:00-01:00",
        "cuisine": "",
        "food": "yes",
        "drink": "",
        "outdoor_seating": "",
        "indoor_seating": "",
        "internet_access": "",
        "real_ale": "yes",
        "real_cider": "",
        "live_music": "",
        "dog": "",
        "wheelchair": "limited",
        "toilets": "",
        "smoking": "",
        "wikidata": "",
        "wikipedia": "",
        "fetched_at_utc": "2026-10-07T11:41:12+00:00",
        "source_endpoint": "osm-extract",
        "tags": {
          "addr:city": "Edinburgh",
          "addr:country": "GB",
          "addr:housenumber": "1",
          "addr:postcode": "EH9 1UH",
          "addr:street": "Grange Road",
          "amenity": "pub",
          "check_date": "2024-11-03",
          "fhrs:id": "1581450",
          "food": "yes",
          "name": "Brass Monkey Grange",
          "opening_hours": "Su-We 12:00-00:00; Th-Sa 12:00-01:00",
          "real_ale": "yes",
          "source": "survey",
          "website": "https://www.brassmonkeygrange.co.uk",
          "wheelchair": "limited"
        }
      }
    },
    {
      "type": "Feature",
      "geometry": {
        "type": "Point",
        "coordinates": [
          -3.2019494,
          55.9442459
        ]
      },
      "properties": {
        "name": "Brauhaus",
        "osm_type": "node",
        "osm_id": 474049045,
        "address": "105 Lauriston Place, Edinburgh, EH3 9JG",
        "house_name": "",
        "house_number": "105",
        "street": "Lauriston Place",
        "suburb": "",
        "city": "Edinburgh",
        "postcode": "EH3 9JG",
        "country": "",
        "operator": "",
        "brewery": "",
        "website": "",
        "phone": "+44 131 656 0356",
        "opening_hours": "Mo-Su 17:00-00:00",
        "cuisine": "",
        "food": "",
        "drink": "",
        "outdoor_seating": "",
        "indoor_seating": "",
        "internet_access": "",
        "real_ale": "",
        "real_cider": "",
        "live_music": "",
        "dog": "",
        "wheelchair": "no",
        "toilets": "",
        "smoking": "",
        "wikidata": "",
        "wikipedia": "",
        "fetched_at_utc": "2026-10-07T11:41:12+00:00",
        "source_endpoint": "osm-extract",
        "tags": {
          "addr:city": "Edinburgh",
          "addr:housenumber": "105",
          "addr:postcode": "EH3 9JG",
          "addr:street": "Lauriston Place",
          "amenity": "pub",
          "check_date": "2026-09-20",
          "contact:facebook": "brauhausedinburgh",
          "contact:instagram": "brauhaus_edinburgh",
          "fhrs:id": "66457",
          "name": "Brauhaus",
          "opening_hours": "Mo-Su 17:00-00:00",
          "phone": "+44 131 656 0356",
          "wheelchair": "no"
        }
      }
    },
    {
      "type": "Feature",
      "geometry": {
        "type": "Point",
        "coordinates": [
          -3.1889903499999996,
          55.95230355
        ]
      },
      "properties": {
        "name": "BrewDog",
        "osm_type": "way",
        "osm_id": 1251687153,
        "address": "Waverley Station, Edinburgh, EH1 1BB",
        "house_name": "Waverley Station",
        "house_number": "",
        "street": "",
        "suburb": "",
        "city": "Edinburgh",
        "postcode": "EH1 1BB",
        "country": "",
        "operator": "",
        "brewery": "",
        "website": "https://drink.brewdog.com/uk/edinburgh-waverley",
        "phone": "",
        "opening_hours": "Mo-We 07:00-23:00; Th 07:30-23:30; Fr-Sa 08:00-24:00; Su 11:00-01:00",
        "cuisine": "",
        "food": "",
        "drink": "",
        "outdoor_seating": "no",
        "indoor_seating": "",
        "internet_access": "",
        "real_ale": "",
        "real_cider": "",
        "live_music": "",
        "dog": "",
        "wheelchair": "yes",
        "toilets": "",
        "smoking": "no",
        "wikidata": "",
        "wikipedia": "",
        "fetched_at_utc": "2026-10-07T11:41:12+00:00",
        "source_endpoint": "osm-extract",
        "tags": {
          "addr:city": "Edinburgh",
          "addr:housename": "Waverley Station",
          "addr:postcode": "EH1 1BB",
          "amenity": "pub",
          "brand": "BrewDog",
          "brand:wikidata": "Q911367",
          "check_date": "2025-11-16",
          "fhrs:id": "1753829",
          "level": "0",
          "name": "BrewDog",
          "old_name": "The Beer House",
          "opening_hours": "Mo-We 07:00-23:00; Th 07:30-23:30; Fr-Sa 08:00-24:00; Su 11:00-01:00",
          "outdoor_seating": "no",
          "payment:cash": "yes",
          "payment:credit_cards": "yes",
          "payment:debit_cards": "yes",
          "smoking": "no",
          "source": "survey",
          "website": "https://drink.brewdog.com/uk/edinburgh-waverley",
          "wheelchair": "yes"
        }
      }
    },
    {
      "type": "Feature",
      "geometry": {
        "type": "Point",
        "coordinates": [
          -3.1828272,
          55.95143
        ]
      },
      "properties": {
        "name": "Brewdog Doghouse Bar & Terrace",
        "osm_type": "node",
        "osm_id": 9356174191,
        "address": "",
        "house_name": "",
        "house_number": "",
        "street": "",
        "suburb": "",
        "city": "",
        "postcode": "",
        "country": "",
        "operator": "",
        "brewery": "",
        "website": "https://drink.brewdog.com/uk/edinburgh-doghouse",
        "phone": "",
        "opening_hours": "",
        "cuisine": "",
        "food": "",
        "drink": "",
        "outdoor_seating": "yes",
        "indoor_seating": "yes",
        "internet_access": "",
        "real_ale": "",
        "real_cider": "",
        "live_music": "",
        "dog": "",
        "wheelchair": "",
        "toilets": "",
        "smoking": "",
        "wikidata": "",
        "wikipedia": "",
        "fetched_at_utc": "2026-10-07T11:41:12+00:00",
        "source_endpoint": "osm-extract",
        "tags": {
          "amenity": "pub",
          "brand": "BrewDog",
          "brand:wikidata": "Q911367",
          "indoor_seating": "yes",
          "name": "Brewdog Doghouse Bar & Terrace",
          "outdoor_seating": "yes",
          "website": "https://drink.brewdog.com/uk/edinburgh-doghouse"
        }
      }
    },
    {
      "type": "Feature",
      "geometry": {
        "type": "Point",
        "coordinates": [
          -3.2065848,
          55.9474969
        ]
      },
      "properties": {
        "name": "BrewDog Lothian Road",
        "osm_type": "node",
        "osm_id": 33179113,
        "address": "50 Lothian Road, Edinburgh, EH3 9BY",
        "house_name": "",
        "house_number": "50",
        "street": "Lothian Road",
        "suburb": "",
        "city": "Edinburgh",
        "postcode": "EH3 9BY",
        "country": "GB",
        "operator": "",
        "brewery": "BrewDog",
        "website": "https://drink.brewdog.com/uk/brewdog-lothian-road",
        "phone": "",
        "opening_hours": "",
        "cuisine": "",
        "food": "",
        "drink": "",
        "outdoor_seating": "yes",
        "indoor_seating": "yes",
        "internet_access": "",
        "real_ale": "",
        "real_cider": "",
        "live_music": "",
        "dog": "",
        "wheelchair": "",
        "toilets": "",
        "smoking": "",
        "wikidata": "",
        "wikipedia": "",
        "fetched_at_utc": "2026-10-07T11:41:12+00:00",
        "source_endpoint": "osm-extract",
        "tags": {
          "addr:city": "Edinburgh",
          "addr:country": "GB",
          "addr:housenumber": "50",
          "addr:postcode": "EH3 9BY",
          "addr:street": "Lothian Road",
          "amenity": "pub",
          "brand": "BrewDog",
          "brand:wikidata": "Q911367",
          "brewery": "BrewDog",
          "check_date": "2026-01-07",
          "fhrs:id": "1038044",
          "indoor_seating": "yes",
          "name": "BrewDog Lothian Road",
          "outdoor_seating": "yes",
          "website": "https://drink.brewdog.com/uk/brewdog-lothian-road"
        }
      }
    },
    {
      "type": "Feature",
      "geometry": {
        "type": "Point",
        "coordinates": [
          -3.1904838,
          55.9537951
        ]
      },
      "properties": {
        "name": "Cafe Royal",
        "osm_type": "node",
        "osm_id": 57542915,
        "address": "19 West Register Street, Edinburgh, EH2 2AA",
        "house_name": "",
        "house_number": "19",
        "street": "West Register Street",
        "suburb": "",
        "city": "Edinburgh",
        "postcode": "EH2 2AA",
        "country": "GB",
        "operator": "",
        "brewery": "",
        "website": "http://www.caferoyaledinburgh.co.uk/",
        "phone": "+44 131 556 1884",
        "opening_hours": "Mo-We 11:00-23:00; Th 11:00-00:00; Fr-Sa 11:00-01:00; Su 11:00-23:00",
        "cuisine": "",
        "food": "yes",
        "drink": "",
        "outdoor_seating": "",
        "indoor_seating": "",
        "internet_access": "",
        "real_ale": "",
        "real_cider": "",
        "live_music": "",
        "dog": "",
        "wheelchair": "",
        "toilets": "",
        "smoking": "",
        "wikidata": "",
        "wikipedia": "",
        "fetched_at_utc": "2026-10-07T11:41:12+00:00",
        "source_endpoint": "osm-extract",
        "tags": {
          "addr:city": "Edinburgh",
          "addr:country": "GB",
          "addr:housenumber": "19",
          "addr:postcode": "EH2 2AA",
          "addr:street": "West Register Street",
          "amenity": "pub",
          "fhrs:id": "95974",
          "food": "yes",
          "name": "Cafe Royal",
          "opening_hours": "Mo-We 11:00-23:00; Th 11:00-00:00; Fr-Sa 11:00-01:00; Su 11:00-23:00",
          "phone": "+44 131 556 1884",
          "website": "http://www.caferoyaledinburgh.co.uk/"
        }
      }
    },
    {
      "type": "Feature",
      "geometry": {
        "type": "Point",
        "coordinates": [
          -3.1777287,
          55.9710674
        ]
      },
      "properties": {
        "name": "Campervan Brewery Tap Room",
        "osm_type": "node",
        "osm_id": 3228480826,
        "address": "Unit 3 Bonnington Business Centre, 108 Jane Street, Edinburgh, EH6 5HG",
        "house_name": "Unit 3 Bonnington Business Centre",
        "house_number": "108",
        "street": "Jane Street",
        "suburb": "",
        "city": "Edinburgh",
        "postcode": "EH6 5HG",
        "country": "",
        "operator": "",
        "brewery": "",
        "website": "https://www.campervanbrewery.com/our-taproom",
        "phone": "",
        "opening_hours": "We 17:00-22:00; Th-Fr 14:00-22:00; Sa 12:00-22:00; Su 12:00-20:00",
        "cuisine": "",
        "food": "",
        "drink": "",
        "outdoor_seating": "",
        "indoor_seating": "",
        "internet_access": "",
        "real_ale": "",
        "real_cider": "",
        "live_music": "",
        "dog": "yes",
        "wheelchair": "",
        "toilets": "",
        "smoking": "",
        "wikidata": "",
        "wikipedia": "",
        "fetched_at_utc": "2026-10-07T11:41:12+00:00",
        "source_endpoint": "osm-extract",
        "tags": {
          "addr:city": "Edinburgh",
          "addr:housename": "Unit 3 Bonnington Business Centre",
          "addr:housenumber": "108",
          "addr:postcode": "EH6 5HG",
          "addr:street": "Jane Street",
          "amenity": "pub",
          "board_games": "yes",
          "check_date": "2026-06-13",
          "check_date:opening_hours": "2026-06-13",
          "dog": "yes",
          "name": "Campervan Brewery Tap Room",
          "old_name": "Wex Photo Video",
          "opening_hours": "We 17:00-22:00; Th-Fr 14:00-22:00; Sa 12:00-22:00; Su 12:00-20:00",
          "source": "survey",
          "website": "https://www.campervanbrewery.com/our-taproom"
        }
      }
    },
    {
      "type": "Feature",
      "geometry": {
        "type": "Point",
        "coordinates": [
          -3.1685724,
          55.9761076
        ]
      },
      "properties": {
        "name": "Carriers Quarters",
        "osm_type": "node",
        "osm_id": 573453379,
        "address": "42 Bernard Street, Edinburgh, EH6 6PR",
        "house_name": "",
        "house_number": "42",
        "street": "Bernard Street",
        "suburb": "",
        "city": "Edinburgh",
        "postcode": "EH6 6PR",
        "country": "",
        "operator": "The Shilling Group",
        "brewery": "",
        "website": "https://www.carriersquarters.co.uk/",
        "phone": "+44 131 554 4122",
        "opening_hours": "",
        "cuisine": "",
        "food": "",
        "drink": "",
        "outdoor_seating": "",
        "indoor_seating": "",
        "internet_access": "",
        "real_ale": "",
        "real_cider": "",
        "live_music": "",
        "dog": "",
        "wheelchair": "",
        "toilets": "",
        "smoking": "",
        "wikidata": "",
        "wikipedia": "",
        "fetched_at_utc": "2026-10-07T11:41:12+00:00",
        "source_endpoint": "osm-extract",
        "tags": {
          "addr:city": "Edinburgh",
          "addr:housenumber": "42",
          "addr:postcode": "EH6 6PR",
          "addr:street": "Bernard Street",
          "amenity": "pub",
          "check_date": "2024-08-04",
          "fhrs:id": "663114",
          "name": "Carriers Quarters",
          "operator": "The Shilling Group",
          "phone": "+44 131 554 4122",
          "source": "survey",
          "website": "https://www.carriersquarters.co.uk/"
        }
      }
    },
    {
      "type": "Feature",
      "geometry": {
        "type": "Point",
        "coordinates": [
          -3.1800426,
          55.9389607
        ]
      },
      "properties": {
        "name": "Cask & Barrel Southside",
        "osm_type": "node",
        "osm_id": 1319348485,
        "address": "24-26 West Preston Street, Edinburgh, EH8 9PZ",
        "house_name": "",
        "house_number": "24-26",
        "street": "West Preston Street",
        "suburb": "",
        "city": "Edinburgh",
        "postcode": "EH8 9PZ",
        "country": "",
        "operator": "",
        "brewery": "",
        "website": "",
        "phone": "",
        "opening_hours": "",
        "cuisine": "",
        "food": "",
        "drink": "",
        "outdoor_seating": "",
        "indoor_seating": "",
        "internet_access": "",
        "real_ale": "",
        "real_cider": "",
        "live_music": "",
        "dog": "",
        "wheelchair": "",
        "toilets": "",
        "smoking": "",
        "wikidata": "",
        "wikipedia": "",
        "fetched_at_utc": "2026-10-07T11:41:12+00:00",
        "source_endpoint": "osm-extract",
        "tags": {
          "addr:city": "Edinburgh",
          "addr:housenumber": "24-26",
          "addr:postcode": "EH8 9PZ",
          "addr:street": "West Preston Street",
          "amenity": "pub",
          "check_date": "2024-07-30",
          "fhrs:id": "68829",
          "name": "Cask & Barrel Southside",
          "source": "survey",
          "source:addr": "FHRS Open Data"
        }
      }
    },
    {
      "type": "Feature",
      "geometry": {
        "type": "Point",
        "coordinates": [
          -3.201079,
          55.9601568
        ]
      },
      "properties": {
        "name": "Clark's Bar",
        "osm_type": "node",
        "osm_id": 2344919701,
        "address": "142 Dundas Street, Edinburgh, EH3 5DQ",
        "house_name": "",
        "house_number": "142",
        "street": "Dundas Street",
        "suburb": "",
        "city": "Edinburgh",
        "postcode": "EH3 5DQ",
        "country": "",
        "operator": "",
        "brewery": "",
        "website": "",
        "phone": "",
        "opening_hours": "Mo-Th 15:00-23:00; Fr-Sa 12:00-24:00; Su 12:00-23:00",
        "cuisine": "",
        "food": "",
        "drink": "",
        "outdoor_seating": "",
        "indoor_seating": "",
        "internet_access": "",
        "real_ale": "",
        "real_cider": "",
        "live_music": "",
        "dog": "",
        "wheelchair": "limited",
        "toilets": "",
        "smoking": "",
        "wikidata": "",
        "wikipedia": "",
        "fetched_at_utc": "2026-10-07T11:41:12+00:00",
        "source_endpoint": "osm-extract",
        "tags": {
          "addr:city": "Edinburgh",
          "addr:housenumber": "142",
          "addr:postcode": "EH3 5DQ",
          "addr:street": "Dundas Street",
          "amenity": "pub",
          "check_date": "2026-10-03",
          "fhrs:id": "90760",
          "name": "Clark's Bar",
          "opening_hours": "Mo-Th 15:00-23:00; Fr-Sa 12:00-24:00; Su 12:00-23:00",
          "source": "survey",
          "source:addr:postcode": "FHRS Open Data",
          "wheelchair": "limited"
        }
      }
    },
    {
      "type": "Feature",
      "geometry": {
        "type": "Point",
        "coordinates": [
          -3.2018829,
          55.9432724
        ]
      },
      "properties": {
        "name": "Cloisters Bar",
        "osm_type": "node",
        "osm_id": 2338302328,
        "address": "26 Brougham Street, Edinburgh, EH3 9JH",
        "house_name": "",
        "house_number": "26",
        "street": "Brougham Street",
        "suburb": "",
        "city": "Edinburgh",
        "postcode": "EH3 9JH",
        "country": "",
        "operator": "",
        "brewery": "",
        "website": "https://www.cloistersbar.com/",
        "phone": "+44 131 221 9997",
        "opening_hours": "Mo-Th 12:00-00:00; Fr-Sa 12:00-01:00; Su 12:30-00:00",
        "cuisine": "",
        "food": "",
        "drink": "",
        "outdoor_seating": "",
        "indoor_seating": "",
        "internet_access": "wlan",
        "real_ale": "10",
        "real_cider": "",
        "live_music": "",
        "dog": "",
        "wheelchair": "no",
        "toilets": "",
        "smoking": "",
        "wikidata": "",
        "wikipedia": "",
        "fetched_at_utc": "2026-10-07T11:41:12+00:00",
        "source_endpoint": "osm-extract",
        "tags": {
          "addr:city": "Edinburgh",
          "addr:housenumber": "26",
          "addr:postcode": "EH3 9JH",
          "addr:street": "Brougham Street",
          "amenity": "pub",
          "check_date": "2025-12-16",
          "fhrs:id": "116393;1131183",
          "internet_access": "wlan",
          "min_age": "18",
          "name": "Cloisters Bar",
          "opening_hours": "Mo-Th 12:00-00:00; Fr-Sa 12:00-01:00; Su 12:30-00:00",
          "phone": "+44 131 221 9997",
          "real_ale": "10",
          "source": "survey",
          "source:addr": "FHRS Open Data",
          "website": "https://www.cloistersbar.com/",
          "wheelchair": "no"
        }
      }
    },
    {
      "type": "Feature",
      "geometry": {
        "type": "Point",
        "coordinates": [
          -3.1878697,
          55.9564899
        ]
      },
      "properties": {
        "name": "Conan Doyle",
        "osm_type": "node",
        "osm_id": 1437376909,
        "address": "73 York Place, Edinburgh, EH1 3JD",
        "house_name": "",
        "house_number": "73",
        "street": "York Place",
        "suburb": "",
        "city": "Edinburgh",
        "postcode": "EH1 3JD",
        "country": "GB",
        "operator": "",
        "brewery": "",
        "website": "https://www.nicholsonspubs.co.uk/restaurants/scotlandandnorthernireland/theconandoyleedinburgh",
        "phone": "",
        "opening_hours": "",
        "cuisine": "",
        "food": "",
        "drink": "",
        "outdoor_seating": "yes",
        "indoor_seating": "",
        "internet_access": "",
        "real_ale": "",
        "real_cider": "",
        "live_music": "",
        "dog": "",
        "wheelchair": "",
        "toilets": "",
        "smoking": "",
        "wikidata": "",
        "wikipedia": "",
        "fetched_at_utc": "2026-10-07T11:41:12+00:00",
        "source_endpoint": "osm-extract",
        "tags": {
          "addr:city": "Edinburgh",
          "addr:country": "GB",
          "addr:housenumber": "73",
          "addr:postcode": "EH1 3JD",
          "addr:street": "York Place",
          "amenity": "pub",
          "brand": "Nicholson's",
          "brand:wikidata": "Q113130666",
          "check_date": "2026-07-18",
          "fhrs:id": "98187",
          "name": "Conan Doyle",
          "outdoor_seating": "yes",
          "website": "https://www.nicholsonspubs.co.uk/restaurants/scotlandandnorthernireland/theconandoyleedinburgh"
        }
      }
    },
    {
      "type": "Feature",
      "geometry": {
        "type": "Point",
        "coordinates": [
          -3.197166,
          55.9589659
        ]
      },
      "properties": {
        "name": "Cumberland Bar",
        "osm_type": "node",
        "osm_id": 57543992,
        "address": "1-3 Cumberland Street, Edinburgh, EH3 6RT",
        "house_name": "",
        "house_number": "1-3",
        "street": "Cumberland Street",
        "suburb": "",
        "city": "Edinburgh",
        "postcode": "EH3 6RT",
        "country": "",
        "operator": "",
        "brewery": "",
        "website": "https://www.cumberlandbar.co.uk/",
        "phone": "",
        "opening_hours": "",
        "cuisine": "",
        "food": "",
        "drink": "",
        "outdoor_seating": "yes",
        "indoor_seating": "",
        "internet_access": "",
        "real_ale": "",
        "real_cider": "",
        "live_music": "",
        "dog": "yes",
        "wheelchair": "",
        "toilets": "",
        "smoking": "",
        "wikidata": "",
        "wikipedia": "",
        "fetched_at_utc": "2026-10-07T11:41:12+00:00",
        "source_endpoint": "osm-extract",
        "tags": {
          "addr:city": "Edinburgh",
          "addr:housenumber": "1-3",
          "addr:postcode": "EH3 6RT",
          "addr:street": "Cumberland Street",
          "amenity": "pub",
          "beer_garden": "yes",
          "dog": "yes",
          "fhrs:id": "141977",
          "name": "Cumberland Bar",
          "outdoor_seating": "yes",
          "website": "https://www.cumberlandbar.co.uk/"
        }
      }
    },
    {
      "type": "Feature",
      "geometry": {
        "type": "Point",
        "coordinates": [
          -3.1839282,
          55.942148
        ]
      },
      "properties": {
        "name": "Dagda",
        "osm_type": "node",
        "osm_id": 366191857,
        "address": "93-95 Buccleuch Street, Edinburgh, EH8 9NG",
        "house_name": "",
        "house_number": "93-95",
        "street": "Buccleuch Street",
        "suburb": "",
        "city": "Edinburgh",
        "postcode": "EH8 9NG",
        "country": "",
        "operator": "",
        "brewery": "",
        "website": "",
        "phone": "",
        "opening_hours": "",
        "cuisine": "",
        "food": "",
        "drink": "",
        "outdoor_seating": "",
        "indoor_seating": "",
        "internet_access": "",
        "real_ale": "",
        "real_cider": "",
        "live_music": "",
        "dog": "",
        "wheelchair": "",
        "toilets": "",
        "smoking": "",
        "wikidata": "",
        "wikipedia": "",
        "fetched_at_utc": "2026-10-07T11:41:12+00:00",
        "source_endpoint": "osm-extract",
        "tags": {
          "addr:city": "Edinburgh",
          "addr:housenumber": "93-95",
          "addr:postcode": "EH8 9NG",
          "addr:street": "Buccleuch Street",
          "amenity": "pub",
          "check_date:opening_hours": "2026-10-06",
          "fhrs:id": "66031",
          "name": "Dagda",
          "opening_hours:signed": "no",
          "source": "survey"
        }
      }
    },
    {
      "type": "Feature",
      "geometry": {
        "type": "Point",
        "coordinates": [
          -3.1929486,
          55.9495349
        ]
      },
      "properties": {
        "name": "Deacon Brodie's Tavern",
        "osm_type": "node",
        "osm_id": 736215229,
        "address": "435 Lawnmarket, Edinburgh, EH1 2NT",
        "house_name": "",
        "house_number": "435",
        "street": "Lawnmarket",
        "suburb": "",
        "city": "Edinburgh",
        "postcode": "EH1 2NT",
        "country": "GB",
        "operator": "",
        "brewery": "",
        "website": "https://www.nicholsonspubs.co.uk/restaurants/scotlandandnorthernireland/deaconbrodiestavernroyalmileedinburgh#/",
        "phone": "",
        "opening_hours": "",
        "cuisine": "",
        "food": "",
        "drink": "",
        "outdoor_seating": "yes",
        "indoor_seating": "yes",
        "internet_access": "",
        "real_ale": "",
        "real_cider": "",
        "live_music": "",
        "dog": "",
        "wheelchair": "",
        "toilets": "",
        "smoking": "",
        "wikidata": "",
        "wikipedia": "",
        "fetched_at_utc": "2026-10-07T11:41:12+00:00",
        "source_endpoint": "osm-extract",
        "tags": {
          "addr:city": "Edinburgh",
          "addr:country": "GB",
          "addr:housenumber": "435",
          "addr:postcode": "EH1 2NT",
          "addr:street": "Lawnmarket",
          "amenity": "pub",
          "brand": "Nicholson's",
          "brand:wikidata": "Q113130666",
          "check_date": "2026-01-05",
          "fhrs:id": "122026",
          "indoor_seating": "yes",
          "name": "Deacon Brodie's Tavern",
          "outdoor_seating": "yes",
          "source": "survey",
          "website": "https://www.nicholsonspubs.co.uk/restaurants/scotlandandnorthernireland/deaconbrodiestavernroyalmileedinburgh#/"
        }
      }
    },
    {
      "type": "Feature",
      "geometry": {
        "type": "Point",
        "coordinates": [
          -3.1916383,
          55.9503002
        ]
      },
      "properties": {
        "name": "Devil's Advocate",
        "osm_type": "node",
        "osm_id": 2555487974,
        "address": "Advocate's Close, 9 Advocate's Close, Edinburgh, EH1 1ND",
        "house_name": "Advocate's Close",
        "house_number": "9",
        "street": "Advocate's Close",
        "suburb": "",
        "city": "Edinburgh",
        "postcode": "EH1 1ND",
        "country": "GB",
        "operator": "",
        "brewery": "",
        "website": "https://devilsadvocateedinburgh.co.uk/",
        "phone": "+44 131 225 4465",
        "opening_hours": "Mo-Su 12:00-01:00",
        "cuisine": "",
        "food": "yes",
        "drink": "",
        "outdoor_seating": "",
        "indoor_seating": "",
        "internet_access": "",
        "real_ale": "",
        "real_cider": "",
        "live_music": "",
        "dog": "",
        "wheelchair": "",
        "toilets": "",
        "smoking": "",
        "wikidata": "",
        "wikipedia": "",
        "fetched_at_utc": "2026-10-07T11:41:12+00:00",
        "source_endpoint": "osm-extract",
        "tags": {
          "addr:city": "Edinburgh",
          "addr:country": "GB",
          "addr:housename": "Advocate's Close",
          "addr:housenumber": "9",
          "addr:postcode": "EH1 1ND",
          "addr:street": "Advocate's Close",
          "amenity": "pub",
          "check_date": "2024-08-03",
          "description": "bar and restaurant",
          "fhrs:id": "1899936",
          "food": "yes",
          "name": "Devil's Advocate",
          "opening_hours": "Mo-Su 12:00-01:00",
          "phone": "+44 131 225 4465",
          "source": "survey",
          "website": "https://devilsadvocateedinburgh.co.uk/"
        }
      }
    },
    {
      "type": "Feature",
      "geometry": {
        "type": "Point",
        "coordinates": [
          -3.219036,
          55.9438771
        ]
      },
      "properties": {
        "name": "Dickens",
        "osm_type": "node",
        "osm_id": 2338949040,
        "address": "88 Dalry Road, Edinburgh, EH11 2AX",
        "house_name": "",
        "house_number": "88",
        "street": "Dalry Road",
        "suburb": "",
        "city": "Edinburgh",
        "postcode": "EH11 2AX",
        "country": "GB",
        "operator": "",
        "brewery": "",
        "website": "",
        "phone": "",
        "opening_hours": "",
        "cuisine": "",
        "food": "",
        "drink": "",
        "outdoor_seating": "",
        "indoor_seating": "",
        "internet_access": "",
        "real_ale": "",
        "real_cider": "",
        "live_music": "",
        "dog": "",
        "wheelchair": "no",
        "toilets": "",
        "smoking": "",
        "wikidata": "",
        "wikipedia": "",
        "fetched_at_utc": "2026-10-07T11:41:12+00:00",
        "source_endpoint": "osm-extract",
        "tags": {
          "addr:city": "Edinburgh",
          "addr:country": "GB",
          "addr:housenumber": "88",
          "addr:postcode": "EH11 2AX",
          "addr:street": "Dalry Road",
          "amenity": "pub",
          "check_date": "2026-01-20",
          "fhrs:id": "663234",
          "name": "Dickens",
          "wheelchair": "no"
        }
      }
    },
    {
      "type": "Feature",
      "geometry": {
        "type": "Point",
        "coordinates": [
          -3.1671784,
          55.9752829
        ]
      },
      "properties": {
        "name": "Diggers Leith",
        "osm_type": "node",
        "osm_id": 573453376,
        "address": "7 Bernard Street, Edinburgh, EH6 6PW",
        "house_name": "",
        "house_number": "7",
        "street": "Bernard Street",
        "suburb": "",
        "city": "Edinburgh",
        "postcode": "EH6 6PW",
        "country": "",
        "operator": "",
        "brewery": "",
        "website": "",
        "phone": "",
        "opening_hours": "",
        "cuisine": "",
        "food": "",
        "drink": "",
        "outdoor_seating": "",
        "indoor_seating": "",
        "internet_access": "wlan",
        "real_ale": "yes",
        "real_cider": "",
        "live_music": "",
        "dog": "",
        "wheelchair": "no",
        "toilets": "yes",
        "smoking": "",
        "wikidata": "",
        "wikipedia": "",
        "fetched_at_utc": "2026-10-07T11:41:12+00:00",
        "source_endpoint": "osm-extract",
        "tags": {
          "addr:city": "Edinburgh",
          "addr:housenumber": "7",
          "addr:postcode": "EH6 6PW",
          "addr:street": "Bernard Street",
          "amenity": "pub",
          "check_date": "2026-04-21",
          "fhrs:id": "1911737",
          "internet_access": "wlan",
          "internet_access:fee": "no",
          "name": "Diggers Leith",
          "old_fhrs:id": "1227996",
          "old_name": "Chancho",
          "payment:cash": "yes",
          "payment:credit_cards": "yes",
          "payment:debit_cards": "yes",
          "real_ale": "yes",
          "source": "survey",
          "source:addr": "FHRS Open Data",
          "toilets": "yes",
          "wheelchair": "no"
        }
      }
    },
    {
      "type": "Feature",
      "geometry": {
        "type": "Point",
        "coordinates": [
          -3.2050092,
          55.9515013
        ]
      },
      "properties": {
        "name": "Dirty Dick's",
        "osm_type": "node",
        "osm_id": 41483832,
        "address": "159 Rose Street, Edinburgh, EH2 4LS",
        "house_name": "",
        "house_number": "159",
        "street": "Rose Street",
        "suburb": "",
        "city": "Edinburgh",
        "postcode": "EH2 4LS",
        "country": "",
        "operator": "",
        "brewery": "",
        "website": "",
        "phone": "+44 131 260 9920",
        "opening_hours": "",
        "cuisine": "",
        "food": "",
        "drink": "",
        "outdoor_seating": "",
        "indoor_seating": "",
        "internet_access": "",
        "real_ale": "",
        "real_cider": "",
        "live_music": "",
        "dog": "",
        "wheelchair": "yes",
        "toilets": "",
        "smoking": "",
        "wikidata": "",
        "wikipedia": "",
        "fetched_at_utc": "2026-10-07T11:41:12+00:00",
        "source_endpoint": "osm-extract",
        "tags": {
          "addr:city": "Edinburgh",
          "addr:housenumber": "159",
          "addr:postcode": "EH2 4LS",
          "addr:street": "Rose Street",
          "amenity": "pub",
          "facebook": "https://www.facebook.com/pages/Dirty-Dicks-Pub/181026101925380",
          "fhrs:id": "96420",
          "name": "Dirty Dick's",
          "phone": "+44 131 260 9920",
          "source": "survey",
          "wheelchair": "yes"
        }
      }
    },
    {
      "type": "Feature",
      "geometry": {
        "type": "Point",
        "coordinates": [
          -3.190919,
          55.9455179
        ]
      },
      "properties": {
        "name": "Doctors",
        "osm_type": "node",
        "osm_id": 613227823,
        "address": "32 Forrest Road, Edinburgh, EH1 2QN",
        "house_name": "",
        "house_number": "32",
        "street": "Forrest Road",
        "suburb": "",
        "city": "Edinburgh",
        "postcode": "EH1 2QN",
        "country": "",
        "operator": "",
        "brewery": "",
        "website": "https://www.belhaven.co.uk/pubs/midlothian/doctors",
        "phone": "+44 131 225 1819",
        "opening_hours": "",
        "cuisine": "",
        "food": "yes",
        "drink": "",
        "outdoor_seating": "yes",
        "indoor_seating": "",
        "internet_access": "",
        "real_ale": "8",
        "real_cider": "1",
        "live_music": "",
        "dog": "",
        "wheelchair": "",
        "toilets": "",
        "smoking": "",
        "wikidata": "",
        "wikipedia": "",
        "fetched_at_utc": "2026-10-07T11:41:12+00:00",
        "source_endpoint": "osm-extract",
        "tags": {
          "addr:city": "Edinburgh",
          "addr:housenumber": "32",
          "addr:postcode": "EH1 2QN",
          "addr:street": "Forrest Road",
          "amenity": "pub",
          "brand": "Belhaven Pubs",
          "brand:wikidata": "Q105516156",
          "check_date": "2026-07-02",
          "fhrs:id": "120704",
          "food": "yes",
          "level": "0",
          "name": "Doctors",
          "outdoor_seating": "yes",
          "phone": "+44 131 225 1819",
          "real_ale": "8",
          "real_cider": "1",
          "real_fire": "no",
          "source": "survey",
          "website": "https://www.belhaven.co.uk/pubs/midlothian/doctors"
        }
      }
    },
    {
      "type": "Feature",
      "geometry": {
        "type": "Point",
        "coordinates": [
          -3.1994809,
          55.9463737
        ]
      },
      "properties": {
        "name": "Dragonfly",
        "osm_type": "node",
        "osm_id": 2156953059,
        "address": "52 West Port, Edinburgh, EH1 2LD",
        "house_name": "",
        "house_number": "52",
        "street": "West Port",
        "suburb": "",
        "city": "Edinburgh",
        "postcode": "EH1 2LD",
        "country": "GB",
        "operator": "",
        "brewery": "",
        "website": "https://www.dragonflycocktailbar.com/",
        "phone": "+44 131 228 4543",
        "opening_hours": "",
        "cuisine": "",
        "food": "",
        "drink": "",
        "outdoor_seating": "",
        "indoor_seating": "",
        "internet_access": "",
        "real_ale": "",
        "real_cider": "",
        "live_music": "",
        "dog": "",
        "wheelchair": "",
        "toilets": "",
        "smoking": "",
        "wikidata": "",
        "wikipedia": "",
        "fetched_at_utc": "2026-10-07T11:41:12+00:00",
        "source_endpoint": "osm-extract",
        "tags": {
          "addr:city": "Edinburgh",
          "addr:country": "GB",
          "addr:housenumber": "52",
          "addr:postcode": "EH1 2LD",
          "addr:street": "West Port",
          "amenity": "pub",
          "check_date": "2025-03-16",
          "contact:facebook": "https://www.facebook.com/dragonflyedinburgh/",
          "fhrs:id": "1524371",
          "name": "Dragonfly",
          "phone": "+44 131 228 4543",
          "website": "https://www.dragonflycocktailbar.com/"
        }
      }
    },
    {
      "type": "Feature",
      "geometry": {
        "type": "Point",
        "coordinates": [
          -3.1864937,
          55.978931
        ]
      },
      "properties": {
        "name": "Dreadnought",
        "osm_type": "node",
        "osm_id": 570313191,
        "address": "72 North Fort Street, Edinburgh, EH6 4HL",
        "house_name": "",
        "house_number": "72",
        "street": "North Fort Street",
        "suburb": "",
        "city": "Edinburgh",
        "postcode": "EH6 4HL",
        "country": "",
        "operator": "",
        "brewery": "",
        "website": "http://dreadnoughtleith.com/",
        "phone": "",
        "opening_hours": "Mo-Th 16:00-24:00; Fr-Sa 14:00-01:00; Su 14:00-22:00",
        "cuisine": "",
        "food": "",
        "drink": "",
        "outdoor_seating": "yes",
        "indoor_seating": "",
        "internet_access": "",
        "real_ale": "yes",
        "real_cider": "",
        "live_music": "",
        "dog": "",
        "wheelchair": "no",
        "toilets": "",
        "smoking": "",
        "wikidata": "",
        "wikipedia": "",
        "fetched_at_utc": "2026-10-07T11:41:12+00:00",
        "source_endpoint": "osm-extract",
        "tags": {
          "addr:city": "Edinburgh",
          "addr:housenumber": "72",
          "addr:postcode": "EH6 4HL",
          "addr:street": "North Fort Street",
          "amenity": "pub",
          "check_date": "2026-02-20",
          "lgbtq": "welcome",
          "name": "Dreadnought",
          "opening_hours": "Mo-Th 16:00-24:00; Fr-Sa 14:00-01:00; Su 14:00-22:00",
          "outdoor_seating": "yes",
          "payment:cash": "yes",
          "payment:credit_cards": "yes",
          "payment:debit_cards": "yes",
          "real_ale": "yes",
          "source": "survey",
          "website": "http://dreadnoughtleith.com/",
          "wheelchair": "no"
        }
      }
    },
    {
      "type": "Feature",
      "geometry": {
        "type": "Point",
        "coordinates": [
          -3.1913939,
          55.9478069
        ]
      },
      "properties": {
        "name": "Dropkick Murphys",
        "osm_type": "node",
        "osm_id": 4286858690,
        "address": "7 Merchant Street, Edinburgh, EH1 2QD",
        "house_name": "",
        "house_number": "7",
        "street": "Merchant Street",
        "suburb": "",
        "city": "Edinburgh",
        "postcode": "EH1 2QD",
        "country": "GB",
        "operator": "",
        "brewery": "",
        "website": "",
        "phone": "",
        "opening_hours": "",
        "cuisine": "",
        "food": "",
        "drink": "",
        "outdoor_seating": "",
        "indoor_seating": "",
        "internet_access": "",
        "real_ale": "",
        "real_cider": "",
        "live_music": "",
        "dog": "",
        "wheelchair": "",
        "toilets": "",
        "smoking": "",
        "wikidata": "",
        "wikipedia": "",
        "fetched_at_utc": "2026-10-07T11:41:12+00:00",
        "source_endpoint": "osm-extract",
        "tags": {
          "addr:city": "Edinburgh",
          "addr:country": "GB",
          "addr:housenumber": "7",
          "addr:postcode": "EH1 2QD",
          "addr:street": "Merchant Street",
          "amenity": "pub",
          "check_date": "2026-07-02",
          "fhrs:id": "64520",
          "name": "Dropkick Murphys"
        }
      }
    },
    {
      "type": "Feature",
      "geometry": {
        "type": "Point",
        "coordinates": [
          -3.1817525,
          55.9391025
        ]
      },
      "properties": {
        "name": "Drouthy Neebors",
        "osm_type": "node",
        "osm_id": 504318323,
        "address": "1 West Preston Street, Edinburgh, EH8 9PX",
        "house_name": "",
        "house_number": "1",
        "street": "West Preston Street",
        "suburb": "",
        "city": "Edinburgh",
        "postcode": "EH8 9PX",
        "country": "",
        "operator": "",
        "brewery": "",
        "website": "http://www.drouthyneebors-edinburgh.co.uk/",
        "phone": "+44 131 662 9617",
        "opening_hours": "",
        "cuisine": "",
        "food": "",
        "drink": "",
        "outdoor_seating": "",
        "indoor_seating": "",
        "internet_access": "",
        "real_ale": "",
        "real_cider": "",
        "live_music": "",
        "dog": "",
        "wheelchair": "no",
        "toilets": "",
        "smoking": "",
        "wikidata": "",
        "wikipedia": "",
        "fetched_at_utc": "2026-10-07T11:41:12+00:00",
        "source_endpoint": "osm-extract",
        "tags": {
          "addr:city": "Edinburgh",
          "addr:housenumber": "1",
          "addr:postcode": "EH8 9PX",
          "addr:street": "West Preston Street",
          "amenity": "pub",
          "check_date": "2026-09-28",
          "fhrs:id": "62651",
          "name": "Drouthy Neebors",
          "phone": "+44 131 662 9617",
          "source": "survey",
          "website": "http://www.drouthyneebors-edinburgh.co.uk/",
          "wheelchair": "no"
        }
      }
    },
    {
      "type": "Feature",
      "geometry": {
        "type": "Point",
        "coordinates": [
          -3.1699531,
          55.9701325
        ]
      },
      "properties": {
        "name": "Duke's",
        "osm_type": "node",
        "osm_id": 2401025497,
        "address": "31 Duke Street, Edinburgh, EH6 8HH",
        "house_name": "",
        "house_number": "31",
        "street": "Duke Street",
        "suburb": "",
        "city": "Edinburgh",
        "postcode": "EH6 8HH",
        "country": "",
        "operator": "",
        "brewery": "",
        "website": "",
        "phone": "",
        "opening_hours": "",
        "cuisine": "",
        "food": "",
        "drink": "",
        "outdoor_seating": "no",
        "indoor_seating": "yes",
        "internet_access": "",
        "real_ale": "",
        "real_cider": "",
        "live_music": "",
        "dog": "",
        "wheelchair": "",
        "toilets": "",
        "smoking": "",
        "wikidata": "",
        "wikipedia": "",
        "fetched_at_utc": "2026-10-07T11:41:12+00:00",
        "source_endpoint": "osm-extract",
        "tags": {
          "addr:city": "Edinburgh",
          "addr:housenumber": "31",
          "addr:postcode": "EH6 8HH",
          "addr:street": "Duke Street",
          "amenity": "pub",
          "check_date": "2024-08-31",
          "fhrs:id": "1677483",
          "indoor_seating": "yes",
          "name": "Duke's",
          "outdoor_seating": "no",
          "source": "survey"
        }
      }
    },
    {
      "type": "Feature",
      "geometry": {
        "type": "Point",
        "coordinates": [
          -3.1593614,
          55.9626907
        ]
      },
      "properties": {
        "name": "Edinburgh City FC Social Club",
        "osm_type": "node",
        "osm_id": 446392411,
        "address": "74, Lochend Road South",
        "house_name": "74",
        "house_number": "",
        "street": "Lochend Road South",
        "suburb": "",
        "city": "",
        "postcode": "",
        "country": "",
        "operator": "",
        "brewery": "",
        "website": "https://melttakeaway.co.uk/",
        "phone": "",
        "opening_hours": "Mo,Tu 17:00-23:00; We,Th 17:00-22:00; Sa 14:00-22:00; Su 14:00-24:00",
        "cuisine": "",
        "food": "",
        "drink": "",
        "outdoor_seating": "no",
        "indoor_seating": "yes",
        "internet_access": "",
        "real_ale": "",
        "real_cider": "",
        "live_music": "",
        "dog": "",
        "wheelchair": "",
        "toilets": "",
        "smoking": "",
        "wikidata": "",
        "wikipedia": "",
        "fetched_at_utc": "2026-10-07T11:41:12+00:00",
        "source_endpoint": "osm-extract",
        "tags": {
          "addr:housename": "74",
          "addr:street": "Lochend Road South",
          "amenity": "pub",
          "indoor_seating": "yes",
          "name": "Edinburgh City FC Social Club",
          "opening_hours": "Mo,Tu 17:00-23:00; We,Th 17:00-22:00; Sa 14:00-22:00; Su 14:00-24:00",
          "outdoor_seating": "no",
          "source": "survey",
          "website": "https://melttakeaway.co.uk/"
        }
      }
    },
    {
      "type": "Feature",
      "geometry": {
        "type": "Point",
        "coordinates": [
          -3.2311603,
          55.9386945
        ]
      },
      "properties": {
        "name": "Eighteen 74 Bar",
        "osm_type": "node",
        "osm_id": 10000355055,
        "address": "",
        "house_name": "",
        "house_number": "",
        "street": "",
        "suburb": "",
        "city": "",
        "postcode": "",
        "country": "",
        "operator": "",
        "brewery": "",
        "website": "",
        "phone": "",
        "opening_hours": "",
        "cuisine": "",
        "food": "",
        "drink": "",
        "outdoor_seating": "",
        "indoor_seating": "",
        "internet_access": "",
        "real_ale": "",
        "real_cider": "",
        "live_music": "",
        "dog": "",
        "wheelchair": "",
        "toilets": "",
        "smoking": "",
        "wikidata": "",
        "wikipedia": "",
        "fetched_at_utc": "2026-10-07T11:41:12+00:00",
        "source_endpoint": "osm-extract",
        "tags": {
          "amenity": "pub",
          "check_date": "2024-10-28",
          "name": "Eighteen 74 Bar"
        }
      }
    },
    {
      "type": "Feature",
      "geometry": {
        "type": "Point",
        "coordinates": [
          -3.2007308,
          55.9520584
        ]
      },
      "properties": {
        "name": "Element",
        "osm_type": "node",
        "osm_id": 1558442817,
        "address": "112-114 Rose Street, Edinburgh, EH2 3JF",
        "house_name": "",
        "house_number": "112-114",
        "street": "Rose Street",
        "suburb": "",
        "city": "Edinburgh",
        "postcode": "EH2 3JF",
        "country": "",
        "operator": "",
        "brewery": "",
        "website": "https://www.elementedinburgh.co.uk/",
        "phone": "",
        "opening_hours": "",
        "cuisine": "",
        "food": "",
        "drink": "",
        "outdoor_seating": "",
        "indoor_seating": "",
        "internet_access": "",
        "real_ale": "",
        "real_cider": "",
        "live_music": "",
        "dog": "",
        "wheelchair": "no",
        "toilets": "",
        "smoking": "",
        "wikidata": "",
        "wikipedia": "",
        "fetched_at_utc": "2026-10-07T11:41:12+00:00",
        "source_endpoint": "osm-extract",
        "tags": {
          "addr:city": "Edinburgh",
          "addr:housenumber": "112-114",
          "addr:postcode": "EH2 3JF",
          "addr:street": "Rose Street",
          "amenity": "pub",
          "check_date": "2026-01-13",
          "fhrs:id": "67781",
          "name": "Element",
          "source": "survey",
          "website": "https://www.elementedinburgh.co.uk/",
          "wheelchair": "no"
        }
      }
    },
    {
      "type": "Feature",
      "geometry": {
        "type": "Point",
        "coordinates": [
          -3.1944624,
          55.9492026
        ]
      },
      "properties": {
        "name": "Ensign Ewart",
        "osm_type": "node",
        "osm_id": 2338726779,
        "address": "521-523 Lawnmarket, Edinburgh, EH1 2PE",
        "house_name": "",
        "house_number": "521-523",
        "street": "Lawnmarket",
        "suburb": "",
        "city": "Edinburgh",
        "postcode": "EH1 2PE",
        "country": "GB",
        "operator": "",
        "brewery": "",
        "website": "",
        "phone": "",
        "opening_hours": "",
        "cuisine": "",
        "food": "",
        "drink": "",
        "outdoor_seating": "",
        "indoor_seating": "",
        "internet_access": "",
        "real_ale": "",
        "real_cider": "",
        "live_music": "",
        "dog": "",
        "wheelchair": "",
        "toilets": "",
        "smoking": "",
        "wikidata": "",
        "wikipedia": "",
        "fetched_at_utc": "2026-10-07T11:41:12+00:00",
        "source_endpoint": "osm-extract",
        "tags": {
          "addr:city": "Edinburgh",
          "addr:country": "GB",
          "addr:housenumber": "521-523",
          "addr:postcode": "EH1 2PE",
          "addr:street": "Lawnmarket",
          "amenity": "pub",
          "check_date": "2024-09-24",
          "fhrs:id": "122123",
          "name": "Ensign Ewart",
          "source": "survey"
        }
      }
    },
    {
      "type": "Feature",
      "geometry": {
        "type": "Point",
        "coordinates": [
          -3.2463516,
          55.9671796
        ]
      },
      "properties": {
        "name": "Ferry Boat Bar",
        "osm_type": "node",
        "osm_id": 3797104491,
        "address": "",
        "house_name": "",
        "house_number": "",
        "street": "",
        "suburb": "",
        "city": "",
        "postcode": "",
        "country": "",
        "operator": "",
        "brewery": "",
        "website": "",
        "phone": "",
        "opening_hours": "",
        "cuisine": "",
        "food": "",
        "drink": "",
        "outdoor_seating": "",
        "indoor_seating": "",
        "internet_access": "",
        "real_ale": "",
        "real_cider": "",
        "live_music": "",
        "dog": "",
        "wheelchair": "",
        "toilets": "",
        "smoking": "",
        "wikidata": "",
        "wikipedia": "",
        "fetched_at_utc": "2026-10-07T11:41:12+00:00",
        "source_endpoint": "osm-extract",
        "tags": {
          "amenity": "pub",
          "name": "Ferry Boat Bar",
          "source": "survey"
        }
      }
    },
    {
      "type": "Feature",
      "geometry": {
        "type": "Point",
        "coordinates": [
          -3.1978718,
          55.9468964
        ]
      },
      "properties": {
        "name": "Fiddler's Arms",
        "osm_type": "node",
        "osm_id": 1367308785,
        "address": "11-13 Grassmarket, Edinburgh, EH1 2HY",
        "house_name": "",
        "house_number": "11-13",
        "street": "Grassmarket",
        "suburb": "",
        "city": "Edinburgh",
        "postcode": "EH1 2HY",
        "country": "GB",
        "operator": "Old Town pub Co.",
        "brewery": "",
        "website": "https://www.thefiddlersarms.com/",
        "phone": "+44 1312290327",
        "opening_hours": "Mo-Th,Su 12:00-00:00; Fr-Sa 11:00-01:00",
        "cuisine": "",
        "food": "",
        "drink": "",
        "outdoor_seating": "yes",
        "indoor_seating": "",
        "internet_access": "wlan",
        "real_ale": "",
        "real_cider": "",
        "live_music": "",
        "dog": "",
        "wheelchair": "yes",
        "toilets": "yes",
        "smoking": "",
        "wikidata": "",
        "wikipedia": "",
        "fetched_at_utc": "2026-10-07T11:41:12+00:00",
        "source_endpoint": "osm-extract",
        "tags": {
          "addr:city": "Edinburgh",
          "addr:country": "GB",
          "addr:housenumber": "11-13",
          "addr:postcode": "EH1 2HY",
          "addr:street": "Grassmarket",
          "amenity": "pub",
          "check_date": "2025-09-28",
          "email": "info@thefiddlersarms.com",
          "fhrs:id": "133079",
          "internet_access": "wlan",
          "name": "Fiddler's Arms",
          "opening_hours": "Mo-Th,Su 12:00-00:00; Fr-Sa 11:00-01:00",
          "operator": "Old Town pub Co.",
          "outdoor_seating": "yes",
          "phone": "+44 1312290327",
          "toilets": "yes",
          "toilets:wheelchair": "yes",
          "website": "https://www.thefiddlersarms.com/",
          "wheelchair": "yes"
        }
      }
    },
    {
      "type": "Feature",
      "geometry": {
        "type": "Point",
        "coordinates": [
          -3.2053144,
          55.9514509
        ]
      },
      "properties": {
        "name": "Fierce Bar",
        "osm_type": "node",
        "osm_id": 41483829,
        "address": "167 Rose Street, Edinburgh, EH2 4LS",
        "house_name": "",
        "house_number": "167",
        "street": "Rose Street",
        "suburb": "",
        "city": "Edinburgh",
        "postcode": "EH2 4LS",
        "country": "",
        "operator": "",
        "brewery": "",
        "website": "https://fiercebeer.com/pages/edinburgh-bar",
        "phone": "+44 131 322 2552",
        "opening_hours": "Tu-Th 14:00-23:00; Fr-Sa 12:00-00:00; Su 12:00-23:00",
        "cuisine": "",
        "food": "",
        "drink": "",
        "outdoor_seating": "",
        "indoor_seating": "",
        "internet_access": "",
        "real_ale": "",
        "real_cider": "",
        "live_music": "",
        "dog": "",
        "wheelchair": "no",
        "toilets": "",
        "smoking": "",
        "wikidata": "",
        "wikipedia": "",
        "fetched_at_utc": "2026-10-07T11:41:12+00:00",
        "source_endpoint": "osm-extract",
        "tags": {
          "addr:city": "Edinburgh",
          "addr:housenumber": "167",
          "addr:postcode": "EH2 4LS",
          "addr:street": "Rose Street",
          "amenity": "pub",
          "contact:facebook": "FierceBarEdinburgh",
          "contact:instagram": "fiercebaredn",
          "email": "edinburghbar@fiercebeer.com",
          "fhrs:id": "1212935",
          "name": "Fierce Bar",
          "opening_hours": "Tu-Th 14:00-23:00; Fr-Sa 12:00-00:00; Su 12:00-23:00",
          "phone": "+44 131 322 2552",
          "source": "survey",
          "website": "https://fiercebeer.com/pages/edinburgh-bar",
          "wheelchair": "no"
        }
      }
    },
    {
      "type": "Feature",
      "geometry": {
        "type": "Point",
        "coordinates": [
          -3.1935392,
          55.948557
        ]
      },
      "properties": {
        "name": "Finnegan's Wake",
        "osm_type": "node",
        "osm_id": 2338328193,
        "address": "9B Victoria Street, Edinburgh, EH1 2HE",
        "house_name": "",
        "house_number": "9B",
        "street": "Victoria Street",
        "suburb": "",
        "city": "Edinburgh",
        "postcode": "EH1 2HE",
        "country": "GB",
        "operator": "Stonegate",
        "brewery": "",
        "website": "https://www.finnegans-wake.co.uk/",
        "phone": "",
        "opening_hours": "",
        "cuisine": "",
        "food": "",
        "drink": "",
        "outdoor_seating": "",
        "indoor_seating": "",
        "internet_access": "",
        "real_ale": "",
        "real_cider": "",
        "live_music": "",
        "dog": "",
        "wheelchair": "",
        "toilets": "",
        "smoking": "",
        "wikidata": "",
        "wikipedia": "",
        "fetched_at_utc": "2026-10-07T11:41:12+00:00",
        "source_endpoint": "osm-extract",
        "tags": {
          "addr:city": "Edinburgh",
          "addr:country": "GB",
          "addr:housenumber": "9B",
          "addr:postcode": "EH1 2HE",
          "addr:street": "Victoria Street",
          "amenity": "pub",
          "check_date": "2026-02-05",
          "fhrs:id": "51909",
          "name": "Finnegan's Wake",
          "operator": "Stonegate",
          "operator:wikidata": "Q7619176",
          "source": "survey",
          "website": "https://www.finnegans-wake.co.uk/"
        }
      }
    },
    {
      "type": "Feature",
      "geometry": {
        "type": "Point",
        "coordinates": [
          -3.2036644,
          55.946038
        ]
      },
      "properties": {
        "name": "Footlights Bar & Grill",
        "osm_type": "node",
        "osm_id": 634866813,
        "address": "7 Spittal Street, Edinburgh, EH3 9DY",
        "house_name": "",
        "house_number": "7",
        "street": "Spittal Street",
        "suburb": "",
        "city": "Edinburgh",
        "postcode": "EH3 9DY",
        "country": "",
        "operator": "",
        "brewery": "",
        "website": "https://www.footlightsbar.co.uk/",
        "phone": "",
        "opening_hours": "Mo-Su 10:00-01:00",
        "cuisine": "",
        "food": "",
        "drink": "",
        "outdoor_seating": "yes",
        "indoor_seating": "",
        "internet_access": "",
        "real_ale": "",
        "real_cider": "",
        "live_music": "",
        "dog": "",
        "wheelchair": "limited",
        "toilets": "",
        "smoking": "",
        "wikidata": "",
        "wikipedia": "",
        "fetched_at_utc": "2026-10-07T11:41:12+00:00",
        "source_endpoint": "osm-extract",
        "tags": {
          "addr:city": "Edinburgh",
          "addr:floor": "G",
          "addr:housenumber": "7",
          "addr:postcode": "EH3 9DY",
          "addr:street": "Spittal Street",
          "amenity": "pub",
          "check_date": "2026-04-04",
          "fhrs:id": "143146",
          "level": "0",
          "name": "Footlights Bar & Grill",
          "opening_hours": "Mo-Su 10:00-01:00",
          "outdoor_seating": "yes",
          "website": "https://www.footlightsbar.co.uk/",
          "wheelchair": "limited"
        }
      }
    },
    {
      "type": "Feature",
      "geometry": {
        "type": "Point",
        "coordinates": [
          -3.1759007,
          55.9727043
        ]
      },
      "properties": {
        "name": "Fox's Bar",
        "osm_type": "node",
        "osm_id": 585214849,
        "address": "8 Bonnington Road, Edinburgh, EH6 5JD",
        "house_name": "",
        "house_number": "8",
        "street": "Bonnington Road",
        "suburb": "",
        "city": "Edinburgh",
        "postcode": "EH6 5JD",
        "country": "",
        "operator": "",
        "brewery": "",
        "website": "",
        "phone": "+44 131 467 7640",
        "opening_hours": "Mo-Th 11:00-23:00; Fr-Sa 11:00-01:00; Su 12:00-23:00",
        "cuisine": "",
        "food": "",
        "drink": "",
        "outdoor_seating": "",
        "indoor_seating": "",
        "internet_access": "",
        "real_ale": "",
        "real_cider": "",
        "live_music": "",
        "dog": "",
        "wheelchair": "",
        "toilets": "",
        "smoking": "",
        "wikidata": "",
        "wikipedia": "",
        "fetched_at_utc": "2026-10-07T11:41:12+00:00",
        "source_endpoint": "osm-extract",
        "tags": {
          "addr:city": "Edinburgh",
          "addr:housenumber": "8",
          "addr:postcode": "EH6 5JD",
          "addr:street": "Bonnington Road",
          "amenity": "pub",
          "check_date": "2026-09-05",
          "fhrs:id": "661865",
          "name": "Fox's Bar",
          "opening_hours": "Mo-Th 11:00-23:00; Fr-Sa 11:00-01:00; Su 12:00-23:00",
          "phone": "+44 131 467 7640",
          "source": "survey",
          "source:addr": "FHRS Open Data"
        }
      }
    },
    {
      "type": "Feature",
      "geometry": {
        "type": "Point",
        "coordinates": [
          -3.1917057,
          55.94738
        ]
      },
      "properties": {
        "name": "Frankenstein",
        "osm_type": "node",
        "osm_id": 658120529,
        "address": "26 George IV Bridge, Edinburgh, EH1 1EN",
        "house_name": "",
        "house_number": "26",
        "street": "George IV Bridge",
        "suburb": "",
        "city": "Edinburgh",
        "postcode": "EH1 1EN",
        "country": "",
        "operator": "",
        "brewery": "",
        "website": "",
        "phone": "",
        "opening_hours": "",
        "cuisine": "",
        "food": "",
        "drink": "",
        "outdoor_seating": "",
        "indoor_seating": "",
        "internet_access": "",
        "real_ale": "",
        "real_cider": "",
        "live_music": "",
        "dog": "",
        "wheelchair": "",
        "toilets": "",
        "smoking": "",
        "wikidata": "",
        "wikipedia": "",
        "fetched_at_utc": "2026-10-07T11:41:12+00:00",
        "source_endpoint": "osm-extract",
        "tags": {
          "addr:city": "Edinburgh",
          "addr:housenumber": "26",
          "addr:postcode": "EH1 1EN",
          "addr:street": "George IV Bridge",
          "amenity": "pub",
          "check_date": "2026-01-05",
          "fhrs:id": "148964",
          "name": "Frankenstein",
          "source": "survey"
        }
      }
    },
    {
      "type": "Feature",
      "geometry": {
        "type": "Point",
        "coordinates": [
          -3.1775991,
          55.9746361
        ]
      },
      "properties": {
        "name": "Gladstones",
        "osm_type": "node",
        "osm_id": 3202941461,
        "address": "1-2 Mill Lane, Edinburgh, EH6 6TJ",
        "house_name": "",
        "house_number": "1-2",
        "street": "Mill Lane",
        "suburb": "",
        "city": "Edinburgh",
        "postcode": "EH6 6TJ",
        "country": "",
        "operator": "",
        "brewery": "",
        "website": "",
        "phone": "",
        "opening_hours": "",
        "cuisine": "",
        "food": "",
        "drink": "",
        "outdoor_seating": "",
        "indoor_seating": "",
        "internet_access": "",
        "real_ale": "",
        "real_cider": "",
        "live_music": "",
        "dog": "",
        "wheelchair": "",
        "toilets": "",
        "smoking": "",
        "wikidata": "",
        "wikipedia": "",
        "fetched_at_utc": "2026-10-07T11:41:12+00:00",
        "source_endpoint": "osm-extract",
        "tags": {
          "addr:city": "Edinburgh",
          "addr:housenumber": "1-2",
          "addr:postcode": "EH6 6TJ",
          "addr:street": "Mill Lane",
          "amenity": "pub",
          "check_date:opening_hours": "2022-10-04",
          "fhrs:id": "663709",
          "name": "Gladstones",
          "opening_hours:signed": "no",
          "source": "survey",
          "source:addr": "FHRS Open Data"
        }
      }
    },
    {
      "type": "Feature",
      "geometry": {
        "type": "Point",
        "coordinates": [
          -3.2350015,
          55.9332118
        ]
      },
      "properties": {
        "name": "Gray's Mill",
        "osm_type": "node",
        "osm_id": 482902104,
        "address": "",
        "house_name": "",
        "house_number": "",
        "street": "",
        "suburb": "",
        "city": "",
        "postcode": "",
        "country": "",
        "operator": "",
        "brewery": "",
        "website": "",
        "phone": "",
        "opening_hours": "",
        "cuisine": "",
        "food": "",
        "drink": "",
        "outdoor_seating": "",
        "indoor_seating": "",
        "internet_access": "",
        "real_ale": "",
        "real_cider": "",
        "live_music": "",
        "dog": "",
        "wheelchair": "",
        "toilets": "",
        "smoking": "",
        "wikidata": "",
        "wikipedia": "",
        "fetched_at_utc": "2026-10-07T11:41:12+00:00",
        "source_endpoint": "osm-extract",
        "tags": {
          "amenity": "pub",
          "check_date": "2026-03-21",
          "min_age": "18",
          "name": "Gray's Mill"
        }
      }
    },
    {
      "type": "Feature",
      "geometry": {
        "type": "Point",
        "coordinates": [
          -3.1837414,
          55.9438995
        ]
      },
      "properties": {
        "name": "Greenmantle",
        "osm_type": "node",
        "osm_id": 507247282,
        "address": "44 West Crosscauseway, Edinburgh, EH8 9JP",
        "house_name": "",
        "house_number": "44",
        "street": "West Crosscauseway",
        "suburb": "",
        "city": "Edinburgh",
        "postcode": "EH8 9JP",
        "country": "",
        "operator": "",
        "brewery": "",
        "website": "http://www.greenmantlepub.co.uk/",
        "phone": "",
        "opening_hours": "",
        "cuisine": "",
        "food": "",
        "drink": "",
        "outdoor_seating": "",
        "indoor_seating": "",
        "internet_access": "",
        "real_ale": "",
        "real_cider": "",
        "live_music": "",
        "dog": "",
        "wheelchair": "",
        "toilets": "",
        "smoking": "",
        "wikidata": "",
        "wikipedia": "",
        "fetched_at_utc": "2026-10-07T11:41:12+00:00",
        "source_endpoint": "osm-extract",
        "tags": {
          "addr:city": "Edinburgh",
          "addr:housenumber": "44",
          "addr:postcode": "EH8 9JP",
          "addr:street": "West Crosscauseway",
          "amenity": "pub",
          "check_date": "2024-10-29",
          "fhrs:id": "68613",
          "name": "Greenmantle",
          "postal_code": "EH8 9JP",
          "website": "http://www.greenmantlepub.co.uk/"
        }
      }
    },
    {
      "type": "Feature",
      "geometry": {
        "type": "Point",
        "coordinates": [
          -3.1663036,
          55.9331998
        ]
      },
      "properties": {
        "name": "Grey Horse",
        "osm_type": "node",
        "osm_id": 2503000429,
        "address": "200 Dalkeith Road, Edinburgh, EH16 5DT",
        "house_name": "",
        "house_number": "200",
        "street": "Dalkeith Road",
        "suburb": "",
        "city": "Edinburgh",
        "postcode": "EH16 5DT",
        "country": "",
        "operator": "",
        "brewery": "",
        "website": "https://www.greyhorse-edinburgh.co.uk/",
        "phone": "",
        "opening_hours": "",
        "cuisine": "",
        "food": "",
        "drink": "",
        "outdoor_seating": "",
        "indoor_seating": "",
        "internet_access": "",
        "real_ale": "",
        "real_cider": "",
        "live_music": "",
        "dog": "",
        "wheelchair": "",
        "toilets": "",
        "smoking": "",
        "wikidata": "",
        "wikipedia": "",
        "fetched_at_utc": "2026-10-07T11:41:12+00:00",
        "source_endpoint": "osm-extract",
        "tags": {
          "addr:city": "Edinburgh",
          "addr:housenumber": "200",
          "addr:postcode": "EH16 5DT",
          "addr:street": "Dalkeith Road",
          "amenity": "pub",
          "name": "Grey Horse",
          "source": "survey",
          "website": "https://www.greyhorse-edinburgh.co.uk/"
        }
      }
    },
    {
      "type": "Feature",
      "geometry": {
        "type": "Point",
        "coordinates": [
          -3.1915084,
          55.946823
        ]
      },
      "properties": {
        "name": "Greyfriars Bobby",
        "osm_type": "node",
        "osm_id": 2338734297,
        "address": "34 Candlemaker Row, Edinburgh, EH1 2QE",
        "house_name": "",
        "house_number": "34",
        "street": "Candlemaker Row",
        "suburb": "",
        "city": "Edinburgh",
        "postcode": "EH1 2QE",
        "country": "GB",
        "operator": "Nicholson's",
        "brewery": "",
        "website": "https://www.nicholsonspubs.co.uk/restaurants/scotlandandnorthernireland/greyfriarsbobbysbarcandlemakerrowedinburgh",
        "phone": "+44 131 225 8328",
        "opening_hours": "Mo-Th 11:00-23:00; Fr-Sa 11:00-24:00; Su 12:30-23:00",
        "cuisine": "",
        "food": "",
        "drink": "",
        "outdoor_seating": "yes",
        "indoor_seating": "yes",
        "internet_access": "",
        "real_ale": "",
        "real_cider": "",
        "live_music": "",
        "dog": "",
        "wheelchair": "limited",
        "toilets": "yes",
        "smoking": "",
        "wikidata": "",
        "wikipedia": "",
        "fetched_at_utc": "2026-10-07T11:41:12+00:00",
        "source_endpoint": "osm-extract",
        "tags": {
          "addr:city": "Edinburgh",
          "addr:country": "GB",
          "addr:housenumber": "34",
          "addr:postcode": "EH1 2QE",
          "addr:street": "Candlemaker Row",
          "amenity": "pub",
          "brand": "Nicholson's",
          "brand:wikidata": "Q113130666",
          "check_date": "2026-07-07",
          "fhrs:id": "118680",
          "indoor_seating": "yes",
          "name": "Greyfriars Bobby",
          "opening_hours": "Mo-Th 11:00-23:00; Fr-Sa 11:00-24:00; Su 12:30-23:00",
          "operator": "Nicholson's",
          "outdoor_seating": "yes",
          "phone": "+44 131 225 8328",
          "source": "survey",
          "toilets": "yes",
          "toilets:wheelchair": "yes",
          "website": "https://www.nicholsonspubs.co.uk/restaurants/scotlandandnorthernireland/greyfriarsbobbysbarcandlemakerrowedinburgh",
          "wheelchair": "limited"
        }
      }
    },
    {
      "type": "Feature",
      "geometry": {
        "type": "Point",
        "coordinates": [
          -3.1901937,
          55.9536732
        ]
      },
      "properties": {
        "name": "Guildford Arms",
        "osm_type": "node",
        "osm_id": 33185107,
        "address": "1-3 West Register Street, Edinburgh, EH2 2AA",
        "house_name": "",
        "house_number": "1-3",
        "street": "West Register Street",
        "suburb": "",
        "city": "Edinburgh",
        "postcode": "EH2 2AA",
        "country": "",
        "operator": "D.M. Stewart Ltd",
        "brewery": "",
        "website": "https://guildfordarms.com/",
        "phone": "+44 131 556 4312",
        "opening_hours": "",
        "cuisine": "",
        "food": "yes",
        "drink": "",
        "outdoor_seating": "no",
        "indoor_seating": "yes",
        "internet_access": "",
        "real_ale": "10 or so beers",
        "real_cider": "",
        "live_music": "",
        "dog": "",
        "wheelchair": "no",
        "toilets": "",
        "smoking": "",
        "wikidata": "",
        "wikipedia": "",
        "fetched_at_utc": "2026-10-07T11:41:12+00:00",
        "source_endpoint": "osm-extract",
        "tags": {
          "addr:city": "Edinburgh",
          "addr:housenumber": "1-3",
          "addr:postcode": "EH2 2AA",
          "addr:street": "West Register Street",
          "amenity": "pub",
          "check_date": "2024-07-25",
          "description": "Victorian pub including the Gallery restaurant upstairs. 18+ for bar downstairs and 5+ for Gallery restaurant with food.",
          "fhrs:id": "95924",
          "food": "yes",
          "indoor_seating": "yes",
          "min_age": "18",
          "min_age:conditional": "5 @ food",
          "name": "Guildford Arms",
          "operator": "D.M. Stewart Ltd",
          "outdoor_seating": "no",
          "phone": "+44 131 556 4312",
          "real_ale": "10 or so beers",
          "source": "survey",
          "website": "https://guildfordarms.com/",
          "wheelchair": "no"
        }
      }
    },
    {
      "type": "Feature",
      "geometry": {
        "type": "Point",
        "coordinates": [
          -3.1981407,
          55.9545337
        ]
      },
      "properties": {
        "name": "Hanover Tap",
        "osm_type": "node",
        "osm_id": 2100295733,
        "address": "112 Hanover Street, Edinburgh, EH2 1DR",
        "house_name": "",
        "house_number": "112",
        "street": "Hanover Street",
        "suburb": "",
        "city": "Edinburgh",
        "postcode": "EH2 1DR",
        "country": "GB",
        "operator": "Stonegate",
        "brewery": "",
        "website": "https://www.crafted-social.co.uk/hanover-tap-edinburgh",
        "phone": "+44 131 225 2022",
        "opening_hours": "Mo-Su 12:00-01:00",
        "cuisine": "",
        "food": "",
        "drink": "",
        "outdoor_seating": "",
        "indoor_seating": "",
        "internet_access": "",
        "real_ale": "",
        "real_cider": "",
        "live_music": "",
        "dog": "",
        "wheelchair": "",
        "toilets": "",
        "smoking": "",
        "wikidata": "",
        "wikipedia": "",
        "fetched_at_utc": "2026-10-07T11:41:12+00:00",
        "source_endpoint": "osm-extract",
        "tags": {
          "addr:city": "Edinburgh",
          "addr:country": "GB",
          "addr:housenumber": "112",
          "addr:postcode": "EH2 1DR",
          "addr:street": "Hanover Street",
          "amenity": "pub",
          "check_date": "2024-01-26",
          "fhrs:id": "93599",
          "name": "Hanover Tap",
          "opening_hours": "Mo-Su 12:00-01:00",
          "operator": "Stonegate",
          "operator:wikidata": "Q7619176",
          "phone": "+44 131 225 2022",
          "website": "https://www.crafted-social.co.uk/hanover-tap-edinburgh"
        }
      }
    },
    {
      "type": "Feature",
      "geometry": {
        "type": "Point",
        "coordinates": [
          -3.2161818,
          55.9463839
        ]
      },
      "properties": {
        "name": "Haymarket",
        "osm_type": "node",
        "osm_id": 705831581,
        "address": "11-14A West Maitland Street, Edinburgh, EH12 5DS",
        "house_name": "",
        "house_number": "11-14A",
        "street": "West Maitland Street",
        "suburb": "",
        "city": "Edinburgh",
        "postcode": "EH12 5DS",
        "country": "",
        "operator": "",
        "brewery": "",
        "website": "https://www.nicholsonspubs.co.uk/haymarketedinburgh/",
        "phone": "+44 131 228 2537",
        "opening_hours": "Mo-Th 10:00-00:00; Fr-Sa 10:00-01:00; Su 11:00-00:00",
        "cuisine": "",
        "food": "",
        "drink": "",
        "outdoor_seating": "yes",
        "indoor_seating": "yes",
        "internet_access": "",
        "real_ale": "",
        "real_cider": "",
        "live_music": "",
        "dog": "",
        "wheelchair": "",
        "toilets": "",
        "smoking": "",
        "wikidata": "",
        "wikipedia": "",
        "fetched_at_utc": "2026-10-07T11:41:12+00:00",
        "source_endpoint": "osm-extract",
        "tags": {
          "addr:city": "Edinburgh",
          "addr:housenumber": "11-14A",
          "addr:postcode": "EH12 5DS",
          "addr:street": "West Maitland Street",
          "amenity": "pub",
          "check_date": "2026-09-26",
          "fhrs:id": "114643",
          "indoor_seating": "yes",
          "name": "Haymarket",
          "opening_hours": "Mo-Th 10:00-00:00; Fr-Sa 10:00-01:00; Su 11:00-00:00",
          "outdoor_seating": "yes",
          "phone": "+44 131 228 2537",
          "source": "survey",
          "source:addr": "FHRS Open Data",
          "website": "https://www.nicholsonspubs.co.uk/haymarketedinburgh/"
        }
      }
    },
    {
      "type": "Feature",
      "geometry": {
        "type": "Point",
        "coordinates": [
          -3.1907041,
          55.9508675
        ]
      },
      "properties": {
        "name": "Hebrides Bar",
        "osm_type": "node",
        "osm_id": 1558429123,
        "address": "17 Market Street, Edinburgh, EH1 1DE",
        "house_name": "",
        "house_number": "17",
        "street": "Market Street",
        "suburb": "",
        "city": "Edinburgh",
        "postcode": "EH1 1DE",
        "country": "",
        "operator": "",
        "brewery": "",
        "website": "",
        "phone": "+44 131 220 4213",
        "opening_hours": "",
        "cuisine": "",
        "food": "",
        "drink": "",
        "outdoor_seating": "",
        "indoor_seating": "",
        "internet_access": "wlan",
        "real_ale": "",
        "real_cider": "",
        "live_music": "",
        "dog": "",
        "wheelchair": "limited",
        "toilets": "",
        "smoking": "",
        "wikidata": "",
        "wikipedia": "",
        "fetched_at_utc": "2026-10-07T11:41:12+00:00",
        "source_endpoint": "osm-extract",
        "tags": {
          "addr:city": "Edinburgh",
          "addr:housenumber": "17",
          "addr:postcode": "EH1 1DE",
          "addr:street": "Market Street",
          "amenity": "pub",
          "check_date": "2025-09-22",
          "internet_access": "wlan",
          "name": "Hebrides Bar",
          "phone": "+44 131 220 4213",
          "source": "survey",
          "toilets:wheelchair": "no",
          "wheelchair": "limited"
        }
      }
    },
    {
      "type": "Feature",
      "geometry": {
        "type": "Point",
        "coordinates": [
          -3.2134952,
          55.9460249
        ]
      },
      "properties": {
        "name": "Hebrides West End",
        "osm_type": "node",
        "osm_id": 705831578,
        "address": "185 Morrison Street, Edinburgh, EH3 8DZ",
        "house_name": "",
        "house_number": "185",
        "street": "Morrison Street",
        "suburb": "",
        "city": "Edinburgh",
        "postcode": "EH3 8DZ",
        "country": "",
        "operator": "",
        "brewery": "",
        "website": "",
        "phone": "",
        "opening_hours": "",
        "cuisine": "",
        "food": "",
        "drink": "",
        "outdoor_seating": "",
        "indoor_seating": "",
        "internet_access": "",
        "real_ale": "",
        "real_cider": "",
        "live_music": "",
        "dog": "",
        "wheelchair": "no",
        "toilets": "",
        "smoking": "",
        "wikidata": "",
        "wikipedia": "",
        "fetched_at_utc": "2026-10-07T11:41:12+00:00",
        "source_endpoint": "osm-extract",
        "tags": {
          "addr:city": "Edinburgh",
          "addr:housenumber": "185",
          "addr:postcode": "EH3 8DZ",
          "addr:street": "Morrison Street",
          "amenity": "pub",
          "check_date": "2025-10-12",
          "name": "Hebrides West End",
          "old_name": "Monty's",
          "source": "survey",
          "source:addr": "FHRS Open Data",
          "wheelchair": "no"
        }
      }
    },
    {
      "type": "Feature",
      "geometry": {
        "type": "Point",
        "coordinates": [
          -3.2096834,
          55.9587858
        ]
      },
      "properties": {
        "name": "Hectors",
        "osm_type": "node",
        "osm_id": 585214834,
        "address": "47-49 Deanhaugh Street, Edinburgh, EH4 1LR",
        "house_name": "",
        "house_number": "47-49",
        "street": "Deanhaugh Street",
        "suburb": "",
        "city": "Edinburgh",
        "postcode": "EH4 1LR",
        "country": "",
        "operator": "",
        "brewery": "",
        "website": "https://www.hectorsstockbridge.co.uk/",
        "phone": "",
        "opening_hours": "",
        "cuisine": "",
        "food": "",
        "drink": "",
        "outdoor_seating": "",
        "indoor_seating": "",
        "internet_access": "",
        "real_ale": "",
        "real_cider": "",
        "live_music": "",
        "dog": "",
        "wheelchair": "yes",
        "toilets": "",
        "smoking": "",
        "wikidata": "",
        "wikipedia": "",
        "fetched_at_utc": "2026-10-07T11:41:12+00:00",
        "source_endpoint": "osm-extract",
        "tags": {
          "addr:city": "Edinburgh",
          "addr:housenumber": "47-49",
          "addr:postcode": "EH4 1LR",
          "addr:street": "Deanhaugh Street",
          "amenity": "pub",
          "check_date": "2026-06-08",
          "check_date:opening_hours": "2026-06-08",
          "fhrs:id": "522909",
          "name": "Hectors",
          "opening_hours:signed": "no",
          "source": "survey",
          "website": "https://www.hectorsstockbridge.co.uk/",
          "wheelchair": "yes"
        }
      }
    },
    {
      "type": "Feature",
      "geometry": {
        "type": "Point",
        "coordinates": [
          -3.1710139,
          55.9632264
        ]
      },
      "properties": {
        "name": "Iona Bar",
        "osm_type": "node",
        "osm_id": 2498181364,
        "address": "203 Easter Road, Edinburgh, EH6 8LF",
        "house_name": "",
        "house_number": "203",
        "street": "Easter Road",
        "suburb": "",
        "city": "Edinburgh",
        "postcode": "EH6 8LF",
        "country": "GB",
        "operator": "",
        "brewery": "",
        "website": "",
        "phone": "+44 131 554 5180",
        "opening_hours": "",
        "cuisine": "",
        "food": "",
        "drink": "",
        "outdoor_seating": "yes",
        "indoor_seating": "yes",
        "internet_access": "wlan",
        "real_ale": "",
        "real_cider": "",
        "live_music": "",
        "dog": "",
        "wheelchair": "limited",
        "toilets": "",
        "smoking": "",
        "wikidata": "",
        "wikipedia": "",
        "fetched_at_utc": "2026-10-07T11:41:12+00:00",
        "source_endpoint": "osm-extract",
        "tags": {
          "addr:city": "Edinburgh",
          "addr:country": "GB",
          "addr:housenumber": "203",
          "addr:postcode": "EH6 8LF",
          "addr:street": "Easter Road",
          "amenity": "pub",
          "check_date": "2024-07-01",
          "contact:facebook": "https://www.facebook.com/iona.bar",
          "fhrs:id": "661758",
          "indoor_seating": "yes",
          "internet_access": "wlan",
          "internet_access:fee": "customers",
          "name": "Iona Bar",
          "outdoor_seating": "yes",
          "payment:cash": "yes",
          "payment:credit_cards": "yes",
          "payment:debit_cards": "yes",
          "phone": "+44 131 554 5180",
          "wheelchair": "limited"
        }
      }
    },
    {
      "type": "Feature",
      "geometry": {
        "type": "Point",
        "coordinates": [
          -3.1836243,
          55.9583594
        ]
      },
      "properties": {
        "name": "Jeremiah's Taproom",
        "osm_type": "node",
        "osm_id": 1249972539,
        "address": "7-8 Elm Row, Edinburgh, EH7 4AA",
        "house_name": "",
        "house_number": "7-8",
        "street": "Elm Row",
        "suburb": "",
        "city": "Edinburgh",
        "postcode": "EH7 4AA",
        "country": "",
        "operator": "",
        "brewery": "",
        "website": "https://www.jeremiahstaproom.co.uk/",
        "phone": "+44 131 556 8201",
        "opening_hours": "",
        "cuisine": "fish_and_chips",
        "food": "",
        "drink": "",
        "outdoor_seating": "seasonal",
        "indoor_seating": "yes",
        "internet_access": "wlan",
        "real_ale": "1",
        "real_cider": "",
        "live_music": "",
        "dog": "",
        "wheelchair": "",
        "toilets": "yes",
        "smoking": "",
        "wikidata": "",
        "wikipedia": "",
        "fetched_at_utc": "2026-10-07T11:41:12+00:00",
        "source_endpoint": "osm-extract",
        "tags": {
          "addr:city": "Edinburgh",
          "addr:housenumber": "7-8",
          "addr:postcode": "EH7 4AA",
          "addr:street": "Elm Row",
          "amenity": "pub",
          "check_date": "2026-09-04",
          "contact:facebook": "jeremiahstaproom",
          "contact:instagram": "jeremiahs_taproom",
          "cuisine": "fish_and_chips",
          "diet:vegan": "yes",
          "diet:vegetarian": "yes",
          "fhrs:id": "522918",
          "indoor_seating": "yes",
          "internet_access": "wlan",
          "internet_access:fee": "customers",
          "internet_access:ssid": "Jeremiahs",
          "microbrewery": "no",
          "min_age": "none",
          "name": "Jeremiah's Taproom",
          "outdoor_seating": "seasonal",
          "payment:american_express": "yes",
          "payment:mastercard": "yes",
          "payment:visa": "yes",
          "phone": "+44 131 556 8201",
          "real_ale": "1",
          "real_fire": "no",
          "source": "survey",
          "toilets": "yes",
          "toilets:wheelchair": "no",
          "website": "https://www.jeremiahstaproom.co.uk/"
        }
      }
    },
    {
      "type": "Feature",
      "geometry": {
        "type": "Point",
        "coordinates": [
          -3.1780885,
          55.9339659
        ]
      },
      "properties": {
        "name": "John Leslie",
        "osm_type": "node",
        "osm_id": 319517883,
        "address": "47 Ratcliffe Terrace, Edinburgh, EH9 1SU",
        "house_name": "",
        "house_number": "47",
        "street": "Ratcliffe Terrace",
        "suburb": "",
        "city": "Edinburgh",
        "postcode": "EH9 1SU",
        "country": "GB",
        "operator": "",
        "brewery": "various",
        "website": "",
        "phone": "+44 131 667 7205",
        "opening_hours": "",
        "cuisine": "",
        "food": "",
        "drink": "",
        "outdoor_seating": "",
        "indoor_seating": "",
        "internet_access": "",
        "real_ale": "",
        "real_cider": "",
        "live_music": "",
        "dog": "",
        "wheelchair": "",
        "toilets": "",
        "smoking": "",
        "wikidata": "",
        "wikipedia": "",
        "fetched_at_utc": "2026-10-07T11:41:12+00:00",
        "source_endpoint": "osm-extract",
        "tags": {
          "addr:city": "Edinburgh",
          "addr:country": "GB",
          "addr:housenumber": "47",
          "addr:postcode": "EH9 1SU",
          "addr:street": "Ratcliffe Terrace",
          "alt_name": "Leslie's Bar",
          "amenity": "pub",
          "brewery": "various",
          "check_date": "2024-07-31",
          "name": "John Leslie",
          "phone": "+44 131 667 7205"
        }
      }
    },
    {
      "type": "Feature",
      "geometry": {
        "type": "Point",
        "coordinates": [
          -3.1830162,
          55.9589898
        ]
      },
      "properties": {
        "name": "Joseph Pearce",
        "osm_type": "node",
        "osm_id": 1369533379,
        "address": "23 Elm Row, Edinburgh, EH7 4AA",
        "house_name": "",
        "house_number": "23",
        "street": "Elm Row",
        "suburb": "",
        "city": "Edinburgh",
        "postcode": "EH7 4AA",
        "country": "",
        "operator": "",
        "brewery": "",
        "website": "https://www.josephpearceedinburgh.co.uk/",
        "phone": "+44 131 556 4140",
        "opening_hours": "Mo-We 15:00-24:00; Th,Su 12:00-24:00; Fr-Sa 12:00-01:00",
        "cuisine": "",
        "food": "",
        "drink": "",
        "outdoor_seating": "yes",
        "indoor_seating": "yes",
        "internet_access": "",
        "real_ale": "no",
        "real_cider": "",
        "live_music": "",
        "dog": "",
        "wheelchair": "",
        "toilets": "",
        "smoking": "",
        "wikidata": "",
        "wikipedia": "",
        "fetched_at_utc": "2026-10-07T11:41:12+00:00",
        "source_endpoint": "osm-extract",
        "tags": {
          "addr:city": "Edinburgh",
          "addr:housenumber": "23",
          "addr:postcode": "EH7 4AA",
          "addr:street": "Elm Row",
          "amenity": "pub",
          "brand": "Star Pubs & Bars",
          "brand:wikidata": "Q124504786",
          "check_date": "2026-02-03",
          "fhrs:id": "1971915",
          "indoor_seating": "yes",
          "name": "Joseph Pearce",
          "opening_hours": "Mo-We 15:00-24:00; Th,Su 12:00-24:00; Fr-Sa 12:00-01:00",
          "outdoor_seating": "yes",
          "phone": "+44 131 556 4140",
          "real_ale": "no",
          "real_fire": "no",
          "source": "survey",
          "source:addr": "FHRS Open Data",
          "website": "https://www.josephpearceedinburgh.co.uk/"
        }
      }
    },
    {
      "type": "Feature",
      "geometry": {
        "type": "Point",
        "coordinates": [
          -3.2050284,
          55.9557144
        ]
      },
      "properties": {
        "name": "Kay's Bar",
        "osm_type": "node",
        "osm_id": 1608938020,
        "address": "39 Jamaica Street West, Edinburgh, EH3 6HF",
        "house_name": "",
        "house_number": "39",
        "street": "Jamaica Street West",
        "suburb": "",
        "city": "Edinburgh",
        "postcode": "EH3 6HF",
        "country": "",
        "operator": "",
        "brewery": "",
        "website": "https://www.kaysbar.uk",
        "phone": "+44 131 225 1858",
        "opening_hours": "Mo-Th 11:00-23:00; Fr-Sa 11:00-00:00; Su 12:30-23:00",
        "cuisine": "",
        "food": "",
        "drink": "",
        "outdoor_seating": "",
        "indoor_seating": "",
        "internet_access": "",
        "real_ale": "",
        "real_cider": "",
        "live_music": "",
        "dog": "",
        "wheelchair": "",
        "toilets": "",
        "smoking": "",
        "wikidata": "",
        "wikipedia": "",
        "fetched_at_utc": "2026-10-07T11:41:12+00:00",
        "source_endpoint": "osm-extract",
        "tags": {
          "addr:city": "Edinburgh",
          "addr:housenumber": "39",
          "addr:postcode": "EH3 6HF",
          "addr:street": "Jamaica Street West",
          "amenity": "pub",
          "contact:facebook": "kaysbaredinburgh",
          "contact:instagram": "kaysbaredinburgh",
          "fhrs:id": "94418",
          "name": "Kay's Bar",
          "opening_hours": "Mo-Th 11:00-23:00; Fr-Sa 11:00-00:00; Su 12:30-23:00",
          "phone": "+44 131 225 1858",
          "source": "survey",
          "source:addr": "FHRS Open Data",
          "website": "https://www.kaysbar.uk"
        }
      }
    },
    {
      "type": "Feature",
      "geometry": {
        "type": "Point",
        "coordinates": [
          -3.1876694,
          55.9572622
        ]
      },
      "properties": {
        "name": "Keller",
        "osm_type": "node",
        "osm_id": 11555359615,
        "address": "23-27 Broughton Street Lane, Edinburgh, EH1 3JU",
        "house_name": "",
        "house_number": "23-27",
        "street": "Broughton Street Lane",
        "suburb": "",
        "city": "Edinburgh",
        "postcode": "EH1 3JU",
        "country": "",
        "operator": "",
        "brewery": "",
        "website": "",
        "phone": "",
        "opening_hours": "",
        "cuisine": "",
        "food": "",
        "drink": "",
        "outdoor_seating": "",
        "indoor_seating": "",
        "internet_access": "",
        "real_ale": "1",
        "real_cider": "",
        "live_music": "",
        "dog": "",
        "wheelchair": "",
        "toilets": "yes",
        "smoking": "",
        "wikidata": "",
        "wikipedia": "",
        "fetched_at_utc": "2026-10-07T11:41:12+00:00",
        "source_endpoint": "osm-extract",
        "tags": {
          "addr:city": "Edinburgh",
          "addr:housenumber": "23-27",
          "addr:postcode": "EH1 3JU",
          "addr:street": "Broughton Street Lane",
          "amenity": "pub",
          "check_date": "2025-10-21",
          "check_date:opening_hours": "2025-10-21",
          "contact:facebook": "https://www.facebook.com/thekellertaproom",
          "contact:instagram": "https://www.instagram.com/kellertaproom",
          "contact:website": "https://www.kellertaproom.com/",
          "email": "contact@kellertaproom.com",
          "fhrs:id": "1960692",
          "microbrewery": "yes",
          "name": "Keller",
          "opening_hours:signed": "no",
          "real_ale": "1",
          "real_fire": "no",
          "source:addr": "FHRS Open Data",
          "toilets": "yes",
          "toilets:wheelchair": "no"
        }
      }
    },
    {
      "type": "Feature",
      "geometry": {
        "type": "Point",
        "coordinates": [
          -3.2033384,
          55.942653
        ]
      },
      "properties": {
        "name": "Kings Arms",
        "osm_type": "node",
        "osm_id": 2341277531,
        "address": "45 Home Street, Edinburgh, EH3 9JP",
        "house_name": "",
        "house_number": "45",
        "street": "Home Street",
        "suburb": "",
        "city": "Edinburgh",
        "postcode": "EH3 9JP",
        "country": "",
        "operator": "",
        "brewery": "",
        "website": "",
        "phone": "",
        "opening_hours": "",
        "cuisine": "",
        "food": "",
        "drink": "",
        "outdoor_seating": "",
        "indoor_seating": "",
        "internet_access": "",
        "real_ale": "",
        "real_cider": "",
        "live_music": "",
        "dog": "",
        "wheelchair": "",
        "toilets": "",
        "smoking": "",
        "wikidata": "",
        "wikipedia": "",
        "fetched_at_utc": "2026-10-07T11:41:12+00:00",
        "source_endpoint": "osm-extract",
        "tags": {
          "addr:city": "Edinburgh",
          "addr:housenumber": "45",
          "addr:postcode": "EH3 9JP",
          "addr:street": "Home Street",
          "amenity": "pub",
          "check_date": "2026-07-09",
          "fhrs:id": "117419",
          "name": "Kings Arms"
        }
      }
    },
    {
      "type": "Feature",
      "geometry": {
        "type": "Point",
        "coordinates": [
          -3.1727609,
          55.9687992
        ]
      },
      "properties": {
        "name": "Leith Arches",
        "osm_type": "node",
        "osm_id": 3214491856,
        "address": "6 Manderston Street, Edinburgh",
        "house_name": "",
        "house_number": "6",
        "street": "Manderston Street",
        "suburb": "",
        "city": "Edinburgh",
        "postcode": "",
        "country": "",
        "operator": "",
        "brewery": "",
        "website": "https://www.leitharches.com/",
        "phone": "+44 131 555 2002",
        "opening_hours": "",
        "cuisine": "",
        "food": "",
        "drink": "",
        "outdoor_seating": "",
        "indoor_seating": "",
        "internet_access": "",
        "real_ale": "",
        "real_cider": "",
        "live_music": "",
        "dog": "",
        "wheelchair": "",
        "toilets": "",
        "smoking": "",
        "wikidata": "",
        "wikipedia": "",
        "fetched_at_utc": "2026-10-07T11:41:12+00:00",
        "source_endpoint": "osm-extract",
        "tags": {
          "addr:city": "Edinburgh",
          "addr:housenumber": "6",
          "addr:street": "Manderston Street",
          "amenity": "pub",
          "check_date": "2022-11-10",
          "email": "leitharches@gmail.com",
          "name": "Leith Arches",
          "phone": "+44 131 555 2002",
          "source": "survey",
          "website": "https://www.leitharches.com/"
        }
      }
    },
    {
      "type": "Feature",
      "geometry": {
        "type": "Point",
        "coordinates": [
          -3.1741393,
          55.9682176
        ]
      },
      "properties": {
        "name": "Leith Depot",
        "osm_type": "node",
        "osm_id": 2425708230,
        "address": "138-140 Leith Walk, Edinburgh, EH6 5DT",
        "house_name": "",
        "house_number": "138-140",
        "street": "Leith Walk",
        "suburb": "",
        "city": "Edinburgh",
        "postcode": "EH6 5DT",
        "country": "",
        "operator": "",
        "brewery": "",
        "website": "https://leithdepot.com/",
        "phone": "+44 131 555 4738",
        "opening_hours": "Mo-We 12:00-00:00; Th-Sa 12:00-01:00; Su 12:00-24:00",
        "cuisine": "",
        "food": "",
        "drink": "",
        "outdoor_seating": "yes",
        "indoor_seating": "",
        "internet_access": "",
        "real_ale": "",
        "real_cider": "",
        "live_music": "",
        "dog": "",
        "wheelchair": "",
        "toilets": "",
        "smoking": "",
        "wikidata": "",
        "wikipedia": "",
        "fetched_at_utc": "2026-10-07T11:41:12+00:00",
        "source_endpoint": "osm-extract",
        "tags": {
          "addr:city": "Edinburgh",
          "addr:housenumber": "138-140",
          "addr:postcode": "EH6 5DT",
          "addr:street": "Leith Walk",
          "amenity": "pub",
          "check_date": "2025-08-30",
          "contact:facebook": "leithdepot",
          "contact:instagram": "leithdepot138",
          "fhrs:id": "834098",
          "highchair": "yes",
          "name": "Leith Depot",
          "opening_hours": "Mo-We 12:00-00:00; Th-Sa 12:00-01:00; Su 12:00-24:00",
          "outdoor_seating": "yes",
          "payment:mastercard": "yes",
          "payment:visa": "yes",
          "phone": "+44 131 555 4738",
          "real_fire": "no",
          "source": "survey",
          "website": "https://leithdepot.com/"
        }
      }
    },
    {
      "type": "Feature",
      "geometry": {
        "type": "Point",
        "coordinates": [
          -3.1699584,
          55.9708178
        ]
      },
      "properties": {
        "name": "Leith Dockers Social Club",
        "osm_type": "node",
        "osm_id": 588498451,
        "address": "17-17A Academy Street, Edinburgh, EH6 7EE",
        "house_name": "",
        "house_number": "17-17A",
        "street": "Academy Street",
        "suburb": "",
        "city": "Edinburgh",
        "postcode": "EH6 7EE",
        "country": "",
        "operator": "",
        "brewery": "",
        "website": "https://leithdockersclub.co.uk/",
        "phone": "+44 131 467 7879",
        "opening_hours": "Mo-Th 11:00-12:00; Fr-Sa 11:00-01:00; Su 10:00-12:00",
        "cuisine": "",
        "food": "",
        "drink": "",
        "outdoor_seating": "yes",
        "indoor_seating": "",
        "internet_access": "",
        "real_ale": "",
        "real_cider": "",
        "live_music": "",
        "dog": "",
        "wheelchair": "",
        "toilets": "",
        "smoking": "isolated",
        "wikidata": "",
        "wikipedia": "",
        "fetched_at_utc": "2026-10-07T11:41:12+00:00",
        "source_endpoint": "osm-extract",
        "tags": {
          "addr:city": "Edinburgh",
          "addr:housenumber": "17-17A",
          "addr:postcode": "EH6 7EE",
          "addr:street": "Academy Street",
          "alt_name": "Leith Dockers Club",
          "amenity": "pub",
          "fhrs:id": "663655",
          "loc_name": "The Dockers",
          "name": "Leith Dockers Social Club",
          "opening_hours": "Mo-Th 11:00-12:00; Fr-Sa 11:00-01:00; Su 10:00-12:00",
          "outdoor_seating": "yes",
          "phone": "+44 131 467 7879",
          "smoking": "isolated",
          "source": "survey",
          "start_date": "1946",
          "website": "https://leithdockersclub.co.uk/"
        }
      }
    },
    {
      "type": "Feature",
      "geometry": {
        "type": "Point",
        "coordinates": [
          -3.1729902,
          55.9710118
        ]
      },
      "properties": {
        "name": "Leith Social Club",
        "osm_type": "node",
        "osm_id": 2664349953,
        "address": "39 Great Junction Street, Edinburgh, EH6 5HX",
        "house_name": "",
        "house_number": "39",
        "street": "Great Junction Street",
        "suburb": "",
        "city": "Edinburgh",
        "postcode": "EH6 5HX",
        "country": "",
        "operator": "",
        "brewery": "",
        "website": "",
        "phone": "",
        "opening_hours": "",
        "cuisine": "",
        "food": "",
        "drink": "",
        "outdoor_seating": "",
        "indoor_seating": "",
        "internet_access": "",
        "real_ale": "",
        "real_cider": "",
        "live_music": "",
        "dog": "",
        "wheelchair": "",
        "toilets": "",
        "smoking": "",
        "wikidata": "",
        "wikipedia": "",
        "fetched_at_utc": "2026-10-07T11:41:12+00:00",
        "source_endpoint": "osm-extract",
        "tags": {
          "addr:city": "Edinburgh",
          "addr:housenumber": "39",
          "addr:postcode": "EH6 5HX",
          "addr:street": "Great Junction Street",
          "amenity": "pub",
          "check_date:opening_hours": "2026-10-01",
          "contact:instagram": "https://www.instagram.com/leith_socialclub",
          "name": "Leith Social Club",
          "opening_hours:signed": "no",
          "source": "survey",
          "source:addr": "FHRS Open Data"
        }
      }
    },
    {
      "type": "Feature",
      "geometry": {
        "type": "Point",
        "coordinates": [
          -3.2449907,
          55.9335481
        ]
      },
      "properties": {
        "name": "Luckies",
        "osm_type": "node",
        "osm_id": 250234765,
        "address": "437 Gorgie Road, Edinburgh, EH11 2RT",
        "house_name": "",
        "house_number": "437",
        "street": "Gorgie Road",
        "suburb": "",
        "city": "Edinburgh",
        "postcode": "EH11 2RT",
        "country": "GB",
        "operator": "",
        "brewery": "",
        "website": "",
        "phone": "",
        "opening_hours": "",
        "cuisine": "yea",
        "food": "",
        "drink": "",
        "outdoor_seating": "",
        "indoor_seating": "",
        "internet_access": "",
        "real_ale": "",
        "real_cider": "",
        "live_music": "",
        "dog": "",
        "wheelchair": "",
        "toilets": "",
        "smoking": "",
        "wikidata": "",
        "wikipedia": "",
        "fetched_at_utc": "2026-10-07T11:41:12+00:00",
        "source_endpoint": "osm-extract",
        "tags": {
          "addr:city": "Edinburgh",
          "addr:country": "GB",
          "addr:housenumber": "437",
          "addr:postcode": "EH11 2RT",
          "addr:street": "Gorgie Road",
          "amenity": "pub",
          "check_date": "2024-11-02",
          "cuisine": "yea",
          "fhrs:id": "1011974;1799598",
          "name": "Luckies",
          "old_name": "Horseshoe Inn"
        }
      }
    },
    {
      "type": "Feature",
      "geometry": {
        "type": "Point",
        "coordinates": [
          -3.1814174,
          55.9511886
        ]
      },
      "properties": {
        "name": "MacKays on the Mile",
        "osm_type": "node",
        "osm_id": 10860672669,
        "address": "223 Canongate, Edinburgh, EH8 8BJ",
        "house_name": "",
        "house_number": "223",
        "street": "Canongate",
        "suburb": "",
        "city": "Edinburgh",
        "postcode": "EH8 8BJ",
        "country": "",
        "operator": "Old Town pub Co.",
        "brewery": "",
        "website": "https://mackaysonthemile.com/",
        "phone": "+44 131 558 7425",
        "opening_hours": "Mo-Su 08:00-23:00",
        "cuisine": "",
        "food": "",
        "drink": "",
        "outdoor_seating": "yes",
        "indoor_seating": "",
        "internet_access": "",
        "real_ale": "",
        "real_cider": "",
        "live_music": "",
        "dog": "",
        "wheelchair": "yes",
        "toilets": "",
        "smoking": "",
        "wikidata": "",
        "wikipedia": "",
        "fetched_at_utc": "2026-10-07T11:41:12+00:00",
        "source_endpoint": "osm-extract",
        "tags": {
          "addr:city": "Edinburgh",
          "addr:housenumber": "223",
          "addr:postcode": "EH8 8BJ",
          "addr:street": "Canongate",
          "amenity": "pub",
          "check_date": "2026-09-20",
          "contact:facebook": "https://www.facebook.com/Mackaysonthemile",
          "email": "reservations@mackaysonthemile.com",
          "fhrs:id": "1634413",
          "name": "MacKays on the Mile",
          "opening_hours": "Mo-Su 08:00-23:00",
          "operator": "Old Town pub Co.",
          "outdoor_seating": "yes",
          "phone": "+44 131 558 7425",
          "website": "https://mackaysonthemile.com/",
          "wheelchair": "yes"
        }
      }
    },
    {
      "type": "Feature",
      "geometry": {
        "type": "Point",
        "coordinates": [
          -3.2144326,
          55.9464428
        ]
      },
      "properties": {
        "name": "Mad Hatter",
        "osm_type": "node",
        "osm_id": 2684915194,
        "address": "8 Torphichen Place, Edinburgh, EH3 8DU",
        "house_name": "",
        "house_number": "8",
        "street": "Torphichen Place",
        "suburb": "",
        "city": "Edinburgh",
        "postcode": "EH3 8DU",
        "country": "",
        "operator": "",
        "brewery": "",
        "website": "",
        "phone": "",
        "opening_hours": "",
        "cuisine": "",
        "food": "",
        "drink": "",
        "outdoor_seating": "no",
        "indoor_seating": "yes",
        "internet_access": "",
        "real_ale": "",
        "real_cider": "",
        "live_music": "",
        "dog": "",
        "wheelchair": "",
        "toilets": "",
        "smoking": "",
        "wikidata": "",
        "wikipedia": "",
        "fetched_at_utc": "2026-10-07T11:41:12+00:00",
        "source_endpoint": "osm-extract",
        "tags": {
          "addr:city": "Edinburgh",
          "addr:housenumber": "8",
          "addr:postcode": "EH3 8DU",
          "addr:street": "Torphichen Place",
          "amenity": "pub",
          "check_date": "2024-12-07",
          "fhrs:id": "662902",
          "indoor_seating": "yes",
          "name": "Mad Hatter",
          "outdoor_seating": "no",
          "source:addr": "FHRS Open Data"
        }
      }
    },
    {
      "type": "Feature",
      "geometry": {
        "type": "Point",
        "coordinates": [
          -3.1950739,
          55.9479185
        ]
      },
      "properties": {
        "name": "Maggie Dickson's",
        "osm_type": "node",
        "osm_id": 2338722991,
        "address": "92 Grassmarket, Edinburgh, EH1 2JR",
        "house_name": "",
        "house_number": "92",
        "street": "Grassmarket",
        "suburb": "",
        "city": "Edinburgh",
        "postcode": "EH1 2JR",
        "country": "GB",
        "operator": "",
        "brewery": "",
        "website": "",
        "phone": "",
        "opening_hours": "",
        "cuisine": "",
        "food": "",
        "drink": "",
        "outdoor_seating": "",
        "indoor_seating": "",
        "internet_access": "",
        "real_ale": "",
        "real_cider": "",
        "live_music": "",
        "dog": "",
        "wheelchair": "yes",
        "toilets": "",
        "smoking": "",
        "wikidata": "",
        "wikipedia": "",
        "fetched_at_utc": "2026-10-07T11:41:12+00:00",
        "source_endpoint": "osm-extract",
        "tags": {
          "addr:city": "Edinburgh",
          "addr:country": "GB",
          "addr:housenumber": "92",
          "addr:postcode": "EH1 2JR",
          "addr:street": "Grassmarket",
          "amenity": "pub",
          "check_date": "2025-08-10",
          "fhrs:id": "121377",
          "name": "Maggie Dickson's",
          "toilets:wheelchair": "no",
          "wheelchair": "yes"
        }
      }
    },
    {
      "type": "Feature",
      "geometry": {
        "type": "Point",
        "coordinates": [
          -3.2144247,
          55.9462614
        ]
      },
      "properties": {
        "name": "Malones",
        "osm_type": "node",
        "osm_id": 2341270807,
        "address": "242 Morrison Street, Edinburgh, EH3 8DT",
        "house_name": "",
        "house_number": "242",
        "street": "Morrison Street",
        "suburb": "",
        "city": "Edinburgh",
        "postcode": "EH3 8DT",
        "country": "GB",
        "operator": "",
        "brewery": "",
        "website": "",
        "phone": "",
        "opening_hours": "",
        "cuisine": "",
        "food": "",
        "drink": "",
        "outdoor_seating": "yes",
        "indoor_seating": "yes",
        "internet_access": "",
        "real_ale": "",
        "real_cider": "",
        "live_music": "",
        "dog": "",
        "wheelchair": "",
        "toilets": "",
        "smoking": "",
        "wikidata": "",
        "wikipedia": "",
        "fetched_at_utc": "2026-10-07T11:41:12+00:00",
        "source_endpoint": "osm-extract",
        "tags": {
          "addr:city": "Edinburgh",
          "addr:country": "GB",
          "addr:housenumber": "242",
          "addr:postcode": "EH3 8DT",
          "addr:street": "Morrison Street",
          "amenity": "pub",
          "check_date": "2025-10-12",
          "fhrs:id": "1079551",
          "indoor_seating": "yes",
          "name": "Malones",
          "outdoor_seating": "yes"
        }
      }
    },
    {
      "type": "Feature",
      "geometry": {
        "type": "Point",
        "coordinates": [
          -3.1674332,
          55.9747341
        ]
      },
      "properties": {
        "name": "Malones Irish Bar",
        "osm_type": "node",
        "osm_id": 1041861430,
        "address": "48-52 Constitution Street, Edinburgh, EH6 6RS",
        "house_name": "",
        "house_number": "48-52",
        "street": "Constitution Street",
        "suburb": "",
        "city": "Edinburgh",
        "postcode": "EH6 6RS",
        "country": "",
        "operator": "",
        "brewery": "",
        "website": "http://www.malonesleith.com/",
        "phone": "",
        "opening_hours": "Mo-Su 11:00-01:00",
        "cuisine": "",
        "food": "",
        "drink": "",
        "outdoor_seating": "yes",
        "indoor_seating": "yes",
        "internet_access": "wlan",
        "real_ale": "",
        "real_cider": "",
        "live_music": "",
        "dog": "",
        "wheelchair": "",
        "toilets": "yes",
        "smoking": "",
        "wikidata": "",
        "wikipedia": "",
        "fetched_at_utc": "2026-10-07T11:41:12+00:00",
        "source_endpoint": "osm-extract",
        "tags": {
          "addr:city": "Edinburgh",
          "addr:housenumber": "48-52",
          "addr:postcode": "EH6 6RS",
          "addr:street": "Constitution Street",
          "amenity": "pub",
          "check_date": "2026-01-18",
          "contact:facebook": "https://www.facebook.com/MalonesLeith",
          "email": "bookings@malonesleith.com",
          "indoor_seating": "yes",
          "internet_access": "wlan",
          "internet_access:fee": "customers",
          "name": "Malones Irish Bar",
          "old_name": "bundits of Leith",
          "opening_hours": "Mo-Su 11:00-01:00",
          "outdoor_seating": "yes",
          "source": "osm notes",
          "toilets": "yes",
          "website": "http://www.malonesleith.com/"
        }
      }
    },
    {
      "type": "Feature",
      "geometry": {
        "type": "Point",
        "coordinates": [
          -3.1698851,
          55.9758399
        ]
      },
      "properties": {
        "name": "Malt & Hops",
        "osm_type": "node",
        "osm_id": 250142352,
        "address": "45 Shore, Edinburgh, EH6 6QU",
        "house_name": "",
        "house_number": "45",
        "street": "Shore",
        "suburb": "",
        "city": "Edinburgh",
        "postcode": "EH6 6QU",
        "country": "",
        "operator": "",
        "brewery": "",
        "website": "",
        "phone": "",
        "opening_hours": "",
        "cuisine": "",
        "food": "",
        "drink": "",
        "outdoor_seating": "yes",
        "indoor_seating": "yes",
        "internet_access": "",
        "real_ale": "",
        "real_cider": "",
        "live_music": "",
        "dog": "",
        "wheelchair": "limited",
        "toilets": "",
        "smoking": "",
        "wikidata": "",
        "wikipedia": "",
        "fetched_at_utc": "2026-10-07T11:41:12+00:00",
        "source_endpoint": "osm-extract",
        "tags": {
          "addr:city": "Edinburgh",
          "addr:housenumber": "45",
          "addr:postcode": "EH6 6QU",
          "addr:street": "Shore",
          "amenity": "pub",
          "check_date": "2024-08-11",
          "fhrs:id": "662932",
          "indoor_seating": "yes",
          "name": "Malt & Hops",
          "outdoor_seating": "yes",
          "source": "survey",
          "source:addr": "FHRS Open Data",
          "wheelchair": "limited"
        }
      }
    },
    {
      "type": "Feature",
      "geometry": {
        "type": "Point",
        "coordinates": [
          -3.2086924,
          55.9502264
        ]
      },
      "properties": {
        "name": "Mathers Bar",
        "osm_type": "node",
        "osm_id": 1558442818,
        "address": "1 Queensferry Street, Edinburgh, EH2 4PA",
        "house_name": "",
        "house_number": "1",
        "street": "Queensferry Street",
        "suburb": "",
        "city": "Edinburgh",
        "postcode": "EH2 4PA",
        "country": "",
        "operator": "",
        "brewery": "",
        "website": "",
        "phone": "+44 131 225 3549",
        "opening_hours": "Mo-Th 11:00-00:00; Fr-Sa 11:00-01:00; Su 12:30-23:00",
        "cuisine": "",
        "food": "",
        "drink": "",
        "outdoor_seating": "",
        "indoor_seating": "",
        "internet_access": "wlan",
        "real_ale": "3",
        "real_cider": "",
        "live_music": "",
        "dog": "",
        "wheelchair": "",
        "toilets": "",
        "smoking": "",
        "wikidata": "",
        "wikipedia": "",
        "fetched_at_utc": "2026-10-07T11:41:12+00:00",
        "source_endpoint": "osm-extract",
        "tags": {
          "addr:city": "Edinburgh",
          "addr:housenumber": "1",
          "addr:postcode": "EH2 4PA",
          "addr:street": "Queensferry Street",
          "amenity": "pub",
          "check_date": "2024-09-22",
          "fhrs:id": "85625",
          "internet_access": "wlan",
          "name": "Mathers Bar",
          "opening_hours": "Mo-Th 11:00-00:00; Fr-Sa 11:00-01:00; Su 12:30-23:00",
          "phone": "+44 131 225 3549",
          "real_ale": "3",
          "source": "survey"
        }
      }
    },
    {
      "type": "Feature",
      "geometry": {
        "type": "Point",
        "coordinates": [
          -3.1879231,
          55.9570705
        ]
      },
      "properties": {
        "name": "Mather’s",
        "osm_type": "node",
        "osm_id": 1327629857,
        "address": "25 Broughton Street, Edinburgh, EH1 3JU",
        "house_name": "",
        "house_number": "25",
        "street": "Broughton Street",
        "suburb": "",
        "city": "Edinburgh",
        "postcode": "EH1 3JU",
        "country": "",
        "operator": "",
        "brewery": "",
        "website": "",
        "phone": "+44 131 556 6754",
        "opening_hours": "",
        "cuisine": "",
        "food": "",
        "drink": "",
        "outdoor_seating": "no",
        "indoor_seating": "yes",
        "internet_access": "",
        "real_ale": "",
        "real_cider": "",
        "live_music": "",
        "dog": "",
        "wheelchair": "",
        "toilets": "",
        "smoking": "",
        "wikidata": "",
        "wikipedia": "",
        "fetched_at_utc": "2026-10-07T11:41:12+00:00",
        "source_endpoint": "osm-extract",
        "tags": {
          "addr:city": "Edinburgh",
          "addr:housenumber": "25",
          "addr:postcode": "EH1 3JU",
          "addr:street": "Broughton Street",
          "amenity": "pub",
          "check_date": "2026-07-18",
          "fhrs:id": "1619652",
          "indoor_seating": "yes",
          "name": "Mather’s",
          "old_name": "The Empress",
          "outdoor_seating": "no",
          "phone": "+44 131 556 6754",
          "source": "survey"
        }
      }
    },
    {
      "type": "Feature",
      "geometry": {
        "type": "Point",
        "coordinates": [
          -3.1891087,
          55.9500792
        ]
      },
      "properties": {
        "name": "Merchants Tavern",
        "osm_type": "node",
        "osm_id": 2112358188,
        "address": "231 High Street, Edinburgh, EH1 1PE",
        "house_name": "",
        "house_number": "231",
        "street": "High Street",
        "suburb": "",
        "city": "Edinburgh",
        "postcode": "EH1 1PE",
        "country": "GB",
        "operator": "",
        "brewery": "",
        "website": "",
        "phone": "",
        "opening_hours": "",
        "cuisine": "",
        "food": "",
        "drink": "",
        "outdoor_seating": "yes",
        "indoor_seating": "yes",
        "internet_access": "",
        "real_ale": "",
        "real_cider": "",
        "live_music": "",
        "dog": "",
        "wheelchair": "",
        "toilets": "",
        "smoking": "",
        "wikidata": "",
        "wikipedia": "",
        "fetched_at_utc": "2026-10-07T11:41:12+00:00",
        "source_endpoint": "osm-extract",
        "tags": {
          "addr:city": "Edinburgh",
          "addr:country": "GB",
          "addr:housenumber": "231",
          "addr:postcode": "EH1 1PE",
          "addr:street": "High Street",
          "amenity": "pub",
          "check_date": "2026-06-30",
          "indoor_seating": "yes",
          "name": "Merchants Tavern",
          "outdoor_seating": "yes",
          "source": "survey"
        }
      }
    },
    {
      "type": "Feature",
      "geometry": {
        "type": "Point",
        "coordinates": [
          -3.1964321,
          55.9529632
        ]
      },
      "properties": {
        "name": "Milnes of Rose Street",
        "osm_type": "node",
        "osm_id": 41483872,
        "address": "21-23-25 Rose Street, Edinburgh",
        "house_name": "",
        "house_number": "21-23-25",
        "street": "Rose Street",
        "suburb": "",
        "city": "Edinburgh",
        "postcode": "",
        "country": "",
        "operator": "",
        "brewery": "",
        "website": "https://www.belhaven.co.uk/pubs/midlothian/milnes-bar",
        "phone": "",
        "opening_hours": "",
        "cuisine": "",
        "food": "",
        "drink": "",
        "outdoor_seating": "yes",
        "indoor_seating": "yes",
        "internet_access": "",
        "real_ale": "",
        "real_cider": "",
        "live_music": "",
        "dog": "",
        "wheelchair": "no",
        "toilets": "yes",
        "smoking": "",
        "wikidata": "",
        "wikipedia": "",
        "fetched_at_utc": "2026-10-07T11:41:12+00:00",
        "source_endpoint": "osm-extract",
        "tags": {
          "addr:city": "Edinburgh",
          "addr:housenumber": "21-23-25",
          "addr:street": "Rose Street",
          "amenity": "pub",
          "brand": "Belhaven Pubs",
          "brand:wikidata": "Q105516156",
          "check_date": "2026-01-13",
          "indoor_seating": "yes",
          "name": "Milnes of Rose Street",
          "outdoor_seating": "yes",
          "source": "survey",
          "toilets": "yes",
          "toilets:wheelchair": "yes",
          "website": "https://www.belhaven.co.uk/pubs/midlothian/milnes-bar",
          "wheelchair": "no"
        }
      }
    },
    {
      "type": "Feature",
      "geometry": {
        "type": "Point",
        "coordinates": [
          -3.2355309,
          55.9456394
        ]
      },
      "properties": {
        "name": "Murrayfield Bar & Kitchen",
        "osm_type": "node",
        "osm_id": 652714585,
        "address": "57-59 Roseburn Terrace, Edinburgh",
        "house_name": "",
        "house_number": "57-59",
        "street": "Roseburn Terrace",
        "suburb": "",
        "city": "Edinburgh",
        "postcode": "",
        "country": "",
        "operator": "",
        "brewery": "",
        "website": "",
        "phone": "",
        "opening_hours": "",
        "cuisine": "",
        "food": "",
        "drink": "",
        "outdoor_seating": "",
        "indoor_seating": "",
        "internet_access": "",
        "real_ale": "",
        "real_cider": "",
        "live_music": "",
        "dog": "",
        "wheelchair": "limited",
        "toilets": "",
        "smoking": "",
        "wikidata": "",
        "wikipedia": "",
        "fetched_at_utc": "2026-10-07T11:41:12+00:00",
        "source_endpoint": "osm-extract",
        "tags": {
          "addr:city": "Edinburgh",
          "addr:housenumber": "57-59",
          "addr:street": "Roseburn Terrace",
          "amenity": "pub",
          "brand": "Star Pubs & Bars",
          "brand:wikidata": "Q124504786",
          "check_date": "2025-05-18",
          "name": "Murrayfield Bar & Kitchen",
          "source": "survey",
          "wheelchair": "limited"
        }
      }
    },
    {
      "type": "Feature",
      "geometry": {
        "type": "Point",
        "coordinates": [
          -3.1680879,
          55.9689595
        ]
      },
      "properties": {
        "name": "Nauticus",
        "osm_type": "node",
        "osm_id": 574842100,
        "address": "142 Duke Street, Edinburgh, EH6 8HR",
        "house_name": "",
        "house_number": "142",
        "street": "Duke Street",
        "suburb": "",
        "city": "Edinburgh",
        "postcode": "EH6 8HR",
        "country": "",
        "operator": "",
        "brewery": "",
        "website": "http://www.nauticusbar.co.uk/",
        "phone": "+44 131 555 3848",
        "opening_hours": "Su 14:00-00:00; Tu-Th 15:00-00:00; Fr 15:00-01:00; Sa 14:00-01:00",
        "cuisine": "",
        "food": "",
        "drink": "",
        "outdoor_seating": "no",
        "indoor_seating": "yes",
        "internet_access": "",
        "real_ale": "",
        "real_cider": "",
        "live_music": "",
        "dog": "",
        "wheelchair": "limited",
        "toilets": "yes",
        "smoking": "",
        "wikidata": "",
        "wikipedia": "",
        "fetched_at_utc": "2026-10-07T11:41:12+00:00",
        "source_endpoint": "osm-extract",
        "tags": {
          "addr:city": "Edinburgh",
          "addr:housenumber": "142",
          "addr:postcode": "EH6 8HR",
          "addr:street": "Duke Street",
          "amenity": "pub",
          "check_date": "2025-01-03",
          "fhrs:id": "1127240",
          "indoor_seating": "yes",
          "name": "Nauticus",
          "opening_hours": "Su 14:00-00:00; Tu-Th 15:00-00:00; Fr 15:00-01:00; Sa 14:00-01:00",
          "outdoor_seating": "no",
          "phone": "+44 131 555 3848",
          "source": "survey",
          "toilets": "yes",
          "website": "http://www.nauticusbar.co.uk/",
          "wheelchair": "limited"
        }
      }
    },
    {
      "type": "Feature",
      "geometry": {
        "type": "Point",
        "coordinates": [
          -3.1743867,
          55.9692344
        ]
      },
      "properties": {
        "name": "Newbarns Taproom",
        "osm_type": "node",
        "osm_id": 11593985024,
        "address": "",
        "house_name": "",
        "house_number": "",
        "street": "",
        "suburb": "",
        "city": "",
        "postcode": "",
        "country": "",
        "operator": "",
        "brewery": "",
        "website": "",
        "phone": "",
        "opening_hours": "Mo-We off; Th 17:00-22:00; Fr 15:00-22:00; Sa 12:00-22:00; Su 12:00-20:00",
        "cuisine": "",
        "food": "",
        "drink": "",
        "outdoor_seating": "",
        "indoor_seating": "",
        "internet_access": "",
        "real_ale": "",
        "real_cider": "",
        "live_music": "",
        "dog": "",
        "wheelchair": "",
        "toilets": "",
        "smoking": "",
        "wikidata": "",
        "wikipedia": "",
        "fetched_at_utc": "2026-10-07T11:41:12+00:00",
        "source_endpoint": "osm-extract",
        "tags": {
          "amenity": "pub",
          "check_date": "2026-09-10",
          "contact:instagram": "https://www.instagram.com/newbarnsbrewerytaproom",
          "contact:phone": "+44 131 554 4363",
          "contact:website": "https://newbarnsbrewery.com/",
          "email": "taproom@newbarnsbrewery.com",
          "name": "Newbarns Taproom",
          "opening_hours": "Mo-We off; Th 17:00-22:00; Fr 15:00-22:00; Sa 12:00-22:00; Su 12:00-20:00"
        }
      }
    },
    {
      "type": "Feature",
      "geometry": {
        "type": "Point",
        "coordinates": [
          -3.1881695,
          55.9537866
        ]
      },
      "properties": {
        "name": "Newsroom",
        "osm_type": "node",
        "osm_id": 913817636,
        "address": "5-11 Leith Street, Edinburgh, EH1 3AT",
        "house_name": "",
        "house_number": "5-11",
        "street": "Leith Street",
        "suburb": "",
        "city": "Edinburgh",
        "postcode": "EH1 3AT",
        "country": "",
        "operator": "",
        "brewery": "yes",
        "website": "https://www.newsroomedinburgh.co.uk/",
        "phone": "+44 131 557 5830",
        "opening_hours": "Mo-Su 11:00-01:00",
        "cuisine": "",
        "food": "",
        "drink": "",
        "outdoor_seating": "yes",
        "indoor_seating": "",
        "internet_access": "",
        "real_ale": "",
        "real_cider": "",
        "live_music": "",
        "dog": "",
        "wheelchair": "no",
        "toilets": "",
        "smoking": "",
        "wikidata": "",
        "wikipedia": "",
        "fetched_at_utc": "2026-10-07T11:41:12+00:00",
        "source_endpoint": "osm-extract",
        "tags": {
          "addr:city": "Edinburgh",
          "addr:housenumber": "5-11",
          "addr:postcode": "EH1 3AT",
          "addr:street": "Leith Street",
          "amenity": "pub",
          "brewery": "yes",
          "check_date": "2024-12-07",
          "fhrs:id": "66255",
          "level": "0",
          "name": "Newsroom",
          "opening_hours": "Mo-Su 11:00-01:00",
          "outdoor_seating": "yes",
          "payment:american_express": "yes",
          "phone": "+44 131 557 5830",
          "source": "survey",
          "website": "https://www.newsroomedinburgh.co.uk/",
          "wheelchair": "no"
        }
      }
    },
    {
      "type": "Feature",
      "geometry": {
        "type": "Point",
        "coordinates": [
          -3.1844223,
          55.9507075
        ]
      },
      "properties": {
        "name": "No.1 High Street",
        "osm_type": "node",
        "osm_id": 3214009984,
        "address": "1 High Street, Edinburgh, EH1 1SR",
        "house_name": "",
        "house_number": "1",
        "street": "High Street",
        "suburb": "",
        "city": "Edinburgh",
        "postcode": "EH1 1SR",
        "country": "",
        "operator": "",
        "brewery": "",
        "website": "https://www.no1highstreetedinburgh.co.uk/",
        "phone": "",
        "opening_hours": "",
        "cuisine": "",
        "food": "",
        "drink": "",
        "outdoor_seating": "yes",
        "indoor_seating": "yes",
        "internet_access": "wlan",
        "real_ale": "",
        "real_cider": "",
        "live_music": "",
        "dog": "",
        "wheelchair": "",
        "toilets": "",
        "smoking": "",
        "wikidata": "",
        "wikipedia": "",
        "fetched_at_utc": "2026-10-07T11:41:12+00:00",
        "source_endpoint": "osm-extract",
        "tags": {
          "addr:city": "Edinburgh",
          "addr:housenumber": "1",
          "addr:postcode": "EH1 1SR",
          "addr:street": "High Street",
          "amenity": "pub",
          "check_date": "2026-09-20",
          "fhrs:id": "51748",
          "indoor_seating": "yes",
          "internet_access": "wlan",
          "name": "No.1 High Street",
          "outdoor_seating": "yes",
          "source": "survey",
          "website": "https://www.no1highstreetedinburgh.co.uk/"
        }
      }
    },
    {
      "type": "Feature",
      "geometry": {
        "type": "Point",
        "coordinates": [
          -3.1672626,
          55.9748932
        ]
      },
      "properties": {
        "name": "Nobles",
        "osm_type": "node",
        "osm_id": 759026026,
        "address": "44A Constitution Street, Edinburgh, EH6 6RS",
        "house_name": "",
        "house_number": "44A",
        "street": "Constitution Street",
        "suburb": "",
        "city": "Edinburgh",
        "postcode": "EH6 6RS",
        "country": "",
        "operator": "",
        "brewery": "",
        "website": "http://new.noblesbarleith.co.uk/",
        "phone": "+44 131 629 7215",
        "opening_hours": "Mo-Th 11:30-00:00; Fr 11:30-01:00; Sa 10:00-01:00; Su 10:00-00:00",
        "cuisine": "regional",
        "food": "yes",
        "drink": "",
        "outdoor_seating": "",
        "indoor_seating": "",
        "internet_access": "",
        "real_ale": "",
        "real_cider": "",
        "live_music": "",
        "dog": "",
        "wheelchair": "yes",
        "toilets": "",
        "smoking": "",
        "wikidata": "",
        "wikipedia": "",
        "fetched_at_utc": "2026-10-07T11:41:12+00:00",
        "source_endpoint": "osm-extract",
        "tags": {
          "addr:city": "Edinburgh",
          "addr:housenumber": "44A",
          "addr:postcode": "EH6 6RS",
          "addr:street": "Constitution Street",
          "alt_name": "Nobles Café Bar & Restaurant",
          "amenity": "pub",
          "check_date": "2024-08-04",
          "cuisine": "regional",
          "fhrs:id": "661880",
          "food": "yes",
          "name": "Nobles",
          "opening_hours": "Mo-Th 11:30-00:00; Fr 11:30-01:00; Sa 10:00-01:00; Su 10:00-00:00",
          "phone": "+44 131 629 7215",
          "source": "survey",
          "source:addr": "FHRS Open Data",
          "toilets:wheelchair": "no",
          "website": "http://new.noblesbarleith.co.uk/",
          "wheelchair": "yes"
        }
      }
    },
    {
      "type": "Feature",
      "geometry": {
        "type": "Point",
        "coordinates": [
          -3.1856123,
          55.9742607
        ]
      },
      "properties": {
        "name": "Oceana",
        "osm_type": "node",
        "osm_id": 1946701835,
        "address": "145 Ferry Road, Edinburgh, EH6 4ET",
        "house_name": "",
        "house_number": "145",
        "street": "Ferry Road",
        "suburb": "",
        "city": "Edinburgh",
        "postcode": "EH6 4ET",
        "country": "GB",
        "operator": "",
        "brewery": "",
        "website": "",
        "phone": "",
        "opening_hours": "",
        "cuisine": "",
        "food": "",
        "drink": "",
        "outdoor_seating": "",
        "indoor_seating": "",
        "internet_access": "",
        "real_ale": "",
        "real_cider": "",
        "live_music": "",
        "dog": "",
        "wheelchair": "",
        "toilets": "",
        "smoking": "",
        "wikidata": "",
        "wikipedia": "",
        "fetched_at_utc": "2026-10-07T11:41:12+00:00",
        "source_endpoint": "osm-extract",
        "tags": {
          "addr:city": "Edinburgh",
          "addr:country": "GB",
          "addr:housenumber": "145",
          "addr:postcode": "EH6 4ET",
          "addr:street": "Ferry Road",
          "amenity": "pub",
          "fhrs:id": "663294",
          "name": "Oceana",
          "source": "survey"
        }
      }
    },
    {
      "type": "Feature",
      "geometry": {
        "type": "Point",
        "coordinates": [
          -3.1790559,
          55.9349346
        ]
      },
      "properties": {
        "name": "Old Bell Inn",
        "osm_type": "node",
        "osm_id": 25346762,
        "address": "233-235 Causewayside, Edinburgh, EH9 1PH",
        "house_name": "",
        "house_number": "233-235",
        "street": "Causewayside",
        "suburb": "",
        "city": "Edinburgh",
        "postcode": "EH9 1PH",
        "country": "",
        "operator": "",
        "brewery": "Guinness",
        "website": "https://www.oldbelledinburgh.co.uk/",
        "phone": "+44 131 668 1573",
        "opening_hours": "",
        "cuisine": "",
        "food": "",
        "drink": "",
        "outdoor_seating": "",
        "indoor_seating": "",
        "internet_access": "yes",
        "real_ale": "yes",
        "real_cider": "",
        "live_music": "",
        "dog": "",
        "wheelchair": "limited",
        "toilets": "",
        "smoking": "",
        "wikidata": "",
        "wikipedia": "",
        "fetched_at_utc": "2026-10-07T11:41:12+00:00",
        "source_endpoint": "osm-extract",
        "tags": {
          "addr:city": "Edinburgh",
          "addr:housenumber": "233-235",
          "addr:postcode": "EH9 1PH",
          "addr:street": "Causewayside",
          "amenity": "pub",
          "brewery": "Guinness",
          "check_date": "2024-08-01",
          "fhrs:id": "523013",
          "internet_access": "yes",
          "name": "Old Bell Inn",
          "phone": "+44 131 668 1573",
          "real_ale": "yes",
          "source": "survey",
          "website": "https://www.oldbelledinburgh.co.uk/",
          "wheelchair": "limited"
        }
      }
    },
    {
      "type": "Feature",
      "geometry": {
        "type": "Point",
        "coordinates": [
          -3.2041214875,
          55.98004555625
        ]
      },
      "properties": {
        "name": "Old Chain Pier",
        "osm_type": "way",
        "osm_id": 60684490,
        "address": "32 Trinity Crescent, Edinburgh, EH5 3ED",
        "house_name": "",
        "house_number": "32",
        "street": "Trinity Crescent",
        "suburb": "",
        "city": "Edinburgh",
        "postcode": "EH5 3ED",
        "country": "",
        "operator": "",
        "brewery": "",
        "website": "https://www.oldchainpier.com/",
        "phone": "+44 131 552 4960",
        "opening_hours": "Mo-Th 12:00-23:00; Fr-Sa 12:00-01:00; Su 12:00-23:00",
        "cuisine": "fish_and_chips",
        "food": "",
        "drink": "",
        "outdoor_seating": "yes",
        "indoor_seating": "yes",
        "internet_access": "wlan",
        "real_ale": "",
        "real_cider": "",
        "live_music": "",
        "dog": "",
        "wheelchair": "limited",
        "toilets": "",
        "smoking": "",
        "wikidata": "",
        "wikipedia": "",
        "fetched_at_utc": "2026-10-07T11:41:12+00:00",
        "source_endpoint": "osm-extract",
        "tags": {
          "addr:city": "Edinburgh",
          "addr:housenumber": "32",
          "addr:postcode": "EH5 3ED",
          "addr:street": "Trinity Crescent",
          "amenity": "pub",
          "building": "yes",
          "check_date": "2026-09-04",
          "cuisine": "fish_and_chips",
          "diet:vegan": "yes",
          "diet:vegetarian": "yes",
          "fhrs:id": "663245",
          "indoor_seating": "yes",
          "internet_access": "wlan",
          "name": "Old Chain Pier",
          "opening_hours": "Mo-Th 12:00-23:00; Fr-Sa 12:00-01:00; Su 12:00-23:00",
          "outdoor_seating": "yes",
          "phone": "+44 131 552 4960",
          "source": "NLS_OS_Edinburgh_map_1940s;Bing;survey",
          "website": "https://www.oldchainpier.com/",
          "wheelchair": "limited"
        }
      }
    },
    {
      "type": "Feature",
      "geometry": {
        "type": "Point",
        "coordinates": [
          -3.1707646,
          55.9622881
        ]
      },
      "properties": {
        "name": "Old Eastway Tap",
        "osm_type": "node",
        "osm_id": 25580807,
        "address": "216-218 Easter Road, Edinburgh, EH7 5QH",
        "house_name": "",
        "house_number": "216-218",
        "street": "Easter Road",
        "suburb": "",
        "city": "Edinburgh",
        "postcode": "EH7 5QH",
        "country": "GB",
        "operator": "",
        "brewery": "",
        "website": "https://www.crossborders.beer/old-eastway-tap",
        "phone": "",
        "opening_hours": "Mo 12:00-23:00, Tu-Th 12:00-24:00, Fr-Su 12:00-01:00",
        "cuisine": "",
        "food": "",
        "drink": "",
        "outdoor_seating": "yes",
        "indoor_seating": "yes",
        "internet_access": "",
        "real_ale": "",
        "real_cider": "",
        "live_music": "",
        "dog": "",
        "wheelchair": "",
        "toilets": "",
        "smoking": "",
        "wikidata": "",
        "wikipedia": "",
        "fetched_at_utc": "2026-10-07T11:41:12+00:00",
        "source_endpoint": "osm-extract",
        "tags": {
          "addr:city": "Edinburgh",
          "addr:country": "GB",
          "addr:housenumber": "216-218",
          "addr:postcode": "EH7 5QH",
          "addr:street": "Easter Road",
          "amenity": "pub",
          "check_date": "2026-07-11",
          "contact:facebook": "oldeastwaytap",
          "contact:instagram": "oldeastwaytap",
          "indoor_seating": "yes",
          "name": "Old Eastway Tap",
          "opening_hours": "Mo 12:00-23:00, Tu-Th 12:00-24:00, Fr-Su 12:00-01:00",
          "outdoor_seating": "yes",
          "website": "https://www.crossborders.beer/old-eastway-tap"
        }
      }
    },
    {
      "type": "Feature",
      "geometry": {
        "type": "Point",
        "coordinates": [
          -3.1971875,
          55.9623342
        ]
      },
      "properties": {
        "name": "One Canon Mills",
        "osm_type": "node",
        "osm_id": 585214845,
        "address": "1 Canonmills, Edinburgh, EH3 5HA",
        "house_name": "",
        "house_number": "1",
        "street": "Canonmills",
        "suburb": "",
        "city": "Edinburgh",
        "postcode": "EH3 5HA",
        "country": "",
        "operator": "",
        "brewery": "",
        "website": "",
        "phone": "+44 131 558 7080",
        "opening_hours": "Mo-Th 10:00-00:00; Fr-Sa 10:00-01:00; Su 10:00-00:00",
        "cuisine": "",
        "food": "",
        "drink": "",
        "outdoor_seating": "",
        "indoor_seating": "",
        "internet_access": "",
        "real_ale": "",
        "real_cider": "",
        "live_music": "",
        "dog": "",
        "wheelchair": "",
        "toilets": "",
        "smoking": "",
        "wikidata": "",
        "wikipedia": "",
        "fetched_at_utc": "2026-10-07T11:41:12+00:00",
        "source_endpoint": "osm-extract",
        "tags": {
          "addr:city": "Edinburgh",
          "addr:housenumber": "1",
          "addr:postcode": "EH3 5HA",
          "addr:street": "Canonmills",
          "amenity": "pub",
          "check_date": "2024-08-10",
          "diet:vegan": "yes",
          "diet:vegetarian": "yes",
          "fhrs:id": "1198384",
          "name": "One Canon Mills",
          "old_name": "Brandon's of Canonmills",
          "opening_hours": "Mo-Th 10:00-00:00; Fr-Sa 10:00-01:00; Su 10:00-00:00",
          "phone": "+44 131 558 7080",
          "source": "survey"
        }
      }
    },
    {
      "type": "Feature",
      "geometry": {
        "type": "Point",
        "coordinates": [
          -3.1794463,
          55.9620252
        ]
      },
      "properties": {
        "name": "Otherworld",
        "osm_type": "node",
        "osm_id": 3237444088,
        "address": "17, Edinburgh, EH7 5HN",
        "house_name": "",
        "house_number": "17",
        "street": "",
        "suburb": "",
        "city": "Edinburgh",
        "postcode": "EH7 5HN",
        "country": "",
        "operator": "",
        "brewery": "",
        "website": "",
        "phone": "",
        "opening_hours": "Su-Tu 14:00-22:00; We,Th 14:00-23:00; Fr,Sa 12:00-24:00",
        "cuisine": "",
        "food": "",
        "drink": "",
        "outdoor_seating": "yes",
        "indoor_seating": "yes",
        "internet_access": "",
        "real_ale": "",
        "real_cider": "",
        "live_music": "",
        "dog": "",
        "wheelchair": "limited",
        "toilets": "",
        "smoking": "",
        "wikidata": "",
        "wikipedia": "",
        "fetched_at_utc": "2026-10-07T11:41:12+00:00",
        "source_endpoint": "osm-extract",
        "tags": {
          "addr:city": "Edinburgh",
          "addr:housenumber": "17",
          "addr:place": "Albert Place",
          "addr:postcode": "EH7 5HN",
          "amenity": "pub",
          "check_date": "2026-10-01",
          "check_date:opening_hours": "2026-10-01",
          "fhrs:id": "1956269",
          "indoor_seating": "yes",
          "name": "Otherworld",
          "old_name": "Black Fox",
          "opening_hours": "Su-Tu 14:00-22:00; We,Th 14:00-23:00; Fr,Sa 12:00-24:00",
          "outdoor_seating": "yes",
          "source": "survey",
          "source:addr": "FHRS Open Data",
          "wheelchair": "limited"
        }
      }
    },
    {
      "type": "Feature",
      "geometry": {
        "type": "Point",
        "coordinates": [
          -3.204715,
          55.9529635
        ]
      },
      "properties": {
        "name": "Oxford Bar",
        "osm_type": "node",
        "osm_id": 322777437,
        "address": "8 Young Street, Edinburgh, EH2 4JB",
        "house_name": "",
        "house_number": "8",
        "street": "Young Street",
        "suburb": "",
        "city": "Edinburgh",
        "postcode": "EH2 4JB",
        "country": "",
        "operator": "",
        "brewery": "",
        "website": "http://www.oxfordbar.co.uk/",
        "phone": "+44 131 539 7119",
        "opening_hours": "",
        "cuisine": "",
        "food": "",
        "drink": "",
        "outdoor_seating": "",
        "indoor_seating": "",
        "internet_access": "",
        "real_ale": "3 or so beers",
        "real_cider": "",
        "live_music": "",
        "dog": "",
        "wheelchair": "",
        "toilets": "",
        "smoking": "",
        "wikidata": "",
        "wikipedia": "",
        "fetched_at_utc": "2026-10-07T11:41:12+00:00",
        "source_endpoint": "osm-extract",
        "tags": {
          "addr:city": "Edinburgh",
          "addr:housenumber": "8",
          "addr:postcode": "EH2 4JB",
          "addr:street": "Young Street",
          "amenity": "pub",
          "check_date": "2024-04-27",
          "fhrs:id": "98210",
          "floor:material": "lino",
          "name": "Oxford Bar",
          "phone": "+44 131 539 7119",
          "real_ale": "3 or so beers",
          "real_fire": "yes",
          "source": "survey",
          "website": "http://www.oxfordbar.co.uk/"
        }
      }
    },
    {
      "type": "Feature",
      "geometry": {
        "type": "Point",
        "coordinates": [
          -3.1919993,
          55.947502
        ]
      },
      "properties": {
        "name": "Oz Bar",
        "osm_type": "node",
        "osm_id": 1557683657,
        "address": "33 Candlemaker Row, Edinburgh, EH1 2QG",
        "house_name": "",
        "house_number": "33",
        "street": "Candlemaker Row",
        "suburb": "",
        "city": "Edinburgh",
        "postcode": "EH1 2QG",
        "country": "GB",
        "operator": "",
        "brewery": "",
        "website": "",
        "phone": "",
        "opening_hours": "",
        "cuisine": "",
        "food": "",
        "drink": "",
        "outdoor_seating": "",
        "indoor_seating": "",
        "internet_access": "",
        "real_ale": "",
        "real_cider": "",
        "live_music": "",
        "dog": "",
        "wheelchair": "",
        "toilets": "",
        "smoking": "",
        "wikidata": "",
        "wikipedia": "",
        "fetched_at_utc": "2026-10-07T11:41:12+00:00",
        "source_endpoint": "osm-extract",
        "tags": {
          "addr:city": "Edinburgh",
          "addr:country": "GB",
          "addr:housenumber": "33",
          "addr:postcode": "EH1 2QG",
          "addr:street": "Candlemaker Row",
          "amenity": "pub",
          "check_date": "2024-07-04",
          "contact:instagram": "https://www.instagram.com/theozbar",
          "fhrs:id": "144685",
          "name": "Oz Bar",
          "opening_hours:signed": "no",
          "source": "survey"
        }
      }
    },
    {
      "type": "Feature",
      "geometry": {
        "type": "Point",
        "coordinates": [
          -3.1962381,
          55.9625719
        ]
      },
      "properties": {
        "name": "O’Connor’s",
        "osm_type": "node",
        "osm_id": 585214846,
        "address": "2-4 Broughton Road, Edinburgh, EH7 4EB",
        "house_name": "",
        "house_number": "2-4",
        "street": "Broughton Road",
        "suburb": "",
        "city": "Edinburgh",
        "postcode": "EH7 4EB",
        "country": "",
        "operator": "",
        "brewery": "",
        "website": "",
        "phone": "+44 131 556 1024",
        "opening_hours": "",
        "cuisine": "",
        "food": "",
        "drink": "",
        "outdoor_seating": "",
        "indoor_seating": "",
        "internet_access": "",
        "real_ale": "",
        "real_cider": "",
        "live_music": "",
        "dog": "",
        "wheelchair": "",
        "toilets": "",
        "smoking": "",
        "wikidata": "",
        "wikipedia": "",
        "fetched_at_utc": "2026-10-07T11:41:12+00:00",
        "source_endpoint": "osm-extract",
        "tags": {
          "addr:city": "Edinburgh",
          "addr:housenumber": "2-4",
          "addr:postcode": "EH7 4EB",
          "addr:street": "Broughton Road",
          "amenity": "pub",
          "check_date": "2024-08-10",
          "fhrs:id": "1241909",
          "name": "O’Connor’s",
          "note": "previously The Stags Head",
          "old_name": "The Other Place",
          "phone": "+44 131 556 1024",
          "source": "survey",
          "source:addr": "FHRS Open Data"
        }
      }
    },
    {
      "type": "Feature",
      "geometry": {
        "type": "Point",
        "coordinates": [
          -3.1876144,
          55.9495835
        ]
      },
      "properties": {
        "name": "O’Neill's",
        "osm_type": "node",
        "osm_id": 839139665,
        "address": "9 Hunter Square, Edinburgh, EH1 1QW",
        "house_name": "",
        "house_number": "9",
        "street": "Hunter Square",
        "suburb": "",
        "city": "Edinburgh",
        "postcode": "EH1 1QW",
        "country": "",
        "operator": "",
        "brewery": "",
        "website": "https://www.oneills.co.uk/national-search/scotland-and-northern-ireland/edinburgh#/",
        "phone": "",
        "opening_hours": "",
        "cuisine": "",
        "food": "",
        "drink": "",
        "outdoor_seating": "",
        "indoor_seating": "",
        "internet_access": "",
        "real_ale": "",
        "real_cider": "",
        "live_music": "",
        "dog": "",
        "wheelchair": "limited",
        "toilets": "",
        "smoking": "outside",
        "wikidata": "",
        "wikipedia": "",
        "fetched_at_utc": "2026-10-07T11:41:12+00:00",
        "source_endpoint": "osm-extract",
        "tags": {
          "addr:city": "Edinburgh",
          "addr:housenumber": "9",
          "addr:postcode": "EH1 1QW",
          "addr:street": "Hunter Square",
          "amenity": "pub",
          "brand": "O'Neill's",
          "brand:wikidata": "Q7071905",
          "check_date": "2025-07-25",
          "fhrs:id": "1933227",
          "name": "O’Neill's",
          "smoking": "outside",
          "source": "survey",
          "source:addr": "FHRS Open Data",
          "theme": "irish",
          "website": "https://www.oneills.co.uk/national-search/scotland-and-northern-ireland/edinburgh#/",
          "wheelchair": "limited"
        }
      }
    },
    {
      "type": "Feature",
      "geometry": {
        "type": "Point",
        "coordinates": [
          -3.1852809,
          55.9444398
        ]
      },
      "properties": {
        "name": "Pear Tree",
        "osm_type": "node",
        "osm_id": 366190942,
        "address": "38 West Nicolson Street, Edinburgh, EH8 9DD",
        "house_name": "",
        "house_number": "38",
        "street": "West Nicolson Street",
        "suburb": "",
        "city": "Edinburgh",
        "postcode": "EH8 9DD",
        "country": "",
        "operator": "",
        "brewery": "",
        "website": "https://www.peartreeedinburgh.co.uk/",
        "phone": "+44 131 667 7533",
        "opening_hours": "Mo-Su 12:00-01:00",
        "cuisine": "",
        "food": "",
        "drink": "",
        "outdoor_seating": "yes",
        "indoor_seating": "",
        "internet_access": "",
        "real_ale": "",
        "real_cider": "",
        "live_music": "",
        "dog": "",
        "wheelchair": "limited",
        "toilets": "",
        "smoking": "",
        "wikidata": "",
        "wikipedia": "",
        "fetched_at_utc": "2026-10-07T11:41:12+00:00",
        "source_endpoint": "osm-extract",
        "tags": {
          "addr:city": "Edinburgh",
          "addr:housenumber": "38",
          "addr:postcode": "EH8 9DD",
          "addr:street": "West Nicolson Street",
          "amenity": "pub",
          "beer_garden": "yes",
          "check_date": "2026-09-03",
          "contact:facebook": "https://www.facebook.com/thepeartreeedinburgh",
          "contact:foursquare": "https://foursquare.com/v/the-pear-tree/4af47d94f964a52013f321e3",
          "contact:instagram": "https://www.instagram.com/peartreehouseedinburgh/",
          "contact:tripadvisor": "https://www.tripadvisor.com/Restaurant_Review-g186525-d23898201-Reviews-The_Pear_Tree-Edinburgh_Scotland.html",
          "email": "info@peartreeedinburgh.co.uk",
          "fhrs:id": "522961",
          "name": "Pear Tree",
          "opening_hours": "Mo-Su 12:00-01:00",
          "outdoor_seating": "yes",
          "phone": "+44 131 667 7533",
          "source:addr": "FHRS Open Data",
          "website": "https://www.peartreeedinburgh.co.uk/",
          "wheelchair": "limited"
        }
      }
    },
    {
      "type": "Feature",
      "geometry": {
        "type": "Point",
        "coordinates": [
          -3.1873486,
          55.954251
        ]
      },
      "properties": {
        "name": "Penny Black",
        "osm_type": "node",
        "osm_id": 1558008745,
        "address": "43 Leith Street, Edinburgh, EH1 3AT",
        "house_name": "",
        "house_number": "43",
        "street": "Leith Street",
        "suburb": "",
        "city": "Edinburgh",
        "postcode": "EH1 3AT",
        "country": "",
        "operator": "",
        "brewery": "",
        "website": "",
        "phone": "+44 131 563 2898",
        "opening_hours": "12:00-01:00",
        "cuisine": "",
        "food": "bring_your_own",
        "drink": "",
        "outdoor_seating": "seasonal",
        "indoor_seating": "",
        "internet_access": "wlan",
        "real_ale": "2",
        "real_cider": "no",
        "live_music": "",
        "dog": "",
        "wheelchair": "no",
        "toilets": "yes",
        "smoking": "",
        "wikidata": "",
        "wikipedia": "",
        "fetched_at_utc": "2026-10-07T11:41:12+00:00",
        "source_endpoint": "osm-extract",
        "tags": {
          "addr:city": "Edinburgh",
          "addr:housenumber": "43",
          "addr:postcode": "EH1 3AT",
          "addr:street": "Leith Street",
          "amenity": "pub",
          "check_date": "2026-08-30",
          "contact:instagram": "https://www.instagram.com/thepennyblackedinburgh",
          "fhrs:id": "1738672",
          "food": "bring_your_own",
          "internet_access": "wlan",
          "internet_access:fee": "customers",
          "name": "Penny Black",
          "old_name": "The Black Bull",
          "opening_hours": "12:00-01:00",
          "outdoor_seating": "seasonal",
          "payment:cash": "yes",
          "payment:mastercard": "yes",
          "payment:visa": "yes",
          "phone": "+44 131 563 2898",
          "real_ale": "2",
          "real_cider": "no",
          "real_fire": "no",
          "source": "survey",
          "toilets": "yes",
          "wheelchair": "no"
        }
      }
    },
    {
      "type": "Feature",
      "geometry": {
        "type": "Point",
        "coordinates": [
          -3.1679668,
          55.9681987
        ]
      },
      "properties": {
        "name": "Persevere",
        "osm_type": "node",
        "osm_id": 573453335,
        "address": "398 Easter Road, Edinburgh, EH6 8HT",
        "house_name": "",
        "house_number": "398",
        "street": "Easter Road",
        "suburb": "",
        "city": "Edinburgh",
        "postcode": "EH6 8HT",
        "country": "",
        "operator": "",
        "brewery": "",
        "website": "https://www.the-percy.co.uk/persevere.html",
        "phone": "+44 131 554 0271",
        "opening_hours": "",
        "cuisine": "",
        "food": "yes",
        "drink": "",
        "outdoor_seating": "no",
        "indoor_seating": "yes",
        "internet_access": "",
        "real_ale": "",
        "real_cider": "",
        "live_music": "",
        "dog": "",
        "wheelchair": "limited",
        "toilets": "",
        "smoking": "",
        "wikidata": "",
        "wikipedia": "",
        "fetched_at_utc": "2026-10-07T11:41:12+00:00",
        "source_endpoint": "osm-extract",
        "tags": {
          "addr:city": "Edinburgh",
          "addr:housenumber": "398",
          "addr:postcode": "EH6 8HT",
          "addr:street": "Easter Road",
          "amenity": "pub",
          "fhrs:id": "661802",
          "food": "yes",
          "indoor_seating": "yes",
          "name": "Persevere",
          "outdoor_seating": "no",
          "phone": "+44 131 554 0271",
          "website": "https://www.the-percy.co.uk/persevere.html",
          "wheelchair": "limited"
        }
      }
    },
    {
      "type": "Feature",
      "geometry": {
        "type": "Point",
        "coordinates": [
          -3.2184457,
          55.9460012
        ]
      },
      "properties": {
        "name": "Platform 5",
        "osm_type": "node",
        "osm_id": 2868039188,
        "address": "8 Clifton Terrace, Edinburgh, EH12 5DR",
        "house_name": "",
        "house_number": "8",
        "street": "Clifton Terrace",
        "suburb": "",
        "city": "Edinburgh",
        "postcode": "EH12 5DR",
        "country": "",
        "operator": "",
        "brewery": "",
        "website": "https://www.belhaven.co.uk/pubs/midlothian/platform-5",
        "phone": "",
        "opening_hours": "",
        "cuisine": "",
        "food": "",
        "drink": "",
        "outdoor_seating": "",
        "indoor_seating": "",
        "internet_access": "",
        "real_ale": "",
        "real_cider": "",
        "live_music": "",
        "dog": "",
        "wheelchair": "yes",
        "toilets": "",
        "smoking": "",
        "wikidata": "",
        "wikipedia": "",
        "fetched_at_utc": "2026-10-07T11:41:12+00:00",
        "source_endpoint": "osm-extract",
        "tags": {
          "addr:city": "Edinburgh",
          "addr:floor": "G",
          "addr:housenumber": "8",
          "addr:postcode": "EH12 5DR",
          "addr:street": "Clifton Terrace",
          "amenity": "pub",
          "brand": "Belhaven Pubs",
          "brand:wikidata": "Q105516156",
          "check_date": "2026-03-15",
          "fhrs:id": "662843",
          "level": "0",
          "name": "Platform 5",
          "source": "survey",
          "website": "https://www.belhaven.co.uk/pubs/midlothian/platform-5",
          "wheelchair": "yes"
        }
      }
    },
    {
      "type": "Feature",
      "geometry": {
        "type": "Point",
        "coordinates": [
          -3.1815097,
          55.9477654
        ]
      },
      "properties": {
        "name": "Pleasance Bar",
        "osm_type": "node",
        "osm_id": 474025625,
        "address": "60 Pleasance, Edinburgh, EH8 9TJ",
        "house_name": "",
        "house_number": "60",
        "street": "Pleasance",
        "suburb": "",
        "city": "Edinburgh",
        "postcode": "EH8 9TJ",
        "country": "",
        "operator": "",
        "brewery": "",
        "website": "",
        "phone": "",
        "opening_hours": "",
        "cuisine": "",
        "food": "",
        "drink": "",
        "outdoor_seating": "",
        "indoor_seating": "",
        "internet_access": "",
        "real_ale": "",
        "real_cider": "",
        "live_music": "",
        "dog": "",
        "wheelchair": "",
        "toilets": "",
        "smoking": "",
        "wikidata": "",
        "wikipedia": "",
        "fetched_at_utc": "2026-10-07T11:41:12+00:00",
        "source_endpoint": "osm-extract",
        "tags": {
          "access": "yes",
          "addr:city": "Edinburgh",
          "addr:housenumber": "60",
          "addr:postcode": "EH8 9TJ",
          "addr:street": "Pleasance",
          "amenity": "pub",
          "fhrs:id": "78048",
          "name": "Pleasance Bar",
          "note": "more of a pub than a bar since food is served. Open to non students.",
          "source:addr": "FHRS Open Data"
        }
      }
    },
    {
      "type": "Feature",
      "geometry": {
        "type": "Point",
        "coordinates": [
          -3.1675124,
          55.9746156
        ]
      },
      "properties": {
        "name": "Port O' Leith",
        "osm_type": "node",
        "osm_id": 573453389,
        "address": "58 Constitution Street, Edinburgh, EH6 6RS",
        "house_name": "",
        "house_number": "58",
        "street": "Constitution Street",
        "suburb": "",
        "city": "Edinburgh",
        "postcode": "EH6 6RS",
        "country": "",
        "operator": "",
        "brewery": "",
        "website": "",
        "phone": "",
        "opening_hours": "",
        "cuisine": "",
        "food": "",
        "drink": "",
        "outdoor_seating": "",
        "indoor_seating": "",
        "internet_access": "",
        "real_ale": "",
        "real_cider": "",
        "live_music": "",
        "dog": "",
        "wheelchair": "limited",
        "toilets": "",
        "smoking": "",
        "wikidata": "",
        "wikipedia": "",
        "fetched_at_utc": "2026-10-07T11:41:12+00:00",
        "source_endpoint": "osm-extract",
        "tags": {
          "addr:city": "Edinburgh",
          "addr:housenumber": "58",
          "addr:postcode": "EH6 6RS",
          "addr:street": "Constitution Street",
          "amenity": "pub",
          "check_date": "2026-10-03",
          "check_date:opening_hours": "2026-10-03",
          "name": "Port O' Leith",
          "opening_hours:signed": "no",
          "source": "survey",
          "wheelchair": "limited"
        }
      }
    },
    {
      "type": "Feature",
      "geometry": {
        "type": "Point",
        "coordinates": [
          -3.1930464,
          55.9642591
        ]
      },
      "properties": {
        "name": "Powder Room",
        "osm_type": "node",
        "osm_id": 585214847,
        "address": "97-99 Broughton Road, Edinburgh, EH7 4EG",
        "house_name": "",
        "house_number": "97-99",
        "street": "Broughton Road",
        "suburb": "",
        "city": "Edinburgh",
        "postcode": "EH7 4EG",
        "country": "",
        "operator": "",
        "brewery": "",
        "website": "",
        "phone": "",
        "opening_hours": "",
        "cuisine": "",
        "food": "",
        "drink": "",
        "outdoor_seating": "",
        "indoor_seating": "",
        "internet_access": "",
        "real_ale": "",
        "real_cider": "",
        "live_music": "",
        "dog": "",
        "wheelchair": "",
        "toilets": "",
        "smoking": "",
        "wikidata": "",
        "wikipedia": "",
        "fetched_at_utc": "2026-10-07T11:41:12+00:00",
        "source_endpoint": "osm-extract",
        "tags": {
          "addr:city": "Edinburgh",
          "addr:housenumber": "97-99",
          "addr:postcode": "EH7 4EG",
          "addr:street": "Broughton Road",
          "amenity": "pub",
          "contact:facebook": "https://www.facebook.com/hareofthedogedinburgh",
          "name": "Powder Room",
          "old_name": "The Dunedin Bar"
        }
      }
    },
    {
      "type": "Feature",
      "geometry": {
        "type": "Point",
        "coordinates": [
          -3.1875583,
          55.9796063
        ]
      },
      "properties": {
        "name": "Prom Bar",
        "osm_type": "node",
        "osm_id": 570313190,
        "address": "Anchorfield, 2,3, Edinburgh, EH6 4JG",
        "house_name": "Anchorfield",
        "house_number": "2,3",
        "street": "",
        "suburb": "",
        "city": "Edinburgh",
        "postcode": "EH6 4JG",
        "country": "",
        "operator": "",
        "brewery": "",
        "website": "",
        "phone": "",
        "opening_hours": "",
        "cuisine": "",
        "food": "",
        "drink": "",
        "outdoor_seating": "",
        "indoor_seating": "",
        "internet_access": "",
        "real_ale": "",
        "real_cider": "",
        "live_music": "",
        "dog": "",
        "wheelchair": "limited",
        "toilets": "",
        "smoking": "",
        "wikidata": "",
        "wikipedia": "",
        "fetched_at_utc": "2026-10-07T11:41:12+00:00",
        "source_endpoint": "osm-extract",
        "tags": {
          "addr:city": "Edinburgh",
          "addr:housename": "Anchorfield",
          "addr:housenumber": "2,3",
          "addr:place": "Anchorfield",
          "addr:postcode": "EH6 4JG",
          "amenity": "pub",
          "check_date": "2023-10-13",
          "check_date:opening_hours": "2022-10-03",
          "fhrs:id": "1899939",
          "name": "Prom Bar",
          "opening_hours:signed": "no",
          "source": "survey",
          "source:addr": "FHRS Open Data",
          "wheelchair": "limited"
        }
      }
    },
    {
      "type": "Feature",
      "geometry": {
        "type": "Point",
        "coordinates": [
          -3.200505,
          55.9536675
        ]
      },
      "properties": {
        "name": "Queen's Arms",
        "osm_type": "node",
        "osm_id": 2114321902,
        "address": "49 Frederick Street, Edinburgh, EH2 1EP",
        "house_name": "",
        "house_number": "49",
        "street": "Frederick Street",
        "suburb": "",
        "city": "Edinburgh",
        "postcode": "EH2 1EP",
        "country": "",
        "operator": "",
        "brewery": "",
        "website": "https://www.queensarmsedinburgh.com/",
        "phone": "",
        "opening_hours": "",
        "cuisine": "",
        "food": "",
        "drink": "",
        "outdoor_seating": "",
        "indoor_seating": "",
        "internet_access": "",
        "real_ale": "",
        "real_cider": "",
        "live_music": "",
        "dog": "",
        "wheelchair": "no",
        "toilets": "",
        "smoking": "",
        "wikidata": "",
        "wikipedia": "",
        "fetched_at_utc": "2026-10-07T11:41:12+00:00",
        "source_endpoint": "osm-extract",
        "tags": {
          "addr:city": "Edinburgh",
          "addr:housenumber": "49",
          "addr:postcode": "EH2 1EP",
          "addr:street": "Frederick Street",
          "amenity": "pub",
          "fhrs:id": "91535",
          "level": "-1",
          "name": "Queen's Arms",
          "source": "survey",
          "website": "https://www.queensarmsedinburgh.com/",
          "wheelchair": "no"
        }
      }
    },
    {
      "type": "Feature",
      "geometry": {
        "type": "Point",
        "coordinates": [
          -3.2185605,
          55.9495842
        ]
      },
      "properties": {
        "name": "Revolver Beers & Ciders",
        "osm_type": "node",
        "osm_id": 14002689869,
        "address": "",
        "house_name": "",
        "house_number": "",
        "street": "",
        "suburb": "",
        "city": "",
        "postcode": "",
        "country": "",
        "operator": "",
        "brewery": "",
        "website": "",
        "phone": "",
        "opening_hours": "",
        "cuisine": "",
        "food": "",
        "drink": "",
        "outdoor_seating": "",
        "indoor_seating": "",
        "internet_access": "",
        "real_ale": "",
        "real_cider": "",
        "live_music": "",
        "dog": "",
        "wheelchair": "",
        "toilets": "",
        "smoking": "",
        "wikidata": "",
        "wikipedia": "",
        "fetched_at_utc": "2026-10-07T11:41:12+00:00",
        "source_endpoint": "osm-extract",
        "tags": {
          "amenity": "pub",
          "name": "Revolver Beers & Ciders"
        }
      }
    },
    {
      "type": "Feature",
      "geometry": {
        "type": "Point",
        "coordinates": [
          -3.1774461,
          55.963729
        ]
      },
      "properties": {
        "name": "Robbie's",
        "osm_type": "node",
        "osm_id": 2425708238,
        "address": "367 Leith Walk, Edinburgh",
        "house_name": "",
        "house_number": "367",
        "street": "Leith Walk",
        "suburb": "",
        "city": "Edinburgh",
        "postcode": "",
        "country": "",
        "operator": "",
        "brewery": "",
        "website": "",
        "phone": "",
        "opening_hours": "Mo-Th 12:00-23:00; Fr-Sa 12:00-24:00; Su 12:30-23:00",
        "cuisine": "",
        "food": "",
        "drink": "",
        "outdoor_seating": "seasonal",
        "indoor_seating": "yes",
        "internet_access": "",
        "real_ale": "",
        "real_cider": "",
        "live_music": "",
        "dog": "",
        "wheelchair": "yes",
        "toilets": "customers",
        "smoking": "",
        "wikidata": "",
        "wikipedia": "",
        "fetched_at_utc": "2026-10-07T11:41:12+00:00",
        "source_endpoint": "osm-extract",
        "tags": {
          "addr:city": "Edinburgh",
          "addr:housenumber": "367",
          "addr:street": "Leith Walk",
          "amenity": "pub",
          "check_date": "2026-01-11",
          "check_date:opening_hours": "2026-01-24",
          "indoor_seating": "yes",
          "name": "Robbie's",
          "opening_hours": "Mo-Th 12:00-23:00; Fr-Sa 12:00-24:00; Su 12:30-23:00",
          "outdoor_seating": "seasonal",
          "source": "survey",
          "toilets": "customers",
          "wheelchair": "yes"
        }
      }
    },
    {
      "type": "Feature",
      "geometry": {
        "type": "Point",
        "coordinates": [
          -3.1977278,
          55.9527425
        ]
      },
      "properties": {
        "name": "Robertsons 37 Bar",
        "osm_type": "node",
        "osm_id": 1329619364,
        "address": "37 Rose Street, Edinburgh, EH2 2NH",
        "house_name": "",
        "house_number": "37",
        "street": "Rose Street",
        "suburb": "",
        "city": "Edinburgh",
        "postcode": "EH2 2NH",
        "country": "GB",
        "operator": "",
        "brewery": "",
        "website": "",
        "phone": "",
        "opening_hours": "",
        "cuisine": "",
        "food": "",
        "drink": "",
        "outdoor_seating": "yes",
        "indoor_seating": "",
        "internet_access": "",
        "real_ale": "",
        "real_cider": "",
        "live_music": "",
        "dog": "",
        "wheelchair": "no",
        "toilets": "",
        "smoking": "",
        "wikidata": "",
        "wikipedia": "",
        "fetched_at_utc": "2026-10-07T11:41:12+00:00",
        "source_endpoint": "osm-extract",
        "tags": {
          "addr:city": "Edinburgh",
          "addr:country": "GB",
          "addr:housenumber": "37",
          "addr:postcode": "EH2 2NH",
          "addr:street": "Rose Street",
          "amenity": "pub",
          "check_date": "2026-01-13",
          "fhrs:id": "96007",
          "name": "Robertsons 37 Bar",
          "outdoor_seating": "yes",
          "wheelchair": "no"
        }
      }
    },
    {
      "type": "Feature",
      "geometry": {
        "type": "Point",
        "coordinates": [
          -3.2039252,
          55.9515155
        ]
      },
      "properties": {
        "name": "Rose & Crown",
        "osm_type": "node",
        "osm_id": 41483835,
        "address": "170 Rose Street, Edinburgh, EH2 4BA",
        "house_name": "",
        "house_number": "170",
        "street": "Rose Street",
        "suburb": "",
        "city": "Edinburgh",
        "postcode": "EH2 4BA",
        "country": "",
        "operator": "",
        "brewery": "",
        "website": "",
        "phone": "",
        "opening_hours": "",
        "cuisine": "",
        "food": "",
        "drink": "",
        "outdoor_seating": "yes",
        "indoor_seating": "",
        "internet_access": "",
        "real_ale": "",
        "real_cider": "",
        "live_music": "",
        "dog": "",
        "wheelchair": "",
        "toilets": "",
        "smoking": "",
        "wikidata": "",
        "wikipedia": "",
        "fetched_at_utc": "2026-10-07T11:41:12+00:00",
        "source_endpoint": "osm-extract",
        "tags": {
          "addr:city": "Edinburgh",
          "addr:housenumber": "170",
          "addr:postcode": "EH2 4BA",
          "addr:street": "Rose Street",
          "amenity": "pub",
          "fhrs:id": "96435",
          "name": "Rose & Crown",
          "outdoor_seating": "yes",
          "source": "survey",
          "source:addr:postcode": "FHRS Open Data"
        }
      }
    },
    {
      "type": "Feature",
      "geometry": {
        "type": "Point",
        "coordinates": [
          -3.1989321,
          55.9525442
        ]
      },
      "properties": {
        "name": "Rose Street Brewery",
        "osm_type": "node",
        "osm_id": 41483858,
        "address": "55-57 Rose Street, Edinburgh, EH2 2NH",
        "house_name": "",
        "house_number": "55-57",
        "street": "Rose Street",
        "suburb": "",
        "city": "Edinburgh",
        "postcode": "EH2 2NH",
        "country": "GB",
        "operator": "",
        "brewery": "",
        "website": "https://www.nicholsonspubs.co.uk/restaurants/scotlandandnorthernireland/rosestreetbreweryedinburgh#/",
        "phone": "+44 131 220 1227",
        "opening_hours": "Mo-Fr 11:00-23:00; Sa 11:00-23:30; Su 11:00-22:30",
        "cuisine": "",
        "food": "",
        "drink": "",
        "outdoor_seating": "yes",
        "indoor_seating": "",
        "internet_access": "",
        "real_ale": "",
        "real_cider": "",
        "live_music": "",
        "dog": "",
        "wheelchair": "",
        "toilets": "",
        "smoking": "",
        "wikidata": "",
        "wikipedia": "",
        "fetched_at_utc": "2026-10-07T11:41:12+00:00",
        "source_endpoint": "osm-extract",
        "tags": {
          "addr:city": "Edinburgh",
          "addr:country": "GB",
          "addr:housenumber": "55-57",
          "addr:postcode": "EH2 2NH",
          "addr:street": "Rose Street",
          "amenity": "pub",
          "brand": "Nicholson's",
          "brand:wikidata": "Q113130666",
          "check_date": "2026-01-13",
          "fhrs:id": "96036",
          "name": "Rose Street Brewery",
          "opening_hours": "Mo-Fr 11:00-23:00; Sa 11:00-23:30; Su 11:00-22:30",
          "outdoor_seating": "yes",
          "phone": "+44 131 220 1227",
          "website": "https://www.nicholsonspubs.co.uk/restaurants/scotlandandnorthernireland/rosestreetbreweryedinburgh#/"
        }
      }
    },
    {
      "type": "Feature",
      "geometry": {
        "type": "Point",
        "coordinates": [
          -3.2338696,
          55.9453683
        ]
      },
      "properties": {
        "name": "Roseburn Bar",
        "osm_type": "node",
        "osm_id": 652714587,
        "address": "1-4 Roseburn Terrace, Edinburgh, EH12 5NG",
        "house_name": "",
        "house_number": "1-4",
        "street": "Roseburn Terrace",
        "suburb": "",
        "city": "Edinburgh",
        "postcode": "EH12 5NG",
        "country": "",
        "operator": "",
        "brewery": "",
        "website": "",
        "phone": "",
        "opening_hours": "",
        "cuisine": "",
        "food": "",
        "drink": "",
        "outdoor_seating": "",
        "indoor_seating": "",
        "internet_access": "",
        "real_ale": "",
        "real_cider": "",
        "live_music": "",
        "dog": "",
        "wheelchair": "",
        "toilets": "",
        "smoking": "",
        "wikidata": "",
        "wikipedia": "",
        "fetched_at_utc": "2026-10-07T11:41:12+00:00",
        "source_endpoint": "osm-extract",
        "tags": {
          "addr:city": "Edinburgh",
          "addr:housenumber": "1-4",
          "addr:postcode": "EH12 5NG",
          "addr:street": "Roseburn Terrace",
          "amenity": "pub",
          "check_date": "2025-05-18",
          "fhrs:id": "663001",
          "name": "Roseburn Bar",
          "source": "survey"
        }
      }
    },
    {
      "type": "Feature",
      "geometry": {
        "type": "Point",
        "coordinates": [
          -3.1734609,
          55.9759717
        ]
      },
      "properties": {
        "name": "Roseleaf",
        "osm_type": "node",
        "osm_id": 570313187,
        "address": "23-24 Sandport Place, Edinburgh, EH6 6EW",
        "house_name": "",
        "house_number": "23-24",
        "street": "Sandport Place",
        "suburb": "",
        "city": "Edinburgh",
        "postcode": "EH6 6EW",
        "country": "",
        "operator": "",
        "brewery": "",
        "website": "https://www.roseleaf.co.uk/",
        "phone": "+44 131 476 5268",
        "opening_hours": "Su-Th 10:00-23:00; Fr-Sa 10:00-00:00",
        "cuisine": "",
        "food": "yes",
        "drink": "",
        "outdoor_seating": "",
        "indoor_seating": "",
        "internet_access": "",
        "real_ale": "",
        "real_cider": "",
        "live_music": "",
        "dog": "",
        "wheelchair": "yes",
        "toilets": "",
        "smoking": "",
        "wikidata": "",
        "wikipedia": "",
        "fetched_at_utc": "2026-10-07T11:41:12+00:00",
        "source_endpoint": "osm-extract",
        "tags": {
          "addr:city": "Edinburgh",
          "addr:housenumber": "23-24",
          "addr:postcode": "EH6 6EW",
          "addr:street": "Sandport Place",
          "amenity": "pub",
          "check_date": "2026-05-15",
          "check_date:opening_hours": "2024-09-04",
          "contact:facebook": "Roseleaf.Bar.Cafe",
          "contact:instagram": "roseleafbarcafe",
          "email": "info@roseleaf.co.uk",
          "fhrs:id": "662047",
          "food": "yes",
          "name": "Roseleaf",
          "opening_hours": "Su-Th 10:00-23:00; Fr-Sa 10:00-00:00",
          "opening_hours:signed": "no",
          "phone": "+44 131 476 5268",
          "source": "survey",
          "source:addr": "FHRS Open Data",
          "website": "https://www.roseleaf.co.uk/",
          "wheelchair": "yes",
          "wheelchair:description": "Toilet can be tricky to get into."
        }
      }
    },
    {
      "type": "Feature",
      "geometry": {
        "type": "Point",
        "coordinates": [
          -3.2083047,
          55.950412
        ]
      },
      "properties": {
        "name": "Ryan's Bar",
        "osm_type": "node",
        "osm_id": 3649489849,
        "address": "2-4 Hope Street, Edinburgh, EH2 4DB",
        "house_name": "",
        "house_number": "2-4",
        "street": "Hope Street",
        "suburb": "",
        "city": "Edinburgh",
        "postcode": "EH2 4DB",
        "country": "",
        "operator": "",
        "brewery": "",
        "website": "https://www.ryansofedinburgh.co.uk/menus",
        "phone": "",
        "opening_hours": "Su-We 09:00-24:00, Th-Sa 09:00-01:00",
        "cuisine": "",
        "food": "",
        "drink": "",
        "outdoor_seating": "",
        "indoor_seating": "",
        "internet_access": "wlan",
        "real_ale": "",
        "real_cider": "",
        "live_music": "",
        "dog": "",
        "wheelchair": "yes",
        "toilets": "",
        "smoking": "",
        "wikidata": "",
        "wikipedia": "",
        "fetched_at_utc": "2026-10-07T11:41:12+00:00",
        "source_endpoint": "osm-extract",
        "tags": {
          "addr:city": "Edinburgh",
          "addr:housenumber": "2-4",
          "addr:postcode": "EH2 4DB",
          "addr:street": "Hope Street",
          "amenity": "pub",
          "internet_access": "wlan",
          "level": "0",
          "name": "Ryan's Bar",
          "opening_hours": "Su-We 09:00-24:00, Th-Sa 09:00-01:00",
          "website": "https://www.ryansofedinburgh.co.uk/menus",
          "wheelchair": "yes"
        }
      }
    },
    {
      "type": "Feature",
      "geometry": {
        "type": "Point",
        "coordinates": [
          -3.217320575,
          55.945818949999996
        ]
      },
      "properties": {
        "name": "Ryries",
        "osm_type": "way",
        "osm_id": 224262073,
        "address": "1 Haymarket, Edinburgh, EH12 5EY",
        "house_name": "",
        "house_number": "1",
        "street": "Haymarket",
        "suburb": "",
        "city": "Edinburgh",
        "postcode": "EH12 5EY",
        "country": "",
        "operator": "",
        "brewery": "",
        "website": "",
        "phone": "",
        "opening_hours": "",
        "cuisine": "",
        "food": "",
        "drink": "",
        "outdoor_seating": "",
        "indoor_seating": "",
        "internet_access": "",
        "real_ale": "",
        "real_cider": "",
        "live_music": "",
        "dog": "",
        "wheelchair": "yes",
        "toilets": "",
        "smoking": "",
        "wikidata": "Q17807079",
        "wikipedia": "",
        "fetched_at_utc": "2026-10-07T11:41:12+00:00",
        "source_endpoint": "osm-extract",
        "tags": {
          "addr:city": "Edinburgh",
          "addr:housenumber": "1",
          "addr:postcode": "EH12 5EY",
          "addr:street": "Haymarket",
          "amenity": "pub",
          "building": "retail",
          "check_date": "2026-09-26",
          "fhrs:id": "80236",
          "name": "Ryries",
          "source": "Bing;OS Edinburgh 1893-94 (NLS)",
          "source:addr": "FHRS Open Data",
          "wheelchair": "yes",
          "wikidata": "Q17807079"
        }
      }
    },
    {
      "type": "Feature",
      "geometry": {
        "type": "Point",
        "coordinates": [
          -3.1912896,
          55.9460808
        ]
      },
      "properties": {
        "name": "Sandy Bell's",
        "osm_type": "node",
        "osm_id": 1951680695,
        "address": "25 Forrest Road, Edinburgh, EH1 2QH",
        "house_name": "",
        "house_number": "25",
        "street": "Forrest Road",
        "suburb": "",
        "city": "Edinburgh",
        "postcode": "EH1 2QH",
        "country": "GB",
        "operator": "",
        "brewery": "",
        "website": "https://www.sandybellsedinburgh.co.uk/",
        "phone": "+44 131 225 2751",
        "opening_hours": "Mo-Sa 12:00-01:00; Su 12:30-24:00",
        "cuisine": "",
        "food": "yes",
        "drink": "",
        "outdoor_seating": "no",
        "indoor_seating": "",
        "internet_access": "",
        "real_ale": "5",
        "real_cider": "1",
        "live_music": "folk",
        "dog": "",
        "wheelchair": "yes",
        "toilets": "yes",
        "smoking": "",
        "wikidata": "Q65080284",
        "wikipedia": "",
        "fetched_at_utc": "2026-10-07T11:41:12+00:00",
        "source_endpoint": "osm-extract",
        "tags": {
          "addr:city": "Edinburgh",
          "addr:country": "GB",
          "addr:housenumber": "25",
          "addr:postcode": "EH1 2QH",
          "addr:street": "Forrest Road",
          "amenity": "pub",
          "check_date": "2026-04-20",
          "fhrs:id": "126419",
          "food": "yes",
          "live_music": "folk",
          "name": "Sandy Bell's",
          "opening_hours": "Mo-Sa 12:00-01:00; Su 12:30-24:00",
          "outdoor_seating": "no",
          "phone": "+44 131 225 2751",
          "real_ale": "5",
          "real_cider": "1",
          "real_fire": "yes",
          "source": "survey",
          "toilets": "yes",
          "toilets:wheelchair": "yes",
          "website": "https://www.sandybellsedinburgh.co.uk/",
          "wheelchair": "yes",
          "wikidata": "Q65080284"
        }
      }
    },
    {
      "type": "Feature",
      "geometry": {
        "type": "Point",
        "coordinates": [
          -3.1759399,
          55.9661052
        ]
      },
      "properties": {
        "name": "Satyr",
        "osm_type": "node",
        "osm_id": 2425708239,
        "address": "260-262 Leith Walk, Edinburgh, EH6 5EL",
        "house_name": "",
        "house_number": "260-262",
        "street": "Leith Walk",
        "suburb": "",
        "city": "Edinburgh",
        "postcode": "EH6 5EL",
        "country": "",
        "operator": "",
        "brewery": "",
        "website": "",
        "phone": "",
        "opening_hours": "",
        "cuisine": "",
        "food": "",
        "drink": "",
        "outdoor_seating": "",
        "indoor_seating": "",
        "internet_access": "",
        "real_ale": "",
        "real_cider": "",
        "live_music": "",
        "dog": "",
        "wheelchair": "",
        "toilets": "",
        "smoking": "",
        "wikidata": "",
        "wikipedia": "",
        "fetched_at_utc": "2026-10-07T11:41:12+00:00",
        "source_endpoint": "osm-extract",
        "tags": {
          "addr:city": "Edinburgh",
          "addr:housenumber": "260-262",
          "addr:postcode": "EH6 5EL",
          "addr:street": "Leith Walk",
          "amenity": "pub",
          "fhrs:id": "1730073",
          "name": "Satyr",
          "source:addr": "FHRS Open Data"
        }
      }
    },
    {
      "type": "Feature",
      "geometry": {
        "type": "Point",
        "coordinates": [
          -3.1881082,
          55.9503609
        ]
      },
      "properties": {
        "name": "Scotsman's Lounge",
        "osm_type": "node",
        "osm_id": 1369539068,
        "address": "73 Cockburn Street, Edinburgh, EH1 1BU",
        "house_name": "",
        "house_number": "73",
        "street": "Cockburn Street",
        "suburb": "",
        "city": "Edinburgh",
        "postcode": "EH1 1BU",
        "country": "GB",
        "operator": "",
        "brewery": "yes",
        "website": "https://www.thescotsmanslounge.co.uk/",
        "phone": "+44 131 225 7726",
        "opening_hours": "Mo-Sa 09:00-01:00; Su 11:00-01:00",
        "cuisine": "",
        "food": "",
        "drink": "",
        "outdoor_seating": "yes",
        "indoor_seating": "yes",
        "internet_access": "",
        "real_ale": "",
        "real_cider": "",
        "live_music": "",
        "dog": "",
        "wheelchair": "no",
        "toilets": "",
        "smoking": "",
        "wikidata": "",
        "wikipedia": "",
        "fetched_at_utc": "2026-10-07T11:41:12+00:00",
        "source_endpoint": "osm-extract",
        "tags": {
          "addr:city": "Edinburgh",
          "addr:country": "GB",
          "addr:housenumber": "73",
          "addr:postcode": "EH1 1BU",
          "addr:street": "Cockburn Street",
          "amenity": "pub",
          "brewery": "yes",
          "check_date": "2025-09-06",
          "contact:facebook": "scotsmanlounge",
          "contact:instagram": "scotsmans_lounge",
          "email": "scotsmanlounge@hotmail.com",
          "fhrs:id": "120204",
          "indoor_seating": "yes",
          "name": "Scotsman's Lounge",
          "opening_hours": "Mo-Sa 09:00-01:00; Su 11:00-01:00",
          "outdoor_seating": "yes",
          "phone": "+44 131 225 7726",
          "source": "survey",
          "website": "https://www.thescotsmanslounge.co.uk/",
          "wheelchair": "no"
        }
      }
    },
    {
      "type": "Feature",
      "geometry": {
        "type": "Point",
        "coordinates": [
          -3.2051963,
          55.9513006
        ]
      },
      "properties": {
        "name": "Scotts",
        "osm_type": "node",
        "osm_id": 41483825,
        "address": "202 Rose Street, Edinburgh, EH2 4AZ",
        "house_name": "",
        "house_number": "202",
        "street": "Rose Street",
        "suburb": "",
        "city": "Edinburgh",
        "postcode": "EH2 4AZ",
        "country": "",
        "operator": "",
        "brewery": "",
        "website": "",
        "phone": "",
        "opening_hours": "",
        "cuisine": "",
        "food": "",
        "drink": "",
        "outdoor_seating": "",
        "indoor_seating": "",
        "internet_access": "",
        "real_ale": "",
        "real_cider": "",
        "live_music": "",
        "dog": "",
        "wheelchair": "limited",
        "toilets": "",
        "smoking": "",
        "wikidata": "",
        "wikipedia": "",
        "fetched_at_utc": "2026-10-07T11:41:12+00:00",
        "source_endpoint": "osm-extract",
        "tags": {
          "addr:city": "Edinburgh",
          "addr:housenumber": "202",
          "addr:postcode": "EH2 4AZ",
          "addr:street": "Rose Street",
          "amenity": "pub",
          "fhrs:id": "72583",
          "name": "Scotts",
          "source": "survey",
          "source:addr": "FHRS Open Data",
          "wheelchair": "limited"
        }
      }
    },
    {
      "type": "Feature",
      "geometry": {
        "type": "Point",
        "coordinates": [
          -3.2011784,
          55.9423459
        ]
      },
      "properties": {
        "name": "Seamus’s Pub",
        "osm_type": "node",
        "osm_id": 33214208,
        "address": "15 Brougham Place, Edinburgh, EH3 9JX",
        "house_name": "",
        "house_number": "15",
        "street": "Brougham Place",
        "suburb": "",
        "city": "Edinburgh",
        "postcode": "EH3 9JX",
        "country": "",
        "operator": "",
        "brewery": "",
        "website": "https://www.seamuss.co.uk/",
        "phone": "",
        "opening_hours": "Mo-We 16:00-00:00; Th 16:00-01:00; Fr-Su 12:00-01:00",
        "cuisine": "",
        "food": "",
        "drink": "",
        "outdoor_seating": "",
        "indoor_seating": "",
        "internet_access": "",
        "real_ale": "",
        "real_cider": "",
        "live_music": "",
        "dog": "",
        "wheelchair": "",
        "toilets": "",
        "smoking": "",
        "wikidata": "",
        "wikipedia": "",
        "fetched_at_utc": "2026-10-07T11:41:12+00:00",
        "source_endpoint": "osm-extract",
        "tags": {
          "addr:city": "Edinburgh",
          "addr:housenumber": "15",
          "addr:postcode": "EH3 9JX",
          "addr:street": "Brougham Place",
          "amenity": "pub",
          "check_date": "2026-02-05",
          "fhrs:id": "1978500",
          "name": "Seamus’s Pub",
          "opening_hours": "Mo-We 16:00-00:00; Th 16:00-01:00; Fr-Su 12:00-01:00",
          "source": "survey",
          "source:addr": "FHRS Open Data",
          "website": "https://www.seamuss.co.uk/"
        }
      }
    },
    {
      "type": "Feature",
      "geometry": {
        "type": "Point",
        "coordinates": [
          -3.2058334,
          55.9475568
        ]
      },
      "properties": {
        "name": "Shakespeares",
        "osm_type": "node",
        "osm_id": 2112504091,
        "address": "65,67 Lothian Road, Edinburgh, EH1 2DJ",
        "house_name": "",
        "house_number": "65,67",
        "street": "Lothian Road",
        "suburb": "",
        "city": "Edinburgh",
        "postcode": "EH1 2DJ",
        "country": "",
        "operator": "",
        "brewery": "",
        "website": "https://www.belhaven.co.uk/pubs/midlothian/shakespeare",
        "phone": "+44 131 228 8400",
        "opening_hours": "Mo-Th 11:00-23:00; Fr-Sa 11:00-01:00; Su 11:00-23:00",
        "cuisine": "",
        "food": "",
        "drink": "",
        "outdoor_seating": "",
        "indoor_seating": "",
        "internet_access": "",
        "real_ale": "",
        "real_cider": "",
        "live_music": "",
        "dog": "",
        "wheelchair": "yes",
        "toilets": "",
        "smoking": "",
        "wikidata": "",
        "wikipedia": "",
        "fetched_at_utc": "2026-10-07T11:41:12+00:00",
        "source_endpoint": "osm-extract",
        "tags": {
          "addr:city": "Edinburgh",
          "addr:housenumber": "65,67",
          "addr:postcode": "EH1 2DJ",
          "addr:street": "Lothian Road",
          "alt_name": "Shakespeares",
          "amenity": "pub",
          "brand": "Belhaven Pubs",
          "brand:wikidata": "Q105516156",
          "check_date": "2024-09-22",
          "fhrs:id": "114375",
          "name": "Shakespeares",
          "note": "Shakespeare is the official name used by Belhaven Pubs (operator) and therefore has been used as the main name. Shakespeares has been added as an alt_name because it is the name which appears outside and inside this pub",
          "opening_hours": "Mo-Th 11:00-23:00; Fr-Sa 11:00-01:00; Su 11:00-23:00",
          "phone": "+44 131 228 8400",
          "toilets:wheelchair": "yes",
          "website": "https://www.belhaven.co.uk/pubs/midlothian/shakespeare",
          "wheelchair": "yes"
        }
      }
    },
    {
      "type": "Feature",
      "geometry": {
        "type": "Point",
        "coordinates": [
          -3.189683,
          55.9483708
        ]
      },
      "properties": {
        "name": "Slàinte Mhath",
        "osm_type": "node",
        "osm_id": 2112426299,
        "address": "143 Cowgate, Edinburgh, EH1 1JS",
        "house_name": "",
        "house_number": "143",
        "street": "Cowgate",
        "suburb": "",
        "city": "Edinburgh",
        "postcode": "EH1 1JS",
        "country": "",
        "operator": "",
        "brewery": "",
        "website": "",
        "phone": "",
        "opening_hours": "",
        "cuisine": "",
        "food": "",
        "drink": "",
        "outdoor_seating": "",
        "indoor_seating": "",
        "internet_access": "",
        "real_ale": "",
        "real_cider": "",
        "live_music": "",
        "dog": "",
        "wheelchair": "",
        "toilets": "",
        "smoking": "",
        "wikidata": "",
        "wikipedia": "",
        "fetched_at_utc": "2026-10-07T11:41:12+00:00",
        "source_endpoint": "osm-extract",
        "tags": {
          "addr:city": "Edinburgh",
          "addr:housenumber": "143",
          "addr:postcode": "EH1 1JS",
          "addr:street": "Cowgate",
          "amenity": "pub",
          "name": "Slàinte Mhath"
        }
      }
    },
    {
      "type": "Feature",
      "geometry": {
        "type": "Point",
        "coordinates": [
          -3.1837064,
          55.9452016
        ]
      },
      "properties": {
        "name": "Southsider",
        "osm_type": "node",
        "osm_id": 570329678,
        "address": "3-7 West Richmond Street, Edinburgh, EH8 9EF",
        "house_name": "",
        "house_number": "3-7",
        "street": "West Richmond Street",
        "suburb": "",
        "city": "Edinburgh",
        "postcode": "EH8 9EF",
        "country": "",
        "operator": "Stonegate",
        "brewery": "",
        "website": "https://www.greatukpubs.co.uk/southsider-edinburgh",
        "phone": "",
        "opening_hours": "",
        "cuisine": "",
        "food": "",
        "drink": "",
        "outdoor_seating": "",
        "indoor_seating": "",
        "internet_access": "",
        "real_ale": "yes",
        "real_cider": "",
        "live_music": "",
        "dog": "",
        "wheelchair": "no",
        "toilets": "",
        "smoking": "",
        "wikidata": "",
        "wikipedia": "",
        "fetched_at_utc": "2026-10-07T11:41:12+00:00",
        "source_endpoint": "osm-extract",
        "tags": {
          "addr:city": "Edinburgh",
          "addr:housenumber": "3-7",
          "addr:postcode": "EH8 9EF",
          "addr:street": "West Richmond Street",
          "amenity": "pub",
          "check_date": "2026-09-03",
          "fhrs:id": "522980",
          "name": "Southsider",
          "operator": "Stonegate",
          "operator:wikidata": "Q7619176",
          "real_ale": "yes",
          "source": "survey",
          "website": "https://www.greatukpubs.co.uk/southsider-edinburgh",
          "wheelchair": "no"
        }
      }
    },
    {
      "type": "Feature",
      "geometry": {
        "type": "Point",
        "coordinates": [
          -3.1721096,
          55.9698189
        ]
      },
      "properties": {
        "name": "Spey Lounge",
        "osm_type": "node",
        "osm_id": 588498449,
        "address": "39 Leith Walk, Edinburgh, EH6 8LS",
        "house_name": "",
        "house_number": "39",
        "street": "Leith Walk",
        "suburb": "",
        "city": "Edinburgh",
        "postcode": "EH6 8LS",
        "country": "",
        "operator": "",
        "brewery": "",
        "website": "",
        "phone": "+44 131 554 9442",
        "opening_hours": "",
        "cuisine": "",
        "food": "",
        "drink": "",
        "outdoor_seating": "no",
        "indoor_seating": "",
        "internet_access": "",
        "real_ale": "",
        "real_cider": "",
        "live_music": "",
        "dog": "",
        "wheelchair": "",
        "toilets": "",
        "smoking": "",
        "wikidata": "",
        "wikipedia": "",
        "fetched_at_utc": "2026-10-07T11:41:12+00:00",
        "source_endpoint": "osm-extract",
        "tags": {
          "addr:city": "Edinburgh",
          "addr:housenumber": "39",
          "addr:postcode": "EH6 8LS",
          "addr:street": "Leith Walk",
          "amenity": "pub",
          "check_date": "2026-10-01",
          "check_date:opening_hours": "2026-10-01",
          "fhrs:id": "661823",
          "name": "Spey Lounge",
          "opening_hours:signed": "no",
          "outdoor_seating": "no",
          "phone": "+44 131 554 9442",
          "source": "survey",
          "source:addr:postcode": "FHRS Open Data"
        }
      }
    },
    {
      "type": "Feature",
      "geometry": {
        "type": "Point",
        "coordinates": [
          -3.2101928,
          55.9589564
        ]
      },
      "properties": {
        "name": "St Bernards Bar",
        "osm_type": "node",
        "osm_id": 585214839,
        "address": "10 Raeburn Place, Edinburgh, EH4 1HN",
        "house_name": "",
        "house_number": "10",
        "street": "Raeburn Place",
        "suburb": "",
        "city": "Edinburgh",
        "postcode": "EH4 1HN",
        "country": "",
        "operator": "",
        "brewery": "",
        "website": "",
        "phone": "",
        "opening_hours": "Tu,We 16:00-24:00, Th-Sa 12:00-01:00, Su 12:00-24:00",
        "cuisine": "",
        "food": "",
        "drink": "",
        "outdoor_seating": "",
        "indoor_seating": "",
        "internet_access": "",
        "real_ale": "",
        "real_cider": "",
        "live_music": "",
        "dog": "",
        "wheelchair": "",
        "toilets": "",
        "smoking": "",
        "wikidata": "",
        "wikipedia": "",
        "fetched_at_utc": "2026-10-07T11:41:12+00:00",
        "source_endpoint": "osm-extract",
        "tags": {
          "addr:city": "Edinburgh",
          "addr:housenumber": "10",
          "addr:postcode": "EH4 1HN",
          "addr:street": "Raeburn Place",
          "amenity": "pub",
          "check_date": "2025-04-21",
          "check_date:opening_hours": "2025-04-21",
          "fhrs:id": "663100",
          "name": "St Bernards Bar",
          "opening_hours": "Tu,We 16:00-24:00, Th-Sa 12:00-01:00, Su 12:00-24:00",
          "source": "survey"
        }
      }
    },
    {
      "type": "Feature",
      "geometry": {
        "type": "Point",
        "coordinates": [
          -3.203527,
          55.9580163
        ]
      },
      "properties": {
        "name": "St. Vincent Bar",
        "osm_type": "node",
        "osm_id": 514064329,
        "address": "11 St Vincent Street, Edinburgh, EH3 6SW",
        "house_name": "",
        "house_number": "11",
        "street": "St Vincent Street",
        "suburb": "",
        "city": "Edinburgh",
        "postcode": "EH3 6SW",
        "country": "",
        "operator": "",
        "brewery": "yes",
        "website": "https://stvincentbar.com/",
        "phone": "+44 131 225 7447",
        "opening_hours": "Mo-Sa 11:00-01:00; Su 12:30-01:00",
        "cuisine": "",
        "food": "",
        "drink": "",
        "outdoor_seating": "yes",
        "indoor_seating": "yes",
        "internet_access": "",
        "real_ale": "",
        "real_cider": "",
        "live_music": "",
        "dog": "",
        "wheelchair": "no",
        "toilets": "",
        "smoking": "",
        "wikidata": "",
        "wikipedia": "",
        "fetched_at_utc": "2026-10-07T11:41:12+00:00",
        "source_endpoint": "osm-extract",
        "tags": {
          "addr:city": "Edinburgh",
          "addr:housenumber": "11",
          "addr:postcode": "EH3 6SW",
          "addr:street": "St Vincent Street",
          "amenity": "pub",
          "brewery": "yes",
          "check_date": "2026-06-14",
          "fhrs:id": "97363",
          "indoor_seating": "yes",
          "name": "St. Vincent Bar",
          "opening_hours": "Mo-Sa 11:00-01:00; Su 12:30-01:00",
          "outdoor_seating": "yes",
          "phone": "+44 131 225 7447",
          "source": "survey",
          "website": "https://stvincentbar.com/",
          "wheelchair": "no"
        }
      }
    },
    {
      "type": "Feature",
      "geometry": {
        "type": "Point",
        "coordinates": [
          -3.1955177,
          55.9573512
        ]
      },
      "properties": {
        "name": "Star Bar",
        "osm_type": "node",
        "osm_id": 1608938025,
        "address": "1 Northumberland Place, Edinburgh, EH3 6LQ",
        "house_name": "",
        "house_number": "1",
        "street": "Northumberland Place",
        "suburb": "",
        "city": "Edinburgh",
        "postcode": "EH3 6LQ",
        "country": "",
        "operator": "",
        "brewery": "",
        "website": "http://www.starbar.co.uk/",
        "phone": "+44 131 539 8070",
        "opening_hours": "",
        "cuisine": "",
        "food": "",
        "drink": "",
        "outdoor_seating": "yes",
        "indoor_seating": "",
        "internet_access": "wlan",
        "real_ale": "",
        "real_cider": "",
        "live_music": "",
        "dog": "",
        "wheelchair": "",
        "toilets": "",
        "smoking": "",
        "wikidata": "",
        "wikipedia": "",
        "fetched_at_utc": "2026-10-07T11:41:12+00:00",
        "source_endpoint": "osm-extract",
        "tags": {
          "addr:city": "Edinburgh",
          "addr:housenumber": "1",
          "addr:postcode": "EH3 6LQ",
          "addr:street": "Northumberland Place",
          "amenity": "pub",
          "check_date": "2026-03-15",
          "fhrs:id": "1644458",
          "internet_access": "wlan",
          "name": "Star Bar",
          "outdoor_seating": "yes",
          "phone": "+44 131 539 8070",
          "source": "survey",
          "website": "http://www.starbar.co.uk/"
        }
      }
    },
    {
      "type": "Feature",
      "geometry": {
        "type": "Point",
        "coordinates": [
          -3.1808444,
          55.9372983
        ]
      },
      "properties": {
        "name": "Steel Coulson Southside",
        "osm_type": "node",
        "osm_id": 2395690999,
        "address": "114 Causewayside, Edinburgh",
        "house_name": "",
        "house_number": "114",
        "street": "Causewayside",
        "suburb": "",
        "city": "Edinburgh",
        "postcode": "",
        "country": "",
        "operator": "",
        "brewery": "",
        "website": "",
        "phone": "",
        "opening_hours": "",
        "cuisine": "",
        "food": "",
        "drink": "",
        "outdoor_seating": "",
        "indoor_seating": "",
        "internet_access": "",
        "real_ale": "",
        "real_cider": "",
        "live_music": "",
        "dog": "",
        "wheelchair": "",
        "toilets": "",
        "smoking": "",
        "wikidata": "",
        "wikipedia": "",
        "fetched_at_utc": "2026-10-07T11:41:12+00:00",
        "source_endpoint": "osm-extract",
        "tags": {
          "addr:city": "Edinburgh",
          "addr:housenumber": "114",
          "addr:street": "Causewayside",
          "amenity": "pub",
          "check_date": "2024-11-03",
          "name": "Steel Coulson Southside",
          "old_name": "Aviator",
          "source": "survey"
        }
      }
    },
    {
      "type": "Feature",
      "geometry": {
        "type": "Point",
        "coordinates": [
          -3.2349492,
          55.9371218
        ]
      },
      "properties": {
        "name": "Stratfords",
        "osm_type": "node",
        "osm_id": 2188447330,
        "address": "227-229 Gorgie Road, Edinburgh, EH11 1TU",
        "house_name": "",
        "house_number": "227-229",
        "street": "Gorgie Road",
        "suburb": "",
        "city": "Edinburgh",
        "postcode": "EH11 1TU",
        "country": "GB",
        "operator": "",
        "brewery": "",
        "website": "",
        "phone": "+44 131 477 7120",
        "opening_hours": "Fr,Sa 06:00-24:00; Mo-Th 06:00-22:00; Su 11:00-22:00",
        "cuisine": "",
        "food": "",
        "drink": "",
        "outdoor_seating": "",
        "indoor_seating": "",
        "internet_access": "",
        "real_ale": "",
        "real_cider": "",
        "live_music": "",
        "dog": "",
        "wheelchair": "yes",
        "toilets": "",
        "smoking": "",
        "wikidata": "",
        "wikipedia": "",
        "fetched_at_utc": "2026-10-07T11:41:12+00:00",
        "source_endpoint": "osm-extract",
        "tags": {
          "addr:city": "Edinburgh",
          "addr:country": "GB",
          "addr:housenumber": "227-229",
          "addr:postcode": "EH11 1TU",
          "addr:street": "Gorgie Road",
          "amenity": "pub",
          "check_date": "2025-07-04",
          "fhrs:id": "1693505",
          "name": "Stratfords",
          "opening_hours": "Fr,Sa 06:00-24:00; Mo-Th 06:00-22:00; Su 11:00-22:00",
          "phone": "+44 131 477 7120",
          "wheelchair": "yes"
        }
      }
    },
    {
      "type": "Feature",
      "geometry": {
        "type": "Point",
        "coordinates": [
          -3.1792194,
          55.9763691
        ]
      },
      "properties": {
        "name": "Swanny's Bar",
        "osm_type": "node",
        "osm_id": 1943465331,
        "address": "32 North Junction Street, Edinburgh, EH6 6HP",
        "house_name": "",
        "house_number": "32",
        "street": "North Junction Street",
        "suburb": "",
        "city": "Edinburgh",
        "postcode": "EH6 6HP",
        "country": "",
        "operator": "",
        "brewery": "",
        "website": "",
        "phone": "",
        "opening_hours": "",
        "cuisine": "",
        "food": "",
        "drink": "",
        "outdoor_seating": "",
        "indoor_seating": "",
        "internet_access": "",
        "real_ale": "",
        "real_cider": "",
        "live_music": "",
        "dog": "",
        "wheelchair": "",
        "toilets": "",
        "smoking": "",
        "wikidata": "",
        "wikipedia": "",
        "fetched_at_utc": "2026-10-07T11:41:12+00:00",
        "source_endpoint": "osm-extract",
        "tags": {
          "addr:city": "Edinburgh",
          "addr:housenumber": "32",
          "addr:postcode": "EH6 6HP",
          "addr:street": "North Junction Street",
          "amenity": "pub",
          "fhrs:id": "663310",
          "name": "Swanny's Bar",
          "source": "survey"
        }
      }
    },
    {
      "type": "Feature",
      "geometry": {
        "type": "Point",
        "coordinates": [
          -3.1789256,
          55.9348007
        ]
      },
      "properties": {
        "name": "Swany's",
        "osm_type": "node",
        "osm_id": 25346760,
        "address": "1 Ratcliffe Terrace, EH9 1SX",
        "house_name": "",
        "house_number": "1",
        "street": "Ratcliffe Terrace",
        "suburb": "",
        "city": "",
        "postcode": "EH9 1SX",
        "country": "",
        "operator": "",
        "brewery": "",
        "website": "",
        "phone": "",
        "opening_hours": "",
        "cuisine": "",
        "food": "",
        "drink": "",
        "outdoor_seating": "",
        "indoor_seating": "",
        "internet_access": "",
        "real_ale": "",
        "real_cider": "",
        "live_music": "",
        "dog": "",
        "wheelchair": "",
        "toilets": "",
        "smoking": "",
        "wikidata": "",
        "wikipedia": "",
        "fetched_at_utc": "2026-10-07T11:41:12+00:00",
        "source_endpoint": "osm-extract",
        "tags": {
          "addr:housenumber": "1",
          "addr:postcode": "EH9 1SX",
          "addr:street": "Ratcliffe Terrace",
          "amenity": "pub",
          "check_date": "2024-08-01",
          "fhrs:id": "523030",
          "name": "Swany's",
          "source:addr:postcode": "FHRS Open Data"
        }
      }
    },
    {
      "type": "Feature",
      "geometry": {
        "type": "Point",
        "coordinates": [
          -3.2123118,
          55.9493124
        ]
      },
      "properties": {
        "name": "Teuchters",
        "osm_type": "node",
        "osm_id": 1427181454,
        "address": "26 William Street, Edinburgh, EH3 7NH",
        "house_name": "",
        "house_number": "26",
        "street": "William Street",
        "suburb": "",
        "city": "Edinburgh",
        "postcode": "EH3 7NH",
        "country": "",
        "operator": "",
        "brewery": "moonwake;pilot;campervan;stewart;thistly_cross;fyne_ales",
        "website": "",
        "phone": "+44 131 226 1036",
        "opening_hours": "Mo-Su 10:30-01:00",
        "cuisine": "",
        "food": "",
        "drink": "",
        "outdoor_seating": "",
        "indoor_seating": "",
        "internet_access": "wlan",
        "real_ale": "",
        "real_cider": "",
        "live_music": "",
        "dog": "",
        "wheelchair": "limited",
        "toilets": "",
        "smoking": "",
        "wikidata": "",
        "wikipedia": "",
        "fetched_at_utc": "2026-10-07T11:41:12+00:00",
        "source_endpoint": "osm-extract",
        "tags": {
          "addr:city": "Edinburgh",
          "addr:housenumber": "26",
          "addr:postcode": "EH3 7NH",
          "addr:street": "William Street",
          "amenity": "pub",
          "brewery": "moonwake;pilot;campervan;stewart;thistly_cross;fyne_ales",
          "check_date": "2026-09-21",
          "fhrs:id": "127360",
          "internet_access": "wlan",
          "name": "Teuchters",
          "opening_hours": "Mo-Su 10:30-01:00",
          "phone": "+44 131 226 1036",
          "wheelchair": "limited"
        }
      }
    },
    {
      "type": "Feature",
      "geometry": {
        "type": "Point",
        "coordinates": [
          -3.1713276,
          55.9775081
        ]
      },
      "properties": {
        "name": "Teuchters Landing",
        "osm_type": "node",
        "osm_id": 446754429,
        "address": "1C Dock Place, Edinburgh, EH6 6LU",
        "house_name": "",
        "house_number": "1C",
        "street": "Dock Place",
        "suburb": "",
        "city": "Edinburgh",
        "postcode": "EH6 6LU",
        "country": "",
        "operator": "",
        "brewery": "",
        "website": "https://teuchtersbar.co.uk/",
        "phone": "",
        "opening_hours": "PH,Mo-Su 10:00-01:00",
        "cuisine": "",
        "food": "",
        "drink": "",
        "outdoor_seating": "yes",
        "indoor_seating": "yes",
        "internet_access": "",
        "real_ale": "",
        "real_cider": "",
        "live_music": "",
        "dog": "",
        "wheelchair": "limited",
        "toilets": "yes",
        "smoking": "",
        "wikidata": "",
        "wikipedia": "",
        "fetched_at_utc": "2026-10-07T11:41:12+00:00",
        "source_endpoint": "osm-extract",
        "tags": {
          "addr:city": "Edinburgh",
          "addr:housenumber": "1C",
          "addr:postcode": "EH6 6LU",
          "addr:street": "Dock Place",
          "amenity": "pub",
          "fhrs:id": "1391268",
          "indoor_seating": "yes",
          "name": "Teuchters Landing",
          "opening_hours": "PH,Mo-Su 10:00-01:00",
          "outdoor_seating": "yes",
          "payment:credit_cards": "yes",
          "payment:debit_cards": "yes",
          "source": "survey",
          "source:addr": "FHRS Open Data",
          "toilets": "yes",
          "toilets:wheelchair": "yes",
          "website": "https://teuchtersbar.co.uk/",
          "wheelchair": "limited"
        }
      }
    },
    {
      "type": "Feature",
      "geometry": {
        "type": "Point",
        "coordinates": [
          -3.1795837,
          55.9395334
        ]
      },
      "properties": {
        "name": "The Abbey",
        "osm_type": "node",
        "osm_id": 3045729720,
        "address": "65-67 South Clerk Street, Edinburgh, EH8 9PP",
        "house_name": "",
        "house_number": "65-67",
        "street": "South Clerk Street",
        "suburb": "",
        "city": "Edinburgh",
        "postcode": "EH8 9PP",
        "country": "",
        "operator": "",
        "brewery": "",
        "website": "https://www.abbeybar.co.uk/",
        "phone": "",
        "opening_hours": "",
        "cuisine": "",
        "food": "",
        "drink": "",
        "outdoor_seating": "",
        "indoor_seating": "",
        "internet_access": "",
        "real_ale": "",
        "real_cider": "",
        "live_music": "",
        "dog": "",
        "wheelchair": "",
        "toilets": "",
        "smoking": "",
        "wikidata": "",
        "wikipedia": "",
        "fetched_at_utc": "2026-10-07T11:41:12+00:00",
        "source_endpoint": "osm-extract",
        "tags": {
          "addr:city": "Edinburgh",
          "addr:housenumber": "65-67",
          "addr:postcode": "EH8 9PP",
          "addr:street": "South Clerk Street",
          "amenity": "pub",
          "check_date": "2024-07-30",
          "fhrs:id": "119630",
          "name": "The Abbey",
          "source": "survey",
          "source:addr": "FHRS Open Data",
          "website": "https://www.abbeybar.co.uk/"
        }
      }
    },
    {
      "type": "Feature",
      "geometry": {
        "type": "Point",
        "coordinates": [
          -3.1879514,
          55.9495157
        ]
      },
      "properties": {
        "name": "The Advocate",
        "osm_type": "node",
        "osm_id": 2323807241,
        "address": "7 Blair Street, Edinburgh, EH1 1QW",
        "house_name": "",
        "house_number": "7",
        "street": "Blair Street",
        "suburb": "",
        "city": "Edinburgh",
        "postcode": "EH1 1QW",
        "country": "",
        "operator": "",
        "brewery": "",
        "website": "https://www.belhaven.co.uk/pubs/midlothian/advocate",
        "phone": "",
        "opening_hours": "Su-Th 12:00-23:00; Fr-Sa 12:00-00:00",
        "cuisine": "local",
        "food": "",
        "drink": "",
        "outdoor_seating": "",
        "indoor_seating": "",
        "internet_access": "wlan",
        "real_ale": "",
        "real_cider": "",
        "live_music": "",
        "dog": "",
        "wheelchair": "yes",
        "toilets": "yes",
        "smoking": "",
        "wikidata": "",
        "wikipedia": "",
        "fetched_at_utc": "2026-10-07T11:41:12+00:00",
        "source_endpoint": "osm-extract",
        "tags": {
          "addr:city": "Edinburgh",
          "addr:housenumber": "7",
          "addr:postcode": "EH1 1QW",
          "addr:street": "Blair Street",
          "amenity": "pub",
          "brand": "Belhaven Pubs",
          "brand:wikidata": "Q105516156",
          "check_date": "2026-04-01",
          "cuisine": "local",
          "diet:vegan": "yes",
          "diet:vegetarian": "yes",
          "fhrs:id": "52652",
          "internet_access": "wlan",
          "internet_access:fee": "no",
          "name": "The Advocate",
          "opening_hours": "Su-Th 12:00-23:00; Fr-Sa 12:00-00:00",
          "payment:cash": "yes",
          "payment:contactless": "yes",
          "payment:credit_cards": "yes",
          "payment:debit_cards": "yes",
          "payment:mastercard": "yes",
          "payment:visa": "yes",
          "source": "survey",
          "toilets": "yes",
          "toilets:wheelchair": "yes",
          "website": "https://www.belhaven.co.uk/pubs/midlothian/advocate",
          "wheelchair": "yes"
        }
      }
    },
    {
      "type": "Feature",
      "geometry": {
        "type": "Point",
        "coordinates": [
          -3.1884318,
          55.9501558
        ]
      },
      "properties": {
        "name": "The Albanach",
        "osm_type": "node",
        "osm_id": 639106656,
        "address": "197 High Street, Edinburgh, EH1 1PE",
        "house_name": "",
        "house_number": "197",
        "street": "High Street",
        "suburb": "",
        "city": "Edinburgh",
        "postcode": "EH1 1PE",
        "country": "GB",
        "operator": "",
        "brewery": "",
        "website": "https://www.belhaven.co.uk/pubs/midlothian/albanach",
        "phone": "",
        "opening_hours": "",
        "cuisine": "",
        "food": "",
        "drink": "",
        "outdoor_seating": "yes",
        "indoor_seating": "yes",
        "internet_access": "",
        "real_ale": "",
        "real_cider": "",
        "live_music": "",
        "dog": "",
        "wheelchair": "",
        "toilets": "",
        "smoking": "",
        "wikidata": "",
        "wikipedia": "",
        "fetched_at_utc": "2026-10-07T11:41:12+00:00",
        "source_endpoint": "osm-extract",
        "tags": {
          "addr:city": "Edinburgh",
          "addr:country": "GB",
          "addr:housenumber": "197",
          "addr:postcode": "EH1 1PE",
          "addr:street": "High Street",
          "amenity": "pub",
          "brand": "Belhaven Pubs",
          "brand:wikidata": "Q105516156",
          "check_date": "2025-09-06",
          "fhrs:id": "63058",
          "indoor_seating": "yes",
          "name": "The Albanach",
          "outdoor_seating": "yes",
          "website": "https://www.belhaven.co.uk/pubs/midlothian/albanach"
        }
      }
    },
    {
      "type": "Feature",
      "geometry": {
        "type": "Point",
        "coordinates": [
          -3.1990322,
          55.9534197
        ]
      },
      "properties": {
        "name": "The Alchemist",
        "osm_type": "node",
        "osm_id": 2136246306,
        "address": "51 George Street, Edinburgh, EH2 2HT",
        "house_name": "",
        "house_number": "51",
        "street": "George Street",
        "suburb": "",
        "city": "Edinburgh",
        "postcode": "EH2 2HT",
        "country": "GB",
        "operator": "",
        "brewery": "",
        "website": "https://thealchemist.uk.com/venues/edinburgh-george-street/",
        "phone": "+44 131 376 4376",
        "opening_hours": "",
        "cuisine": "",
        "food": "",
        "drink": "",
        "outdoor_seating": "no",
        "indoor_seating": "yes",
        "internet_access": "",
        "real_ale": "",
        "real_cider": "",
        "live_music": "",
        "dog": "",
        "wheelchair": "limited",
        "toilets": "",
        "smoking": "",
        "wikidata": "",
        "wikipedia": "",
        "fetched_at_utc": "2026-10-07T11:41:12+00:00",
        "source_endpoint": "osm-extract",
        "tags": {
          "addr:city": "Edinburgh",
          "addr:country": "GB",
          "addr:housenumber": "51",
          "addr:postcode": "EH2 2HT",
          "addr:street": "George Street",
          "amenity": "pub",
          "check_date": "2025-08-12",
          "fhrs:id": "1622633",
          "indoor_seating": "yes",
          "name": "The Alchemist",
          "old_name": "Laura Ashley",
          "outdoor_seating": "no",
          "phone": "+44 131 376 4376",
          "source": "survey",
          "website": "https://thealchemist.uk.com/venues/edinburgh-george-street/",
          "wheelchair": "limited"
        }
      }
    },
    {
      "type": "Feature",
      "geometry": {
        "type": "Point",
        "coordinates": [
          -3.2053157,
          55.9518706
        ]
      },
      "properties": {
        "name": "The Alexander Graham Bell",
        "osm_type": "node",
        "osm_id": 3148972370,
        "address": "126-128 George Street, Edinburgh, EH2 4JZ",
        "house_name": "",
        "house_number": "126-128",
        "street": "George Street",
        "suburb": "",
        "city": "Edinburgh",
        "postcode": "EH2 4JZ",
        "country": "",
        "operator": "",
        "brewery": "",
        "website": "https://www.jdwetherspoon.com/pubs/the-alexander-graham-bell-edinburgh/",
        "phone": "+44 131 240 8220",
        "opening_hours": "Mo 08:00-00:00; Tu-Sa 08:00-01:00; Su 08:00-00:00",
        "cuisine": "",
        "food": "yes",
        "drink": "",
        "outdoor_seating": "yes",
        "indoor_seating": "",
        "internet_access": "wlan",
        "real_ale": "yes",
        "real_cider": "",
        "live_music": "",
        "dog": "no",
        "wheelchair": "yes",
        "toilets": "",
        "smoking": "",
        "wikidata": "",
        "wikipedia": "",
        "fetched_at_utc": "2026-10-07T11:41:12+00:00",
        "source_endpoint": "osm-extract",
        "tags": {
          "addr:city": "Edinburgh",
          "addr:housenumber": "126-128",
          "addr:postcode": "EH2 4JZ",
          "addr:street": "George Street",
          "amenity": "pub",
          "brand": "Wetherspoon",
          "brand:wikidata": "Q6109362",
          "brand:wikipedia": "en:Wetherspoons",
          "check_date": "2025-08-12",
          "dog": "no",
          "fhrs:id": "70365",
          "food": "yes",
          "internet_access": "wlan",
          "internet_access:fee": "no",
          "name": "The Alexander Graham Bell",
          "opening_hours": "Mo 08:00-00:00; Tu-Sa 08:00-01:00; Su 08:00-00:00",
          "outdoor_seating": "yes",
          "phone": "+44 131 240 8220",
          "real_ale": "yes",
          "source": "survey",
          "toilets:wheelchair": "yes",
          "website": "https://www.jdwetherspoon.com/pubs/the-alexander-graham-bell-edinburgh/",
          "website:menu": "https://order.jdwetherspoon.com/venue/jdw/6183/menus",
          "wheelchair": "yes"
        }
      }
    },
    {
      "type": "Feature",
      "geometry": {
        "type": "Point",
        "coordinates": [
          -3.2034842,
          55.951768
        ]
      },
      "properties": {
        "name": "The Amber Rose",
        "osm_type": "node",
        "osm_id": 1754796173,
        "address": "22-26 Castle Street, Edinburgh, EH2 3HT",
        "house_name": "",
        "house_number": "22-26",
        "street": "Castle Street",
        "suburb": "",
        "city": "Edinburgh",
        "postcode": "EH2 3HT",
        "country": "GB",
        "operator": "Stonegate",
        "brewery": "",
        "website": "https://www.greatukpubs.co.uk/amber-rose-edinburgh",
        "phone": "+44 131 226 1224",
        "opening_hours": "Mo-Tu 10:00-00:00; We-Sa 10:00-01:00; Su 11:00-00:00",
        "cuisine": "",
        "food": "",
        "drink": "",
        "outdoor_seating": "yes",
        "indoor_seating": "",
        "internet_access": "",
        "real_ale": "yes",
        "real_cider": "",
        "live_music": "",
        "dog": "",
        "wheelchair": "no",
        "toilets": "",
        "smoking": "",
        "wikidata": "",
        "wikipedia": "",
        "fetched_at_utc": "2026-10-07T11:41:12+00:00",
        "source_endpoint": "osm-extract",
        "tags": {
          "addr:city": "Edinburgh",
          "addr:country": "GB",
          "addr:housenumber": "22-26",
          "addr:postcode": "EH2 3HT",
          "addr:street": "Castle Street",
          "amenity": "pub",
          "check_date": "2025-08-12",
          "fhrs:id": "61381",
          "level": "-1",
          "name": "The Amber Rose",
          "old_name": "The Hogshead",
          "opening_hours": "Mo-Tu 10:00-00:00; We-Sa 10:00-01:00; Su 11:00-00:00",
          "operator": "Stonegate",
          "operator:wikidata": "Q7619176",
          "outdoor_seating": "yes",
          "phone": "+44 131 226 1224",
          "real_ale": "yes",
          "website": "https://www.greatukpubs.co.uk/amber-rose-edinburgh",
          "wheelchair": "no"
        }
      }
    },
    {
      "type": "Feature",
      "geometry": {
        "type": "Point",
        "coordinates": [
          -3.2313758,
          55.9792487
        ]
      },
      "properties": {
        "name": "The Anchor Inn",
        "osm_type": "node",
        "osm_id": 804415786,
        "address": "114 West Granton Road, Edinburgh, EH5 1PF",
        "house_name": "",
        "house_number": "114",
        "street": "West Granton Road",
        "suburb": "",
        "city": "Edinburgh",
        "postcode": "EH5 1PF",
        "country": "",
        "operator": "",
        "brewery": "",
        "website": "",
        "phone": "",
        "opening_hours": "",
        "cuisine": "",
        "food": "",
        "drink": "",
        "outdoor_seating": "yes",
        "indoor_seating": "yes",
        "internet_access": "",
        "real_ale": "",
        "real_cider": "",
        "live_music": "",
        "dog": "",
        "wheelchair": "",
        "toilets": "",
        "smoking": "",
        "wikidata": "",
        "wikipedia": "",
        "fetched_at_utc": "2026-10-07T11:41:12+00:00",
        "source_endpoint": "osm-extract",
        "tags": {
          "addr:city": "Edinburgh",
          "addr:housenumber": "114",
          "addr:postcode": "EH5 1PF",
          "addr:street": "West Granton Road",
          "amenity": "pub",
          "fhrs:id": "663066",
          "indoor_seating": "yes",
          "name": "The Anchor Inn",
          "outdoor_seating": "yes"
        }
      }
    },
    {
      "type": "Feature",
      "geometry": {
        "type": "Point",
        "coordinates": [
          -3.1708719,
          55.970612
        ]
      },
      "properties": {
        "name": "The Angel",
        "osm_type": "node",
        "osm_id": 607247164,
        "address": "183 Constitution Street, Edinburgh, EH6 7AA",
        "house_name": "",
        "house_number": "183",
        "street": "Constitution Street",
        "suburb": "",
        "city": "Edinburgh",
        "postcode": "EH6 7AA",
        "country": "GB",
        "operator": "Amber Taverns",
        "brewery": "",
        "website": "",
        "phone": "",
        "opening_hours": "",
        "cuisine": "",
        "food": "",
        "drink": "",
        "outdoor_seating": "no",
        "indoor_seating": "",
        "internet_access": "",
        "real_ale": "",
        "real_cider": "",
        "live_music": "",
        "dog": "",
        "wheelchair": "",
        "toilets": "",
        "smoking": "",
        "wikidata": "",
        "wikipedia": "",
        "fetched_at_utc": "2026-10-07T11:41:12+00:00",
        "source_endpoint": "osm-extract",
        "tags": {
          "addr:city": "Edinburgh",
          "addr:country": "GB",
          "addr:housenumber": "183",
          "addr:postcode": "EH6 7AA",
          "addr:street": "Constitution Street",
          "amenity": "pub",
          "brand": "Amber Taverns",
          "brand:wikidata": "Q122829228",
          "check_date": "2026-01-18",
          "name": "The Angel",
          "old_name": "Foot of The Walk",
          "operator": "Amber Taverns",
          "operator:wikidata": "Q122829228",
          "outdoor_seating": "no",
          "source": "survey"
        }
      }
    },
    {
      "type": "Feature",
      "geometry": {
        "type": "Point",
        "coordinates": [
          -3.2061965,
          55.957956
        ]
      },
      "properties": {
        "name": "The Antiquary",
        "osm_type": "node",
        "osm_id": 585214840,
        "address": "72-78 St Stephen Street, Edinburgh, EH3 5AQ",
        "house_name": "",
        "house_number": "72-78",
        "street": "St Stephen Street",
        "suburb": "",
        "city": "Edinburgh",
        "postcode": "EH3 5AQ",
        "country": "",
        "operator": "",
        "brewery": "",
        "website": "https://theantiquarybar.co.uk/",
        "phone": "+44 131 225 2858",
        "opening_hours": "Mo 16:00-23:00; Tu 16:00-00:00; We 12:00-00:00; Th-Fr 12:00-01:00; Sa 11:00-01:00; Su 11:00-00:00",
        "cuisine": "",
        "food": "yes",
        "drink": "",
        "outdoor_seating": "",
        "indoor_seating": "",
        "internet_access": "",
        "real_ale": "",
        "real_cider": "",
        "live_music": "",
        "dog": "",
        "wheelchair": "",
        "toilets": "",
        "smoking": "",
        "wikidata": "",
        "wikipedia": "",
        "fetched_at_utc": "2026-10-07T11:41:12+00:00",
        "source_endpoint": "osm-extract",
        "tags": {
          "addr:city": "Edinburgh",
          "addr:housenumber": "72-78",
          "addr:postcode": "EH3 5AQ",
          "addr:street": "St Stephen Street",
          "amenity": "pub",
          "fhrs:id": "100694;662665",
          "food": "yes",
          "level": "-1",
          "name": "The Antiquary",
          "opening_hours": "Mo 16:00-23:00; Tu 16:00-00:00; We 12:00-00:00; Th-Fr 12:00-01:00; Sa 11:00-01:00; Su 11:00-00:00",
          "phone": "+44 131 225 2858",
          "source": "survey",
          "website": "https://theantiquarybar.co.uk/"
        }
      }
    },
    {
      "type": "Feature",
      "geometry": {
        "type": "Point",
        "coordinates": [
          -3.1693761571428576,
          55.9574972
        ]
      },
      "properties": {
        "name": "The Artisan",
        "osm_type": "way",
        "osm_id": 292315600,
        "address": "35-36 London Road, EH7 5BQ",
        "house_name": "",
        "house_number": "35-36",
        "street": "London Road",
        "suburb": "",
        "city": "",
        "postcode": "EH7 5BQ",
        "country": "",
        "operator": "",
        "brewery": "",
        "website": "",
        "phone": "",
        "opening_hours": "Mo-Th,Su 11:00-23:00; Fr-Sa 11:00-24:00",
        "cuisine": "",
        "food": "",
        "drink": "",
        "outdoor_seating": "yes",
        "indoor_seating": "",
        "internet_access": "",
        "real_ale": "3",
        "real_cider": "",
        "live_music": "",
        "dog": "",
        "wheelchair": "",
        "toilets": "",
        "smoking": "",
        "wikidata": "",
        "wikipedia": "",
        "fetched_at_utc": "2026-10-07T11:41:12+00:00",
        "source_endpoint": "osm-extract",
        "tags": {
          "addr:housenumber": "35-36",
          "addr:postcode": "EH7 5BQ",
          "addr:street": "London Road",
          "amenity": "pub",
          "building:part": "yes",
          "check_date": "2026-05-02",
          "contact:facebook": "https://www.facebook.com/TheArtisanBar/",
          "contact:phone": "+44 131 661 1603",
          "contact:tripadvisor": "https://www.tripadvisor.co.uk/Attraction_Review-g186525-d5917736-Reviews-The_Artisan_Bar-Edinburgh_Scotland.html",
          "contact:website": "https://www.theartisanbar.co.uk/",
          "email": "info@theartisanbar.co.uk",
          "name": "The Artisan",
          "opening_hours": "Mo-Th,Su 11:00-23:00; Fr-Sa 11:00-24:00",
          "outdoor_seating": "yes",
          "real_ale": "3",
          "source": "NLS_OS_Edinburgh_map_1940s;Bing"
        }
      }
    },
    {
      "type": "Feature",
      "geometry": {
        "type": "Point",
        "coordinates": [
          -3.2238438,
          55.9389512
        ]
      },
      "properties": {
        "name": "The Athletic Arms",
        "osm_type": "node",
        "osm_id": 367085455,
        "address": "1-2-3 Angle Park Terrace, Edinburgh, EH11 2JX",
        "house_name": "",
        "house_number": "1-2-3",
        "street": "Angle Park Terrace",
        "suburb": "",
        "city": "Edinburgh",
        "postcode": "EH11 2JX",
        "country": "GB",
        "operator": "",
        "brewery": "",
        "website": "https://athleticarms.co.uk/",
        "phone": "+44 131 337 3822",
        "opening_hours": "",
        "cuisine": "",
        "food": "",
        "drink": "",
        "outdoor_seating": "",
        "indoor_seating": "",
        "internet_access": "",
        "real_ale": "",
        "real_cider": "",
        "live_music": "",
        "dog": "",
        "wheelchair": "",
        "toilets": "",
        "smoking": "",
        "wikidata": "",
        "wikipedia": "",
        "fetched_at_utc": "2026-10-07T11:41:12+00:00",
        "source_endpoint": "osm-extract",
        "tags": {
          "addr:city": "Edinburgh",
          "addr:country": "GB",
          "addr:housenumber": "1-2-3",
          "addr:postcode": "EH11 2JX",
          "addr:street": "Angle Park Terrace",
          "alt_name": "Diggers",
          "amenity": "pub",
          "check_date": "2026-07-09",
          "fhrs:id": "663226",
          "loc_name": "Diggers",
          "name": "The Athletic Arms",
          "note": "not sure if Diggers most appropriate in loc_name or alt_name",
          "phone": "+44 131 337 3822",
          "website": "https://athleticarms.co.uk/"
        }
      }
    },
    {
      "type": "Feature",
      "geometry": {
        "type": "Point",
        "coordinates": [
          -3.1802833,
          55.9434922
        ]
      },
      "properties": {
        "name": "The Auld Hoose",
        "osm_type": "node",
        "osm_id": 255760161,
        "address": "23-25 St Leonard's Street, Edinburgh, EH8 9QN",
        "house_name": "",
        "house_number": "23-25",
        "street": "St Leonard's Street",
        "suburb": "",
        "city": "Edinburgh",
        "postcode": "EH8 9QN",
        "country": "",
        "operator": "",
        "brewery": "Hobgoblin",
        "website": "https://theauldhoose.co.uk/",
        "phone": "+44 131 668 2934",
        "opening_hours": "Mo-Th 16:00-23:00; Fr-Sa 12:00-24:00; Su 12:00-23:00",
        "cuisine": "",
        "food": "",
        "drink": "",
        "outdoor_seating": "",
        "indoor_seating": "",
        "internet_access": "",
        "real_ale": "",
        "real_cider": "",
        "live_music": "",
        "dog": "",
        "wheelchair": "limited",
        "toilets": "",
        "smoking": "",
        "wikidata": "",
        "wikipedia": "",
        "fetched_at_utc": "2026-10-07T11:41:12+00:00",
        "source_endpoint": "osm-extract",
        "tags": {
          "addr:city": "Edinburgh",
          "addr:floor": "G",
          "addr:housenumber": "23-25",
          "addr:postcode": "EH8 9QN",
          "addr:street": "St Leonard's Street",
          "amenity": "pub",
          "brewery": "Hobgoblin",
          "check_date": "2026-09-12",
          "diet:vegan": "yes",
          "fhrs:id": "123071",
          "level": "0",
          "name": "The Auld Hoose",
          "opening_hours": "Mo-Th 16:00-23:00; Fr-Sa 12:00-24:00; Su 12:00-23:00",
          "phone": "+44 131 668 2934",
          "source": "survey",
          "website": "https://theauldhoose.co.uk/",
          "wheelchair": "limited"
        }
      }
    },
    {
      "type": "Feature",
      "geometry": {
        "type": "Point",
        "coordinates": [
          -3.2071208,
          55.9574763
        ]
      },
      "properties": {
        "name": "The Bailie",
        "osm_type": "node",
        "osm_id": 307639901,
        "address": "2-4 St Stephen Street, Edinburgh, EH3 5AL",
        "house_name": "",
        "house_number": "2-4",
        "street": "St Stephen Street",
        "suburb": "",
        "city": "Edinburgh",
        "postcode": "EH3 5AL",
        "country": "",
        "operator": "",
        "brewery": "",
        "website": "http://www.thebailiebar.co.uk/",
        "phone": "+44 131 225 4673",
        "opening_hours": "Mo-Th 11:00-00:00; Fr-Sa 11:00-01:00; Su 12:30-00:00",
        "cuisine": "",
        "food": "yes",
        "drink": "",
        "outdoor_seating": "yes",
        "indoor_seating": "",
        "internet_access": "",
        "real_ale": "",
        "real_cider": "",
        "live_music": "",
        "dog": "",
        "wheelchair": "no",
        "toilets": "",
        "smoking": "",
        "wikidata": "",
        "wikipedia": "",
        "fetched_at_utc": "2026-10-07T11:41:12+00:00",
        "source_endpoint": "osm-extract",
        "tags": {
          "addr:city": "Edinburgh",
          "addr:housenumber": "2-4",
          "addr:postcode": "EH3 5AL",
          "addr:street": "St Stephen Street",
          "amenity": "pub",
          "check_date": "2023-01-03",
          "fhrs:id": "70278;100386",
          "food": "yes",
          "level": "-1",
          "name": "The Bailie",
          "opening_hours": "Mo-Th 11:00-00:00; Fr-Sa 11:00-01:00; Su 12:30-00:00",
          "outdoor_seating": "yes",
          "phone": "+44 131 225 4673",
          "source": "survey",
          "website": "http://www.thebailiebar.co.uk/",
          "wheelchair": "no"
        }
      }
    },
    {
      "type": "Feature",
      "geometry": {
        "type": "Point",
        "coordinates": [
          -3.2080446000000005,
          55.926923172727264
        ]
      },
      "properties": {
        "name": "The Ball Room",
        "osm_type": "way",
        "osm_id": 209598974,
        "address": "3 Jordan Lane, Edinburgh, EH10 4RB",
        "house_name": "",
        "house_number": "3",
        "street": "Jordan Lane",
        "suburb": "",
        "city": "Edinburgh",
        "postcode": "EH10 4RB",
        "country": "",
        "operator": "",
        "brewery": "",
        "website": "",
        "phone": "+44 131 447 0440",
        "opening_hours": "We,Th,Su 11:00-24:00, Fr,Sa 11:00-01:00, Tu 16:00-24:00, Mo 11:00-04:00",
        "cuisine": "",
        "food": "",
        "drink": "",
        "outdoor_seating": "",
        "indoor_seating": "",
        "internet_access": "",
        "real_ale": "",
        "real_cider": "",
        "live_music": "",
        "dog": "",
        "wheelchair": "",
        "toilets": "",
        "smoking": "outside",
        "wikidata": "",
        "wikipedia": "",
        "fetched_at_utc": "2026-10-07T11:41:12+00:00",
        "source_endpoint": "osm-extract",
        "tags": {
          "addr:city": "Edinburgh",
          "addr:housenumber": "3",
          "addr:postcode": "EH10 4RB",
          "addr:street": "Jordan Lane",
          "amenity": "pub",
          "building": "retail",
          "email": "ballroom-edinburgh@hotmail.co.uk",
          "fhrs:id": "68777",
          "name": "The Ball Room",
          "opening_hours": "We,Th,Su 11:00-24:00, Fr,Sa 11:00-01:00, Tu 16:00-24:00, Mo 11:00-04:00",
          "phone": "+44 131 447 0440",
          "smoking": "outside"
        }
      }
    },
    {
      "type": "Feature",
      "geometry": {
        "type": "Point",
        "coordinates": [
          -3.1869167,
          55.9493788
        ]
      },
      "properties": {
        "name": "The Banshee Labyrinth",
        "osm_type": "node",
        "osm_id": 1361026044,
        "address": "29-35 Niddry Street, Edinburgh, EH1 1LG",
        "house_name": "",
        "house_number": "29-35",
        "street": "Niddry Street",
        "suburb": "",
        "city": "Edinburgh",
        "postcode": "EH1 1LG",
        "country": "",
        "operator": "",
        "brewery": "",
        "website": "https://www.thebansheelabyrinth.com/",
        "phone": "+44 131 558 8209",
        "opening_hours": "",
        "cuisine": "",
        "food": "",
        "drink": "",
        "outdoor_seating": "",
        "indoor_seating": "",
        "internet_access": "",
        "real_ale": "",
        "real_cider": "",
        "live_music": "",
        "dog": "",
        "wheelchair": "no",
        "toilets": "",
        "smoking": "",
        "wikidata": "",
        "wikipedia": "",
        "fetched_at_utc": "2026-10-07T11:41:12+00:00",
        "source_endpoint": "osm-extract",
        "tags": {
          "addr:city": "Edinburgh",
          "addr:housenumber": "29-35",
          "addr:postcode": "EH1 1LG",
          "addr:street": "Niddry Street",
          "amenity": "pub",
          "check_date": "2024-08-02",
          "check_date:opening_hours": "2024-05-12",
          "fhrs:id": "108020",
          "name": "The Banshee Labyrinth",
          "opening_hours:signed": "no",
          "phone": "+44 131 558 8209",
          "website": "https://www.thebansheelabyrinth.com/",
          "wheelchair": "no"
        }
      }
    },
    {
      "type": "Feature",
      "geometry": {
        "type": "Point",
        "coordinates": [
          -3.1894464,
          55.9582765
        ]
      },
      "properties": {
        "name": "The Barony Bar",
        "osm_type": "node",
        "osm_id": 1608938029,
        "address": "81-85 Broughton Street, Edinburgh, EH1 3RJ",
        "house_name": "",
        "house_number": "81-85",
        "street": "Broughton Street",
        "suburb": "",
        "city": "Edinburgh",
        "postcode": "EH1 3RJ",
        "country": "",
        "operator": "",
        "brewery": "",
        "website": "",
        "phone": "+44 131 558 2874",
        "opening_hours": "Mo-Th 11:00-00:00; Fr-Sa 11:00-01:00; Su 12:30-00:00",
        "cuisine": "",
        "food": "",
        "drink": "",
        "outdoor_seating": "yes",
        "indoor_seating": "yes",
        "internet_access": "",
        "real_ale": "1",
        "real_cider": "",
        "live_music": "",
        "dog": "",
        "wheelchair": "yes",
        "toilets": "",
        "smoking": "",
        "wikidata": "",
        "wikipedia": "",
        "fetched_at_utc": "2026-10-07T11:41:12+00:00",
        "source_endpoint": "osm-extract",
        "tags": {
          "addr:city": "Edinburgh",
          "addr:housenumber": "81-85",
          "addr:postcode": "EH1 3RJ",
          "addr:street": "Broughton Street",
          "amenity": "pub",
          "check_date": "2026-09-08",
          "fhrs:id": "145108",
          "indoor_seating": "yes",
          "name": "The Barony Bar",
          "opening_hours": "Mo-Th 11:00-00:00; Fr-Sa 11:00-01:00; Su 12:30-00:00",
          "outdoor_seating": "yes",
          "phone": "+44 131 558 2874",
          "real_ale": "1",
          "source": "survey",
          "wheelchair": "yes"
        }
      }
    },
    {
      "type": "Feature",
      "geometry": {
        "type": "Point",
        "coordinates": [
          -3.197165,
          55.947417
        ]
      },
      "properties": {
        "name": "The Beehive",
        "osm_type": "node",
        "osm_id": 2338719696,
        "address": "18,20 Grassmarket, Edinburgh, EH1 2JU",
        "house_name": "",
        "house_number": "18,20",
        "street": "Grassmarket",
        "suburb": "",
        "city": "Edinburgh",
        "postcode": "EH1 2JU",
        "country": "GB",
        "operator": "",
        "brewery": "",
        "website": "",
        "phone": "",
        "opening_hours": "",
        "cuisine": "",
        "food": "",
        "drink": "",
        "outdoor_seating": "",
        "indoor_seating": "",
        "internet_access": "",
        "real_ale": "",
        "real_cider": "",
        "live_music": "",
        "dog": "",
        "wheelchair": "",
        "toilets": "",
        "smoking": "",
        "wikidata": "",
        "wikipedia": "",
        "fetched_at_utc": "2026-10-07T11:41:12+00:00",
        "source_endpoint": "osm-extract",
        "tags": {
          "addr:city": "Edinburgh",
          "addr:country": "GB",
          "addr:housenumber": "18,20",
          "addr:postcode": "EH1 2JU",
          "addr:street": "Grassmarket",
          "amenity": "pub",
          "beer_garden": "yes",
          "brand": "Belhaven Pubs",
          "brand:wikidata": "Q105516156",
          "fhrs:id": "121173",
          "name": "The Beehive"
        }
      }
    },
    {
      "type": "Feature",
      "geometry": {
        "type": "Point",
        "coordinates": [
          -3.2036518,
          55.9515611
        ]
      },
      "properties": {
        "name": "The Black Cat",
        "osm_type": "node",
        "osm_id": 41483843,
        "address": "168 Rose Street, Edinburgh, EH2 4BA",
        "house_name": "",
        "house_number": "168",
        "street": "Rose Street",
        "suburb": "",
        "city": "Edinburgh",
        "postcode": "EH2 4BA",
        "country": "",
        "operator": "",
        "brewery": "",
        "website": "",
        "phone": "",
        "opening_hours": "",
        "cuisine": "",
        "food": "",
        "drink": "",
        "outdoor_seating": "yes",
        "indoor_seating": "",
        "internet_access": "",
        "real_ale": "",
        "real_cider": "",
        "live_music": "",
        "dog": "",
        "wheelchair": "no",
        "toilets": "",
        "smoking": "outside",
        "wikidata": "",
        "wikipedia": "",
        "fetched_at_utc": "2026-10-07T11:41:12+00:00",
        "source_endpoint": "osm-extract",
        "tags": {
          "addr:city": "Edinburgh",
          "addr:housenumber": "168",
          "addr:postcode": "EH2 4BA",
          "addr:street": "Rose Street",
          "amenity": "pub",
          "fhrs:id": "69822",
          "name": "The Black Cat",
          "outdoor_seating": "yes",
          "smoking": "outside",
          "source": "survey",
          "source:addr:postcode": "FHRS Open Data",
          "takeaway": "yes",
          "wheelchair": "no"
        }
      }
    },
    {
      "type": "Feature",
      "geometry": {
        "type": "Point",
        "coordinates": [
          -3.1981001,
          55.9526844
        ]
      },
      "properties": {
        "name": "The Black Rose Tavern",
        "osm_type": "node",
        "osm_id": 41483863,
        "address": "49 Rose Street, Edinburgh, EH2 2NH",
        "house_name": "",
        "house_number": "49",
        "street": "Rose Street",
        "suburb": "",
        "city": "Edinburgh",
        "postcode": "EH2 2NH",
        "country": "GB",
        "operator": "",
        "brewery": "",
        "website": "",
        "phone": "",
        "opening_hours": "",
        "cuisine": "",
        "food": "",
        "drink": "",
        "outdoor_seating": "yes",
        "indoor_seating": "",
        "internet_access": "",
        "real_ale": "",
        "real_cider": "",
        "live_music": "",
        "dog": "",
        "wheelchair": "",
        "toilets": "",
        "smoking": "",
        "wikidata": "",
        "wikipedia": "",
        "fetched_at_utc": "2026-10-07T11:41:12+00:00",
        "source_endpoint": "osm-extract",
        "tags": {
          "addr:city": "Edinburgh",
          "addr:country": "GB",
          "addr:housenumber": "49",
          "addr:postcode": "EH2 2NH",
          "addr:street": "Rose Street",
          "amenity": "pub",
          "check_date": "2026-01-13",
          "fhrs:id": "67651",
          "name": "The Black Rose Tavern",
          "outdoor_seating": "yes"
        }
      }
    },
    {
      "type": "Feature",
      "geometry": {
        "type": "Point",
        "coordinates": [
          -3.2037107,
          55.9410838
        ]
      },
      "properties": {
        "name": "The Blackbird",
        "osm_type": "node",
        "osm_id": 2089192516,
        "address": "37-39 Leven Street, Edinburgh, EH3 9LH",
        "house_name": "",
        "house_number": "37-39",
        "street": "Leven Street",
        "suburb": "",
        "city": "Edinburgh",
        "postcode": "EH3 9LH",
        "country": "",
        "operator": "",
        "brewery": "",
        "website": "https://www.theblackbirdedinburgh.co.uk/",
        "phone": "+44 131 228 2280",
        "opening_hours": "",
        "cuisine": "",
        "food": "yes",
        "drink": "",
        "outdoor_seating": "",
        "indoor_seating": "",
        "internet_access": "",
        "real_ale": "",
        "real_cider": "",
        "live_music": "",
        "dog": "",
        "wheelchair": "",
        "toilets": "",
        "smoking": "",
        "wikidata": "",
        "wikipedia": "",
        "fetched_at_utc": "2026-10-07T11:41:12+00:00",
        "source_endpoint": "osm-extract",
        "tags": {
          "addr:city": "Edinburgh",
          "addr:housenumber": "37-39",
          "addr:postcode": "EH3 9LH",
          "addr:street": "Leven Street",
          "amenity": "pub",
          "check_date": "2024-09-17",
          "fhrs:id": "1203891",
          "food": "yes",
          "name": "The Blackbird",
          "phone": "+44 131 228 2280",
          "source": "survey",
          "website": "https://www.theblackbirdedinburgh.co.uk/"
        }
      }
    },
    {
      "type": "Feature",
      "geometry": {
        "type": "Point",
        "coordinates": [
          -3.1845659,
          55.9690969
        ]
      },
      "properties": {
        "name": "The Bonnington",
        "osm_type": "node",
        "osm_id": 573458060,
        "address": "284 Bonnington Road, Edinburgh, EH6 5BE",
        "house_name": "",
        "house_number": "284",
        "street": "Bonnington Road",
        "suburb": "",
        "city": "Edinburgh",
        "postcode": "EH6 5BE",
        "country": "",
        "operator": "",
        "brewery": "",
        "website": "http://www.bonningtonbar.com/",
        "phone": "+44 131 554 5824",
        "opening_hours": "",
        "cuisine": "",
        "food": "yes",
        "drink": "",
        "outdoor_seating": "",
        "indoor_seating": "",
        "internet_access": "",
        "real_ale": "",
        "real_cider": "",
        "live_music": "",
        "dog": "",
        "wheelchair": "",
        "toilets": "",
        "smoking": "",
        "wikidata": "",
        "wikipedia": "",
        "fetched_at_utc": "2026-10-07T11:41:12+00:00",
        "source_endpoint": "osm-extract",
        "tags": {
          "addr:city": "Edinburgh",
          "addr:housenumber": "284",
          "addr:postcode": "EH6 5BE",
          "addr:street": "Bonnington Road",
          "amenity": "pub",
          "fhrs:id": "1826824",
          "food": "yes",
          "name": "The Bonnington",
          "old_name": "Guilty Lily",
          "phone": "+44 131 554 5824",
          "source": "survey",
          "source:addr": "FHRS Open Data",
          "website": "http://www.bonningtonbar.com/"
        }
      }
    },
    {
      "type": "Feature",
      "geometry": {
        "type": "Point",
        "coordinates": [
          -3.1901573,
          55.9584582
        ]
      },
      "properties": {
        "name": "The Broughton",
        "osm_type": "node",
        "osm_id": 1968533745,
        "address": "46-48A Broughton Street, Edinburgh, EH1 3SA",
        "house_name": "",
        "house_number": "46-48A",
        "street": "Broughton Street",
        "suburb": "",
        "city": "Edinburgh",
        "postcode": "EH1 3SA",
        "country": "",
        "operator": "",
        "brewery": "",
        "website": "",
        "phone": "",
        "opening_hours": "Mo-Su 11:30-23:00",
        "cuisine": "",
        "food": "yes",
        "drink": "",
        "outdoor_seating": "no",
        "indoor_seating": "yes",
        "internet_access": "",
        "real_ale": "",
        "real_cider": "",
        "live_music": "",
        "dog": "",
        "wheelchair": "",
        "toilets": "",
        "smoking": "",
        "wikidata": "",
        "wikipedia": "",
        "fetched_at_utc": "2026-10-07T11:41:12+00:00",
        "source_endpoint": "osm-extract",
        "tags": {
          "addr:city": "Edinburgh",
          "addr:housenumber": "46-48A",
          "addr:postcode": "EH1 3SA",
          "addr:street": "Broughton Street",
          "amenity": "pub",
          "check_date": "2025-08-09",
          "fhrs:id": "1227999",
          "food": "yes",
          "indoor_seating": "yes",
          "name": "The Broughton",
          "old_name": "The Phoenix",
          "opening_hours": "Mo-Su 11:30-23:00",
          "outdoor_seating": "no",
          "source": "survey"
        }
      }
    },
    {
      "type": "Feature",
      "geometry": {
        "type": "Point",
        "coordinates": [
          -3.2060765,
          55.9482513
        ]
      },
      "properties": {
        "name": "The Caley Picture House",
        "osm_type": "node",
        "osm_id": 766185386,
        "address": "31 Lothian Road, Edinburgh, EH1 2DJ",
        "house_name": "",
        "house_number": "31",
        "street": "Lothian Road",
        "suburb": "",
        "city": "Edinburgh",
        "postcode": "EH1 2DJ",
        "country": "GB",
        "operator": "J D Wetherspoon",
        "brewery": "various",
        "website": "https://www.jdwetherspoon.com/pubs/all-pubs/scotland/edinburgh/the-caley-picture-house",
        "phone": "+44 131 656 0752",
        "opening_hours": "08:00-01:00",
        "cuisine": "",
        "food": "",
        "drink": "",
        "outdoor_seating": "",
        "indoor_seating": "",
        "internet_access": "wlan",
        "real_ale": "",
        "real_cider": "",
        "live_music": "",
        "dog": "no",
        "wheelchair": "yes",
        "toilets": "",
        "smoking": "",
        "wikidata": "",
        "wikipedia": "",
        "fetched_at_utc": "2026-10-07T11:41:12+00:00",
        "source_endpoint": "osm-extract",
        "tags": {
          "addr:city": "Edinburgh",
          "addr:country": "GB",
          "addr:housenumber": "31",
          "addr:postcode": "EH1 2DJ",
          "addr:street": "Lothian Road",
          "amenity": "pub",
          "brand": "Wetherspoon",
          "brand:wikidata": "Q6109362",
          "brand:wikipedia": "en:Wetherspoons",
          "brewery": "various",
          "check_date": "2024-08-31",
          "dog": "no",
          "fhrs:id": "940052",
          "internet_access": "wlan",
          "internet_access:fee": "no",
          "name": "The Caley Picture House",
          "old_name": "HMV Picture House",
          "opening_hours": "08:00-01:00",
          "operator": "J D Wetherspoon",
          "payment:cash": "yes",
          "payment:contactless": "yes",
          "payment:credit_cards": "yes",
          "payment:debit_cards": "yes",
          "phone": "+44 131 656 0752",
          "source": "survey",
          "website": "https://www.jdwetherspoon.com/pubs/all-pubs/scotland/edinburgh/the-caley-picture-house",
          "website:menu": "https://order.jdwetherspoon.com/venue/jdw/7248/menus",
          "wheelchair": "yes"
        }
      }
    },
    {
      "type": "Feature",
      "geometry": {
        "type": "Point",
        "coordinates": [
          -3.2258211,
          55.937689
        ]
      },
      "properties": {
        "name": "The Caley Sample Room",
        "osm_type": "node",
        "osm_id": 3341643185,
        "address": "42-58 Angle Park Terrace, Edinburgh, EH11 2JR",
        "house_name": "",
        "house_number": "42-58",
        "street": "Angle Park Terrace",
        "suburb": "",
        "city": "Edinburgh",
        "postcode": "EH11 2JR",
        "country": "GB",
        "operator": "",
        "brewery": "",
        "website": "",
        "phone": "",
        "opening_hours": "",
        "cuisine": "",
        "food": "",
        "drink": "",
        "outdoor_seating": "",
        "indoor_seating": "",
        "internet_access": "",
        "real_ale": "",
        "real_cider": "",
        "live_music": "",
        "dog": "",
        "wheelchair": "yes",
        "toilets": "",
        "smoking": "",
        "wikidata": "",
        "wikipedia": "",
        "fetched_at_utc": "2026-10-07T11:41:12+00:00",
        "source_endpoint": "osm-extract",
        "tags": {
          "addr:city": "Edinburgh",
          "addr:country": "GB",
          "addr:housenumber": "42-58",
          "addr:postcode": "EH11 2JR",
          "addr:street": "Angle Park Terrace",
          "amenity": "pub",
          "check_date": "2026-09-20",
          "fhrs:id": "1581451",
          "name": "The Caley Sample Room",
          "wheelchair": "yes"
        }
      }
    },
    {
      "type": "Feature",
      "geometry": {
        "type": "Point",
        "coordinates": [
          -3.2060087,
          55.9527434
        ]
      },
      "properties": {
        "name": "The Cambridge Bar",
        "osm_type": "node",
        "osm_id": 322777306,
        "address": "20 Young Street, Edinburgh, EH2 4JB",
        "house_name": "",
        "house_number": "20",
        "street": "Young Street",
        "suburb": "",
        "city": "Edinburgh",
        "postcode": "EH2 4JB",
        "country": "",
        "operator": "",
        "brewery": "",
        "website": "https://thecambridgebar.co.uk/",
        "phone": "+44 131 226 2120",
        "opening_hours": "Mo-We 12:00-23:00; Th 12:00-00:00; Fr-Sa 12:00-01:00; Su 12:00-23:00",
        "cuisine": "",
        "food": "burger",
        "drink": "",
        "outdoor_seating": "",
        "indoor_seating": "",
        "internet_access": "wlan",
        "real_ale": "3 from Inveralmond (may vary)",
        "real_cider": "",
        "live_music": "",
        "dog": "",
        "wheelchair": "",
        "toilets": "",
        "smoking": "",
        "wikidata": "",
        "wikipedia": "",
        "fetched_at_utc": "2026-10-07T11:41:12+00:00",
        "source_endpoint": "osm-extract",
        "tags": {
          "addr:city": "Edinburgh",
          "addr:housenumber": "20",
          "addr:postcode": "EH2 4JB",
          "addr:street": "Young Street",
          "amenity": "pub",
          "description": "The Cambridge Bar is a free house specialising in craft beers & ales and gourmet homemade burgers",
          "fhrs:id": "98268",
          "food": "burger",
          "internet_access": "wlan",
          "name": "The Cambridge Bar",
          "opening_hours": "Mo-We 12:00-23:00; Th 12:00-00:00; Fr-Sa 12:00-01:00; Su 12:00-23:00",
          "phone": "+44 131 226 2120",
          "real_ale": "3 from Inveralmond (may vary)",
          "real_fire": "yes",
          "sky": "yes",
          "source": "survey",
          "website": "https://thecambridgebar.co.uk/"
        }
      }
    },
    {
      "type": "Feature",
      "geometry": {
        "type": "Point",
        "coordinates": [
          -3.2091179,
          55.9275728
        ]
      },
      "properties": {
        "name": "The Canny Man's",
        "osm_type": "node",
        "osm_id": 2935944225,
        "address": "237 Morningside Road, Edinburgh, EH10 4QU",
        "house_name": "",
        "house_number": "237",
        "street": "Morningside Road",
        "suburb": "",
        "city": "Edinburgh",
        "postcode": "EH10 4QU",
        "country": "",
        "operator": "",
        "brewery": "",
        "website": "https://www.cannymans.co.uk/",
        "phone": "+44 131 447 1484",
        "opening_hours": "11:00-23:00; Th,Sa 11:00-00:00; Fr 11:00-01:00",
        "cuisine": "",
        "food": "yes",
        "drink": "",
        "outdoor_seating": "yes",
        "indoor_seating": "",
        "internet_access": "",
        "real_ale": "yes",
        "real_cider": "",
        "live_music": "",
        "dog": "",
        "wheelchair": "",
        "toilets": "",
        "smoking": "",
        "wikidata": "",
        "wikipedia": "",
        "fetched_at_utc": "2026-10-07T11:41:12+00:00",
        "source_endpoint": "osm-extract",
        "tags": {
          "addr:city": "Edinburgh",
          "addr:housenumber": "237",
          "addr:postcode": "EH10 4QU",
          "addr:street": "Morningside Road",
          "alt_name": "Volunteer Arms",
          "amenity": "pub",
          "check_date": "2026-05-08",
          "contact:facebook": "https://www.facebook.com/thecannymans",
          "contact:twitter": "https://twitter.com/cannymans",
          "description": "Famous Edinburgh public house. Family run since 1871. Seafood and Smorrebrod Open Sandwiches. Over 250 malt whiskies.",
          "email": "info@cannymans.co.uk",
          "fhrs:id": "129420",
          "food": "yes",
          "name": "The Canny Man's",
          "old_name": "The Volunteer's Rest",
          "opening_hours": "11:00-23:00; Th,Sa 11:00-00:00; Fr 11:00-01:00",
          "outdoor_seating": "yes",
          "phone": "+44 131 447 1484",
          "real_ale": "yes",
          "source": "survey",
          "start_date": "1871",
          "website": "https://www.cannymans.co.uk/"
        }
      }
    },
    {
      "type": "Feature",
      "geometry": {
        "type": "Point",
        "coordinates": [
          -3.1824251,
          55.9507741
        ]
      },
      "properties": {
        "name": "The Canons' Gait",
        "osm_type": "node",
        "osm_id": 3059661502,
        "address": "232 Canongate, Canongate, Edinburgh, EH8 8DQ",
        "house_name": "",
        "house_number": "232",
        "street": "Canongate",
        "suburb": "Canongate",
        "city": "Edinburgh",
        "postcode": "EH8 8DQ",
        "country": "",
        "operator": "Old Town pub Co.",
        "brewery": "",
        "website": "https://www.facebook.com/thecanonsgait",
        "phone": "",
        "opening_hours": "Mo-Su 12:00-01:00",
        "cuisine": "",
        "food": "",
        "drink": "",
        "outdoor_seating": "",
        "indoor_seating": "",
        "internet_access": "",
        "real_ale": "",
        "real_cider": "",
        "live_music": "",
        "dog": "",
        "wheelchair": "",
        "toilets": "",
        "smoking": "",
        "wikidata": "",
        "wikipedia": "",
        "fetched_at_utc": "2026-10-07T11:41:12+00:00",
        "source_endpoint": "osm-extract",
        "tags": {
          "addr:city": "Edinburgh",
          "addr:housenumber": "232",
          "addr:postcode": "EH8 8DQ",
          "addr:street": "Canongate",
          "addr:suburb": "Canongate",
          "amenity": "pub",
          "check_date": "2025-09-28",
          "contact:facebook": "https://www.facebook.com/thecanonsgait",
          "email": "manager@thecanonsgait.com",
          "fhrs:id": "1760697",
          "name": "The Canons' Gait",
          "opening_hours": "Mo-Su 12:00-01:00",
          "operator": "Old Town pub Co.",
          "source": "survey",
          "source:addr": "FHRS Open Data",
          "source:addr:postcode": "FHRS Open Data",
          "website": "https://www.facebook.com/thecanonsgait"
        }
      }
    },
    {
      "type": "Feature",
      "geometry": {
        "type": "Point",
        "coordinates": [
          -3.1865074,
          55.9470088
        ]
      },
      "properties": {
        "name": "The Captains Bar",
        "osm_type": "node",
        "osm_id": 2155266405,
        "address": "4 South College Street, Edinburgh, EH8 9AA",
        "house_name": "",
        "house_number": "4",
        "street": "South College Street",
        "suburb": "",
        "city": "Edinburgh",
        "postcode": "EH8 9AA",
        "country": "",
        "operator": "",
        "brewery": "",
        "website": "https://www.captainsedinburgh.com/",
        "phone": "+44 749 355 5702",
        "opening_hours": "Mo-Fr 14:00-01:00; Sa 13:00-01:00; Su 14:00-01:00",
        "cuisine": "",
        "food": "",
        "drink": "",
        "outdoor_seating": "no",
        "indoor_seating": "",
        "internet_access": "wlan",
        "real_ale": "2",
        "real_cider": "",
        "live_music": "folk",
        "dog": "",
        "wheelchair": "",
        "toilets": "",
        "smoking": "outside",
        "wikidata": "",
        "wikipedia": "",
        "fetched_at_utc": "2026-10-07T11:41:12+00:00",
        "source_endpoint": "osm-extract",
        "tags": {
          "addr:city": "Edinburgh",
          "addr:housenumber": "4",
          "addr:postcode": "EH8 9AA",
          "addr:street": "South College Street",
          "alt_name": "Captain's Bar",
          "amenity": "pub",
          "check_date": "2026-09-03",
          "edinburgh_fringe:venue_number": "62",
          "internet_access": "wlan",
          "internet_access:fee": "no",
          "live_music": "folk",
          "min_age": "18",
          "name": "The Captains Bar",
          "opening_hours": "Mo-Fr 14:00-01:00; Sa 13:00-01:00; Su 14:00-01:00",
          "outdoor_seating": "no",
          "phone": "+44 749 355 5702",
          "real_ale": "2",
          "smoking": "outside",
          "source": "survey",
          "website": "https://www.captainsedinburgh.com/"
        }
      }
    },
    {
      "type": "Feature",
      "geometry": {
        "type": "Point",
        "coordinates": [
          -3.1903346,
          55.95908
        ]
      },
      "properties": {
        "name": "The Cask and Barrel",
        "osm_type": "node",
        "osm_id": 333159410,
        "address": "113-115 Broughton Street, Edinburgh, EH1 3RZ",
        "house_name": "",
        "house_number": "113-115",
        "street": "Broughton Street",
        "suburb": "",
        "city": "Edinburgh",
        "postcode": "EH1 3RZ",
        "country": "",
        "operator": "",
        "brewery": "",
        "website": "",
        "phone": "+44 131 556 3132",
        "opening_hours": "Mo-We 11:00-00:30; Th-Sa 11:00-01:00; Su 12:30-00:30",
        "cuisine": "",
        "food": "",
        "drink": "",
        "outdoor_seating": "no",
        "indoor_seating": "yes",
        "internet_access": "",
        "real_ale": "10",
        "real_cider": "",
        "live_music": "",
        "dog": "",
        "wheelchair": "yes",
        "toilets": "",
        "smoking": "",
        "wikidata": "",
        "wikipedia": "",
        "fetched_at_utc": "2026-10-07T11:41:12+00:00",
        "source_endpoint": "osm-extract",
        "tags": {
          "addr:city": "Edinburgh",
          "addr:housenumber": "113-115",
          "addr:postcode": "EH1 3RZ",
          "addr:street": "Broughton Street",
          "amenity": "pub",
          "check_date": "2025-08-09",
          "fhrs:id": "145287",
          "indoor_seating": "yes",
          "name": "The Cask and Barrel",
          "opening_hours": "Mo-We 11:00-00:30; Th-Sa 11:00-01:00; Su 12:30-00:30",
          "outdoor_seating": "no",
          "phone": "+44 131 556 3132",
          "real_ale": "10",
          "source": "survey",
          "wheelchair": "yes"
        }
      }
    },
    {
      "type": "Feature",
      "geometry": {
        "type": "Point",
        "coordinates": [
          -3.1947345,
          55.9485285
        ]
      },
      "properties": {
        "name": "The Castle Arms",
        "osm_type": "node",
        "osm_id": 1557683661,
        "address": "6 Johnston Terrace, Edinburgh, EH1 2PW",
        "house_name": "",
        "house_number": "6",
        "street": "Johnston Terrace",
        "suburb": "",
        "city": "Edinburgh",
        "postcode": "EH1 2PW",
        "country": "GB",
        "operator": "",
        "brewery": "",
        "website": "https://thecastlearmsbistro.co.uk/",
        "phone": "+44 131 225 7432",
        "opening_hours": "",
        "cuisine": "",
        "food": "",
        "drink": "",
        "outdoor_seating": "",
        "indoor_seating": "",
        "internet_access": "",
        "real_ale": "",
        "real_cider": "",
        "live_music": "",
        "dog": "",
        "wheelchair": "",
        "toilets": "",
        "smoking": "",
        "wikidata": "",
        "wikipedia": "",
        "fetched_at_utc": "2026-10-07T11:41:12+00:00",
        "source_endpoint": "osm-extract",
        "tags": {
          "addr:city": "Edinburgh",
          "addr:country": "GB",
          "addr:housenumber": "6",
          "addr:postcode": "EH1 2PW",
          "addr:street": "Johnston Terrace",
          "amenity": "pub",
          "check_date": "2025-02-08",
          "contact:tripadvisor": "https://www.tripadvisor.com/Restaurant_Review-g186525-d1638879-Reviews-The_Castle_Arms-Edinburgh_Scotland.html",
          "fhrs:id": "121847",
          "name": "The Castle Arms",
          "phone": "+44 131 225 7432",
          "source": "survey",
          "website": "https://thecastlearmsbistro.co.uk/"
        }
      }
    },
    {
      "type": "Feature",
      "geometry": {
        "type": "Point",
        "coordinates": [
          -3.1717235,
          55.970267
        ]
      },
      "properties": {
        "name": "The Central Bar",
        "osm_type": "node",
        "osm_id": 588498446,
        "address": "7-9 Leith Walk, Edinburgh, EH6 8LN",
        "house_name": "",
        "house_number": "7-9",
        "street": "Leith Walk",
        "suburb": "",
        "city": "Edinburgh",
        "postcode": "EH6 8LN",
        "country": "",
        "operator": "",
        "brewery": "",
        "website": "",
        "phone": "+44 131 555 2006",
        "opening_hours": "",
        "cuisine": "",
        "food": "",
        "drink": "",
        "outdoor_seating": "no",
        "indoor_seating": "",
        "internet_access": "",
        "real_ale": "",
        "real_cider": "",
        "live_music": "",
        "dog": "",
        "wheelchair": "yes",
        "toilets": "",
        "smoking": "",
        "wikidata": "",
        "wikipedia": "",
        "fetched_at_utc": "2026-10-07T11:41:12+00:00",
        "source_endpoint": "osm-extract",
        "tags": {
          "addr:city": "Edinburgh",
          "addr:housenumber": "7-9",
          "addr:postcode": "EH6 8LN",
          "addr:street": "Leith Walk",
          "amenity": "pub",
          "check_date": "2026-10-01",
          "check_date:opening_hours": "2026-10-01",
          "fhrs:id": "661819",
          "name": "The Central Bar",
          "opening_hours:signed": "no",
          "outdoor_seating": "no",
          "phone": "+44 131 555 2006",
          "source": "survey",
          "source:addr": "FHRS Open Data",
          "wheelchair": "yes"
        }
      }
    },
    {
      "type": "Feature",
      "geometry": {
        "type": "Point",
        "coordinates": [
          -3.2038376,
          55.9457011
        ]
      },
      "properties": {
        "name": "The Chanter",
        "osm_type": "node",
        "osm_id": 634806195,
        "address": "30-32 Bread Street, Edinburgh, EH3 9AF",
        "house_name": "",
        "house_number": "30-32",
        "street": "Bread Street",
        "suburb": "",
        "city": "Edinburgh",
        "postcode": "EH3 9AF",
        "country": "",
        "operator": "Stonegate",
        "brewery": "",
        "website": "https://www.crafted-social.co.uk/chanter-edinburgh",
        "phone": "",
        "opening_hours": "",
        "cuisine": "",
        "food": "",
        "drink": "",
        "outdoor_seating": "",
        "indoor_seating": "",
        "internet_access": "",
        "real_ale": "",
        "real_cider": "",
        "live_music": "",
        "dog": "",
        "wheelchair": "",
        "toilets": "",
        "smoking": "",
        "wikidata": "",
        "wikipedia": "",
        "fetched_at_utc": "2026-10-07T11:41:12+00:00",
        "source_endpoint": "osm-extract",
        "tags": {
          "addr:city": "Edinburgh",
          "addr:housenumber": "30-32",
          "addr:postcode": "EH3 9AF",
          "addr:street": "Bread Street",
          "amenity": "pub",
          "check_date": "2024-11-05",
          "fhrs:id": "65649",
          "name": "The Chanter",
          "operator": "Stonegate",
          "operator:wikidata": "Q7619176",
          "website": "https://www.crafted-social.co.uk/chanter-edinburgh"
        }
      }
    },
    {
      "type": "Feature",
      "geometry": {
        "type": "Point",
        "coordinates": [
          -3.2133448,
          55.9460113
        ]
      },
      "properties": {
        "name": "The Club House",
        "osm_type": "node",
        "osm_id": 14196998639,
        "address": "",
        "house_name": "",
        "house_number": "",
        "street": "",
        "suburb": "",
        "city": "",
        "postcode": "",
        "country": "",
        "operator": "",
        "brewery": "",
        "website": "https://www.theclubhouseedinburgh.com",
        "phone": "",
        "opening_hours": "",
        "cuisine": "",
        "food": "yes",
        "drink": "",
        "outdoor_seating": "",
        "indoor_seating": "",
        "internet_access": "",
        "real_ale": "",
        "real_cider": "",
        "live_music": "",
        "dog": "",
        "wheelchair": "limited",
        "toilets": "",
        "smoking": "",
        "wikidata": "",
        "wikipedia": "",
        "fetched_at_utc": "2026-10-07T11:41:12+00:00",
        "source_endpoint": "osm-extract",
        "tags": {
          "addr:floor": "G",
          "amenity": "pub",
          "check_date": "2026-09-19",
          "food": "yes",
          "level": "0",
          "name": "The Club House",
          "website": "https://www.theclubhouseedinburgh.com",
          "wheelchair": "limited"
        }
      }
    },
    {
      "type": "Feature",
      "geometry": {
        "type": "Point",
        "coordinates": [
          -3.182488,
          55.9427354
        ]
      },
      "properties": {
        "name": "The Doghouse",
        "osm_type": "node",
        "osm_id": 248681867,
        "address": "18-24 Clerk Street, Edinburgh, EH8 9HX",
        "house_name": "",
        "house_number": "18-24",
        "street": "Clerk Street",
        "suburb": "",
        "city": "Edinburgh",
        "postcode": "EH8 9HX",
        "country": "",
        "operator": "",
        "brewery": "",
        "website": "https://thedoghouseedinburgh.co.uk/",
        "phone": "",
        "opening_hours": "",
        "cuisine": "",
        "food": "",
        "drink": "",
        "outdoor_seating": "no",
        "indoor_seating": "yes",
        "internet_access": "",
        "real_ale": "",
        "real_cider": "",
        "live_music": "",
        "dog": "",
        "wheelchair": "",
        "toilets": "",
        "smoking": "",
        "wikidata": "",
        "wikipedia": "",
        "fetched_at_utc": "2026-10-07T11:41:12+00:00",
        "source_endpoint": "osm-extract",
        "tags": {
          "addr:city": "Edinburgh",
          "addr:housenumber": "18-24",
          "addr:postcode": "EH8 9HX",
          "addr:street": "Clerk Street",
          "alt_name": "The Dog House",
          "amenity": "pub",
          "check_date": "2024-12-23",
          "cocktails": "yes",
          "contact:email": "info@thedoghouseedinburgh.co.uk",
          "contact:facebook": "https://www.facebook.com/TheDogHouseEdinburgh",
          "contact:instagram": "https://www.instagram.com/thedoghouseedinburgh/",
          "contact:phone": "+44 131 629 0275",
          "fhrs:id": "1987167",
          "fhrs:local_authority_id": "4827",
          "indoor_seating": "yes",
          "name": "The Doghouse",
          "old_name": "McSorleys",
          "outdoor_seating": "no",
          "payment:cash": "yes",
          "payment:credit_cards": "yes",
          "payment:debit_cards": "yes",
          "reservation": "yes",
          "source:addr": "FHRS Open Data",
          "source:addr:postcode": "FHIS Open Data",
          "website": "https://thedoghouseedinburgh.co.uk/"
        }
      }
    },
    {
      "type": "Feature",
      "geometry": {
        "type": "Point",
        "coordinates": [
          -3.1905922,
          55.9508879
        ]
      },
      "properties": {
        "name": "The Doric",
        "osm_type": "node",
        "osm_id": 1558430340,
        "address": "15-16 Market Street, Edinburgh, EH1 1DE",
        "house_name": "",
        "house_number": "15-16",
        "street": "Market Street",
        "suburb": "",
        "city": "Edinburgh",
        "postcode": "EH1 1DE",
        "country": "",
        "operator": "",
        "brewery": "",
        "website": "http://www.the-doric.com/",
        "phone": "+44 131 225 1084",
        "opening_hours": "",
        "cuisine": "",
        "food": "yes",
        "drink": "",
        "outdoor_seating": "",
        "indoor_seating": "yes",
        "internet_access": "",
        "real_ale": "",
        "real_cider": "",
        "live_music": "",
        "dog": "",
        "wheelchair": "limited",
        "toilets": "",
        "smoking": "",
        "wikidata": "",
        "wikipedia": "",
        "fetched_at_utc": "2026-10-07T11:41:12+00:00",
        "source_endpoint": "osm-extract",
        "tags": {
          "addr:city": "Edinburgh",
          "addr:housenumber": "15-16",
          "addr:postcode": "EH1 1DE",
          "addr:street": "Market Street",
          "amenity": "pub",
          "check_date": "2025-09-22",
          "diet:vegan": "yes",
          "diet:vegetarian": "yes",
          "fhrs:id": "1669945",
          "food": "yes",
          "indoor_seating": "yes",
          "name": "The Doric",
          "phone": "+44 131 225 1084",
          "source": "survey",
          "toilets:wheelchair": "no",
          "website": "http://www.the-doric.com/",
          "wheelchair": "limited"
        }
      }
    },
    {
      "type": "Feature",
      "geometry": {
        "type": "Point",
        "coordinates": [
          -3.1928884,
          55.9379885
        ]
      },
      "properties": {
        "name": "The Earl of Marchmont",
        "osm_type": "node",
        "osm_id": 1880546995,
        "address": "22 Marchmont Crescent, Edinburgh, EH9 1HG",
        "house_name": "",
        "house_number": "22",
        "street": "Marchmont Crescent",
        "suburb": "",
        "city": "Edinburgh",
        "postcode": "EH9 1HG",
        "country": "",
        "operator": "",
        "brewery": "",
        "website": "http://theearlofmarchmont.blogspot.co.uk/",
        "phone": "+44 131 662 1877",
        "opening_hours": "Mo-Sa 12:00-01:00; Su 12:00-00:00",
        "cuisine": "",
        "food": "",
        "drink": "",
        "outdoor_seating": "yes",
        "indoor_seating": "yes",
        "internet_access": "",
        "real_ale": "",
        "real_cider": "",
        "live_music": "",
        "dog": "",
        "wheelchair": "",
        "toilets": "",
        "smoking": "",
        "wikidata": "",
        "wikipedia": "",
        "fetched_at_utc": "2026-10-07T11:41:12+00:00",
        "source_endpoint": "osm-extract",
        "tags": {
          "addr:city": "Edinburgh",
          "addr:housenumber": "22",
          "addr:postcode": "EH9 1HG",
          "addr:street": "Marchmont Crescent",
          "amenity": "pub",
          "check_date": "2025-08-11",
          "fhrs:id": "72146",
          "indoor_seating": "yes",
          "name": "The Earl of Marchmont",
          "opening_hours": "Mo-Sa 12:00-01:00; Su 12:00-00:00",
          "outdoor_seating": "yes",
          "phone": "+44 131 662 1877",
          "source": "survey",
          "website": "http://theearlofmarchmont.blogspot.co.uk/"
        }
      }
    },
    {
      "type": "Feature",
      "geometry": {
        "type": "Point",
        "coordinates": [
          -3.2063421,
          55.9459343
        ]
      },
      "properties": {
        "name": "The Festival",
        "osm_type": "node",
        "osm_id": 2112504111,
        "address": "18 Morrison Street, Edinburgh, EH3 8BJ",
        "house_name": "",
        "house_number": "18",
        "street": "Morrison Street",
        "suburb": "",
        "city": "Edinburgh",
        "postcode": "EH3 8BJ",
        "country": "",
        "operator": "",
        "brewery": "",
        "website": "https://www.belhaven.co.uk/pubs/midlothian/festival",
        "phone": "",
        "opening_hours": "",
        "cuisine": "",
        "food": "",
        "drink": "",
        "outdoor_seating": "no",
        "indoor_seating": "",
        "internet_access": "",
        "real_ale": "",
        "real_cider": "",
        "live_music": "",
        "dog": "",
        "wheelchair": "no",
        "toilets": "",
        "smoking": "",
        "wikidata": "",
        "wikipedia": "",
        "fetched_at_utc": "2026-10-07T11:41:12+00:00",
        "source_endpoint": "osm-extract",
        "tags": {
          "addr:city": "Edinburgh",
          "addr:housenumber": "18",
          "addr:postcode": "EH3 8BJ",
          "addr:street": "Morrison Street",
          "amenity": "pub",
          "brand": "Belhaven Pubs",
          "brand:wikidata": "Q105516156",
          "check_date": "2026-09-20",
          "fhrs:id": "1544604",
          "name": "The Festival",
          "outdoor_seating": "no",
          "source": "survey",
          "website": "https://www.belhaven.co.uk/pubs/midlothian/festival",
          "wheelchair": "no"
        }
      }
    },
    {
      "type": "Feature",
      "geometry": {
        "type": "Point",
        "coordinates": [
          -3.1833374,
          55.9740948
        ]
      },
      "properties": {
        "name": "The Fort",
        "osm_type": "node",
        "osm_id": 647185187,
        "address": "16 South Fort Street, Edinburgh, EH6 4DN",
        "house_name": "",
        "house_number": "16",
        "street": "South Fort Street",
        "suburb": "",
        "city": "Edinburgh",
        "postcode": "EH6 4DN",
        "country": "",
        "operator": "",
        "brewery": "",
        "website": "",
        "phone": "+44 131 478 7810",
        "opening_hours": "Tu-Su 15:00-24:00",
        "cuisine": "",
        "food": "",
        "drink": "",
        "outdoor_seating": "",
        "indoor_seating": "",
        "internet_access": "",
        "real_ale": "",
        "real_cider": "",
        "live_music": "",
        "dog": "",
        "wheelchair": "",
        "toilets": "",
        "smoking": "",
        "wikidata": "",
        "wikipedia": "",
        "fetched_at_utc": "2026-10-07T11:41:12+00:00",
        "source_endpoint": "osm-extract",
        "tags": {
          "addr:city": "Edinburgh",
          "addr:housenumber": "16",
          "addr:postcode": "EH6 4DN",
          "addr:street": "South Fort Street",
          "alt_name": "The Fort of Leith",
          "amenity": "pub",
          "check_date": "2024-11-14",
          "fhrs:id": "1886252",
          "name": "The Fort",
          "opening_hours": "Tu-Su 15:00-24:00",
          "phone": "+44 131 478 7810",
          "source": "survey"
        }
      }
    },
    {
      "type": "Feature",
      "geometry": {
        "type": "Point",
        "coordinates": [
          -3.2179484,
          55.9402871
        ]
      },
      "properties": {
        "name": "The Fountain",
        "osm_type": "node",
        "osm_id": 367085460,
        "address": "131 Dundee Street, Edinburgh, EH11 1AX",
        "house_name": "",
        "house_number": "131",
        "street": "Dundee Street",
        "suburb": "",
        "city": "Edinburgh",
        "postcode": "EH11 1AX",
        "country": "",
        "operator": "",
        "brewery": "",
        "website": "http://www.thefountainbar.co.uk/",
        "phone": "",
        "opening_hours": "Mo-We 16:00-18:00+; Th,Fr 12:00-18:00+; Sa,Su 10:00-18:00+",
        "cuisine": "",
        "food": "",
        "drink": "",
        "outdoor_seating": "",
        "indoor_seating": "",
        "internet_access": "",
        "real_ale": "",
        "real_cider": "",
        "live_music": "",
        "dog": "yes",
        "wheelchair": "yes",
        "toilets": "",
        "smoking": "",
        "wikidata": "",
        "wikipedia": "",
        "fetched_at_utc": "2026-10-07T11:41:12+00:00",
        "source_endpoint": "osm-extract",
        "tags": {
          "addr:city": "Edinburgh",
          "addr:housenumber": "131",
          "addr:postcode": "EH11 1AX",
          "addr:street": "Dundee Street",
          "amenity": "pub",
          "check_date": "2026-07-09",
          "dog": "yes",
          "fhrs:id": "663264",
          "name": "The Fountain",
          "opening_hours": "Mo-We 16:00-18:00+; Th,Fr 12:00-18:00+; Sa,Su 10:00-18:00+",
          "source": "survey",
          "website": "http://www.thefountainbar.co.uk/",
          "wheelchair": "yes"
        }
      }
    },
    {
      "type": "Feature",
      "geometry": {
        "type": "Point",
        "coordinates": [
          -3.189268,
          55.9461775
        ]
      },
      "properties": {
        "name": "The Gilded Saloon",
        "osm_type": "node",
        "osm_id": 1770134135,
        "address": "47 Lothian Street, Edinburgh, EH1 1HB",
        "house_name": "",
        "house_number": "47",
        "street": "Lothian Street",
        "suburb": "",
        "city": "Edinburgh",
        "postcode": "EH1 1HB",
        "country": "",
        "operator": "",
        "brewery": "",
        "website": "",
        "phone": "",
        "opening_hours": "",
        "cuisine": "",
        "food": "",
        "drink": "",
        "outdoor_seating": "yes",
        "indoor_seating": "",
        "internet_access": "",
        "real_ale": "",
        "real_cider": "",
        "live_music": "",
        "dog": "",
        "wheelchair": "no",
        "toilets": "",
        "smoking": "",
        "wikidata": "",
        "wikipedia": "",
        "fetched_at_utc": "2026-10-07T11:41:12+00:00",
        "source_endpoint": "osm-extract",
        "tags": {
          "addr:city": "Edinburgh",
          "addr:housenumber": "47",
          "addr:postcode": "EH1 1HB",
          "addr:street": "Lothian Street",
          "amenity": "pub",
          "check_date": "2026-07-30",
          "fhrs:id": "662821;1886255",
          "name": "The Gilded Saloon",
          "outdoor_seating": "yes",
          "source": "survey",
          "source:addr": "FHRS Open Data",
          "wheelchair": "no"
        }
      }
    },
    {
      "type": "Feature",
      "geometry": {
        "type": "Point",
        "coordinates": [
          -3.2187847,
          55.9390574
        ]
      },
      "properties": {
        "name": "The Golden Rule",
        "osm_type": "node",
        "osm_id": 367085453,
        "address": "30 Yeaman Place, Edinburgh, EH11 1BT",
        "house_name": "",
        "house_number": "30",
        "street": "Yeaman Place",
        "suburb": "",
        "city": "Edinburgh",
        "postcode": "EH11 1BT",
        "country": "GB",
        "operator": "",
        "brewery": "",
        "website": "https://www.goldenruleedinburgh.co.uk/",
        "phone": "+44 131 229 3413",
        "opening_hours": "",
        "cuisine": "",
        "food": "",
        "drink": "",
        "outdoor_seating": "",
        "indoor_seating": "",
        "internet_access": "",
        "real_ale": "",
        "real_cider": "",
        "live_music": "",
        "dog": "",
        "wheelchair": "",
        "toilets": "",
        "smoking": "",
        "wikidata": "",
        "wikipedia": "",
        "fetched_at_utc": "2026-10-07T11:41:12+00:00",
        "source_endpoint": "osm-extract",
        "tags": {
          "addr:city": "Edinburgh",
          "addr:country": "GB",
          "addr:housenumber": "30",
          "addr:postcode": "EH11 1BT",
          "addr:street": "Yeaman Place",
          "amenity": "pub",
          "check_date": "2024-10-28",
          "fhrs:id": "946879",
          "name": "The Golden Rule",
          "phone": "+44 131 229 3413",
          "website": "https://www.goldenruleedinburgh.co.uk/"
        }
      }
    },
    {
      "type": "Feature",
      "geometry": {
        "type": "Point",
        "coordinates": [
          -3.203659686666667,
          55.93985929333334
        ]
      },
      "properties": {
        "name": "The Golf Tavern",
        "osm_type": "way",
        "osm_id": 184267420,
        "address": "30-31 Wright's Houses, Edinburgh, EH10 4HR",
        "house_name": "",
        "house_number": "30-31",
        "street": "Wright's Houses",
        "suburb": "",
        "city": "Edinburgh",
        "postcode": "EH10 4HR",
        "country": "",
        "operator": "",
        "brewery": "yes",
        "website": "https://golftavern.co.uk/",
        "phone": "+44 131 221 5221",
        "opening_hours": "Mo-We 17:00-23:00; Th 12:00-00:00; Fr-Sa 12:00-01:00; Su 12:00-00:00",
        "cuisine": "",
        "food": "",
        "drink": "",
        "outdoor_seating": "yes",
        "indoor_seating": "",
        "internet_access": "",
        "real_ale": "",
        "real_cider": "",
        "live_music": "",
        "dog": "",
        "wheelchair": "limited",
        "toilets": "yes",
        "smoking": "outside",
        "wikidata": "Q105299554",
        "wikipedia": "",
        "fetched_at_utc": "2026-10-07T11:41:12+00:00",
        "source_endpoint": "osm-extract",
        "tags": {
          "addr:city": "Edinburgh",
          "addr:housenumber": "30-31",
          "addr:postcode": "EH10 4HR",
          "addr:street": "Wright's Houses",
          "amenity": "pub",
          "brewery": "yes",
          "building": "yes",
          "building:levels": "3",
          "changing_table": "yes",
          "check_date": "2026-04-30",
          "fhrs:id": "140663",
          "name": "The Golf Tavern",
          "opening_hours": "Mo-We 17:00-23:00; Th 12:00-00:00; Fr-Sa 12:00-01:00; Su 12:00-00:00",
          "outdoor_seating": "yes",
          "phone": "+44 131 221 5221",
          "rental": "golf_club",
          "smoking": "outside",
          "source": "NLS_OS_Edinburgh_map_1940s;Bing;survey",
          "toilets": "yes",
          "toilets:wheelchair": "yes",
          "website": "https://golftavern.co.uk/",
          "wheelchair": "limited",
          "wikidata": "Q105299554"
        }
      }
    },
    {
      "type": "Feature",
      "geometry": {
        "type": "Point",
        "coordinates": [
          -3.1693439,
          55.9764292
        ]
      },
      "properties": {
        "name": "The Granary",
        "osm_type": "node",
        "osm_id": 573376837,
        "address": "32-34 Shore, Edinburgh, EH6 6QN",
        "house_name": "",
        "house_number": "32-34",
        "street": "Shore",
        "suburb": "",
        "city": "Edinburgh",
        "postcode": "EH6 6QN",
        "country": "",
        "operator": "",
        "brewery": "",
        "website": "https://granaryleith.co.uk/",
        "phone": "+44 131 554 9465",
        "opening_hours": "Mo-Th 12:00-22:00; Fr 12:00-02:00; Sa 11:00-02:00; Su 11:00-22:00",
        "cuisine": "",
        "food": "yes",
        "drink": "",
        "outdoor_seating": "yes",
        "indoor_seating": "yes",
        "internet_access": "",
        "real_ale": "",
        "real_cider": "",
        "live_music": "",
        "dog": "",
        "wheelchair": "yes",
        "toilets": "",
        "smoking": "",
        "wikidata": "",
        "wikipedia": "",
        "fetched_at_utc": "2026-10-07T11:41:12+00:00",
        "source_endpoint": "osm-extract",
        "tags": {
          "addr:city": "Edinburgh",
          "addr:housenumber": "32-34",
          "addr:postcode": "EH6 6QN",
          "addr:street": "Shore",
          "amenity": "pub",
          "check_date": "2024-08-04",
          "fhrs:id": "662007",
          "food": "yes",
          "indoor_seating": "yes",
          "name": "The Granary",
          "opening_hours": "Mo-Th 12:00-22:00; Fr 12:00-02:00; Sa 11:00-02:00; Su 11:00-22:00",
          "outdoor_seating": "yes",
          "phone": "+44 131 554 9465",
          "source": "survey",
          "website": "https://granaryleith.co.uk/",
          "wheelchair": "yes"
        }
      }
    },
    {
      "type": "Feature",
      "geometry": {
        "type": "Point",
        "coordinates": [
          -3.181767,
          55.9414879
        ]
      },
      "properties": {
        "name": "The Grapes",
        "osm_type": "node",
        "osm_id": 2335634621,
        "address": "77 Clerk Street, Edinburgh, EH8 9JG",
        "house_name": "",
        "house_number": "77",
        "street": "Clerk Street",
        "suburb": "",
        "city": "Edinburgh",
        "postcode": "EH8 9JG",
        "country": "GB",
        "operator": "The Shilling Group",
        "brewery": "",
        "website": "",
        "phone": "+44 131 667 0566",
        "opening_hours": "",
        "cuisine": "",
        "food": "",
        "drink": "",
        "outdoor_seating": "",
        "indoor_seating": "",
        "internet_access": "",
        "real_ale": "",
        "real_cider": "",
        "live_music": "",
        "dog": "",
        "wheelchair": "",
        "toilets": "",
        "smoking": "",
        "wikidata": "",
        "wikipedia": "",
        "fetched_at_utc": "2026-10-07T11:41:12+00:00",
        "source_endpoint": "osm-extract",
        "tags": {
          "addr:city": "Edinburgh",
          "addr:country": "GB",
          "addr:housenumber": "77",
          "addr:postcode": "EH8 9JG",
          "addr:street": "Clerk Street",
          "amenity": "pub",
          "check_date": "2024-08-06",
          "fhrs:id": "1940849",
          "name": "The Grapes",
          "operator": "The Shilling Group",
          "phone": "+44 131 667 0566"
        }
      }
    },
    {
      "type": "Feature",
      "geometry": {
        "type": "Point",
        "coordinates": [
          -3.2123074,
          55.9495277
        ]
      },
      "properties": {
        "name": "The Green Room",
        "osm_type": "node",
        "osm_id": 2075163263,
        "address": "19-25 William Street, Edinburgh, EH3 7NG",
        "house_name": "",
        "house_number": "19-25",
        "street": "William Street",
        "suburb": "",
        "city": "Edinburgh",
        "postcode": "EH3 7NG",
        "country": "",
        "operator": "",
        "brewery": "",
        "website": "https://www.thegreenroomedinburgh.co.uk/",
        "phone": "+44 131 225 1358",
        "opening_hours": "Mo-Su 11:00-01:00",
        "cuisine": "",
        "food": "",
        "drink": "",
        "outdoor_seating": "",
        "indoor_seating": "",
        "internet_access": "",
        "real_ale": "",
        "real_cider": "",
        "live_music": "",
        "dog": "",
        "wheelchair": "no",
        "toilets": "",
        "smoking": "",
        "wikidata": "",
        "wikipedia": "",
        "fetched_at_utc": "2026-10-07T11:41:12+00:00",
        "source_endpoint": "osm-extract",
        "tags": {
          "addr:city": "Edinburgh",
          "addr:housenumber": "19-25",
          "addr:interpolation": "odd",
          "addr:postcode": "EH3 7NG",
          "addr:street": "William Street",
          "amenity": "pub",
          "check_date": "2024-02-26",
          "fhrs:id": "1215102",
          "name": "The Green Room",
          "opening_hours": "Mo-Su 11:00-01:00",
          "phone": "+44 131 225 1358",
          "source": "survey",
          "website": "https://www.thegreenroomedinburgh.co.uk/",
          "wheelchair": "no"
        }
      }
    },
    {
      "type": "Feature",
      "geometry": {
        "type": "Point",
        "coordinates": [
          -3.20933,
          55.949833
        ]
      },
      "properties": {
        "name": "The Grosvenor",
        "osm_type": "node",
        "osm_id": 1977943406,
        "address": "26-28 Shandwick Place, Edinburgh, EH2 4RT",
        "house_name": "",
        "house_number": "26-28",
        "street": "Shandwick Place",
        "suburb": "",
        "city": "Edinburgh",
        "postcode": "EH2 4RT",
        "country": "",
        "operator": "",
        "brewery": "",
        "website": "https://www.belhaven.co.uk/pubs/midlothian/grosvenor",
        "phone": "+44 131 226 4579",
        "opening_hours": "Mo-Th 11:00-23:00; Fr-Sa 11:00-01:00; Su 11:00-23:00",
        "cuisine": "",
        "food": "yes",
        "drink": "",
        "outdoor_seating": "yes",
        "indoor_seating": "yes",
        "internet_access": "wlan",
        "real_ale": "yes",
        "real_cider": "",
        "live_music": "",
        "dog": "",
        "wheelchair": "",
        "toilets": "",
        "smoking": "",
        "wikidata": "",
        "wikipedia": "",
        "fetched_at_utc": "2026-10-07T11:41:12+00:00",
        "source_endpoint": "osm-extract",
        "tags": {
          "addr:city": "Edinburgh",
          "addr:housenumber": "26-28",
          "addr:postcode": "EH2 4RT",
          "addr:street": "Shandwick Place",
          "amenity": "pub",
          "brand": "Belhaven Pubs",
          "brand:wikidata": "Q105516156",
          "check_date": "2026-02-01",
          "fhrs:id": "125195",
          "food": "yes",
          "indoor_seating": "yes",
          "internet_access": "wlan",
          "name": "The Grosvenor",
          "opening_hours": "Mo-Th 11:00-23:00; Fr-Sa 11:00-01:00; Su 11:00-23:00",
          "opening_hours:kitchen": "Mo-Su 12:00-22:00",
          "outdoor_seating": "yes",
          "phone": "+44 131 226 4579",
          "real_ale": "yes",
          "source": "survey",
          "website": "https://www.belhaven.co.uk/pubs/midlothian/grosvenor"
        }
      }
    },
    {
      "type": "Feature",
      "geometry": {
        "type": "Point",
        "coordinates": [
          -3.1888797,
          55.9509718
        ]
      },
      "properties": {
        "name": "The Halfway House",
        "osm_type": "node",
        "osm_id": 2931382078,
        "address": "24 Fleshmarket Close, Edinburgh, EH1 1BX",
        "house_name": "",
        "house_number": "24",
        "street": "Fleshmarket Close",
        "suburb": "",
        "city": "Edinburgh",
        "postcode": "EH1 1BX",
        "country": "",
        "operator": "Old Town pub Co.",
        "brewery": "",
        "website": "http://halfwayhouse-edinburgh.com/",
        "phone": "+44 131 225 7101",
        "opening_hours": "Su-Th 11:00-23:00; Fr-Sa 11:00-00:00",
        "cuisine": "",
        "food": "",
        "drink": "",
        "outdoor_seating": "yes",
        "indoor_seating": "yes",
        "internet_access": "",
        "real_ale": "",
        "real_cider": "",
        "live_music": "",
        "dog": "",
        "wheelchair": "",
        "toilets": "",
        "smoking": "",
        "wikidata": "",
        "wikipedia": "",
        "fetched_at_utc": "2026-10-07T11:41:12+00:00",
        "source_endpoint": "osm-extract",
        "tags": {
          "addr:city": "Edinburgh",
          "addr:housenumber": "24",
          "addr:postcode": "EH1 1BX",
          "addr:street": "Fleshmarket Close",
          "amenity": "pub",
          "check_date": "2025-09-28",
          "email": "manager@halfwayhouse-edinburgh.co.uk",
          "fhrs:id": "120516",
          "indoor_seating": "yes",
          "name": "The Halfway House",
          "opening_hours": "Su-Th 11:00-23:00; Fr-Sa 11:00-00:00",
          "operator": "Old Town pub Co.",
          "outdoor_seating": "yes",
          "phone": "+44 131 225 7101",
          "source": "survey",
          "source:addr:postcode": "code-point_open",
          "website": "http://halfwayhouse-edinburgh.com/"
        }
      }
    },
    {
      "type": "Feature",
      "geometry": {
        "type": "Point",
        "coordinates": [
          -3.1950566,
          55.9806629
        ]
      },
      "properties": {
        "name": "The Harbour Inn",
        "osm_type": "node",
        "osm_id": 570313192,
        "address": "4-6 Fishmarket Square, Edinburgh, EH6 4LW",
        "house_name": "",
        "house_number": "4-6",
        "street": "Fishmarket Square",
        "suburb": "",
        "city": "Edinburgh",
        "postcode": "EH6 4LW",
        "country": "",
        "operator": "",
        "brewery": "",
        "website": "",
        "phone": "",
        "opening_hours": "",
        "cuisine": "",
        "food": "",
        "drink": "",
        "outdoor_seating": "",
        "indoor_seating": "",
        "internet_access": "",
        "real_ale": "",
        "real_cider": "",
        "live_music": "",
        "dog": "",
        "wheelchair": "",
        "toilets": "",
        "smoking": "",
        "wikidata": "",
        "wikipedia": "",
        "fetched_at_utc": "2026-10-07T11:41:12+00:00",
        "source_endpoint": "osm-extract",
        "tags": {
          "addr:city": "Edinburgh",
          "addr:housenumber": "4-6",
          "addr:postcode": "EH6 4LW",
          "addr:street": "Fishmarket Square",
          "amenity": "pub",
          "check_date": "2026-09-08",
          "fhrs:id": "663191",
          "name": "The Harbour Inn",
          "source": "survey"
        }
      }
    },
    {
      "type": "Feature",
      "geometry": {
        "type": "Point",
        "coordinates": [
          -3.1766683,
          55.9652504
        ]
      },
      "properties": {
        "name": "The Harp & Castle",
        "osm_type": "node",
        "osm_id": 588498425,
        "address": "298 Leith Walk, Edinburgh, EH6 5BU",
        "house_name": "",
        "house_number": "298",
        "street": "Leith Walk",
        "suburb": "",
        "city": "Edinburgh",
        "postcode": "EH6 5BU",
        "country": "",
        "operator": "",
        "brewery": "",
        "website": "",
        "phone": "",
        "opening_hours": "Mo 12:00-01:00, Tu 15:00-24:00, We 15:00-01:00, Th 12:00-24:00, Fr 12:00-01:00, Sa 11:00-01:00, Su 12:00-24:00",
        "cuisine": "",
        "food": "",
        "drink": "",
        "outdoor_seating": "yes",
        "indoor_seating": "",
        "internet_access": "",
        "real_ale": "",
        "real_cider": "",
        "live_music": "",
        "dog": "",
        "wheelchair": "",
        "toilets": "",
        "smoking": "",
        "wikidata": "",
        "wikipedia": "",
        "fetched_at_utc": "2026-10-07T11:41:12+00:00",
        "source_endpoint": "osm-extract",
        "tags": {
          "addr:city": "Edinburgh",
          "addr:housenumber": "298",
          "addr:postcode": "EH6 5BU",
          "addr:street": "Leith Walk",
          "amenity": "pub",
          "check_date": "2026-10-01",
          "check_date:opening_hours": "2026-10-01",
          "fhrs:id": "663107",
          "name": "The Harp & Castle",
          "opening_hours": "Mo 12:00-01:00, Tu 15:00-24:00, We 15:00-01:00, Th 12:00-24:00, Fr 12:00-01:00, Sa 11:00-01:00, Su 12:00-24:00",
          "outdoor_seating": "yes",
          "source": "survey",
          "source:addr:postcode": "https://www.edinburghnews.scotsman.com/lifestyle/food-and-drink/12-of-edinburghs-proper-traditional-old-man-pubs-in-leith-where-you-get-a-good-pint-5068684"
        }
      }
    },
    {
      "type": "Feature",
      "geometry": {
        "type": "Point",
        "coordinates": [
          -3.1826767545454544,
          55.94936574545454
        ]
      },
      "properties": {
        "name": "The Holyrood 9A",
        "osm_type": "way",
        "osm_id": 301536493,
        "address": "9A Holyrood Road, Edinburgh, EH8 8AE",
        "house_name": "",
        "house_number": "9A",
        "street": "Holyrood Road",
        "suburb": "",
        "city": "Edinburgh",
        "postcode": "EH8 8AE",
        "country": "GB",
        "operator": "",
        "brewery": "Guinness",
        "website": "",
        "phone": "+44 131 556 5044",
        "opening_hours": "Mo-Th 09:00-00:00; Fr-Sa 09:00-01:00; Su 09:00-00:00",
        "cuisine": "",
        "food": "",
        "drink": "",
        "outdoor_seating": "",
        "indoor_seating": "",
        "internet_access": "wlan",
        "real_ale": "",
        "real_cider": "",
        "live_music": "",
        "dog": "",
        "wheelchair": "limited",
        "toilets": "yes",
        "smoking": "",
        "wikidata": "Q56631965",
        "wikipedia": "",
        "fetched_at_utc": "2026-10-07T11:41:12+00:00",
        "source_endpoint": "osm-extract",
        "tags": {
          "addr:city": "Edinburgh",
          "addr:country": "GB",
          "addr:housenumber": "9A",
          "addr:postcode": "EH8 8AE",
          "addr:street": "Holyrood Road",
          "amenity": "pub",
          "brewery": "Guinness",
          "building": "yes",
          "check_date": "2025-08-14",
          "contact:website": "http://www.theholyrood.co.uk/",
          "fhrs:id": "63818",
          "internet_access": "wlan",
          "internet_access:fee": "customers",
          "name": "The Holyrood 9A",
          "opening_hours": "Mo-Th 09:00-00:00; Fr-Sa 09:00-01:00; Su 09:00-00:00",
          "payment:cash": "yes",
          "payment:credit_cards": "yes",
          "payment:debit_cards": "yes",
          "phone": "+44 131 556 5044",
          "source": "Bing;survey",
          "toilets": "yes",
          "wheelchair": "limited",
          "wikidata": "Q56631965"
        }
      }
    },
    {
      "type": "Feature",
      "geometry": {
        "type": "Point",
        "coordinates": [
          -3.1873006,
          55.9500405
        ]
      },
      "properties": {
        "name": "The Inn On The Mile",
        "osm_type": "node",
        "osm_id": 249967014,
        "address": "82 High Street, Edinburgh, EH1 1LL",
        "house_name": "",
        "house_number": "82",
        "street": "High Street",
        "suburb": "",
        "city": "Edinburgh",
        "postcode": "EH1 1LL",
        "country": "",
        "operator": "",
        "brewery": "",
        "website": "https://www.theinnonthemile.co.uk/",
        "phone": "",
        "opening_hours": "",
        "cuisine": "",
        "food": "",
        "drink": "",
        "outdoor_seating": "",
        "indoor_seating": "",
        "internet_access": "",
        "real_ale": "",
        "real_cider": "",
        "live_music": "",
        "dog": "",
        "wheelchair": "yes",
        "toilets": "",
        "smoking": "",
        "wikidata": "",
        "wikipedia": "",
        "fetched_at_utc": "2026-10-07T11:41:12+00:00",
        "source_endpoint": "osm-extract",
        "tags": {
          "addr:city": "Edinburgh",
          "addr:housenumber": "82",
          "addr:postcode": "EH1 1LL",
          "addr:street": "High Street",
          "amenity": "pub",
          "check_date": "2026-09-20",
          "check_date:opening_hours": "2024-05-12",
          "fhrs:id": "662760",
          "name": "The Inn On The Mile",
          "source": "survey",
          "toilets:wheelchair": "no",
          "tourism": "hotel",
          "website": "https://www.theinnonthemile.co.uk/",
          "wheelchair": "yes"
        }
      }
    },
    {
      "type": "Feature",
      "geometry": {
        "type": "Point",
        "coordinates": [
          -3.1888514,
          55.9509023
        ]
      },
      "properties": {
        "name": "The Jinglin' Geordie",
        "osm_type": "node",
        "osm_id": 2931382079,
        "address": "22 Fleshmarket Close, Edinburgh, EH1 1BX",
        "house_name": "",
        "house_number": "22",
        "street": "Fleshmarket Close",
        "suburb": "",
        "city": "Edinburgh",
        "postcode": "EH1 1BX",
        "country": "",
        "operator": "",
        "brewery": "",
        "website": "http://jinglingeordie.co.uk/",
        "phone": "",
        "opening_hours": "",
        "cuisine": "",
        "food": "",
        "drink": "",
        "outdoor_seating": "",
        "indoor_seating": "",
        "internet_access": "",
        "real_ale": "",
        "real_cider": "",
        "live_music": "",
        "dog": "",
        "wheelchair": "",
        "toilets": "",
        "smoking": "",
        "wikidata": "",
        "wikipedia": "",
        "fetched_at_utc": "2026-10-07T11:41:12+00:00",
        "source_endpoint": "osm-extract",
        "tags": {
          "addr:city": "Edinburgh",
          "addr:housenumber": "22",
          "addr:postcode": "EH1 1BX",
          "addr:street": "Fleshmarket Close",
          "amenity": "pub",
          "check_date": "2025-09-22",
          "fhrs:id": "144870",
          "name": "The Jinglin' Geordie",
          "source": "survey",
          "source:addr:postcode": "code-point_open",
          "website": "http://jinglingeordie.co.uk/"
        }
      }
    },
    {
      "type": "Feature",
      "geometry": {
        "type": "Point",
        "coordinates": [
          -3.1812802,
          55.9606075
        ]
      },
      "properties": {
        "name": "The Joker & The Thief",
        "osm_type": "node",
        "osm_id": 2425708227,
        "address": "71 Elm Row, Edinburgh, EH7 4AQ",
        "house_name": "",
        "house_number": "71",
        "street": "Elm Row",
        "suburb": "",
        "city": "Edinburgh",
        "postcode": "EH7 4AQ",
        "country": "",
        "operator": "",
        "brewery": "",
        "website": "",
        "phone": "",
        "opening_hours": "",
        "cuisine": "",
        "food": "",
        "drink": "",
        "outdoor_seating": "seasonal",
        "indoor_seating": "yes",
        "internet_access": "",
        "real_ale": "1",
        "real_cider": "",
        "live_music": "",
        "dog": "",
        "wheelchair": "",
        "toilets": "",
        "smoking": "",
        "wikidata": "",
        "wikipedia": "",
        "fetched_at_utc": "2026-10-07T11:41:12+00:00",
        "source_endpoint": "osm-extract",
        "tags": {
          "addr:city": "Edinburgh",
          "addr:housenumber": "71",
          "addr:postcode": "EH7 4AQ",
          "addr:street": "Elm Row",
          "amenity": "pub",
          "check_date": "2026-10-01",
          "check_date:opening_hours": "2026-10-01",
          "fhrs:id": "878517",
          "indoor_seating": "yes",
          "name": "The Joker & The Thief",
          "opening_hours:signed": "no",
          "outdoor_seating": "seasonal",
          "real_ale": "1",
          "real_fire": "no",
          "source": "survey"
        }
      }
    },
    {
      "type": "Feature",
      "geometry": {
        "type": "Point",
        "coordinates": [
          -3.2152697,
          55.946311
        ]
      },
      "properties": {
        "name": "The Jolly Botanist",
        "osm_type": "node",
        "osm_id": 2188447325,
        "address": "256-258-260 Morrison Street, Edinburgh, EH3 8DT",
        "house_name": "",
        "house_number": "256-258-260",
        "street": "Morrison Street",
        "suburb": "",
        "city": "Edinburgh",
        "postcode": "EH3 8DT",
        "country": "",
        "operator": "",
        "brewery": "",
        "website": "https://thejollybotanist.co.uk/",
        "phone": "+44 131 229 5538",
        "opening_hours": "",
        "cuisine": "",
        "food": "",
        "drink": "",
        "outdoor_seating": "",
        "indoor_seating": "",
        "internet_access": "",
        "real_ale": "",
        "real_cider": "",
        "live_music": "",
        "dog": "",
        "wheelchair": "",
        "toilets": "",
        "smoking": "",
        "wikidata": "",
        "wikipedia": "",
        "fetched_at_utc": "2026-10-07T11:41:12+00:00",
        "source_endpoint": "osm-extract",
        "tags": {
          "addr:city": "Edinburgh",
          "addr:housenumber": "256-258-260",
          "addr:postcode": "EH3 8DT",
          "addr:street": "Morrison Street",
          "amenity": "pub",
          "check_date": "2025-10-12",
          "contact:linkedin": "thejollybotanist",
          "fhrs:id": "115074",
          "name": "The Jolly Botanist",
          "phone": "+44 131 229 5538",
          "source": "survey",
          "source:addr": "FHRS Open Data",
          "website": "https://thejollybotanist.co.uk/"
        }
      }
    },
    {
      "type": "Feature",
      "geometry": {
        "type": "Point",
        "coordinates": [
          -3.1939483,
          55.9495199
        ]
      },
      "properties": {
        "name": "The Jolly Judge",
        "osm_type": "node",
        "osm_id": 2338727896,
        "address": "James' Court 493 Lawnmarket, 7 James's Court, Edinburgh, EH1 2PB",
        "house_name": "James' Court 493 Lawnmarket",
        "house_number": "7",
        "street": "James's Court",
        "suburb": "",
        "city": "Edinburgh",
        "postcode": "EH1 2PB",
        "country": "GB",
        "operator": "",
        "brewery": "",
        "website": "https://www.jollyjudge.co.uk/",
        "phone": "",
        "opening_hours": "",
        "cuisine": "",
        "food": "",
        "drink": "",
        "outdoor_seating": "",
        "indoor_seating": "",
        "internet_access": "",
        "real_ale": "",
        "real_cider": "",
        "live_music": "",
        "dog": "",
        "wheelchair": "",
        "toilets": "",
        "smoking": "",
        "wikidata": "",
        "wikipedia": "",
        "fetched_at_utc": "2026-10-07T11:41:12+00:00",
        "source_endpoint": "osm-extract",
        "tags": {
          "addr:city": "Edinburgh",
          "addr:country": "GB",
          "addr:housename": "James' Court 493 Lawnmarket",
          "addr:housenumber": "7",
          "addr:postcode": "EH1 2PB",
          "addr:street": "James's Court",
          "amenity": "pub",
          "fhrs:id": "141716",
          "name": "The Jolly Judge",
          "source": "survey",
          "website": "https://www.jollyjudge.co.uk/"
        }
      }
    },
    {
      "type": "Feature",
      "geometry": {
        "type": "Point",
        "coordinates": [
          -3.1791766,
          55.9421469
        ]
      },
      "properties": {
        "name": "The KeloKe Corner",
        "osm_type": "node",
        "osm_id": 345251451,
        "address": "81-85 St Leonard's Street, Edinburgh, EH8 9QY",
        "house_name": "",
        "house_number": "81-85",
        "street": "St Leonard's Street",
        "suburb": "",
        "city": "Edinburgh",
        "postcode": "EH8 9QY",
        "country": "",
        "operator": "",
        "brewery": "",
        "website": "",
        "phone": "",
        "opening_hours": "",
        "cuisine": "pizza",
        "food": "yes",
        "drink": "",
        "outdoor_seating": "",
        "indoor_seating": "",
        "internet_access": "",
        "real_ale": "",
        "real_cider": "",
        "live_music": "",
        "dog": "",
        "wheelchair": "limited",
        "toilets": "",
        "smoking": "",
        "wikidata": "",
        "wikipedia": "",
        "fetched_at_utc": "2026-10-07T11:41:12+00:00",
        "source_endpoint": "osm-extract",
        "tags": {
          "addr:city": "Edinburgh",
          "addr:housenumber": "81-85",
          "addr:postcode": "EH8 9QY",
          "addr:street": "St Leonard's Street",
          "amenity": "pub",
          "check_date": "2026-09-12",
          "cuisine": "pizza",
          "fhrs:id": "1830252",
          "food": "yes",
          "name": "The KeloKe Corner",
          "source": "survey",
          "source:addr": "FHRS Open Data",
          "wheelchair": "limited"
        }
      }
    },
    {
      "type": "Feature",
      "geometry": {
        "type": "Point",
        "coordinates": [
          -3.2022759,
          55.9517885
        ]
      },
      "properties": {
        "name": "The Kenilworth",
        "osm_type": "node",
        "osm_id": 41483847,
        "address": "152-154 Rose Street, Edinburgh, EH2 3JD",
        "house_name": "",
        "house_number": "152-154",
        "street": "Rose Street",
        "suburb": "",
        "city": "Edinburgh",
        "postcode": "EH2 3JD",
        "country": "",
        "operator": "",
        "brewery": "",
        "website": "https://www.nicholsonspubs.co.uk/restaurants/scotlandandnorthernireland/thekenilworthrosestreetedinburgh#/",
        "phone": "",
        "opening_hours": "",
        "cuisine": "",
        "food": "",
        "drink": "",
        "outdoor_seating": "",
        "indoor_seating": "",
        "internet_access": "",
        "real_ale": "yes",
        "real_cider": "",
        "live_music": "",
        "dog": "",
        "wheelchair": "",
        "toilets": "",
        "smoking": "",
        "wikidata": "",
        "wikipedia": "",
        "fetched_at_utc": "2026-10-07T11:41:12+00:00",
        "source_endpoint": "osm-extract",
        "tags": {
          "addr:city": "Edinburgh",
          "addr:housenumber": "152-154",
          "addr:postcode": "EH2 3JD",
          "addr:street": "Rose Street",
          "amenity": "pub",
          "brand": "Nicholson's",
          "brand:wikidata": "Q113130666",
          "check_date": "2026-05-28",
          "fhrs:id": "96415",
          "name": "The Kenilworth",
          "real_ale": "yes",
          "real_fire": "no",
          "source": "survey",
          "source:addr:postcode": "FHRS Open Data",
          "website": "https://www.nicholsonspubs.co.uk/restaurants/scotlandandnorthernireland/thekenilworthrosestreetedinburgh#/"
        }
      }
    },
    {
      "type": "Feature",
      "geometry": {
        "type": "Point",
        "coordinates": [
          -3.1695398,
          55.9761405
        ]
      },
      "properties": {
        "name": "The King's Wark",
        "osm_type": "node",
        "osm_id": 446759690,
        "address": "36 Shore, Edinburgh, EH6 6QU",
        "house_name": "",
        "house_number": "36",
        "street": "Shore",
        "suburb": "",
        "city": "Edinburgh",
        "postcode": "EH6 6QU",
        "country": "",
        "operator": "",
        "brewery": "",
        "website": "https://www.thekingswarkpub.com/",
        "phone": "+44 131 554 9260",
        "opening_hours": "Mo-Sa 10:00-01:00, Su 11:00-01:00",
        "cuisine": "",
        "food": "yes",
        "drink": "",
        "outdoor_seating": "",
        "indoor_seating": "",
        "internet_access": "",
        "real_ale": "",
        "real_cider": "",
        "live_music": "",
        "dog": "",
        "wheelchair": "no",
        "toilets": "",
        "smoking": "",
        "wikidata": "",
        "wikipedia": "",
        "fetched_at_utc": "2026-10-07T11:41:12+00:00",
        "source_endpoint": "osm-extract",
        "tags": {
          "addr:city": "Edinburgh",
          "addr:housenumber": "36",
          "addr:postcode": "EH6 6QU",
          "addr:street": "Shore",
          "amenity": "pub",
          "check_date": "2024-10-29",
          "check_date:opening_hours": "2024-10-29",
          "email": "thekingswarkpub@gmail.com",
          "fhrs:id": "662922",
          "food": "yes",
          "name": "The King's Wark",
          "opening_hours": "Mo-Sa 10:00-01:00, Su 11:00-01:00",
          "phone": "+44 131 554 9260",
          "website": "https://www.thekingswarkpub.com/",
          "wheelchair": "no"
        }
      }
    },
    {
      "type": "Feature",
      "geometry": {
        "type": "Point",
        "coordinates": [
          -3.2493765,
          55.9320008
        ]
      },
      "properties": {
        "name": "The Laich",
        "osm_type": "node",
        "osm_id": 3492896533,
        "address": "477A Gorgie Road, Edinburgh, EH11 3AD",
        "house_name": "",
        "house_number": "477A",
        "street": "Gorgie Road",
        "suburb": "",
        "city": "Edinburgh",
        "postcode": "EH11 3AD",
        "country": "GB",
        "operator": "",
        "brewery": "",
        "website": "",
        "phone": "",
        "opening_hours": "",
        "cuisine": "",
        "food": "",
        "drink": "",
        "outdoor_seating": "",
        "indoor_seating": "",
        "internet_access": "",
        "real_ale": "",
        "real_cider": "",
        "live_music": "",
        "dog": "",
        "wheelchair": "",
        "toilets": "",
        "smoking": "",
        "wikidata": "",
        "wikipedia": "",
        "fetched_at_utc": "2026-10-07T11:41:12+00:00",
        "source_endpoint": "osm-extract",
        "tags": {
          "addr:city": "Edinburgh",
          "addr:country": "GB",
          "addr:housenumber": "477A",
          "addr:postcode": "EH11 3AD",
          "addr:street": "Gorgie Road",
          "amenity": "pub",
          "check_date": "2026-03-04",
          "fhrs:id": "663534",
          "name": "The Laich"
        }
      }
    },
    {
      "type": "Feature",
      "geometry": {
        "type": "Point",
        "coordinates": [
          -3.1953466,
          55.9478368
        ]
      },
      "properties": {
        "name": "The Last Drop",
        "osm_type": "node",
        "osm_id": 2338722313,
        "address": "74,76,78 Grassmarket, Edinburgh, EH1 2JR",
        "house_name": "",
        "house_number": "74,76,78",
        "street": "Grassmarket",
        "suburb": "",
        "city": "Edinburgh",
        "postcode": "EH1 2JR",
        "country": "GB",
        "operator": "",
        "brewery": "",
        "website": "https://www.nicholsonspubs.co.uk/restaurants/scotlandandnorthernireland/thelastdropgrassmarketedinburgh",
        "phone": "",
        "opening_hours": "Mo-Fr 12:00-23:00; Sa-Su 12:00-00:00",
        "cuisine": "",
        "food": "",
        "drink": "",
        "outdoor_seating": "",
        "indoor_seating": "",
        "internet_access": "",
        "real_ale": "",
        "real_cider": "",
        "live_music": "",
        "dog": "",
        "wheelchair": "limited",
        "toilets": "",
        "smoking": "",
        "wikidata": "",
        "wikipedia": "",
        "fetched_at_utc": "2026-10-07T11:41:12+00:00",
        "source_endpoint": "osm-extract",
        "tags": {
          "addr:city": "Edinburgh",
          "addr:country": "GB",
          "addr:housenumber": "74,76,78",
          "addr:postcode": "EH1 2JR",
          "addr:street": "Grassmarket",
          "amenity": "pub",
          "brand": "Nicholson's",
          "brand:wikidata": "Q113130666",
          "check_date": "2025-08-10",
          "fhrs:id": "121319",
          "name": "The Last Drop",
          "opening_hours": "Mo-Fr 12:00-23:00; Sa-Su 12:00-00:00",
          "toilets:wheelchair": "no",
          "website": "https://www.nicholsonspubs.co.uk/restaurants/scotlandandnorthernireland/thelastdropgrassmarketedinburgh",
          "wheelchair": "limited"
        }
      }
    },
    {
      "type": "Feature",
      "geometry": {
        "type": "Point",
        "coordinates": [
          -3.1889619,
          55.9449982
        ]
      },
      "properties": {
        "name": "The Library Bar",
        "osm_type": "node",
        "osm_id": 1770134134,
        "address": "13 Bristo Square, Edinburgh, EH8 9AJ",
        "house_name": "",
        "house_number": "13",
        "street": "Bristo Square",
        "suburb": "",
        "city": "Edinburgh",
        "postcode": "EH8 9AJ",
        "country": "",
        "operator": "",
        "brewery": "",
        "website": "",
        "phone": "",
        "opening_hours": "",
        "cuisine": "",
        "food": "",
        "drink": "",
        "outdoor_seating": "",
        "indoor_seating": "",
        "internet_access": "",
        "real_ale": "",
        "real_cider": "",
        "live_music": "",
        "dog": "",
        "wheelchair": "yes",
        "toilets": "",
        "smoking": "",
        "wikidata": "",
        "wikipedia": "",
        "fetched_at_utc": "2026-10-07T11:41:12+00:00",
        "source_endpoint": "osm-extract",
        "tags": {
          "addr:city": "Edinburgh",
          "addr:housenumber": "13",
          "addr:postcode": "EH8 9AJ",
          "addr:street": "Bristo Square",
          "amenity": "pub",
          "check_date": "2026-03-04",
          "contact:instagram": "teviotedinburgh",
          "fhrs:id": "123425",
          "level": "1;3",
          "name": "The Library Bar",
          "note": "pub not bar, serves food. Open to non students most nights, Fri+Sat need a student to vouch for you.",
          "source:postcode": "FHRS Open Data",
          "wheelchair": "yes"
        }
      }
    },
    {
      "type": "Feature",
      "geometry": {
        "type": "Point",
        "coordinates": [
          -3.1595595,
          55.9695786
        ]
      },
      "properties": {
        "name": "The Links Tavern",
        "osm_type": "node",
        "osm_id": 914545594,
        "address": "5-7 Restalrig Road, Edinburgh",
        "house_name": "",
        "house_number": "5-7",
        "street": "Restalrig Road",
        "suburb": "",
        "city": "Edinburgh",
        "postcode": "",
        "country": "",
        "operator": "",
        "brewery": "",
        "website": "",
        "phone": "",
        "opening_hours": "",
        "cuisine": "",
        "food": "",
        "drink": "",
        "outdoor_seating": "",
        "indoor_seating": "",
        "internet_access": "",
        "real_ale": "",
        "real_cider": "",
        "live_music": "",
        "dog": "",
        "wheelchair": "",
        "toilets": "",
        "smoking": "",
        "wikidata": "",
        "wikipedia": "",
        "fetched_at_utc": "2026-10-07T11:41:12+00:00",
        "source_endpoint": "osm-extract",
        "tags": {
          "addr:city": "Edinburgh",
          "addr:housenumber": "5-7",
          "addr:street": "Restalrig Road",
          "amenity": "pub",
          "name": "The Links Tavern",
          "source": "survey"
        }
      }
    },
    {
      "type": "Feature",
      "geometry": {
        "type": "Point",
        "coordinates": [
          -3.1906398,
          55.950658
        ]
      },
      "properties": {
        "name": "The Malt Shovel",
        "osm_type": "node",
        "osm_id": 511213047,
        "address": "11-15 Cockburn Street, Edinburgh, EH1 1BP",
        "house_name": "",
        "house_number": "11-15",
        "street": "Cockburn Street",
        "suburb": "",
        "city": "Edinburgh",
        "postcode": "EH1 1BP",
        "country": "GB",
        "operator": "",
        "brewery": "",
        "website": "https://www.belhaven.co.uk/pubs/midlothian/malt-shovel-inn",
        "phone": "",
        "opening_hours": "",
        "cuisine": "",
        "food": "",
        "drink": "",
        "outdoor_seating": "yes",
        "indoor_seating": "yes",
        "internet_access": "",
        "real_ale": "",
        "real_cider": "",
        "live_music": "",
        "dog": "",
        "wheelchair": "no",
        "toilets": "",
        "smoking": "",
        "wikidata": "",
        "wikipedia": "",
        "fetched_at_utc": "2026-10-07T11:41:12+00:00",
        "source_endpoint": "osm-extract",
        "tags": {
          "addr:city": "Edinburgh",
          "addr:country": "GB",
          "addr:housenumber": "11-15",
          "addr:postcode": "EH1 1BP",
          "addr:street": "Cockburn Street",
          "amenity": "pub",
          "brand": "Belhaven Pubs",
          "brand:wikidata": "Q105516156",
          "check_date": "2026-05-09",
          "fhrs:id": "119880",
          "indoor_seating": "yes",
          "name": "The Malt Shovel",
          "outdoor_seating": "yes",
          "website": "https://www.belhaven.co.uk/pubs/midlothian/malt-shovel-inn",
          "wheelchair": "no"
        }
      }
    },
    {
      "type": "Feature",
      "geometry": {
        "type": "Point",
        "coordinates": [
          -3.1709009,
          55.9704606
        ]
      },
      "properties": {
        "name": "The Marksman",
        "osm_type": "node",
        "osm_id": 2286748014,
        "address": "13 Duke Street, Edinburgh, EH6 8HG",
        "house_name": "",
        "house_number": "13",
        "street": "Duke Street",
        "suburb": "",
        "city": "Edinburgh",
        "postcode": "EH6 8HG",
        "country": "",
        "operator": "",
        "brewery": "",
        "website": "",
        "phone": "",
        "opening_hours": "",
        "cuisine": "",
        "food": "",
        "drink": "",
        "outdoor_seating": "",
        "indoor_seating": "",
        "internet_access": "",
        "real_ale": "",
        "real_cider": "",
        "live_music": "",
        "dog": "",
        "wheelchair": "",
        "toilets": "",
        "smoking": "",
        "wikidata": "",
        "wikipedia": "",
        "fetched_at_utc": "2026-10-07T11:41:12+00:00",
        "source_endpoint": "osm-extract",
        "tags": {
          "addr:city": "Edinburgh",
          "addr:housenumber": "13",
          "addr:postcode": "EH6 8HG",
          "addr:street": "Duke Street",
          "amenity": "pub",
          "check_date": "2026-10-03",
          "check_date:opening_hours": "2026-10-03",
          "fhrs:id": "661919",
          "name": "The Marksman",
          "opening_hours:signed": "no",
          "source": "survey"
        }
      }
    },
    {
      "type": "Feature",
      "geometry": {
        "type": "Point",
        "coordinates": [
          -3.1713136,
          55.9600272
        ]
      },
      "properties": {
        "name": "The Mash Tun",
        "osm_type": "node",
        "osm_id": 1881721774,
        "address": "154-158 Easter Road, Edinburgh, EH7 5RL",
        "house_name": "",
        "house_number": "154-158",
        "street": "Easter Road",
        "suburb": "",
        "city": "Edinburgh",
        "postcode": "EH7 5RL",
        "country": "GB",
        "operator": "",
        "brewery": "",
        "website": "http://www.mashtunedinburgh.co.uk/",
        "phone": "",
        "opening_hours": "",
        "cuisine": "",
        "food": "",
        "drink": "",
        "outdoor_seating": "no",
        "indoor_seating": "yes",
        "internet_access": "",
        "real_ale": "",
        "real_cider": "",
        "live_music": "",
        "dog": "",
        "wheelchair": "",
        "toilets": "yes",
        "smoking": "",
        "wikidata": "",
        "wikipedia": "",
        "fetched_at_utc": "2026-10-07T11:41:12+00:00",
        "source_endpoint": "osm-extract",
        "tags": {
          "addr:city": "Edinburgh",
          "addr:country": "GB",
          "addr:housenumber": "154-158",
          "addr:postcode": "EH7 5RL",
          "addr:street": "Easter Road",
          "amenity": "pub",
          "check_date": "2024-07-28",
          "contact:phone": "+44 131 661 3896",
          "fhrs:id": "663569",
          "indoor_seating": "yes",
          "name": "The Mash Tun",
          "outdoor_seating": "no",
          "toilets": "yes",
          "website": "http://www.mashtunedinburgh.co.uk/"
        }
      }
    },
    {
      "type": "Feature",
      "geometry": {
        "type": "Point",
        "coordinates": [
          -3.2098989,
          55.9292293
        ]
      },
      "properties": {
        "name": "The Merlin",
        "osm_type": "node",
        "osm_id": 288902893,
        "address": "168 Morningside Road, Edinburgh, EH10 4PU",
        "house_name": "",
        "house_number": "168",
        "street": "Morningside Road",
        "suburb": "",
        "city": "Edinburgh",
        "postcode": "EH10 4PU",
        "country": "",
        "operator": "",
        "brewery": "",
        "website": "https://www.belhaven.co.uk/pubs/midlothian/merlin",
        "phone": "+44 131 447 4329",
        "opening_hours": "Mo-Th 10:00-23:00; Fr-Sa 10:00-01:00; Su 11:00-23:00",
        "cuisine": "",
        "food": "",
        "drink": "",
        "outdoor_seating": "",
        "indoor_seating": "",
        "internet_access": "",
        "real_ale": "",
        "real_cider": "",
        "live_music": "",
        "dog": "",
        "wheelchair": "yes",
        "toilets": "",
        "smoking": "",
        "wikidata": "",
        "wikipedia": "",
        "fetched_at_utc": "2026-10-07T11:41:12+00:00",
        "source_endpoint": "osm-extract",
        "tags": {
          "addr:city": "Edinburgh",
          "addr:housenumber": "168",
          "addr:postcode": "EH10 4PU",
          "addr:street": "Morningside Road",
          "alt_name": "The Merlin Roadhouse",
          "amenity": "pub",
          "brand": "Belhaven Pubs",
          "brand:wikidata": "Q105516156",
          "check_date": "2026-05-08",
          "fhrs:id": "129281",
          "name": "The Merlin",
          "opening_hours": "Mo-Th 10:00-23:00; Fr-Sa 10:00-01:00; Su 11:00-23:00",
          "payment:cash": "yes",
          "payment:credit_cards": "yes",
          "payment:debit_cards": "yes",
          "phone": "+44 131 447 4329",
          "source": "survey",
          "website": "https://www.belhaven.co.uk/pubs/midlothian/merlin",
          "wheelchair": "yes"
        }
      }
    },
    {
      "type": "Feature",
      "geometry": {
        "type": "Point",
        "coordinates": [
          -3.186896,
          55.9503821
        ]
      },
      "properties": {
        "name": "The Mitre",
        "osm_type": "node",
        "osm_id": 732958018,
        "address": "131-133 High Street, Edinburgh, EH1 1SG",
        "house_name": "",
        "house_number": "131-133",
        "street": "High Street",
        "suburb": "",
        "city": "Edinburgh",
        "postcode": "EH1 1SG",
        "country": "",
        "operator": "",
        "brewery": "",
        "website": "https://www.nicholsonspubs.co.uk/restaurants/scotlandandnorthernireland/themitrebarroyalmileedinburgh#/",
        "phone": "",
        "opening_hours": "",
        "cuisine": "",
        "food": "yes",
        "drink": "",
        "outdoor_seating": "yes",
        "indoor_seating": "yes",
        "internet_access": "",
        "real_ale": "",
        "real_cider": "",
        "live_music": "",
        "dog": "",
        "wheelchair": "",
        "toilets": "",
        "smoking": "",
        "wikidata": "",
        "wikipedia": "",
        "fetched_at_utc": "2026-10-07T11:41:12+00:00",
        "source_endpoint": "osm-extract",
        "tags": {
          "addr:city": "Edinburgh",
          "addr:housenumber": "131-133",
          "addr:postcode": "EH1 1SG",
          "addr:street": "High Street",
          "amenity": "pub",
          "brand": "Nicholson's",
          "brand:wikidata": "Q113130666",
          "check_date": "2026-09-20",
          "diet:vegan": "yes",
          "diet:vegetarian": "yes",
          "fhrs:id": "71588",
          "food": "yes",
          "indoor_seating": "yes",
          "name": "The Mitre",
          "outdoor_seating": "yes",
          "source": "survey",
          "source:addr:postcode": "FHRS Open Data",
          "website": "https://www.nicholsonspubs.co.uk/restaurants/scotlandandnorthernireland/themitrebarroyalmileedinburgh#/"
        }
      }
    },
    {
      "type": "Feature",
      "geometry": {
        "type": "Point",
        "coordinates": [
          -3.1733366,
          55.9690697
        ]
      },
      "properties": {
        "name": "The Mother Superior",
        "osm_type": "node",
        "osm_id": 1809318915,
        "address": "96-98 Leith Walk, Edinburgh, EH6 5HB",
        "house_name": "",
        "house_number": "96-98",
        "street": "Leith Walk",
        "suburb": "",
        "city": "Edinburgh",
        "postcode": "EH6 5HB",
        "country": "",
        "operator": "",
        "brewery": "",
        "website": "",
        "phone": "",
        "opening_hours": "",
        "cuisine": "",
        "food": "",
        "drink": "",
        "outdoor_seating": "yes",
        "indoor_seating": "",
        "internet_access": "",
        "real_ale": "",
        "real_cider": "",
        "live_music": "",
        "dog": "",
        "wheelchair": "",
        "toilets": "",
        "smoking": "",
        "wikidata": "",
        "wikipedia": "",
        "fetched_at_utc": "2026-10-07T11:41:12+00:00",
        "source_endpoint": "osm-extract",
        "tags": {
          "addr:city": "Edinburgh",
          "addr:housenumber": "96-98",
          "addr:postcode": "EH6 5HB",
          "addr:street": "Leith Walk",
          "amenity": "pub",
          "check_date": "2026-09-15",
          "fhrs:id": "1279884",
          "name": "The Mother Superior",
          "old_name": "Bar Brig",
          "outdoor_seating": "yes",
          "source": "survey",
          "source:addr": "FHRS Open Data"
        }
      }
    },
    {
      "type": "Feature",
      "geometry": {
        "type": "Point",
        "coordinates": [
          -3.2074072,
          55.9710407
        ]
      },
      "properties": {
        "name": "The Oak & Ember",
        "osm_type": "node",
        "osm_id": 623960607,
        "address": "10 Bowhill Terrace, Edinburgh, EH3 5QY",
        "house_name": "",
        "house_number": "10",
        "street": "Bowhill Terrace",
        "suburb": "",
        "city": "Edinburgh",
        "postcode": "EH3 5QY",
        "country": "",
        "operator": "",
        "brewery": "",
        "website": "",
        "phone": "",
        "opening_hours": "Tu-Th 15:00-23:00,Fr-Sa 12:00-24:00,Su 12:00-22:00",
        "cuisine": "",
        "food": "yes",
        "drink": "",
        "outdoor_seating": "",
        "indoor_seating": "",
        "internet_access": "",
        "real_ale": "",
        "real_cider": "",
        "live_music": "",
        "dog": "",
        "wheelchair": "",
        "toilets": "",
        "smoking": "",
        "wikidata": "",
        "wikipedia": "",
        "fetched_at_utc": "2026-10-07T11:41:12+00:00",
        "source_endpoint": "osm-extract",
        "tags": {
          "addr:city": "Edinburgh",
          "addr:housenumber": "10",
          "addr:postcode": "EH3 5QY",
          "addr:street": "Bowhill Terrace",
          "amenity": "pub",
          "check_date:opening_hours": "2026-06-05",
          "contact:instagram": "https://www.instagram.com/theoakandemberbar/",
          "diet:vegetarian": "yes",
          "food": "yes",
          "name": "The Oak & Ember",
          "opening_hours": "Tu-Th 15:00-23:00,Fr-Sa 12:00-24:00,Su 12:00-22:00",
          "opening_hours:signed": "no"
        }
      }
    },
    {
      "type": "Feature",
      "geometry": {
        "type": "Point",
        "coordinates": [
          -3.2006252,
          55.9633687
        ]
      },
      "properties": {
        "name": "The Orchard",
        "osm_type": "node",
        "osm_id": 444739625,
        "address": "1 Howard Place, Edinburgh, EH3 5JZ",
        "house_name": "",
        "house_number": "1",
        "street": "Howard Place",
        "suburb": "",
        "city": "Edinburgh",
        "postcode": "EH3 5JZ",
        "country": "",
        "operator": "",
        "brewery": "",
        "website": "https://theorchardbar.co.uk/",
        "phone": "+44 131 550 0850",
        "opening_hours": "",
        "cuisine": "",
        "food": "",
        "drink": "",
        "outdoor_seating": "yes",
        "indoor_seating": "yes",
        "internet_access": "",
        "real_ale": "",
        "real_cider": "",
        "live_music": "",
        "dog": "",
        "wheelchair": "",
        "toilets": "",
        "smoking": "",
        "wikidata": "",
        "wikipedia": "",
        "fetched_at_utc": "2026-10-07T11:41:12+00:00",
        "source_endpoint": "osm-extract",
        "tags": {
          "addr:city": "Edinburgh",
          "addr:housenumber": "1",
          "addr:postcode": "EH3 5JZ",
          "addr:street": "Howard Place",
          "amenity": "pub",
          "check_date": "2024-08-10",
          "fhrs:id": "522326",
          "indoor_seating": "yes",
          "name": "The Orchard",
          "outdoor_seating": "yes",
          "phone": "+44 131 550 0850",
          "source": "survey",
          "source:addr": "FHRS Open Data",
          "website": "https://theorchardbar.co.uk/"
        }
      }
    },
    {
      "type": "Feature",
      "geometry": {
        "type": "Point",
        "coordinates": [
          -3.1909575,
          55.9590414
        ]
      },
      "properties": {
        "name": "The Ox",
        "osm_type": "node",
        "osm_id": 663451599,
        "address": "49-51 London Street, Edinburgh, EH3 6LX",
        "house_name": "",
        "house_number": "49-51",
        "street": "London Street",
        "suburb": "",
        "city": "Edinburgh",
        "postcode": "EH3 6LX",
        "country": "",
        "operator": "",
        "brewery": "",
        "website": "https://www.theoxedinburgh.com/",
        "phone": "+44 131 556 9808",
        "opening_hours": "",
        "cuisine": "",
        "food": "yes",
        "drink": "",
        "outdoor_seating": "no",
        "indoor_seating": "yes",
        "internet_access": "",
        "real_ale": "",
        "real_cider": "",
        "live_music": "",
        "dog": "",
        "wheelchair": "yes",
        "toilets": "",
        "smoking": "",
        "wikidata": "",
        "wikipedia": "",
        "fetched_at_utc": "2026-10-07T11:41:12+00:00",
        "source_endpoint": "osm-extract",
        "tags": {
          "addr:city": "Edinburgh",
          "addr:housenumber": "49-51",
          "addr:postcode": "EH3 6LX",
          "addr:street": "London Street",
          "amenity": "pub",
          "check_date": "2025-08-09",
          "contact:facebook": "https://www.facebook.com/theoxedinburgh",
          "fhrs:id": "803812",
          "food": "yes",
          "indoor_seating": "yes",
          "name": "The Ox",
          "note": "renamed from Mezz to Bellevue. The Bellevue became The Ox in 2014.",
          "outdoor_seating": "no",
          "phone": "+44 131 556 9808",
          "source": "survey",
          "source:addr": "FHRS Open Data",
          "website": "https://www.theoxedinburgh.com/",
          "wheelchair": "yes"
        }
      }
    },
    {
      "type": "Feature",
      "geometry": {
        "type": "Point",
        "coordinates": [
          -3.1770091,
          55.952191
        ]
      },
      "properties": {
        "name": "The Parliament Arms",
        "osm_type": "node",
        "osm_id": 3028074576,
        "address": "67 Canongate, Canongate, Edinburgh, EH8 8BS",
        "house_name": "",
        "house_number": "67",
        "street": "Canongate",
        "suburb": "Canongate",
        "city": "Edinburgh",
        "postcode": "EH8 8BS",
        "country": "",
        "operator": "",
        "brewery": "",
        "website": "",
        "phone": "",
        "opening_hours": "",
        "cuisine": "",
        "food": "",
        "drink": "",
        "outdoor_seating": "yes",
        "indoor_seating": "yes",
        "internet_access": "",
        "real_ale": "",
        "real_cider": "",
        "live_music": "",
        "dog": "",
        "wheelchair": "limited",
        "toilets": "",
        "smoking": "",
        "wikidata": "",
        "wikipedia": "",
        "fetched_at_utc": "2026-10-07T11:41:12+00:00",
        "source_endpoint": "osm-extract",
        "tags": {
          "addr:city": "Edinburgh",
          "addr:floor": "G",
          "addr:housenumber": "67",
          "addr:postcode": "EH8 8BS",
          "addr:street": "Canongate",
          "addr:suburb": "Canongate",
          "amenity": "pub",
          "check_date": "2026-04-18",
          "contact:facebook": "Kilderkinbar",
          "fhrs:id": "1711079",
          "indoor_seating": "yes",
          "level": "0",
          "name": "The Parliament Arms",
          "old_name": "The Kilderkin",
          "outdoor_seating": "yes",
          "source": "Bing;survey",
          "source:addr": "FHRS Open Data",
          "source:addr:postcode": "FHRS Open Data",
          "source:name": "survey",
          "wheelchair": "limited"
        }
      }
    },
    {
      "type": "Feature",
      "geometry": {
        "type": "Point",
        "coordinates": [
          -3.1857314,
          55.9565487
        ]
      },
      "properties": {
        "name": "The Playfair",
        "osm_type": "node",
        "osm_id": 2121794767,
        "address": "Leith Walk, Edinburgh, EH1 3AJ",
        "house_name": "",
        "house_number": "",
        "street": "Leith Walk",
        "suburb": "",
        "city": "Edinburgh",
        "postcode": "EH1 3AJ",
        "country": "GB",
        "operator": "",
        "brewery": "",
        "website": "https://www.jdwetherspoon.com/pubs/the-playfair-edinburgh/",
        "phone": "+44 131 524 7760",
        "opening_hours": "Mo-Fr 08:00-01:00; Sa-Su 07:00-01:00",
        "cuisine": "",
        "food": "",
        "drink": "",
        "outdoor_seating": "yes",
        "indoor_seating": "",
        "internet_access": "",
        "real_ale": "",
        "real_cider": "",
        "live_music": "",
        "dog": "no",
        "wheelchair": "",
        "toilets": "",
        "smoking": "",
        "wikidata": "",
        "wikipedia": "",
        "fetched_at_utc": "2026-10-07T11:41:12+00:00",
        "source_endpoint": "osm-extract",
        "tags": {
          "addr:city": "Edinburgh",
          "addr:country": "GB",
          "addr:postcode": "EH1 3AJ",
          "addr:street": "Leith Walk",
          "addr:unit": "1",
          "amenity": "pub",
          "brand": "Wetherspoon",
          "brand:wikidata": "Q6109362",
          "brand:wikipedia": "en:Wetherspoons",
          "check_date": "2026-02-21",
          "dog": "no",
          "fhrs:id": "145902",
          "level": "1",
          "name": "The Playfair",
          "opening_hours": "Mo-Fr 08:00-01:00; Sa-Su 07:00-01:00",
          "outdoor_seating": "yes",
          "phone": "+44 131 524 7760",
          "source": "survey",
          "website": "https://www.jdwetherspoon.com/pubs/the-playfair-edinburgh/",
          "website:menu": "https://order.jdwetherspoon.com/venue/jdw/4312/menus"
        }
      }
    },
    {
      "type": "Feature",
      "geometry": {
        "type": "Point",
        "coordinates": [
          -3.2181727,
          55.9381591
        ]
      },
      "properties": {
        "name": "The Polwarth Tavern",
        "osm_type": "node",
        "osm_id": 367085451,
        "address": "35 Polwarth Crescent, Edinburgh, EH11 1HR",
        "house_name": "",
        "house_number": "35",
        "street": "Polwarth Crescent",
        "suburb": "",
        "city": "Edinburgh",
        "postcode": "EH11 1HR",
        "country": "GB",
        "operator": "",
        "brewery": "",
        "website": "",
        "phone": "+44 131 221 9906",
        "opening_hours": "Mo-Su 12:00-01:00",
        "cuisine": "",
        "food": "",
        "drink": "",
        "outdoor_seating": "",
        "indoor_seating": "",
        "internet_access": "",
        "real_ale": "",
        "real_cider": "",
        "live_music": "",
        "dog": "",
        "wheelchair": "no",
        "toilets": "",
        "smoking": "",
        "wikidata": "",
        "wikipedia": "",
        "fetched_at_utc": "2026-10-07T11:41:12+00:00",
        "source_endpoint": "osm-extract",
        "tags": {
          "addr:city": "Edinburgh",
          "addr:country": "GB",
          "addr:housenumber": "35",
          "addr:postcode": "EH11 1HR",
          "addr:street": "Polwarth Crescent",
          "amenity": "pub",
          "check_date": "2025-06-11",
          "facebook": "https://www.facebook.com/pages/Polwarth-Tavern/145373208861444",
          "fhrs:id": "118780",
          "name": "The Polwarth Tavern",
          "opening_hours": "Mo-Su 12:00-01:00",
          "phone": "+44 131 221 9906",
          "twitter": "polwarthtavern",
          "wheelchair": "no"
        }
      }
    },
    {
      "type": "Feature",
      "geometry": {
        "type": "Point",
        "coordinates": [
          -3.2008808,
          55.9520324
        ]
      },
      "properties": {
        "name": "The Potions Cauldron",
        "osm_type": "node",
        "osm_id": 2127679430,
        "address": "116A Rose Street, Edinburgh, EH2 3JF",
        "house_name": "",
        "house_number": "116A",
        "street": "Rose Street",
        "suburb": "",
        "city": "Edinburgh",
        "postcode": "EH2 3JF",
        "country": "GB",
        "operator": "",
        "brewery": "",
        "website": "https://www.thepotionscauldron.com/edinburgh",
        "phone": "",
        "opening_hours": "Mo-Fr 10:00-18:00, Sa-Su 10:00-18:00",
        "cuisine": "",
        "food": "",
        "drink": "",
        "outdoor_seating": "",
        "indoor_seating": "",
        "internet_access": "",
        "real_ale": "",
        "real_cider": "",
        "live_music": "",
        "dog": "",
        "wheelchair": "yes",
        "toilets": "",
        "smoking": "",
        "wikidata": "",
        "wikipedia": "",
        "fetched_at_utc": "2026-10-07T11:41:12+00:00",
        "source_endpoint": "osm-extract",
        "tags": {
          "addr:city": "Edinburgh",
          "addr:country": "GB",
          "addr:housenumber": "116A",
          "addr:postcode": "EH2 3JF",
          "addr:street": "Rose Street",
          "amenity": "pub",
          "check_date": "2026-05-28",
          "email": "edinburgh@thepotionscauldron.com",
          "fhrs:id": "1648135",
          "name": "The Potions Cauldron",
          "opening_hours": "Mo-Fr 10:00-18:00, Sa-Su 10:00-18:00",
          "source": "survey",
          "website": "https://www.thepotionscauldron.com/edinburgh",
          "wheelchair": "yes"
        }
      }
    },
    {
      "type": "Feature",
      "geometry": {
        "type": "Point",
        "coordinates": [
          -3.2148247,
          55.959499
        ]
      },
      "properties": {
        "name": "The Raeburn",
        "osm_type": "node",
        "osm_id": 4083011627,
        "address": "112 Raeburn Place, Edinburgh, EH4 1HG",
        "house_name": "",
        "house_number": "112",
        "street": "Raeburn Place",
        "suburb": "",
        "city": "Edinburgh",
        "postcode": "EH4 1HG",
        "country": "",
        "operator": "",
        "brewery": "",
        "website": "https://www.theraeburn.com/",
        "phone": "+44 131 332 7000",
        "opening_hours": "",
        "cuisine": "",
        "food": "yes",
        "drink": "",
        "outdoor_seating": "yes",
        "indoor_seating": "",
        "internet_access": "wlan",
        "real_ale": "",
        "real_cider": "",
        "live_music": "",
        "dog": "",
        "wheelchair": "",
        "toilets": "",
        "smoking": "",
        "wikidata": "",
        "wikipedia": "",
        "fetched_at_utc": "2026-10-07T11:41:12+00:00",
        "source_endpoint": "osm-extract",
        "tags": {
          "addr:city": "Edinburgh",
          "addr:housenumber": "112",
          "addr:postcode": "EH4 1HG",
          "addr:street": "Raeburn Place",
          "amenity": "pub",
          "check_date": "2026-01-17",
          "fhrs:id": "534204",
          "food": "yes",
          "internet_access": "wlan",
          "name": "The Raeburn",
          "note": "Not to be confused with \"The Raeburn\" pub nearby on Dean Street.",
          "outdoor_seating": "yes",
          "phone": "+44 131 332 7000",
          "source": "survey",
          "tourism": "hotel",
          "website": "https://www.theraeburn.com/"
        }
      }
    },
    {
      "type": "Feature",
      "geometry": {
        "type": "Point",
        "coordinates": [
          -3.1719415,
          55.9563297
        ]
      },
      "properties": {
        "name": "The Regent",
        "osm_type": "node",
        "osm_id": 333159417,
        "address": "2 Montrose Terrace, Edinburgh, EH7 5DL",
        "house_name": "",
        "house_number": "2",
        "street": "Montrose Terrace",
        "suburb": "",
        "city": "Edinburgh",
        "postcode": "EH7 5DL",
        "country": "",
        "operator": "",
        "brewery": "",
        "website": "https://theregentbar.co.uk/",
        "phone": "+44 131 661 8198",
        "opening_hours": "16:00-24:00",
        "cuisine": "",
        "food": "",
        "drink": "",
        "outdoor_seating": "",
        "indoor_seating": "",
        "internet_access": "",
        "real_ale": "yes",
        "real_cider": "yes",
        "live_music": "",
        "dog": "",
        "wheelchair": "yes",
        "toilets": "",
        "smoking": "",
        "wikidata": "",
        "wikipedia": "",
        "fetched_at_utc": "2026-10-07T11:41:12+00:00",
        "source_endpoint": "osm-extract",
        "tags": {
          "addr:city": "Edinburgh",
          "addr:housenumber": "2",
          "addr:postcode": "EH7 5DL",
          "addr:street": "Montrose Terrace",
          "amenity": "pub",
          "camra": "yes",
          "check_date": "2026-02-03",
          "email": "info@theregentbar.co.uk",
          "fhrs:id": "45302",
          "lgbtq": "primary",
          "min_age": "18",
          "name": "The Regent",
          "opening_hours": "16:00-24:00",
          "phone": "+44 131 661 8198",
          "real_ale": "yes",
          "real_cider": "yes",
          "real_fire": "no",
          "takeaway": "no",
          "website": "https://theregentbar.co.uk/",
          "wheelchair": "yes"
        }
      }
    },
    {
      "type": "Feature",
      "geometry": {
        "type": "Point",
        "coordinates": [
          -3.1815162,
          55.9399617
        ]
      },
      "properties": {
        "name": "The Royal Dick",
        "osm_type": "node",
        "osm_id": 2218425854,
        "address": "1 Summerhall, Edinburgh, EH9 1PL",
        "house_name": "",
        "house_number": "1",
        "street": "Summerhall",
        "suburb": "",
        "city": "Edinburgh",
        "postcode": "EH9 1PL",
        "country": "",
        "operator": "",
        "brewery": "",
        "website": "",
        "phone": "",
        "opening_hours": "Mo-Th,Su 12:00-24:00; Fr-Sa 12:00-01:00",
        "cuisine": "",
        "food": "",
        "drink": "",
        "outdoor_seating": "yes",
        "indoor_seating": "",
        "internet_access": "wlan",
        "real_ale": "yes",
        "real_cider": "",
        "live_music": "",
        "dog": "",
        "wheelchair": "no",
        "toilets": "yes",
        "smoking": "outside",
        "wikidata": "",
        "wikipedia": "",
        "fetched_at_utc": "2026-10-07T11:41:12+00:00",
        "source_endpoint": "osm-extract",
        "tags": {
          "addr:city": "Edinburgh",
          "addr:housenumber": "1",
          "addr:postcode": "EH9 1PL",
          "addr:street": "Summerhall",
          "amenity": "pub",
          "check_date": "2026-06-16",
          "contact:website": "https://www.summerhall.co.uk/the-royal-dick/",
          "diet:vegetarian": "yes",
          "fhrs:id": "834092",
          "internet_access": "wlan",
          "internet_access:fee": "no",
          "level": "0",
          "microbrewery": "yes",
          "name": "The Royal Dick",
          "opening_hours": "Mo-Th,Su 12:00-24:00; Fr-Sa 12:00-01:00",
          "outdoor_seating": "yes",
          "payment:cards": "yes",
          "payment:cash": "no",
          "payment:credit_cards": "yes",
          "payment:debit_cards": "yes",
          "payment:qr_code": "no",
          "real_ale": "yes",
          "reservation": "yes",
          "smoking": "outside",
          "source:addr": "FHRS Open Data",
          "toilets": "yes",
          "wheelchair": "no"
        }
      }
    },
    {
      "type": "Feature",
      "geometry": {
        "type": "Point",
        "coordinates": [
          -3.1867667,
          55.9503992
        ]
      },
      "properties": {
        "name": "The Royal Mile Tavern",
        "osm_type": "node",
        "osm_id": 626986693,
        "address": "127 High Street, Edinburgh, EH1 1SG",
        "house_name": "",
        "house_number": "127",
        "street": "High Street",
        "suburb": "",
        "city": "Edinburgh",
        "postcode": "EH1 1SG",
        "country": "",
        "operator": "Old Town pub Co.",
        "brewery": "",
        "website": "https://www.royalmiletavern.com/",
        "phone": "+44 131 557 9681",
        "opening_hours": "Mo-Fr 11:00-01:00; Sa-Su 09:00-01:00",
        "cuisine": "",
        "food": "",
        "drink": "",
        "outdoor_seating": "yes",
        "indoor_seating": "yes",
        "internet_access": "",
        "real_ale": "",
        "real_cider": "",
        "live_music": "",
        "dog": "",
        "wheelchair": "",
        "toilets": "",
        "smoking": "",
        "wikidata": "",
        "wikipedia": "",
        "fetched_at_utc": "2026-10-07T11:41:12+00:00",
        "source_endpoint": "osm-extract",
        "tags": {
          "addr:city": "Edinburgh",
          "addr:housenumber": "127",
          "addr:postcode": "EH1 1SG",
          "addr:street": "High Street",
          "amenity": "pub",
          "check_date": "2026-09-20",
          "contact:facebook": "https://www.facebook.com/RoyalMileTavernEdinburgh",
          "email": "info@royalmiletavern.com",
          "fhrs:id": "125174",
          "indoor_seating": "yes",
          "name": "The Royal Mile Tavern",
          "opening_hours": "Mo-Fr 11:00-01:00; Sa-Su 09:00-01:00",
          "operator": "Old Town pub Co.",
          "outdoor_seating": "yes",
          "phone": "+44 131 557 9681",
          "source": "survey",
          "website": "https://www.royalmiletavern.com/"
        }
      }
    },
    {
      "type": "Feature",
      "geometry": {
        "type": "Point",
        "coordinates": [
          -3.1861969,
          55.9480679
        ]
      },
      "properties": {
        "name": "The Royal Oak",
        "osm_type": "node",
        "osm_id": 250351299,
        "address": "1 Infirmary Street, Edinburgh, EH1 1LT",
        "house_name": "",
        "house_number": "1",
        "street": "Infirmary Street",
        "suburb": "",
        "city": "Edinburgh",
        "postcode": "EH1 1LT",
        "country": "",
        "operator": "",
        "brewery": "",
        "website": "",
        "phone": "",
        "opening_hours": "15:00-02:00",
        "cuisine": "",
        "food": "",
        "drink": "",
        "outdoor_seating": "",
        "indoor_seating": "",
        "internet_access": "",
        "real_ale": "",
        "real_cider": "",
        "live_music": "",
        "dog": "",
        "wheelchair": "",
        "toilets": "",
        "smoking": "",
        "wikidata": "",
        "wikipedia": "",
        "fetched_at_utc": "2026-10-07T11:41:12+00:00",
        "source_endpoint": "osm-extract",
        "tags": {
          "addr:city": "Edinburgh",
          "addr:housenumber": "1",
          "addr:postcode": "EH1 1LT",
          "addr:street": "Infirmary Street",
          "amenity": "pub",
          "check_date": "2026-10-05",
          "contact:phone": "+44 131 557 2796",
          "contact:website": "http://www.royal-oak-folk.com/",
          "email": "capitalfolk@talktalk.net",
          "fhrs:id": "125259",
          "name": "The Royal Oak",
          "opening_hours": "15:00-02:00",
          "source": "survey"
        }
      }
    },
    {
      "type": "Feature",
      "geometry": {
        "type": "Point",
        "coordinates": [
          -3.1677089,
          55.9571419
        ]
      },
      "properties": {
        "name": "The Safari Lounge",
        "osm_type": "node",
        "osm_id": 3434615483,
        "address": "Cadzow Place, 21 Cadzow Place, Edinburgh, EH7 5SN",
        "house_name": "Cadzow Place",
        "house_number": "21",
        "street": "Cadzow Place",
        "suburb": "",
        "city": "Edinburgh",
        "postcode": "EH7 5SN",
        "country": "GB",
        "operator": "",
        "brewery": "",
        "website": "https://www.thesafarilounge.co.uk/",
        "phone": "+44 131 661 4741",
        "opening_hours": "",
        "cuisine": "",
        "food": "",
        "drink": "",
        "outdoor_seating": "no",
        "indoor_seating": "yes",
        "internet_access": "wlan",
        "real_ale": "",
        "real_cider": "",
        "live_music": "",
        "dog": "",
        "wheelchair": "limited",
        "toilets": "",
        "smoking": "",
        "wikidata": "",
        "wikipedia": "",
        "fetched_at_utc": "2026-10-07T11:41:12+00:00",
        "source_endpoint": "osm-extract",
        "tags": {
          "addr:city": "Edinburgh",
          "addr:country": "GB",
          "addr:housename": "Cadzow Place",
          "addr:housenumber": "21",
          "addr:postcode": "EH7 5SN",
          "addr:street": "Cadzow Place",
          "amenity": "pub",
          "check_date": "2026-09-02",
          "fhrs:id": "124430",
          "indoor_seating": "yes",
          "internet_access": "wlan",
          "internet_access:fee": "customers",
          "name": "The Safari Lounge",
          "outdoor_seating": "no",
          "payment:cash": "yes",
          "payment:credit_cards": "yes",
          "payment:debit_cards": "yes",
          "phone": "+44 131 661 4741",
          "website": "https://www.thesafarilounge.co.uk/",
          "wheelchair": "limited"
        }
      }
    },
    {
      "type": "Feature",
      "geometry": {
        "type": "Point",
        "coordinates": [
          -3.1739217818181817,
          55.93820362727272
        ]
      },
      "properties": {
        "name": "The Salisbury Arms",
        "osm_type": "way",
        "osm_id": 29049402,
        "address": "58 Dalkeith Road, Edinburgh, EH16 5AD",
        "house_name": "",
        "house_number": "58",
        "street": "Dalkeith Road",
        "suburb": "",
        "city": "Edinburgh",
        "postcode": "EH16 5AD",
        "country": "",
        "operator": "",
        "brewery": "",
        "website": "",
        "phone": "",
        "opening_hours": "",
        "cuisine": "",
        "food": "",
        "drink": "",
        "outdoor_seating": "yes",
        "indoor_seating": "",
        "internet_access": "",
        "real_ale": "",
        "real_cider": "",
        "live_music": "",
        "dog": "",
        "wheelchair": "yes",
        "toilets": "",
        "smoking": "",
        "wikidata": "",
        "wikipedia": "",
        "fetched_at_utc": "2026-10-07T11:41:12+00:00",
        "source_endpoint": "osm-extract",
        "tags": {
          "addr:city": "Edinburgh",
          "addr:housenumber": "58",
          "addr:postcode": "EH16 5AD",
          "addr:street": "Dalkeith Road",
          "amenity": "pub",
          "beer_garden": "yes",
          "building": "yes",
          "check_date": "2023-05-28",
          "fhrs:id": "522674",
          "name": "The Salisbury Arms",
          "outdoor_seating": "yes",
          "source": "local knowledge",
          "source:addr": "FHRS Open Data",
          "wheelchair": "yes"
        }
      }
    },
    {
      "type": "Feature",
      "geometry": {
        "type": "Point",
        "coordinates": [
          -3.2416803,
          55.9615002
        ]
      },
      "properties": {
        "name": "The Scottish Engineer",
        "osm_type": "node",
        "osm_id": 1014050223,
        "address": "76 Telford Road, Edinburgh, EH4 2NF",
        "house_name": "",
        "house_number": "76",
        "street": "Telford Road",
        "suburb": "",
        "city": "Edinburgh",
        "postcode": "EH4 2NF",
        "country": "",
        "operator": "",
        "brewery": "",
        "website": "https://www.thescottishengineer.co.uk/",
        "phone": "",
        "opening_hours": "Su-Th 11:00-00:00; Fr-Sa 11:00-01:00",
        "cuisine": "",
        "food": "",
        "drink": "",
        "outdoor_seating": "",
        "indoor_seating": "",
        "internet_access": "",
        "real_ale": "",
        "real_cider": "",
        "live_music": "",
        "dog": "",
        "wheelchair": "",
        "toilets": "",
        "smoking": "",
        "wikidata": "",
        "wikipedia": "",
        "fetched_at_utc": "2026-10-07T11:41:12+00:00",
        "source_endpoint": "osm-extract",
        "tags": {
          "addr:city": "Edinburgh",
          "addr:housenumber": "76",
          "addr:postcode": "EH4 2NF",
          "addr:street": "Telford Road",
          "alt_name": "Scottish Engineer",
          "amenity": "pub",
          "fhrs:id": "1207309",
          "name": "The Scottish Engineer",
          "opening_hours": "Su-Th 11:00-00:00; Fr-Sa 11:00-01:00",
          "source": "survey",
          "website": "https://www.thescottishengineer.co.uk/"
        }
      }
    },
    {
      "type": "Feature",
      "geometry": {
        "type": "Point",
        "coordinates": [
          -3.2039852,
          55.9516703
        ]
      },
      "properties": {
        "name": "The Shoogly Peg",
        "osm_type": "node",
        "osm_id": 41483839,
        "address": "133 Rose Street, Edinburgh, EH2 4LS",
        "house_name": "",
        "house_number": "133",
        "street": "Rose Street",
        "suburb": "",
        "city": "Edinburgh",
        "postcode": "EH2 4LS",
        "country": "",
        "operator": "",
        "brewery": "",
        "website": "",
        "phone": "",
        "opening_hours": "Mo-Th 11:00-23:00; Fr-Sa 11:00-00:00; Su 12:30-23:00",
        "cuisine": "",
        "food": "",
        "drink": "",
        "outdoor_seating": "",
        "indoor_seating": "",
        "internet_access": "",
        "real_ale": "",
        "real_cider": "",
        "live_music": "",
        "dog": "",
        "wheelchair": "no",
        "toilets": "",
        "smoking": "",
        "wikidata": "",
        "wikipedia": "",
        "fetched_at_utc": "2026-10-07T11:41:12+00:00",
        "source_endpoint": "osm-extract",
        "tags": {
          "addr:city": "Edinburgh",
          "addr:housenumber": "133",
          "addr:postcode": "EH2 4LS",
          "addr:street": "Rose Street",
          "amenity": "pub",
          "fhrs:id": "875525",
          "name": "The Shoogly Peg",
          "opening_hours": "Mo-Th 11:00-23:00; Fr-Sa 11:00-00:00; Su 12:30-23:00",
          "source": "survey",
          "wheelchair": "no"
        }
      }
    },
    {
      "type": "Feature",
      "geometry": {
        "type": "Point",
        "coordinates": [
          -3.1689618,
          55.9774474
        ]
      },
      "properties": {
        "name": "The Shore Bar & Restaurant",
        "osm_type": "node",
        "osm_id": 573376741,
        "address": "3 Shore, Edinburgh, EH6 6QW",
        "house_name": "",
        "house_number": "3",
        "street": "Shore",
        "suburb": "",
        "city": "Edinburgh",
        "postcode": "EH6 6QW",
        "country": "",
        "operator": "",
        "brewery": "",
        "website": "http://www.fishersbistros.co.uk/the-shore-bar-and-restaurant.php",
        "phone": "+44 131 554 5666",
        "opening_hours": "Mo-Sa 12:00+; Su 12:30+; PH open",
        "cuisine": "",
        "food": "yes",
        "drink": "",
        "outdoor_seating": "yes",
        "indoor_seating": "yes",
        "internet_access": "wlan",
        "real_ale": "",
        "real_cider": "",
        "live_music": "",
        "dog": "",
        "wheelchair": "no",
        "toilets": "",
        "smoking": "no",
        "wikidata": "",
        "wikipedia": "",
        "fetched_at_utc": "2026-10-07T11:41:12+00:00",
        "source_endpoint": "osm-extract",
        "tags": {
          "addr:city": "Edinburgh",
          "addr:housenumber": "3",
          "addr:postcode": "EH6 6QW",
          "addr:street": "Shore",
          "amenity": "pub",
          "check_date": "2024-10-29",
          "fhrs:id": "662766",
          "food": "yes",
          "indoor_seating": "yes",
          "internet_access": "wlan",
          "internet_access:fee": "no",
          "level": "0",
          "name": "The Shore Bar & Restaurant",
          "opening_hours": "Mo-Sa 12:00+; Su 12:30+; PH open",
          "outdoor_seating": "yes",
          "phone": "+44 131 554 5666",
          "smoking": "no",
          "source": "survey",
          "website": "http://www.fishersbistros.co.uk/the-shore-bar-and-restaurant.php",
          "wheelchair": "no"
        }
      }
    },
    {
      "type": "Feature",
      "geometry": {
        "type": "Point",
        "coordinates": [
          -3.180898,
          55.9404684
        ]
      },
      "properties": {
        "name": "The Southern",
        "osm_type": "node",
        "osm_id": 2324955570,
        "address": "22-26 South Clerk Street, Edinburgh, EH8 9PR",
        "house_name": "",
        "house_number": "22-26",
        "street": "South Clerk Street",
        "suburb": "",
        "city": "Edinburgh",
        "postcode": "EH8 9PR",
        "country": "",
        "operator": "",
        "brewery": "",
        "website": "https://www.thesouthern.co.uk/",
        "phone": "",
        "opening_hours": "Fr,Sa 10:00-01:00; Su-Th 10:00-24:00",
        "cuisine": "",
        "food": "",
        "drink": "",
        "outdoor_seating": "",
        "indoor_seating": "",
        "internet_access": "",
        "real_ale": "",
        "real_cider": "",
        "live_music": "",
        "dog": "",
        "wheelchair": "",
        "toilets": "",
        "smoking": "",
        "wikidata": "",
        "wikipedia": "",
        "fetched_at_utc": "2026-10-07T11:41:12+00:00",
        "source_endpoint": "osm-extract",
        "tags": {
          "addr:city": "Edinburgh",
          "addr:housenumber": "22-26",
          "addr:postcode": "EH8 9PR",
          "addr:street": "South Clerk Street",
          "amenity": "pub",
          "check_date": "2026-08-29",
          "fhrs:id": "1921900",
          "name": "The Southern",
          "opening_hours": "Fr,Sa 10:00-01:00; Su-Th 10:00-24:00",
          "source": "survey",
          "source:addr": "FHRS Open Data",
          "website": "https://www.thesouthern.co.uk/"
        }
      }
    },
    {
      "type": "Feature",
      "geometry": {
        "type": "Point",
        "coordinates": [
          -3.1995774,
          55.9529173
        ]
      },
      "properties": {
        "name": "The Standing Order",
        "osm_type": "node",
        "osm_id": 3166444934,
        "address": "62-66 George Street, Edinburgh, EH2 2LR",
        "house_name": "",
        "house_number": "62-66",
        "street": "George Street",
        "suburb": "",
        "city": "Edinburgh",
        "postcode": "EH2 2LR",
        "country": "GB",
        "operator": "",
        "brewery": "",
        "website": "https://www.jdwetherspoon.com/pubs/the-standing-order-edinburgh/",
        "phone": "+44 131 225 4460",
        "opening_hours": "Mo-Su 08:00-01:00",
        "cuisine": "",
        "food": "yes",
        "drink": "",
        "outdoor_seating": "",
        "indoor_seating": "",
        "internet_access": "",
        "real_ale": "yes",
        "real_cider": "",
        "live_music": "",
        "dog": "no",
        "wheelchair": "yes",
        "toilets": "",
        "smoking": "",
        "wikidata": "",
        "wikipedia": "",
        "fetched_at_utc": "2026-10-07T11:41:12+00:00",
        "source_endpoint": "osm-extract",
        "tags": {
          "addr:city": "Edinburgh",
          "addr:country": "GB",
          "addr:housenumber": "62-66",
          "addr:postcode": "EH2 2LR",
          "addr:street": "George Street",
          "amenity": "pub",
          "brand": "Wetherspoon",
          "brand:wikidata": "Q6109362",
          "brand:wikipedia": "en:Wetherspoons",
          "camra": "yes",
          "diet:vegetarian": "yes",
          "dog": "no",
          "fhrs:id": "92109",
          "food": "yes",
          "name": "The Standing Order",
          "opening_hours": "Mo-Su 08:00-01:00",
          "phone": "+44 131 225 4460",
          "real_ale": "yes",
          "source": "survey",
          "start_date": "1997",
          "website": "https://www.jdwetherspoon.com/pubs/the-standing-order-edinburgh/",
          "website:menu": "https://order.jdwetherspoon.com/venue/jdw/371/menus",
          "wheelchair": "yes"
        }
      }
    },
    {
      "type": "Feature",
      "geometry": {
        "type": "Point",
        "coordinates": [
          -3.2021791363636365,
          55.979810854545455
        ]
      },
      "properties": {
        "name": "The Starbank Inn",
        "osm_type": "way",
        "osm_id": 351447760,
        "address": "60-64 Laverockbank Road, Edinburgh, EH5 3BZ",
        "house_name": "",
        "house_number": "60-64",
        "street": "Laverockbank Road",
        "suburb": "",
        "city": "Edinburgh",
        "postcode": "EH5 3BZ",
        "country": "",
        "operator": "",
        "brewery": "",
        "website": "https://www.belhaven.co.uk/pubs/midlothian/starbank-inn",
        "phone": "",
        "opening_hours": "",
        "cuisine": "",
        "food": "yes",
        "drink": "",
        "outdoor_seating": "yes",
        "indoor_seating": "yes",
        "internet_access": "",
        "real_ale": "",
        "real_cider": "",
        "live_music": "",
        "dog": "",
        "wheelchair": "",
        "toilets": "",
        "smoking": "",
        "wikidata": "Q17811109",
        "wikipedia": "",
        "fetched_at_utc": "2026-10-07T11:41:12+00:00",
        "source_endpoint": "osm-extract",
        "tags": {
          "addr:city": "Edinburgh",
          "addr:housenumber": "60-64",
          "addr:postcode": "EH5 3BZ",
          "addr:street": "Laverockbank Road",
          "amenity": "pub",
          "brand": "Belhaven Pubs",
          "brand:wikidata": "Q105516156",
          "building": "yes",
          "check_date": "2022-11-04",
          "fhrs:id": "663207",
          "food": "yes",
          "indoor_seating": "yes",
          "name": "The Starbank Inn",
          "outdoor_seating": "yes",
          "source": "NLS_OS_Edinburgh_map_1940s;Bing;survey",
          "website": "https://www.belhaven.co.uk/pubs/midlothian/starbank-inn",
          "wikidata": "Q17811109"
        }
      }
    },
    {
      "type": "Feature",
      "geometry": {
        "type": "Point",
        "coordinates": [
          -3.2099661,
          55.95895
        ]
      },
      "properties": {
        "name": "The Stockbridge Tap",
        "osm_type": "node",
        "osm_id": 585214835,
        "address": "2-4-6 Raeburn Place, Edinburgh, EH4 1HN",
        "house_name": "",
        "house_number": "2-4-6",
        "street": "Raeburn Place",
        "suburb": "",
        "city": "Edinburgh",
        "postcode": "EH4 1HN",
        "country": "",
        "operator": "",
        "brewery": "",
        "website": "",
        "phone": "",
        "opening_hours": "Su-Th 12:00-24:00, Fr,Sa 12:00-01:00",
        "cuisine": "",
        "food": "",
        "drink": "",
        "outdoor_seating": "",
        "indoor_seating": "",
        "internet_access": "",
        "real_ale": "7 beers, presumably varying",
        "real_cider": "",
        "live_music": "",
        "dog": "",
        "wheelchair": "",
        "toilets": "",
        "smoking": "",
        "wikidata": "",
        "wikipedia": "",
        "fetched_at_utc": "2026-10-07T11:41:12+00:00",
        "source_endpoint": "osm-extract",
        "tags": {
          "addr:city": "Edinburgh",
          "addr:housenumber": "2-4-6",
          "addr:postcode": "EH4 1HN",
          "addr:street": "Raeburn Place",
          "amenity": "pub",
          "check_date": "2026-06-08",
          "check_date:opening_hours": "2026-06-08",
          "description:floor": "rough wood",
          "fhrs:id": "1173617;1212931",
          "name": "The Stockbridge Tap",
          "note": "No food currently but they're advertising the kitchen as a franchise.",
          "opening_hours": "Su-Th 12:00-24:00, Fr,Sa 12:00-01:00",
          "real_ale": "7 beers, presumably varying",
          "source": "survey",
          "source:addr": "FHRS Open Data"
        }
      }
    },
    {
      "type": "Feature",
      "geometry": {
        "type": "Point",
        "coordinates": [
          -3.1762959,
          55.9639122
        ]
      },
      "properties": {
        "name": "The Strathmore Bar",
        "osm_type": "node",
        "osm_id": 3114666689,
        "address": "17 Iona Street, Edinburgh, EH6 8SG",
        "house_name": "",
        "house_number": "17",
        "street": "Iona Street",
        "suburb": "",
        "city": "Edinburgh",
        "postcode": "EH6 8SG",
        "country": "",
        "operator": "",
        "brewery": "",
        "website": "",
        "phone": "",
        "opening_hours": "",
        "cuisine": "",
        "food": "",
        "drink": "",
        "outdoor_seating": "yes",
        "indoor_seating": "yes",
        "internet_access": "",
        "real_ale": "",
        "real_cider": "",
        "live_music": "",
        "dog": "",
        "wheelchair": "yes",
        "toilets": "",
        "smoking": "",
        "wikidata": "",
        "wikipedia": "",
        "fetched_at_utc": "2026-10-07T11:41:12+00:00",
        "source_endpoint": "osm-extract",
        "tags": {
          "addr:city": "Edinburgh",
          "addr:housenumber": "17",
          "addr:postcode": "EH6 8SG",
          "addr:street": "Iona Street",
          "amenity": "pub",
          "check_date": "2026-01-11",
          "fhrs:id": "1978514",
          "indoor_seating": "yes",
          "name": "The Strathmore Bar",
          "outdoor_seating": "yes",
          "source": "survey",
          "source:addr": "FHRS Open Data",
          "wheelchair": "yes"
        }
      }
    },
    {
      "type": "Feature",
      "geometry": {
        "type": "Point",
        "coordinates": [
          -3.1765326,
          55.963641
        ]
      },
      "properties": {
        "name": "The Tourmalet",
        "osm_type": "node",
        "osm_id": 586188837,
        "address": "25 Buchanan Street, Edinburgh, EH6 8SQ",
        "house_name": "",
        "house_number": "25",
        "street": "Buchanan Street",
        "suburb": "",
        "city": "Edinburgh",
        "postcode": "EH6 8SQ",
        "country": "",
        "operator": "",
        "brewery": "",
        "website": "",
        "phone": "+44 131 555 4387",
        "opening_hours": "Mo-Th 16:00-24:00, Fr 16:00-01:00, Sa 14:00-01:00, Su 16:00-24:00",
        "cuisine": "",
        "food": "",
        "drink": "",
        "outdoor_seating": "",
        "indoor_seating": "",
        "internet_access": "",
        "real_ale": "",
        "real_cider": "",
        "live_music": "",
        "dog": "",
        "wheelchair": "",
        "toilets": "",
        "smoking": "",
        "wikidata": "",
        "wikipedia": "",
        "fetched_at_utc": "2026-10-07T11:41:12+00:00",
        "source_endpoint": "osm-extract",
        "tags": {
          "addr:city": "Edinburgh",
          "addr:housenumber": "25",
          "addr:postcode": "EH6 8SQ",
          "addr:street": "Buchanan Street",
          "amenity": "pub",
          "check_date": "2026-09-30",
          "check_date:opening_hours": "2026-09-30",
          "fhrs:id": "662288",
          "name": "The Tourmalet",
          "opening_hours": "Mo-Th 16:00-24:00, Fr 16:00-01:00, Sa 14:00-01:00, Su 16:00-24:00",
          "phone": "+44 131 555 4387",
          "source": "survey",
          "source:addr": "FHRS Open Data"
        }
      }
    },
    {
      "type": "Feature",
      "geometry": {
        "type": "Point",
        "coordinates": [
          -3.202915,
          55.9436826
        ]
      },
      "properties": {
        "name": "The Ventoux",
        "osm_type": "node",
        "osm_id": 2335634557,
        "address": "2-4 Brougham Street, Edinburgh, EH3 9JH",
        "house_name": "",
        "house_number": "2-4",
        "street": "Brougham Street",
        "suburb": "",
        "city": "Edinburgh",
        "postcode": "EH3 9JH",
        "country": "",
        "operator": "",
        "brewery": "",
        "website": "",
        "phone": "+44 131 229 5066",
        "opening_hours": "Mo-We 15:00-01:00, Th-Su 14:00-01:00",
        "cuisine": "",
        "food": "",
        "drink": "",
        "outdoor_seating": "",
        "indoor_seating": "",
        "internet_access": "",
        "real_ale": "",
        "real_cider": "",
        "live_music": "",
        "dog": "",
        "wheelchair": "",
        "toilets": "",
        "smoking": "",
        "wikidata": "",
        "wikipedia": "",
        "fetched_at_utc": "2026-10-07T11:41:12+00:00",
        "source_endpoint": "osm-extract",
        "tags": {
          "addr:city": "Edinburgh",
          "addr:housenumber": "2-4",
          "addr:postcode": "EH3 9JH",
          "addr:street": "Brougham Street",
          "amenity": "pub",
          "fhrs:id": "116414",
          "name": "The Ventoux",
          "opening_hours": "Mo-We 15:00-01:00, Th-Su 14:00-01:00",
          "phone": "+44 131 229 5066",
          "source": "survey"
        }
      }
    },
    {
      "type": "Feature",
      "geometry": {
        "type": "Point",
        "coordinates": [
          -3.2125006,
          55.9494668
        ]
      },
      "properties": {
        "name": "The Voyage of Buck",
        "osm_type": "node",
        "osm_id": 1951385562,
        "address": "29-31 William Street, Edinburgh, EH3 7NG",
        "house_name": "",
        "house_number": "29-31",
        "street": "William Street",
        "suburb": "",
        "city": "Edinburgh",
        "postcode": "EH3 7NG",
        "country": "",
        "operator": "",
        "brewery": "",
        "website": "https://www.thevoyageofbuckedinburgh.co.uk/",
        "phone": "+44 131 225 5748",
        "opening_hours": "",
        "cuisine": "",
        "food": "",
        "drink": "",
        "outdoor_seating": "",
        "indoor_seating": "",
        "internet_access": "",
        "real_ale": "10",
        "real_cider": "",
        "live_music": "",
        "dog": "",
        "wheelchair": "no",
        "toilets": "",
        "smoking": "",
        "wikidata": "",
        "wikipedia": "",
        "fetched_at_utc": "2026-10-07T11:41:12+00:00",
        "source_endpoint": "osm-extract",
        "tags": {
          "addr:city": "Edinburgh",
          "addr:housenumber": "29-31",
          "addr:postcode": "EH3 7NG",
          "addr:street": "William Street",
          "amenity": "pub",
          "check_date": "2024-02-26",
          "fhrs:id": "144840",
          "name": "The Voyage of Buck",
          "phone": "+44 131 225 5748",
          "real_ale": "10",
          "source": "survey",
          "website": "https://www.thevoyageofbuckedinburgh.co.uk/",
          "wheelchair": "no"
        }
      }
    },
    {
      "type": "Feature",
      "geometry": {
        "type": "Point",
        "coordinates": [
          -3.2104064,
          55.9253351
        ]
      },
      "properties": {
        "name": "The Waiting Room",
        "osm_type": "node",
        "osm_id": 4626348290,
        "address": "7-8 Belhaven Terrace, Edinburgh, EH10 5HZ",
        "house_name": "",
        "house_number": "7-8",
        "street": "Belhaven Terrace",
        "suburb": "",
        "city": "Edinburgh",
        "postcode": "EH10 5HZ",
        "country": "",
        "operator": "",
        "brewery": "",
        "website": "",
        "phone": "+44 131 452 9707",
        "opening_hours": "Mo 10:00-23:00; Tu-Th 10:00-00:00; Fr-Sa 10:00-01:30; Su 10:00-00:00",
        "cuisine": "",
        "food": "",
        "drink": "",
        "outdoor_seating": "",
        "indoor_seating": "",
        "internet_access": "",
        "real_ale": "",
        "real_cider": "",
        "live_music": "",
        "dog": "",
        "wheelchair": "",
        "toilets": "",
        "smoking": "",
        "wikidata": "",
        "wikipedia": "",
        "fetched_at_utc": "2026-10-07T11:41:12+00:00",
        "source_endpoint": "osm-extract",
        "tags": {
          "addr:city": "Edinburgh",
          "addr:housenumber": "7-8",
          "addr:postcode": "EH10 5HZ",
          "addr:street": "Belhaven Terrace",
          "amenity": "pub",
          "facebook": "https://www.facebook.com/TheWaitingRoomPub",
          "fhrs:id": "143119",
          "name": "The Waiting Room",
          "opening_hours": "Mo 10:00-23:00; Tu-Th 10:00-00:00; Fr-Sa 10:00-01:30; Su 10:00-00:00",
          "phone": "+44 131 452 9707",
          "source": "survey"
        }
      }
    },
    {
      "type": "Feature",
      "geometry": {
        "type": "Point",
        "coordinates": [
          -3.1985636,
          55.9568105
        ]
      },
      "properties": {
        "name": "The Wally Dug",
        "osm_type": "node",
        "osm_id": 1608938041,
        "address": "32 Northumberland Street, Edinburgh, EH3 6LS",
        "house_name": "",
        "house_number": "32",
        "street": "Northumberland Street",
        "suburb": "",
        "city": "Edinburgh",
        "postcode": "EH3 6LS",
        "country": "",
        "operator": "",
        "brewery": "",
        "website": "",
        "phone": "+44 131 557 6825",
        "opening_hours": "",
        "cuisine": "",
        "food": "",
        "drink": "",
        "outdoor_seating": "",
        "indoor_seating": "",
        "internet_access": "",
        "real_ale": "",
        "real_cider": "",
        "live_music": "",
        "dog": "",
        "wheelchair": "",
        "toilets": "",
        "smoking": "",
        "wikidata": "",
        "wikipedia": "",
        "fetched_at_utc": "2026-10-07T11:41:12+00:00",
        "source_endpoint": "osm-extract",
        "tags": {
          "addr:city": "Edinburgh",
          "addr:housenumber": "32",
          "addr:postcode": "EH3 6LS",
          "addr:street": "Northumberland Street",
          "amenity": "pub",
          "contact:facebook": "https://www.facebook.com/wallydug/",
          "fhrs:id": "94671",
          "level": "-1",
          "name": "The Wally Dug",
          "phone": "+44 131 557 6825",
          "source": "survey"
        }
      }
    },
    {
      "type": "Feature",
      "geometry": {
        "type": "Point",
        "coordinates": [
          -3.1842655,
          55.9504575
        ]
      },
      "properties": {
        "name": "The Waverley",
        "osm_type": "node",
        "osm_id": 2957210633,
        "address": "3-5 St Mary's Street, Edinburgh",
        "house_name": "",
        "house_number": "3-5",
        "street": "St Mary's Street",
        "suburb": "",
        "city": "Edinburgh",
        "postcode": "",
        "country": "",
        "operator": "",
        "brewery": "",
        "website": "",
        "phone": "",
        "opening_hours": "",
        "cuisine": "",
        "food": "",
        "drink": "",
        "outdoor_seating": "yes",
        "indoor_seating": "yes",
        "internet_access": "",
        "real_ale": "",
        "real_cider": "",
        "live_music": "",
        "dog": "",
        "wheelchair": "yes",
        "toilets": "",
        "smoking": "",
        "wikidata": "",
        "wikipedia": "",
        "fetched_at_utc": "2026-10-07T11:41:12+00:00",
        "source_endpoint": "osm-extract",
        "tags": {
          "addr:city": "Edinburgh",
          "addr:housenumber": "3-5",
          "addr:street": "St Mary's Street",
          "amenity": "pub",
          "check_date": "2026-02-06",
          "indoor_seating": "yes",
          "name": "The Waverley",
          "outdoor_seating": "yes",
          "source": "survey",
          "wheelchair": "yes"
        }
      }
    },
    {
      "type": "Feature",
      "geometry": {
        "type": "Point",
        "coordinates": [
          -3.1949977,
          55.9479383
        ]
      },
      "properties": {
        "name": "The Wee Pub",
        "osm_type": "node",
        "osm_id": 2643336693,
        "address": "94-96 Grassmarket, Edinburgh, EH1 2JR",
        "house_name": "",
        "house_number": "94-96",
        "street": "Grassmarket",
        "suburb": "",
        "city": "Edinburgh",
        "postcode": "EH1 2JR",
        "country": "",
        "operator": "",
        "brewery": "",
        "website": "https://www.biddymulligans.co.uk/the-wee-pub/",
        "phone": "+44 131 220 1246",
        "opening_hours": "Mo-Su 08:00-01:00",
        "cuisine": "",
        "food": "",
        "drink": "",
        "outdoor_seating": "",
        "indoor_seating": "",
        "internet_access": "",
        "real_ale": "",
        "real_cider": "",
        "live_music": "",
        "dog": "",
        "wheelchair": "no",
        "toilets": "",
        "smoking": "",
        "wikidata": "",
        "wikipedia": "",
        "fetched_at_utc": "2026-10-07T11:41:12+00:00",
        "source_endpoint": "osm-extract",
        "tags": {
          "addr:city": "Edinburgh",
          "addr:housenumber": "94-96",
          "addr:postcode": "EH1 2JR",
          "addr:street": "Grassmarket",
          "amenity": "pub",
          "check_date": "2025-08-10",
          "name": "The Wee Pub",
          "opening_hours": "Mo-Su 08:00-01:00",
          "phone": "+44 131 220 1246",
          "website": "https://www.biddymulligans.co.uk/the-wee-pub/",
          "wheelchair": "no"
        }
      }
    },
    {
      "type": "Feature",
      "geometry": {
        "type": "Point",
        "coordinates": [
          -3.1977595,
          55.9458278
        ]
      },
      "properties": {
        "name": "The Wee Red Bar",
        "osm_type": "node",
        "osm_id": 2578704906,
        "address": "74 Lauriston Place, Edinburgh, EH3 9HY",
        "house_name": "",
        "house_number": "74",
        "street": "Lauriston Place",
        "suburb": "",
        "city": "Edinburgh",
        "postcode": "EH3 9HY",
        "country": "",
        "operator": "",
        "brewery": "",
        "website": "http://www.weeredbar.co.uk/",
        "phone": "",
        "opening_hours": "",
        "cuisine": "",
        "food": "",
        "drink": "",
        "outdoor_seating": "",
        "indoor_seating": "",
        "internet_access": "",
        "real_ale": "",
        "real_cider": "",
        "live_music": "",
        "dog": "",
        "wheelchair": "",
        "toilets": "",
        "smoking": "",
        "wikidata": "",
        "wikipedia": "",
        "fetched_at_utc": "2026-10-07T11:41:12+00:00",
        "source_endpoint": "osm-extract",
        "tags": {
          "addr:city": "Edinburgh",
          "addr:housenumber": "74",
          "addr:postcode": "EH3 9HY",
          "addr:street": "Lauriston Place",
          "amenity": "pub",
          "check_date": "2025-08-13",
          "fhrs:id": "123813",
          "name": "The Wee Red Bar",
          "source:addr": "FHRS Open Data",
          "website": "http://www.weeredbar.co.uk/"
        }
      }
    },
    {
      "type": "Feature",
      "geometry": {
        "type": "Point",
        "coordinates": [
          -3.213962,
          55.947409
        ]
      },
      "properties": {
        "name": "The Wee Vault Taproom",
        "osm_type": "node",
        "osm_id": 12945461280,
        "address": "7A West Maitland Street, Edinburgh, EH12 5DS",
        "house_name": "",
        "house_number": "7A",
        "street": "West Maitland Street",
        "suburb": "",
        "city": "Edinburgh",
        "postcode": "EH12 5DS",
        "country": "",
        "operator": "",
        "brewery": "",
        "website": "https://vaultcity.co.uk/pages/the-wee-vault-tasting-room-and-bottleshop",
        "phone": "",
        "opening_hours": "Mo-Su 12:00-22:00",
        "cuisine": "",
        "food": "",
        "drink": "",
        "outdoor_seating": "",
        "indoor_seating": "",
        "internet_access": "",
        "real_ale": "",
        "real_cider": "",
        "live_music": "",
        "dog": "",
        "wheelchair": "",
        "toilets": "",
        "smoking": "",
        "wikidata": "",
        "wikipedia": "",
        "fetched_at_utc": "2026-10-07T11:41:12+00:00",
        "source_endpoint": "osm-extract",
        "tags": {
          "addr:city": "Edinburgh",
          "addr:housenumber": "7A",
          "addr:postcode": "EH12 5DS",
          "addr:street": "West Maitland Street",
          "amenity": "pub",
          "name": "The Wee Vault Taproom",
          "opening_hours": "Mo-Su 12:00-22:00",
          "website": "https://vaultcity.co.uk/pages/the-wee-vault-tasting-room-and-bottleshop"
        }
      }
    },
    {
      "type": "Feature",
      "geometry": {
        "type": "Point",
        "coordinates": [
          -3.1967755,
          55.9475053
        ]
      },
      "properties": {
        "name": "The White Hart Inn",
        "osm_type": "node",
        "osm_id": 2338720785,
        "address": "34 Grassmarket, Edinburgh, EH1 2JU",
        "house_name": "",
        "house_number": "34",
        "street": "Grassmarket",
        "suburb": "",
        "city": "Edinburgh",
        "postcode": "EH1 2JU",
        "country": "GB",
        "operator": "",
        "brewery": "",
        "website": "https://www.belhaven.co.uk/pubs/midlothian/white-hart",
        "phone": "",
        "opening_hours": "Mo-Th 11:00-00:00; Fr-Sa 11:00-01:00; Su 12:30-00:00",
        "cuisine": "",
        "food": "",
        "drink": "",
        "outdoor_seating": "",
        "indoor_seating": "",
        "internet_access": "",
        "real_ale": "",
        "real_cider": "",
        "live_music": "",
        "dog": "",
        "wheelchair": "limited",
        "toilets": "",
        "smoking": "",
        "wikidata": "",
        "wikipedia": "",
        "fetched_at_utc": "2026-10-07T11:41:12+00:00",
        "source_endpoint": "osm-extract",
        "tags": {
          "addr:city": "Edinburgh",
          "addr:country": "GB",
          "addr:housenumber": "34",
          "addr:postcode": "EH1 2JU",
          "addr:street": "Grassmarket",
          "amenity": "pub",
          "brand": "Belhaven Pubs",
          "brand:wikidata": "Q105516156",
          "check_date": "2025-08-10",
          "fhrs:id": "121220",
          "inscription": "Welcome to the White Hart Inn, the city of Edinburgh's most ancient tavern. Follow in the footsteps of Oliver Cromwell, William Wordsworth and Robert Burns, by enjoying a tankard of fine ale or one of our world-famous whiskies. Founded in 1516, The...",
          "name": "The White Hart Inn",
          "opening_hours": "Mo-Th 11:00-00:00; Fr-Sa 11:00-01:00; Su 12:30-00:00",
          "start_date": "1516",
          "toilets:wheelchair": "no",
          "website": "https://www.belhaven.co.uk/pubs/midlothian/white-hart",
          "wheelchair": "limited"
        }
      }
    },
    {
      "type": "Feature",
      "geometry": {
        "type": "Point",
        "coordinates": [
          -3.2027656,
          55.942227
        ]
      },
      "properties": {
        "name": "The Wildcat",
        "osm_type": "node",
        "osm_id": 674682926,
        "address": "11-13 Tarvit Street, Edinburgh, EH3 9LB",
        "house_name": "",
        "house_number": "11-13",
        "street": "Tarvit Street",
        "suburb": "",
        "city": "Edinburgh",
        "postcode": "EH3 9LB",
        "country": "",
        "operator": "",
        "brewery": "",
        "website": "",
        "phone": "",
        "opening_hours": "Mo-We, Su 16:00-00:00; Th-Sa 16:00-01:00",
        "cuisine": "",
        "food": "",
        "drink": "",
        "outdoor_seating": "",
        "indoor_seating": "",
        "internet_access": "",
        "real_ale": "",
        "real_cider": "",
        "live_music": "",
        "dog": "",
        "wheelchair": "",
        "toilets": "",
        "smoking": "",
        "wikidata": "",
        "wikipedia": "",
        "fetched_at_utc": "2026-10-07T11:41:12+00:00",
        "source_endpoint": "osm-extract",
        "tags": {
          "addr:city": "Edinburgh",
          "addr:housenumber": "11-13",
          "addr:postcode": "EH3 9LB",
          "addr:street": "Tarvit Street",
          "amenity": "pub",
          "check_date": "2025-02-02",
          "check_date:opening_hours": "2026-01-01",
          "contact:email": "info@thewildcatbar.com",
          "contact:facebook": "https://www.facebook.com/thewildcatedinburgh",
          "contact:instagram": "https://www.instagram.com/thewildcatedinburgh/",
          "contact:website": "https://thewildcatbar.com/",
          "fhrs:id": "1884416",
          "name": "The Wildcat",
          "opening_hours": "Mo-We, Su 16:00-00:00; Th-Sa 16:00-01:00",
          "opening_hours:url": "https://thewildcatbar.com/",
          "source": "survey",
          "source:opening_hours": "website"
        }
      }
    },
    {
      "type": "Feature",
      "geometry": {
        "type": "Point",
        "coordinates": [
          -3.1843266,
          55.950508
        ]
      },
      "properties": {
        "name": "The World's End",
        "osm_type": "node",
        "osm_id": 2964238033,
        "address": "2-8 High Street, Edinburgh, EH1 1TB",
        "house_name": "",
        "house_number": "2-8",
        "street": "High Street",
        "suburb": "",
        "city": "Edinburgh",
        "postcode": "EH1 1TB",
        "country": "GB",
        "operator": "",
        "brewery": "",
        "website": "https://www.belhaven.co.uk/pubs/midlothian/worlds-end",
        "phone": "",
        "opening_hours": "Mo-Fr 11:00-01:00; Sa-Su 10:00-01:00",
        "cuisine": "",
        "food": "",
        "drink": "",
        "outdoor_seating": "yes",
        "indoor_seating": "yes",
        "internet_access": "",
        "real_ale": "yes",
        "real_cider": "",
        "live_music": "",
        "dog": "",
        "wheelchair": "no",
        "toilets": "",
        "smoking": "",
        "wikidata": "",
        "wikipedia": "",
        "fetched_at_utc": "2026-10-07T11:41:12+00:00",
        "source_endpoint": "osm-extract",
        "tags": {
          "addr:city": "Edinburgh",
          "addr:country": "GB",
          "addr:housenumber": "2-8",
          "addr:postcode": "EH1 1TB",
          "addr:street": "High Street",
          "amenity": "pub",
          "brand": "Belhaven Pubs",
          "brand:wikidata": "Q105516156",
          "check_date": "2026-02-06",
          "fhrs:id": "124960",
          "indoor_seating": "yes",
          "microbrewery": "yes",
          "name": "The World's End",
          "opening_hours": "Mo-Fr 11:00-01:00; Sa-Su 10:00-01:00",
          "outdoor_seating": "yes",
          "real_ale": "yes",
          "source": "survey",
          "website": "https://www.belhaven.co.uk/pubs/midlothian/worlds-end",
          "wheelchair": "no"
        }
      }
    },
    {
      "type": "Feature",
      "geometry": {
        "type": "Point",
        "coordinates": [
          -3.1850761,
          55.9571783
        ]
      },
      "properties": {
        "name": "Theatre Royal",
        "osm_type": "node",
        "osm_id": 1437376910,
        "address": "26-27 Greenside Place, Edinburgh, EH1 3AA",
        "house_name": "",
        "house_number": "26-27",
        "street": "Greenside Place",
        "suburb": "",
        "city": "Edinburgh",
        "postcode": "EH1 3AA",
        "country": "GB",
        "operator": "",
        "brewery": "",
        "website": "https://www.thetheatreroyalbar.co.uk/",
        "phone": "+44 131 557 2142",
        "opening_hours": "Mo-Th 11:30-00:00; Fr-Sa 11:30-01:00; Su 12:30-00:00",
        "cuisine": "",
        "food": "yes",
        "drink": "",
        "outdoor_seating": "seasonal",
        "indoor_seating": "yes",
        "internet_access": "",
        "real_ale": "3 or more beers",
        "real_cider": "",
        "live_music": "",
        "dog": "",
        "wheelchair": "no",
        "toilets": "",
        "smoking": "",
        "wikidata": "",
        "wikipedia": "",
        "fetched_at_utc": "2026-10-07T11:41:12+00:00",
        "source_endpoint": "osm-extract",
        "tags": {
          "addr:city": "Edinburgh",
          "addr:country": "GB",
          "addr:housenumber": "26-27",
          "addr:postcode": "EH1 3AA",
          "addr:street": "Greenside Place",
          "amenity": "pub",
          "check_date": "2026-01-20",
          "description:floor": "uncarpeted",
          "fhrs:id": "1697867;144825",
          "food": "yes",
          "indoor_seating": "yes",
          "name": "Theatre Royal",
          "opening_hours": "Mo-Th 11:30-00:00; Fr-Sa 11:30-01:00; Su 12:30-00:00",
          "outdoor_seating": "seasonal",
          "phone": "+44 131 557 2142",
          "real_ale": "3 or more beers",
          "source": "survey",
          "website": "https://www.thetheatreroyalbar.co.uk/",
          "wheelchair": "no"
        }
      }
    },
    {
      "type": "Feature",
      "geometry": {
        "type": "Point",
        "coordinates": [
          -3.1989823,
          55.9541177
        ]
      },
      "properties": {
        "name": "Thistle Street Bar",
        "osm_type": "node",
        "osm_id": 418637797,
        "address": "39 Thistle Street, Edinburgh, EH2 1DY",
        "house_name": "",
        "house_number": "39",
        "street": "Thistle Street",
        "suburb": "",
        "city": "Edinburgh",
        "postcode": "EH2 1DY",
        "country": "",
        "operator": "",
        "brewery": "",
        "website": "",
        "phone": "",
        "opening_hours": "",
        "cuisine": "",
        "food": "",
        "drink": "",
        "outdoor_seating": "",
        "indoor_seating": "",
        "internet_access": "",
        "real_ale": "",
        "real_cider": "",
        "live_music": "",
        "dog": "",
        "wheelchair": "",
        "toilets": "",
        "smoking": "",
        "wikidata": "",
        "wikipedia": "",
        "fetched_at_utc": "2026-10-07T11:41:12+00:00",
        "source_endpoint": "osm-extract",
        "tags": {
          "addr:city": "Edinburgh",
          "addr:housenumber": "39",
          "addr:postcode": "EH2 1DY",
          "addr:street": "Thistle Street",
          "amenity": "pub",
          "fhrs:id": "52514",
          "name": "Thistle Street Bar",
          "source": "survey"
        }
      }
    },
    {
      "type": "Feature",
      "geometry": {
        "type": "Point",
        "coordinates": [
          -3.2122719,
          55.9462531
        ]
      },
      "properties": {
        "name": "Thomson's Bar",
        "osm_type": "node",
        "osm_id": 1951178520,
        "address": "182-184 Morrison Street, Edinburgh, EH3 8EB",
        "house_name": "",
        "house_number": "182-184",
        "street": "Morrison Street",
        "suburb": "",
        "city": "Edinburgh",
        "postcode": "EH3 8EB",
        "country": "",
        "operator": "The Shilling Group",
        "brewery": "",
        "website": "https://www.thomsonsbaredinburgh.co.uk/",
        "phone": "",
        "opening_hours": "",
        "cuisine": "",
        "food": "",
        "drink": "",
        "outdoor_seating": "",
        "indoor_seating": "",
        "internet_access": "",
        "real_ale": "",
        "real_cider": "",
        "live_music": "",
        "dog": "",
        "wheelchair": "",
        "toilets": "",
        "smoking": "",
        "wikidata": "",
        "wikipedia": "",
        "fetched_at_utc": "2026-10-07T11:41:12+00:00",
        "source_endpoint": "osm-extract",
        "tags": {
          "addr:city": "Edinburgh",
          "addr:housenumber": "182-184",
          "addr:postcode": "EH3 8EB",
          "addr:street": "Morrison Street",
          "amenity": "pub",
          "check_date": "2025-10-12",
          "fhrs:id": "114820",
          "name": "Thomson's Bar",
          "operator": "The Shilling Group",
          "source": "survey",
          "website": "https://www.thomsonsbaredinburgh.co.uk/"
        }
      }
    },
    {
      "type": "Feature",
      "geometry": {
        "type": "Point",
        "coordinates": [
          -3.1724043,
          55.974439
        ]
      },
      "properties": {
        "name": "Three Marys",
        "osm_type": "node",
        "osm_id": 573376870,
        "address": "63-65 Henderson Street, Edinburgh, EH6 6ED",
        "house_name": "",
        "house_number": "63-65",
        "street": "Henderson Street",
        "suburb": "",
        "city": "Edinburgh",
        "postcode": "EH6 6ED",
        "country": "",
        "operator": "",
        "brewery": "",
        "website": "https://threemarysbar.co.uk",
        "phone": "+44 131 467 0833",
        "opening_hours": "Mo-Fr 14:00-01:00; Sa 12:00-01:00; Su 13:00-01:00",
        "cuisine": "",
        "food": "",
        "drink": "",
        "outdoor_seating": "",
        "indoor_seating": "",
        "internet_access": "",
        "real_ale": "",
        "real_cider": "",
        "live_music": "",
        "dog": "",
        "wheelchair": "",
        "toilets": "",
        "smoking": "no",
        "wikidata": "",
        "wikipedia": "",
        "fetched_at_utc": "2026-10-07T11:41:12+00:00",
        "source_endpoint": "osm-extract",
        "tags": {
          "addr:city": "Edinburgh",
          "addr:housenumber": "63-65",
          "addr:postcode": "EH6 6ED",
          "addr:street": "Henderson Street",
          "amenity": "pub",
          "check_date": "2024-08-11",
          "name": "Three Marys",
          "opening_hours": "Mo-Fr 14:00-01:00; Sa 12:00-01:00; Su 13:00-01:00",
          "phone": "+44 131 467 0833",
          "smoking": "no",
          "source": "survey",
          "website": "https://threemarysbar.co.uk"
        }
      }
    },
    {
      "type": "Feature",
      "geometry": {
        "type": "Point",
        "coordinates": [
          -3.1901115,
          55.9481196
        ]
      },
      "properties": {
        "name": "Three Sisters",
        "osm_type": "node",
        "osm_id": 483045947,
        "address": "139 Cowgate, Edinburgh, EH1 1JS",
        "house_name": "",
        "house_number": "139",
        "street": "Cowgate",
        "suburb": "",
        "city": "Edinburgh",
        "postcode": "EH1 1JS",
        "country": "",
        "operator": "",
        "brewery": "",
        "website": "https://thethreesistersbar.co.uk/",
        "phone": "+44 131 622 6802",
        "opening_hours": "Mo-We 07:00-01:00; Th-Sa 07:00-03:00; Su 07:00-01:00",
        "cuisine": "",
        "food": "",
        "drink": "",
        "outdoor_seating": "",
        "indoor_seating": "",
        "internet_access": "",
        "real_ale": "",
        "real_cider": "",
        "live_music": "",
        "dog": "",
        "wheelchair": "",
        "toilets": "",
        "smoking": "",
        "wikidata": "",
        "wikipedia": "",
        "fetched_at_utc": "2026-10-07T11:41:12+00:00",
        "source_endpoint": "osm-extract",
        "tags": {
          "addr:city": "Edinburgh",
          "addr:housenumber": "139",
          "addr:postcode": "EH1 1JS",
          "addr:street": "Cowgate",
          "amenity": "pub",
          "check_date": "2024-08-03",
          "fhrs:id": "55660",
          "name": "Three Sisters",
          "not:addr:postcode": "EH1 1RP",
          "opening_hours": "Mo-We 07:00-01:00; Th-Sa 07:00-03:00; Su 07:00-01:00",
          "phone": "+44 131 622 6802",
          "source": "survey",
          "source:addr:postcode": "code-point_open",
          "website": "https://thethreesistersbar.co.uk/"
        }
      }
    },
    {
      "type": "Feature",
      "geometry": {
        "type": "Point",
        "coordinates": [
          -3.1920758,
          55.9536204
        ]
      },
      "properties": {
        "name": "Tiles Bar",
        "osm_type": "node",
        "osm_id": 1558431275,
        "address": "1,2 St Andrew Square, Edinburgh, EH2 2BD",
        "house_name": "",
        "house_number": "1,2",
        "street": "St Andrew Square",
        "suburb": "",
        "city": "Edinburgh",
        "postcode": "EH2 2BD",
        "country": "GB",
        "operator": "",
        "brewery": "",
        "website": "https://www.tilesbar.co.uk/",
        "phone": "+44 131 557 3228",
        "opening_hours": "Mo-Th 11:00-23:00; Fr-Sa 09:30-00:00; Su 10:00-23:00",
        "cuisine": "",
        "food": "",
        "drink": "",
        "outdoor_seating": "yes",
        "indoor_seating": "yes",
        "internet_access": "",
        "real_ale": "",
        "real_cider": "",
        "live_music": "",
        "dog": "",
        "wheelchair": "no",
        "toilets": "",
        "smoking": "",
        "wikidata": "",
        "wikipedia": "",
        "fetched_at_utc": "2026-10-07T11:41:12+00:00",
        "source_endpoint": "osm-extract",
        "tags": {
          "addr:city": "Edinburgh",
          "addr:country": "GB",
          "addr:housenumber": "1,2",
          "addr:postcode": "EH2 2BD",
          "addr:street": "St Andrew Square",
          "amenity": "pub",
          "check_date": "2025-12-26",
          "fhrs:id": "1956270;522786",
          "indoor_seating": "yes",
          "name": "Tiles Bar",
          "opening_hours": "Mo-Th 11:00-23:00; Fr-Sa 09:30-00:00; Su 10:00-23:00",
          "outdoor_seating": "yes",
          "phone": "+44 131 557 3228",
          "source:addr": "FHRS Open Data",
          "website": "https://www.tilesbar.co.uk/",
          "wheelchair": "no"
        }
      }
    },
    {
      "type": "Feature",
      "geometry": {
        "type": "Point",
        "coordinates": [
          -3.1782053,
          55.9434551
        ]
      },
      "properties": {
        "name": "Tipsy Midgie",
        "osm_type": "node",
        "osm_id": 5972034007,
        "address": "67 St Leonard's Hill, Edinburgh, EH8 9SB",
        "house_name": "",
        "house_number": "67",
        "street": "St Leonard's Hill",
        "suburb": "",
        "city": "Edinburgh",
        "postcode": "EH8 9SB",
        "country": "",
        "operator": "",
        "brewery": "",
        "website": "",
        "phone": "+44 1316677639",
        "opening_hours": "Th-Su 17:00-late",
        "cuisine": "",
        "food": "",
        "drink": "",
        "outdoor_seating": "",
        "indoor_seating": "",
        "internet_access": "",
        "real_ale": "",
        "real_cider": "",
        "live_music": "",
        "dog": "",
        "wheelchair": "yes",
        "toilets": "",
        "smoking": "",
        "wikidata": "",
        "wikipedia": "",
        "fetched_at_utc": "2026-10-07T11:41:12+00:00",
        "source_endpoint": "osm-extract",
        "tags": {
          "addr:city": "Edinburgh",
          "addr:housenumber": "67",
          "addr:postcode": "EH8 9SB",
          "addr:street": "St Leonard's Hill",
          "amenity": "pub",
          "check_date": "2026-07-15",
          "fhrs:id": "1945709",
          "name": "Tipsy Midgie",
          "old_name": "Jeanie Deans",
          "opening_hours": "Th-Su 17:00-late",
          "phone": "+44 1316677639",
          "source:addr": "FHRS Open Data",
          "wheelchair": "yes"
        }
      }
    },
    {
      "type": "Feature",
      "geometry": {
        "type": "Point",
        "coordinates": [
          -3.1801595312500006,
          55.95145495
        ]
      },
      "properties": {
        "name": "Tolbooth Tavern",
        "osm_type": "way",
        "osm_id": 70955003,
        "address": "167 Canongate, Edinburgh, EH8 8BN",
        "house_name": "",
        "house_number": "167",
        "street": "Canongate",
        "suburb": "",
        "city": "Edinburgh",
        "postcode": "EH8 8BN",
        "country": "",
        "operator": "",
        "brewery": "",
        "website": "https://www.tolboothtavern.co.uk/",
        "phone": "",
        "opening_hours": "Th-Su 12:30-19:00; Mo-We off",
        "cuisine": "",
        "food": "yes",
        "drink": "",
        "outdoor_seating": "",
        "indoor_seating": "",
        "internet_access": "",
        "real_ale": "2-3 beers",
        "real_cider": "",
        "live_music": "",
        "dog": "",
        "wheelchair": "",
        "toilets": "",
        "smoking": "",
        "wikidata": "",
        "wikipedia": "",
        "fetched_at_utc": "2026-10-07T11:41:12+00:00",
        "source_endpoint": "osm-extract",
        "tags": {
          "addr:city": "Edinburgh",
          "addr:housenumber": "167",
          "addr:postcode": "EH8 8BN",
          "addr:street": "Canongate",
          "alt_name:es": "Taverna_Tolbooth",
          "amenity": "pub",
          "building": "yes",
          "check_date": "2026-09-20",
          "diet:vegetarian": "yes",
          "fhrs:id": "124618",
          "food": "yes",
          "name": "Tolbooth Tavern",
          "opening_hours": "Th-Su 12:30-19:00; Mo-We off",
          "real_ale": "2-3 beers",
          "source": "Bing;survey",
          "source:addr": "FHRS Open Data",
          "tourism": "attraction",
          "website": "https://www.tolboothtavern.co.uk/"
        }
      }
    },
    {
      "type": "Feature",
      "geometry": {
        "type": "Point",
        "coordinates": [
          -3.2302193,
          55.9386065
        ]
      },
      "properties": {
        "name": "Tynecastle Arms",
        "osm_type": "node",
        "osm_id": 482428745,
        "address": "92,94 Gorgie Road, Edinburgh, EH11 2NP",
        "house_name": "",
        "house_number": "92,94",
        "street": "Gorgie Road",
        "suburb": "",
        "city": "Edinburgh",
        "postcode": "EH11 2NP",
        "country": "GB",
        "operator": "",
        "brewery": "",
        "website": "",
        "phone": "",
        "opening_hours": "",
        "cuisine": "",
        "food": "",
        "drink": "",
        "outdoor_seating": "",
        "indoor_seating": "",
        "internet_access": "",
        "real_ale": "",
        "real_cider": "",
        "live_music": "",
        "dog": "",
        "wheelchair": "",
        "toilets": "",
        "smoking": "",
        "wikidata": "",
        "wikipedia": "",
        "fetched_at_utc": "2026-10-07T11:41:12+00:00",
        "source_endpoint": "osm-extract",
        "tags": {
          "addr:city": "Edinburgh",
          "addr:country": "GB",
          "addr:housenumber": "92,94",
          "addr:postcode": "EH11 2NP",
          "addr:street": "Gorgie Road",
          "amenity": "pub",
          "check_date": "2026-08-26",
          "fhrs:id": "663240",
          "name": "Tynecastle Arms"
        }
      }
    },
    {
      "type": "Feature",
      "geometry": {
        "type": "Point",
        "coordinates": [
          -3.1972021,
          55.9539826
        ]
      },
      "properties": {
        "name": "Vessel",
        "osm_type": "node",
        "osm_id": 12887797601,
        "address": "73 Hanover Street, Edinburgh, EH2 1EE",
        "house_name": "",
        "house_number": "73",
        "street": "Hanover Street",
        "suburb": "",
        "city": "Edinburgh",
        "postcode": "EH2 1EE",
        "country": "",
        "operator": "",
        "brewery": "",
        "website": "https://vesselbars.co.uk/",
        "phone": "+44 131 259 2943",
        "opening_hours": "",
        "cuisine": "",
        "food": "",
        "drink": "",
        "outdoor_seating": "no",
        "indoor_seating": "",
        "internet_access": "wlan",
        "real_ale": "",
        "real_cider": "",
        "live_music": "",
        "dog": "",
        "wheelchair": "",
        "toilets": "",
        "smoking": "",
        "wikidata": "",
        "wikipedia": "",
        "fetched_at_utc": "2026-10-07T11:41:12+00:00",
        "source_endpoint": "osm-extract",
        "tags": {
          "addr:city": "Edinburgh",
          "addr:housenumber": "73",
          "addr:postcode": "EH2 1EE",
          "addr:street": "Hanover Street",
          "amenity": "pub",
          "check_date": "2026-09-06",
          "contact:instagram": "vesselbarspilot",
          "email": "contact@vesselbars.co.uk",
          "fhrs:id": "1805191",
          "internet_access": "wlan",
          "name": "Vessel",
          "outdoor_seating": "no",
          "phone": "+44 131 259 2943",
          "source:addr": "FHRS Open Data",
          "website": "https://vesselbars.co.uk/"
        }
      }
    },
    {
      "type": "Feature",
      "geometry": {
        "type": "Point",
        "coordinates": [
          -3.1755792,
          55.9657458
        ]
      },
      "properties": {
        "name": "Victoria",
        "osm_type": "node",
        "osm_id": 2425708229,
        "address": "265 Leith Walk, Edinburgh, EH6 8PD",
        "house_name": "",
        "house_number": "265",
        "street": "Leith Walk",
        "suburb": "",
        "city": "Edinburgh",
        "postcode": "EH6 8PD",
        "country": "",
        "operator": "",
        "brewery": "",
        "website": "https://www.bodabar.com/victoria/",
        "phone": "+44 131 555 1638",
        "opening_hours": "Open from 2pm 7 days a week",
        "cuisine": "",
        "food": "",
        "drink": "",
        "outdoor_seating": "yes",
        "indoor_seating": "",
        "internet_access": "",
        "real_ale": "",
        "real_cider": "",
        "live_music": "",
        "dog": "",
        "wheelchair": "limited",
        "toilets": "",
        "smoking": "",
        "wikidata": "",
        "wikipedia": "",
        "fetched_at_utc": "2026-10-07T11:41:12+00:00",
        "source_endpoint": "osm-extract",
        "tags": {
          "addr:city": "Edinburgh",
          "addr:housenumber": "265",
          "addr:postcode": "EH6 8PD",
          "addr:street": "Leith Walk",
          "amenity": "pub",
          "check_date": "2026-01-18",
          "contact:instagram": "https://www.instagram.com/bodabaredinburgh",
          "email": "victoria@bodabar.com",
          "fhrs:id": "661833",
          "name": "Victoria",
          "opening_hours": "Open from 2pm 7 days a week",
          "outdoor_seating": "yes",
          "phone": "+44 131 555 1638",
          "source": "survey",
          "toilets:wheelchair": "no",
          "website": "https://www.bodabar.com/victoria/",
          "wheelchair": "limited"
        }
      }
    },
    {
      "type": "Feature",
      "geometry": {
        "type": "Point",
        "coordinates": [
          -3.1939944,
          55.9498179
        ]
      },
      "properties": {
        "name": "Wash Bar",
        "osm_type": "node",
        "osm_id": 658120548,
        "address": "11-13 North Bank Street, Edinburgh, EH1 2LP",
        "house_name": "",
        "house_number": "11-13",
        "street": "North Bank Street",
        "suburb": "",
        "city": "Edinburgh",
        "postcode": "EH1 2LP",
        "country": "",
        "operator": "",
        "brewery": "",
        "website": "http://www.washbar.co.uk/",
        "phone": "+44 131 225 6193",
        "opening_hours": "Su-Th 11:30-00:00; Fr-Sa 11:30-01:00",
        "cuisine": "",
        "food": "",
        "drink": "",
        "outdoor_seating": "yes",
        "indoor_seating": "yes",
        "internet_access": "",
        "real_ale": "",
        "real_cider": "",
        "live_music": "",
        "dog": "",
        "wheelchair": "",
        "toilets": "",
        "smoking": "",
        "wikidata": "",
        "wikipedia": "",
        "fetched_at_utc": "2026-10-07T11:41:12+00:00",
        "source_endpoint": "osm-extract",
        "tags": {
          "addr:city": "Edinburgh",
          "addr:housenumber": "11-13",
          "addr:postcode": "EH1 2LP",
          "addr:street": "North Bank Street",
          "amenity": "pub",
          "check_date": "2025-02-08",
          "fhrs:id": "118333",
          "indoor_seating": "yes",
          "name": "Wash Bar",
          "opening_hours": "Su-Th 11:30-00:00; Fr-Sa 11:30-01:00",
          "outdoor_seating": "yes",
          "phone": "+44 131 225 6193",
          "source": "survey",
          "source:addr": "FHRS Open Data",
          "website": "http://www.washbar.co.uk/"
        }
      }
    },
    {
      "type": "Feature",
      "geometry": {
        "type": "Point",
        "coordinates": [
          -3.1880643,
          55.9536574
        ]
      },
      "properties": {
        "name": "Waterloo Bar",
        "osm_type": "node",
        "osm_id": 2110964848,
        "address": "3 Waterloo Place, Edinburgh, EH1 3BG",
        "house_name": "",
        "house_number": "3",
        "street": "Waterloo Place",
        "suburb": "",
        "city": "Edinburgh",
        "postcode": "EH1 3BG",
        "country": "",
        "operator": "",
        "brewery": "",
        "website": "",
        "phone": "",
        "opening_hours": "",
        "cuisine": "",
        "food": "",
        "drink": "",
        "outdoor_seating": "yes",
        "indoor_seating": "yes",
        "internet_access": "",
        "real_ale": "",
        "real_cider": "",
        "live_music": "",
        "dog": "",
        "wheelchair": "",
        "toilets": "",
        "smoking": "",
        "wikidata": "",
        "wikipedia": "",
        "fetched_at_utc": "2026-10-07T11:41:12+00:00",
        "source_endpoint": "osm-extract",
        "tags": {
          "addr:city": "Edinburgh",
          "addr:housenumber": "3",
          "addr:postcode": "EH1 3BG",
          "addr:street": "Waterloo Place",
          "amenity": "pub",
          "check_date": "2024-08-09",
          "indoor_seating": "yes",
          "name": "Waterloo Bar",
          "outdoor_seating": "yes",
          "source": "survey"
        }
      }
    },
    {
      "type": "Feature",
      "geometry": {
        "type": "Point",
        "coordinates": [
          -3.1852171,
          55.94452
        ]
      },
      "properties": {
        "name": "West Nic Records",
        "osm_type": "node",
        "osm_id": 3015271943,
        "address": "32B West Nicolson Street, Edinburgh",
        "house_name": "",
        "house_number": "32B",
        "street": "West Nicolson Street",
        "suburb": "",
        "city": "Edinburgh",
        "postcode": "",
        "country": "",
        "operator": "",
        "brewery": "",
        "website": "https://www.thirtytwobelow.co.uk/",
        "phone": "",
        "opening_hours": "",
        "cuisine": "",
        "food": "",
        "drink": "",
        "outdoor_seating": "",
        "indoor_seating": "",
        "internet_access": "",
        "real_ale": "",
        "real_cider": "",
        "live_music": "",
        "dog": "",
        "wheelchair": "no",
        "toilets": "",
        "smoking": "",
        "wikidata": "",
        "wikipedia": "",
        "fetched_at_utc": "2026-10-07T11:41:12+00:00",
        "source_endpoint": "osm-extract",
        "tags": {
          "addr:city": "Edinburgh",
          "addr:housenumber": "32B",
          "addr:street": "West Nicolson Street",
          "amenity": "pub",
          "check_date": "2026-09-03",
          "level": "-1",
          "name": "West Nic Records",
          "old_name": "Usher's",
          "older_name": "Blind Poet",
          "website": "https://www.thirtytwobelow.co.uk/",
          "wheelchair": "no"
        }
      }
    },
    {
      "type": "Feature",
      "geometry": {
        "type": "Point",
        "coordinates": [
          -3.1984915,
          55.9466693
        ]
      },
      "properties": {
        "name": "West Port Oracle",
        "osm_type": "node",
        "osm_id": 483035255,
        "address": "27,29,31 West Port, Edinburgh, EH1 2JA",
        "house_name": "",
        "house_number": "27,29,31",
        "street": "West Port",
        "suburb": "",
        "city": "Edinburgh",
        "postcode": "EH1 2JA",
        "country": "GB",
        "operator": "",
        "brewery": "",
        "website": "",
        "phone": "+44 131 229 5989",
        "opening_hours": "We-Su 16:00-01:00",
        "cuisine": "",
        "food": "",
        "drink": "",
        "outdoor_seating": "",
        "indoor_seating": "",
        "internet_access": "",
        "real_ale": "",
        "real_cider": "",
        "live_music": "",
        "dog": "",
        "wheelchair": "yes",
        "toilets": "",
        "smoking": "",
        "wikidata": "",
        "wikipedia": "",
        "fetched_at_utc": "2026-10-07T11:41:12+00:00",
        "source_endpoint": "osm-extract",
        "tags": {
          "addr:city": "Edinburgh",
          "addr:country": "GB",
          "addr:housenumber": "27,29,31",
          "addr:postcode": "EH1 2JA",
          "addr:street": "West Port",
          "amenity": "pub",
          "check_date": "2026-03-03",
          "fhrs:id": "1596820",
          "name": "West Port Oracle",
          "opening_hours": "We-Su 16:00-01:00",
          "phone": "+44 131 229 5989",
          "wheelchair": "yes"
        }
      }
    },
    {
      "type": "Feature",
      "geometry": {
        "type": "Point",
        "coordinates": [
          -3.2079252,
          55.9508253
        ]
      },
      "properties": {
        "name": "Whighams Wine Cellars",
        "osm_type": "node",
        "osm_id": 1558442814,
        "address": "13 Hope Street, Edinburgh, EH2 4EL",
        "house_name": "",
        "house_number": "13",
        "street": "Hope Street",
        "suburb": "",
        "city": "Edinburgh",
        "postcode": "EH2 4EL",
        "country": "",
        "operator": "",
        "brewery": "",
        "website": "https://whighams.com/",
        "phone": "",
        "opening_hours": "",
        "cuisine": "",
        "food": "",
        "drink": "",
        "outdoor_seating": "",
        "indoor_seating": "",
        "internet_access": "",
        "real_ale": "",
        "real_cider": "",
        "live_music": "",
        "dog": "",
        "wheelchair": "",
        "toilets": "",
        "smoking": "",
        "wikidata": "",
        "wikipedia": "",
        "fetched_at_utc": "2026-10-07T11:41:12+00:00",
        "source_endpoint": "osm-extract",
        "tags": {
          "addr:city": "Edinburgh",
          "addr:housenumber": "13",
          "addr:postcode": "EH2 4EL",
          "addr:street": "Hope Street",
          "amenity": "pub",
          "fhrs:id": "94093",
          "level": "-1",
          "name": "Whighams Wine Cellars",
          "source": "survey",
          "source:addr": "FHRS Open Data",
          "website": "https://whighams.com/"
        }
      }
    },
    {
      "type": "Feature",
      "geometry": {
        "type": "Point",
        "coordinates": [
          -3.1865438,
          55.9504288
        ]
      },
      "properties": {
        "name": "Whiski",
        "osm_type": "node",
        "osm_id": 2112426253,
        "address": "119 High Street, Edinburgh, EH1 1SG",
        "house_name": "",
        "house_number": "119",
        "street": "High Street",
        "suburb": "",
        "city": "Edinburgh",
        "postcode": "EH1 1SG",
        "country": "",
        "operator": "",
        "brewery": "",
        "website": "https://www.whiskibar.co.uk/",
        "phone": "+44 131 556 3095",
        "opening_hours": "Mo-Fr 10:00-01:00; Sa-Su 09:00-01:00",
        "cuisine": "",
        "food": "",
        "drink": "",
        "outdoor_seating": "yes",
        "indoor_seating": "yes",
        "internet_access": "wlan",
        "real_ale": "",
        "real_cider": "",
        "live_music": "",
        "dog": "",
        "wheelchair": "yes",
        "toilets": "yes",
        "smoking": "",
        "wikidata": "",
        "wikipedia": "",
        "fetched_at_utc": "2026-10-07T11:41:12+00:00",
        "source_endpoint": "osm-extract",
        "tags": {
          "addr:city": "Edinburgh",
          "addr:housenumber": "119",
          "addr:postcode": "EH1 1SG",
          "addr:street": "High Street",
          "amenity": "pub",
          "check_date": "2026-09-20",
          "email": "bar@whiskibar.co.uk",
          "fhrs:id": "109532",
          "indoor_seating": "yes",
          "internet_access": "wlan",
          "internet_access:fee": "customers",
          "name": "Whiski",
          "opening_hours": "Mo-Fr 10:00-01:00; Sa-Su 09:00-01:00",
          "outdoor_seating": "yes",
          "payment:cash": "no",
          "payment:contactless": "yes",
          "payment:credit_cards": "yes",
          "payment:debit_cards": "yes",
          "payment:mastercard": "yes",
          "payment:visa": "yes",
          "phone": "+44 131 556 3095",
          "source": "survey",
          "source:addr:postcode": "FHRS Open Data",
          "toilets": "yes",
          "toilets:wheelchair": "yes",
          "website": "https://www.whiskibar.co.uk/",
          "website:menu": "https://www.whiskibar.co.uk/menus/",
          "wheelchair": "yes"
        }
      }
    },
    {
      "type": "Feature",
      "geometry": {
        "type": "Point",
        "coordinates": [
          -3.1872649,
          55.9499346
        ]
      },
      "properties": {
        "name": "Whistle Binkies",
        "osm_type": "node",
        "osm_id": 2954633083,
        "address": "4-6 South Bridge, Edinburgh, EH1 1LL",
        "house_name": "",
        "house_number": "4-6",
        "street": "South Bridge",
        "suburb": "",
        "city": "Edinburgh",
        "postcode": "EH1 1LL",
        "country": "",
        "operator": "Old Town pub Co.",
        "brewery": "",
        "website": "https://www.whistlebinkies.com/",
        "phone": "+44 131 557 5114",
        "opening_hours": "Mo-Su 17:00-03:00",
        "cuisine": "",
        "food": "",
        "drink": "",
        "outdoor_seating": "",
        "indoor_seating": "",
        "internet_access": "",
        "real_ale": "",
        "real_cider": "",
        "live_music": "",
        "dog": "",
        "wheelchair": "no",
        "toilets": "",
        "smoking": "",
        "wikidata": "",
        "wikipedia": "",
        "fetched_at_utc": "2026-10-07T11:41:12+00:00",
        "source_endpoint": "osm-extract",
        "tags": {
          "addr:city": "Edinburgh",
          "addr:housenumber": "4-6",
          "addr:postcode": "EH1 1LL",
          "addr:street": "South Bridge",
          "amenity": "pub",
          "check_date": "2026-10-05",
          "contact:facebook": "https://www.facebook.com/WhistleBinkiesEdinburgh",
          "email": "info@whistlebinkies.com",
          "level": "-1",
          "name": "Whistle Binkies",
          "opening_hours": "Mo-Su 17:00-03:00",
          "operator": "Old Town pub Co.",
          "payment:american_express": "no",
          "payment:credit_cards": "yes",
          "payment:debit_cards": "yes",
          "phone": "+44 131 557 5114",
          "source": "survey",
          "website": "https://www.whistlebinkies.com/",
          "wheelchair": "no"
        }
      }
    },
    {
      "type": "Feature",
      "geometry": {
        "type": "Point",
        "coordinates": [
          -3.1733748,
          55.9716467
        ]
      },
      "properties": {
        "name": "Wilkies",
        "osm_type": "node",
        "osm_id": 2589353218,
        "address": "1 Henderson Street, Edinburgh",
        "house_name": "",
        "house_number": "1",
        "street": "Henderson Street",
        "suburb": "",
        "city": "Edinburgh",
        "postcode": "",
        "country": "",
        "operator": "",
        "brewery": "",
        "website": "",
        "phone": "",
        "opening_hours": "Mo-Th,Su 11:00-23:00; Fr-Sa 11:00-24:00",
        "cuisine": "",
        "food": "",
        "drink": "",
        "outdoor_seating": "no",
        "indoor_seating": "yes",
        "internet_access": "",
        "real_ale": "",
        "real_cider": "",
        "live_music": "",
        "dog": "",
        "wheelchair": "",
        "toilets": "",
        "smoking": "",
        "wikidata": "",
        "wikipedia": "",
        "fetched_at_utc": "2026-10-07T11:41:12+00:00",
        "source_endpoint": "osm-extract",
        "tags": {
          "addr:city": "Edinburgh",
          "addr:housenumber": "1",
          "addr:street": "Henderson Street",
          "amenity": "pub",
          "check_date": "2026-10-01",
          "check_date:opening_hours": "2026-10-01",
          "contact:facebook": "https://www.facebook.com/wilkiesbarleith",
          "contact:instagram": "https://www.instagram.com/wilkiesleith",
          "indoor_seating": "yes",
          "name": "Wilkies",
          "opening_hours": "Mo-Th,Su 11:00-23:00; Fr-Sa 11:00-24:00",
          "opening_hours:signed": "no",
          "outdoor_seating": "no",
          "source": "survey"
        }
      }
    }
  ]
}