{
  "type": "FeatureCollection",
  "features": [
    {
      "type": "Feature",
      "geometry": {
        "type": "Point",
        "coordinates": [
          -2.2212582666666667,
          53.463586022222216
        ]
      },
      "properties": {
        "id": "osm:way:201520529",
        "source": "osm",
        "title": "Elizabeth Gaskell's House",
        "address": "84 Plymouth Grove, Manchester, M13 9LW",
        "description": "",
        "categories": [
          "museum",
          "historical",
          "cultural"
        ],
        "primary_category": "museum",
        "interest_score": 100,
        "website": "https://www.elizabethgaskellhouse.co.uk/",
        "wikipedia": "en:84 Plymouth Grove",
        "wikidata": "Q4644775",
        "source_url": "https://www.openstreetmap.org/way/201520529",
        "fetched_at_utc": "2026-10-07T11:43:15+00:00",
        "query_key": "museums",
        "tags": {
          "addr:city": "Manchester",
          "addr:housename": "Elizabeth Gaskell's House",
          "addr:housenumber": "84",
          "addr:postcode": "M13 9LW",
          "addr:street": "Plymouth Grove",
          "building": "house",
          "building:levels": "2",
          "building:use": "museum",
          "check_date:opening_hours": "2024-02-05",
          "fee": "yes",
          "fee:conditional": "no @ (age < 16)",
          "fhrs:id": "776093",
          "name": "Elizabeth Gaskell's House",
          "opening_hours": "We-Su 11:00-16:30; Fr off; Sa off",
          "operator": "Friends of Plymouth Grove",
          "ref:GB:uprn": "77137410",
          "tourism": "museum",
          "website": "https://www.elizabethgaskellhouse.co.uk/",
          "wikidata": "Q4644775",
          "wikipedia": "en:84 Plymouth Grove"
        },
        "sitelinks": 2
      }
    },
    {
      "type": "Feature",
      "geometry": {
        "type": "Point",
        "coordinates": [
          -2.2444300951219516,
          53.485193082926834
        ]
      },
      "properties": {
        "id": "osm:way:130040953",
        "source": "osm",
        "title": "Manchester Cathedral",
        "address": "Victoria Street, Manchester, M3 1SX",
        "description": "",
        "categories": [
          "historical",
          "architecture",
          "religious"
        ],
        "primary_category": "historical",
        "interest_score": 100,
        "website": "https://www.manchestercathedral.org/",
        "wikipedia": "en:Manchester Cathedral",
        "wikidata": "Q971811",
        "source_url": "https://www.openstreetmap.org/way/130040953",
        "fetched_at_utc": "2026-10-07T11:43:15+00:00",
        "query_key": "heritage_sites",
        "tags": {
          "addr:city": "Manchester",
          "addr:housename": "Manchester Cathedral",
          "addr:postcode": "M3 1SX",
          "addr:street": "Victoria Street",
          "amenity": "place_of_worship",
          "building": "cathedral",
          "building:architecture": "gothic",
          "building:material": "stone",
          "denomination": "anglican",
          "diocese": "Diocese of Manchester",
          "heritage": "2",
          "heritage:operator": "he",
          "heritage:website": "https://historicengland.org.uk/listing/the-list/list-entry/1218041",
          "listed_status": "Grade I",
          "name": "Manchester Cathedral",
          "name:en": "Manchester Cathedral",
          "name:es": "Catedral de Mánchester",
          "official_name": "The Cathedral and Collegiate Church of St Mary, St Denys and St George in Manchester",
          "official_name:es": "La Catedral e Iglesia Colegiata de Santa María, San Dionisio y San Jorge en Mánchester",
          "ref:GB:nhle": "1218041",
          "ref:dove": "12311",
          "religion": "christian",
          "website": "https://www.manchestercathedral.org/",
          "wheelchair": "yes",
          "wikidata": "Q971811",
          "wikipedia": "en:Manchester Cathedral",
          "year_of_construction": "1421–1882"
        },
        "sitelinks": 19
      }
    },
    {
      "type": "Feature",
      "geometry": {
        "type": "Point",
        "coordinates": [
          -2.2381287,
          53.4957173
        ]
      },
      "properties": {
        "id": "osm:node:9921205514",
        "source": "osm",
        "title": "Manchester Jewish Museum",
        "address": "190 Cheetham Hill Road, Manchester, M8 8LW",
        "description": "",
        "categories": [
          "museum",
          "historical",
          "cultural"
        ],
        "primary_category": "museum",
        "interest_score": 100,
        "website": "https://www.manchesterjewishmuseum.com/",
        "wikipedia": "en:Manchester Jewish Museum",
        "wikidata": "Q6747441",
        "source_url": "https://www.openstreetmap.org/node/9921205514",
        "fetched_at_utc": "2026-10-07T11:43:15+00:00",
        "query_key": "museums",
        "tags": {
          "addr:city": "Manchester",
          "addr:housenumber": "190",
          "addr:postcode": "M8 8LW",
          "addr:street": "Cheetham Hill Road",
          "fee": "yes",
          "museum": "history",
          "name": "Manchester Jewish Museum",
          "tourism": "museum",
          "website": "https://www.manchesterjewishmuseum.com/",
          "wikidata": "Q6747441",
          "wikipedia": "en:Manchester Jewish Museum"
        },
        "sitelinks": 8
      }
    },
    {
      "type": "Feature",
      "geometry": {
        "type": "Point",
        "coordinates": [
          -2.2334691823529416,
          53.50301527647059
        ]
      },
      "properties": {
        "id": "osm:way:143926783",
        "source": "osm",
        "title": "Museum of Transport Greater Manchester",
        "address": "Boyle Street, Cheetham Hill, Manchester, M8 8UW",
        "description": "",
        "categories": [
          "museum",
          "historical",
          "cultural",
          "architecture"
        ],
        "primary_category": "museum",
        "interest_score": 100,
        "website": "https://motgm.uk/",
        "wikipedia": "en:Museum of Transport, Greater Manchester",
        "wikidata": "Q3330152",
        "source_url": "https://www.openstreetmap.org/way/143926783",
        "fetched_at_utc": "2026-10-07T11:43:15+00:00",
        "query_key": "museums",
        "tags": {
          "addr:city": "Manchester",
          "addr:postcode": "M8 8UW",
          "addr:street": "Boyle Street",
          "addr:suburb": "Cheetham Hill",
          "building": "yes",
          "fee": "yes",
          "name": "Museum of Transport Greater Manchester",
          "ref:GB:uprn": "77236464",
          "tourism": "museum",
          "website": "https://motgm.uk/",
          "wikidata": "Q3330152",
          "wikipedia": "en:Museum of Transport, Greater Manchester"
        },
        "sitelinks": 4
      }
    },
    {
      "type": "Feature",
      "geometry": {
        "type": "Point",
        "coordinates": [
          -2.242233192,
          53.485803296000014
        ]
      },
      "properties": {
        "id": "osm:way:96396472",
        "source": "osm",
        "title": "National Football Museum",
        "address": "Todd Street, Manchester, M4 3BG",
        "description": "",
        "categories": [
          "museum",
          "historical",
          "cultural"
        ],
        "primary_category": "museum",
        "interest_score": 100,
        "website": "https://www.nationalfootballmuseum.com/",
        "wikipedia": "en:National Football Museum",
        "wikidata": "Q2265733",
        "source_url": "https://www.openstreetmap.org/way/96396472",
        "fetched_at_utc": "2026-10-07T11:43:15+00:00",
        "query_key": "museums",
        "tags": {
          "addr:city": "Manchester",
          "addr:housename": "Urbis Building",
          "addr:postcode": "M4 3BG",
          "addr:street": "Todd Street",
          "building": "museum",
          "building:colour": "turquoise",
          "building:levels": "7",
          "building:material": "glass",
          "email": "info@nationalfootballmuseum.com",
          "fee": "yes",
          "museum": "sport",
          "name": "National Football Museum",
          "name:zh": "国家足球博物馆",
          "name:zh-Hans": "国家足球博物馆",
          "name:zh-Hant": "國家足球博物館",
          "opening_hours": "Mo-Fr 10:00-17:00",
          "phone": "+44 161 605 8200",
          "roof:colour": "green",
          "roof:material": "metal",
          "source": "local knowledge;survey",
          "tourism": "museum",
          "website": "https://www.nationalfootballmuseum.com/",
          "wheelchair": "yes",
          "wikidata": "Q2265733",
          "wikipedia": "en:National Football Museum"
        },
        "sitelinks": 12
      }
    },
    {
      "type": "Feature",
      "geometry": {
        "type": "Point",
        "coordinates": [
          -2.2274916874999997,
          53.463154412499996
        ]
      },
      "properties": {
        "id": "osm:way:172944636",
        "source": "osm",
        "title": "Pankhurst Centre",
        "address": "",
        "description": "",
        "categories": [
          "museum",
          "historical",
          "cultural",
          "architecture"
        ],
        "primary_category": "museum",
        "interest_score": 100,
        "website": "https://www.pankhurstmuseum.com/",
        "wikipedia": "en:Pankhurst Centre",
        "wikidata": "Q7131318",
        "source_url": "https://www.openstreetmap.org/way/172944636",
        "fetched_at_utc": "2026-10-07T11:43:15+00:00",
        "query_key": "museums",
        "tags": {
          "building": "yes",
          "building:levels": "2",
          "museum": "history",
          "name": "Pankhurst Centre",
          "operator": "Central Manchester University Hospitals",
          "ref:GB:uprn": "100012672107",
          "tourism": "museum",
          "website": "https://www.pankhurstmuseum.com/",
          "wikidata": "Q7131318",
          "wikipedia": "en:Pankhurst Centre"
        },
        "sitelinks": 6
      }
    },
    {
      "type": "Feature",
      "geometry": {
        "type": "Point",
        "coordinates": [
          -2.2531093521739125,
          53.48138850869565
        ]
      },
      "properties": {
        "id": "osm:relation:14016276",
        "source": "osm",
        "title": "People's History Museum",
        "address": "Leftbank, Manchester, M3 3ER",
        "description": "",
        "categories": [
          "museum",
          "historical",
          "cultural",
          "architecture"
        ],
        "primary_category": "museum",
        "interest_score": 100,
        "website": "https://www.phm.org.uk/",
        "wikipedia": "en:People's History Museum",
        "wikidata": "Q3374980",
        "source_url": "https://www.openstreetmap.org/relation/14016276",
        "fetched_at_utc": "2026-10-07T11:43:15+00:00",
        "query_key": "museums",
        "tags": {
          "addr:city": "Manchester",
          "addr:housename": "People's History Museum",
          "addr:postcode": "M3 3ER",
          "addr:street": "Leftbank",
          "building": "yes",
          "fee": "no",
          "name": "People's History Museum",
          "name:he": "מוזאון ההיסטוריה של העם",
          "opening_hours": "PH,We-Su 10:00-16:00",
          "toilets:wheelchair": "yes",
          "tourism": "museum",
          "website": "https://www.phm.org.uk/",
          "wheelchair": "yes",
          "wikidata": "Q3374980",
          "wikipedia": "en:People's History Museum"
        },
        "sitelinks": 7
      }
    },
    {
      "type": "Feature",
      "geometry": {
        "type": "Point",
        "coordinates": [
          -2.2717409363636367,
          53.48526417727271
        ]
      },
      "properties": {
        "id": "osm:way:67191154",
        "source": "osm",
        "title": "Salford Museum and Art Gallery",
        "address": "Crescent, Salford, M5 4WU",
        "description": "",
        "categories": [
          "museum",
          "historical",
          "cultural",
          "architecture"
        ],
        "primary_category": "museum",
        "interest_score": 100,
        "website": "https://salfordmuseum.com/",
        "wikipedia": "en:Salford Museum and Art Gallery",
        "wikidata": "Q7404381",
        "source_url": "https://www.openstreetmap.org/way/67191154",
        "fetched_at_utc": "2026-10-07T11:43:15+00:00",
        "query_key": "museums",
        "tags": {
          "addr:city": "Salford",
          "addr:postcode": "M5 4WU",
          "addr:street": "Crescent",
          "building": "yes",
          "email": "salford.museum@scll.co.uk",
          "fee": "no",
          "name": "Salford Museum and Art Gallery",
          "opening_hours": "Mo-Fr 09:30-16:30; Sa-Su 11:30-16:00",
          "operator": "Salford City Council",
          "phone": "+44 161 778 0800",
          "tourism": "museum",
          "website": "https://salfordmuseum.com/",
          "wheelchair": "yes",
          "wikidata": "Q7404381",
          "wikipedia": "en:Salford Museum and Art Gallery"
        },
        "sitelinks": 1
      }
    },
    {
      "type": "Feature",
      "geometry": {
        "type": "Point",
        "coordinates": [
          -2.2547008,
          53.4772588
        ]
      },
      "properties": {
        "id": "osm:node:6684605685",
        "source": "osm",
        "title": "Science and Industry Museum",
        "address": "Liverpool Road, Manchester, M3 4FP",
        "description": "",
        "categories": [
          "museum",
          "historical",
          "cultural"
        ],
        "primary_category": "museum",
        "interest_score": 100,
        "website": "https://www.scienceandindustrymuseum.org.uk/",
        "wikipedia": "en:Science and Industry Museum",
        "wikidata": "Q2638616",
        "source_url": "https://www.openstreetmap.org/node/6684605685",
        "fetched_at_utc": "2026-10-07T11:43:15+00:00",
        "query_key": "museums",
        "tags": {
          "addr:city": "Manchester",
          "addr:postcode": "M3 4FP",
          "addr:street": "Liverpool Road",
          "check_date": "2023-08-15",
          "fee": "no",
          "level": "0",
          "museum": "science",
          "name": "Science and Industry Museum",
          "opening_hours": "Mo-Su 10:00-17:00",
          "operator:type": "public",
          "payment:contactless": "yes",
          "payment:credit_cards": "yes",
          "payment:debit_cards": "yes",
          "payment:mastercard": "yes",
          "payment:visa": "yes",
          "phone": "+44 161 832 2244",
          "source": "survey",
          "toilets": "yes",
          "toilets:wheelchair": "yes",
          "tourism": "museum",
          "website": "https://www.scienceandindustrymuseum.org.uk/",
          "wheelchair": "yes",
          "wikidata": "Q2638616",
          "wikipedia": "en:Science and Industry Museum"
        },
        "sitelinks": 8
      }
    },
    {
      "type": "Feature",
      "geometry": {
        "type": "Point",
        "coordinates": [
          -2.2457345863636364,
          53.48165863181817
        ]
      },
      "properties": {
        "id": "osm:way:37140526",
        "source": "osm",
        "title": "St. Ann's Church",
        "address": "St. Ann Street, Manchester, M2 7LF",
        "description": "",
        "categories": [
          "historical",
          "architecture",
          "religious"
        ],
        "primary_category": "historical",
        "interest_score": 100,
        "website": "https://www.stannsmanchester.com/",
        "wikipedia": "en:St Ann's Church, Manchester",
        "wikidata": "Q7592459",
        "source_url": "https://www.openstreetmap.org/way/37140526",
        "fetched_at_utc": "2026-10-07T11:43:15+00:00",
        "query_key": "heritage_sites",
        "tags": {
          "addr:city": "Manchester",
          "addr:housename": "St. Ann's Church",
          "addr:postcode": "M2 7LF",
          "addr:street": "St. Ann Street",
          "amenity": "place_of_worship",
          "building": "yes",
          "building:levels": "2",
          "building:material": "sandstone",
          "check_date": "2025-05-03",
          "denomination": "anglican",
          "heritage": "2",
          "heritage:operator": "eh",
          "listed_status": "Grade I",
          "name": "St. Ann's Church",
          "religion": "christian",
          "roof:material": "lead",
          "roof:shape": "gabled",
          "start_date": "1712",
          "website": "https://www.stannsmanchester.com/",
          "wheelchair": "yes",
          "wikidata": "Q7592459",
          "wikipedia": "en:St Ann's Church, Manchester"
        },
        "sitelinks": 5
      }
    },
    {
      "type": "Feature",
      "geometry": {
        "type": "Point",
        "coordinates": [
          -2.2342428,
          53.4664071
        ]
      },
      "properties": {
        "id": "osm:node:258851218",
        "source": "osm",
        "title": "The Manchester Museum",
        "address": "",
        "description": "",
        "categories": [
          "museum",
          "historical",
          "cultural"
        ],
        "primary_category": "museum",
        "interest_score": 100,
        "website": "https://www.museum.manchester.ac.uk/",
        "wikipedia": "de:Manchester Museum",
        "wikidata": "Q2087619",
        "source_url": "https://www.openstreetmap.org/node/258851218",
        "fetched_at_utc": "2026-10-07T11:43:15+00:00",
        "query_key": "museums",
        "tags": {
          "check_date": "2026-01-12",
          "check_date:opening_hours": "2026-01-12",
          "fee": "no",
          "name": "The Manchester Museum",
          "name:es": "Museo de Mánchester",
          "name:zh": "曼彻斯特博物馆",
          "name:zh-Hans": "曼彻斯特博物馆",
          "name:zh-Hant": "曼徹斯特博物館",
          "opening_hours": "Tu,Th,Fr,Su 10:00-17:00; We 10:00-21:00; Sa 08:00-17:00",
          "tourism": "museum",
          "website": "https://www.museum.manchester.ac.uk/",
          "wheelchair": "yes",
          "wikidata": "Q2087619",
          "wikipedia": "de:Manchester Museum"
        },
        "sitelinks": 18
      }
    },
    {
      "type": "Feature",
      "geometry": {
        "type": "Point",
        "coordinates": [
          -2.2590676666666663,
          53.48443485833334
        ]
      },
      "properties": {
        "id": "osm:way:248791093",
        "source": "osm",
        "title": "Town Hall",
        "address": "Bexley Square, Salford, M3 6DD;M3 6GP",
        "description": "",
        "categories": [
          "architecture",
          "historical"
        ],
        "primary_category": "historical",
        "interest_score": 100,
        "website": "https://historicengland.org.uk/listing/the-list/list-entry/1386076",
        "wikipedia": "en:Salford Town Hall",
        "wikidata": "Q26665832",
        "source_url": "https://www.openstreetmap.org/way/248791093",
        "fetched_at_utc": "2026-10-07T11:43:15+00:00",
        "query_key": "heritage_sites",
        "tags": {
          "HE_ref": "1386076",
          "addr:city": "Salford",
          "addr:housename": "Town Hall",
          "addr:postcode": "M3 6DD;M3 6GP",
          "addr:street": "Bexley Square",
          "building": "apartments",
          "building:levels": "2",
          "heritage": "2",
          "heritage:operator": "Historic England",
          "historic": "heritage",
          "image": "https://en.wikipedia.org/wiki/Salford_Town_Hall#/media/File:Salford_town_hall_bexley_square.jpg",
          "listed_status": "Grade II",
          "name": "Town Hall",
          "website": "https://historicengland.org.uk/listing/the-list/list-entry/1386076",
          "wikidata": "Q26665832",
          "wikipedia": "en:Salford Town Hall"
        },
        "sitelinks": 1
      }
    },
    {
      "type": "Feature",
      "geometry": {
        "type": "Point",
        "coordinates": [
          -2.2430445738095237,
          53.48503027380953
        ]
      },
      "properties": {
        "id": "osm:way:4947738",
        "source": "osm",
        "title": "Corn Exchange",
        "address": "Exchange Square, Manchester, M4 3TR",
        "description": "",
        "categories": [
          "historical",
          "architecture"
        ],
        "primary_category": "historical",
        "interest_score": 94,
        "website": "https://cornexchangemanchester.co.uk/",
        "wikipedia": "en:Corn Exchange, Manchester",
        "wikidata": "Q3523085",
        "source_url": "https://www.openstreetmap.org/way/4947738",
        "fetched_at_utc": "2026-10-07T11:43:15+00:00",
        "query_key": "heritage_sites",
        "tags": {
          "HE_ref": "1282970",
          "addr:city": "Manchester",
          "addr:country": "GB",
          "addr:housename": "Corn Exchange",
          "addr:postcode": "M4 3TR",
          "addr:street": "Exchange Square",
          "alt_name": "Triangle",
          "building": "commercial",
          "building:levels": "5",
          "building:use": "retail",
          "heritage": "2",
          "heritage:operator": "Historic England",
          "historic": "heritage",
          "name": "Corn Exchange",
          "old_name": "The Triangle",
          "start_date": "1903",
          "website": "https://cornexchangemanchester.co.uk/",
          "wikidata": "Q3523085",
          "wikipedia": "en:Corn Exchange, Manchester"
        },
        "sitelinks": 3
      }
    },
    {
      "type": "Feature",
      "geometry": {
        "type": "Point",
        "coordinates": [
          -2.24401065,
          53.48469346666666
        ]
      },
      "properties": {
        "id": "osm:way:282756725",
        "source": "osm",
        "title": "The Old Wellington Inn",
        "address": "4 Cathedral Gates, Manchester, M3 1SW",
        "description": "",
        "categories": [
          "historical",
          "architecture"
        ],
        "primary_category": "historical",
        "interest_score": 94,
        "website": "https://www.nicholsonspubs.co.uk/restaurants/northwest/theoldwellingtonmanchester",
        "wikipedia": "en:The Old Wellington Inn",
        "wikidata": "Q7754934",
        "source_url": "https://www.openstreetmap.org/way/282756725",
        "fetched_at_utc": "2026-10-07T11:43:15+00:00",
        "query_key": "heritage_sites",
        "tags": {
          "HE_ref": "1270698",
          "addr:city": "Manchester",
          "addr:country": "GB",
          "addr:housenumber": "4",
          "addr:postcode": "M3 1SW",
          "addr:street": "Cathedral Gates",
          "amenity": "pub",
          "brand": "Nicholson's",
          "brand:wikidata": "Q113130666",
          "building": "yes",
          "building:levels": "3",
          "camra": "yes",
          "check_date": "2024-12-22",
          "eh:inscription_date": "1952-02-25",
          "food": "yes",
          "heritage": "2",
          "heritage:operator": "Historic England",
          "historic": "heritage",
          "indoor_seating": "yes",
          "level": "0",
          "listed_status": "Grade II",
          "microbrewery": "no",
          "name": "The Old Wellington Inn",
          "outdoor_seating": "yes",
          "real_ale": "yes",
          "smoking": "outside",
          "start_date": "1552",
          "takeaway": "no",
          "website": "https://www.nicholsonspubs.co.uk/restaurants/northwest/theoldwellingtonmanchester",
          "wheelchair": "yes",
          "wikidata": "Q7754934",
          "wikipedia": "en:The Old Wellington Inn"
        },
        "sitelinks": 4
      }
    },
    {
      "type": "Feature",
      "geometry": {
        "type": "Point",
        "coordinates": [
          -2.2545158037037036,
          53.47531075185186
        ]
      },
      "properties": {
        "id": "osm:way:205061197",
        "source": "osm",
        "title": "Mamucium",
        "address": "",
        "description": "Site of the Roman fort at Manchester",
        "categories": [
          "historical",
          "architecture"
        ],
        "primary_category": "historical",
        "interest_score": 93,
        "website": "",
        "wikipedia": "en:Mamucium",
        "wikidata": "Q3285089",
        "source_url": "https://www.openstreetmap.org/way/205061197",
        "fetched_at_utc": "2026-10-07T11:43:15+00:00",
        "query_key": "historic_sites",
        "tags": {
          "archaeological_site": "fortification",
          "description": "Site of the Roman fort at Manchester",
          "heritage": "2",
          "heritage:operator": "he",
          "heritage:website": "https://www.pastscape.org.uk/hob.aspx?hob_id=76731",
          "historic": "archaeological_site",
          "historic:civilization": "ancient_roman",
          "historic:period": "principate",
          "name": "Mamucium",
          "ref:he": "76731",
          "start_date": "c. AD79",
          "wikidata": "Q3285089",
          "wikipedia": "en:Mamucium"
        },
        "sitelinks": 8
      }
    },
    {
      "type": "Feature",
      "geometry": {
        "type": "Point",
        "coordinates": [
          -2.249198821428571,
          53.480394564285724
        ]
      },
      "properties": {
        "id": "osm:way:29460499",
        "source": "osm",
        "title": "John Rylands Library",
        "address": "150 Deansgate, Manchester, M3 3EH",
        "description": "",
        "categories": [
          "historical",
          "cultural",
          "architecture",
          "literary"
        ],
        "primary_category": "historical",
        "interest_score": 92,
        "website": "https://www.library.manchester.ac.uk/rylands/",
        "wikipedia": "en:John Rylands Research Institute and Library",
        "wikidata": "Q1236267",
        "source_url": "https://www.openstreetmap.org/way/29460499",
        "fetched_at_utc": "2026-10-07T11:43:15+00:00",
        "query_key": "performance_and_literary",
        "tags": {
          "addr:city": "Manchester",
          "addr:housenumber": "150",
          "addr:postcode": "M3 3EH",
          "addr:street": "Deansgate",
          "amenity": "library",
          "architect": "Basil Champneys",
          "building": "yes",
          "building:levels": "4",
          "historic": "library",
          "listed_status": "Grade I",
          "name": "John Rylands Library",
          "opening_hours": "We-Sa 10:00-17:00",
          "start_date": "1890",
          "website": "https://www.library.manchester.ac.uk/rylands/",
          "wheelchair": "yes",
          "wikidata": "Q1236267",
          "wikipedia": "en:John Rylands Research Institute and Library"
        },
        "sitelinks": 17
      }
    },
    {
      "type": "Feature",
      "geometry": {
        "type": "Point",
        "coordinates": [
          -2.2374782,
          53.4813976
        ]
      },
      "properties": {
        "id": "osm:node:2868946921",
        "source": "osm",
        "title": "Peel",
        "address": "",
        "description": "PEEL",
        "categories": [
          "historical",
          "cultural",
          "architecture",
          "art",
          "memorial"
        ],
        "primary_category": "historical",
        "interest_score": 92,
        "website": "",
        "wikipedia": "",
        "wikidata": "Q26561100",
        "source_url": "https://www.openstreetmap.org/node/2868946921",
        "fetched_at_utc": "2026-10-07T11:43:15+00:00",
        "query_key": "galleries_and_arts",
        "tags": {
          "artist:wikidata": "Q8006455",
          "artist_name": "William Calder Marshall",
          "artwork_type": "statue",
          "heritage": "2",
          "historic": "memorial",
          "inscription": "PEEL",
          "memorial": "statue",
          "name": "Peel",
          "subject:wikidata": "Q181875",
          "tourism": "artwork",
          "wikidata": "Q26561100"
        },
        "sitelinks": 0
      }
    },
    {
      "type": "Feature",
      "geometry": {
        "type": "Point",
        "coordinates": [
          -2.2366341,
          53.481106
        ]
      },
      "properties": {
        "id": "osm:node:2651681809",
        "source": "osm",
        "title": "Queen Victoria",
        "address": "",
        "description": "",
        "categories": [
          "historical",
          "cultural",
          "architecture",
          "art",
          "memorial"
        ],
        "primary_category": "historical",
        "interest_score": 92,
        "website": "",
        "wikipedia": "",
        "wikidata": "Q26539302",
        "source_url": "https://www.openstreetmap.org/node/2651681809",
        "fetched_at_utc": "2026-10-07T11:43:15+00:00",
        "query_key": "galleries_and_arts",
        "tags": {
          "artist:wikidata": "Q2065439",
          "artist_name": "Edward Onslow Ford",
          "artwork_type": "statue",
          "eh:inscription_date": "1974-10-03",
          "heritage": "2",
          "heritage:operator": "eh",
          "historic": "memorial",
          "memorial": "statue",
          "name": "Queen Victoria",
          "start_date": "1901",
          "subject:wikidata": "Q9439",
          "tourism": "artwork",
          "wikidata": "Q26539302",
          "wikimedia_commons": "File:Queen Victoria - geograph.org.uk - 1082559.jpg"
        },
        "sitelinks": 1
      }
    },
    {
      "type": "Feature",
      "geometry": {
        "type": "Point",
        "coordinates": [
          -2.2367275,
          53.4811893
        ]
      },
      "properties": {
        "id": "osm:node:10858266805",
        "source": "osm",
        "title": "Watt",
        "address": "",
        "description": "",
        "categories": [
          "historical",
          "cultural",
          "architecture",
          "art",
          "memorial"
        ],
        "primary_category": "historical",
        "interest_score": 92,
        "website": "",
        "wikipedia": "",
        "wikidata": "Q26539303",
        "source_url": "https://www.openstreetmap.org/node/10858266805",
        "fetched_at_utc": "2026-10-07T11:43:15+00:00",
        "query_key": "galleries_and_arts",
        "tags": {
          "artist:wikidata": "Q2580751",
          "artwork_type": "statue",
          "heritage": "2",
          "historic": "memorial",
          "material": "bronze",
          "memorial": "statue",
          "name": "Watt",
          "subject:wikidata": "Q9041",
          "tourism": "artwork",
          "wikidata": "Q26539303"
        },
        "sitelinks": 0
      }
    },
    {
      "type": "Feature",
      "geometry": {
        "type": "Point",
        "coordinates": [
          -2.24525292,
          53.479516780000004
        ]
      },
      "properties": {
        "id": "osm:way:570278857",
        "source": "osm",
        "title": "Albert Memorial",
        "address": "",
        "description": "",
        "categories": [
          "historical",
          "cultural",
          "architecture",
          "art",
          "memorial"
        ],
        "primary_category": "historical",
        "interest_score": 91,
        "website": "",
        "wikipedia": "en:Albert Square, Manchester#The Albert Memorial",
        "wikidata": "",
        "source_url": "https://www.openstreetmap.org/way/570278857",
        "fetched_at_utc": "2026-10-07T11:43:15+00:00",
        "query_key": "galleries_and_arts",
        "tags": {
          "artist:wikidata": "Q6791021;Q7795316",
          "artist_name": "Thomas Worthington & Matthew Noble",
          "artwork_type": "sculpture",
          "building": "yes",
          "building:material": "stone",
          "historic": "monument",
          "image": "http://upload.wikimedia.org/wikipedia/commons/9/95/Albert-Square-MainStatue.jpg",
          "listed_status": "Grade I",
          "name": "Albert Memorial",
          "roof:shape": "pyramidal",
          "start_date": "1869",
          "subject:wikidata": "Q152245",
          "tourism": "artwork",
          "wikipedia": "en:Albert Square, Manchester#The Albert Memorial"
        }
      }
    },
    {
      "type": "Feature",
      "geometry": {
        "type": "Point",
        "coordinates": [
          -2.2323944,
          53.4824013
        ]
      },
      "properties": {
        "id": "osm:node:6358514139",
        "source": "osm",
        "title": "Greater Manchester Police Museum & Archives",
        "address": "57A Newton Street, Manchester, M1 1ET",
        "description": "",
        "categories": [
          "museum",
          "historical",
          "cultural"
        ],
        "primary_category": "museum",
        "interest_score": 90,
        "website": "https://gmpmuseum.co.uk/",
        "wikipedia": "",
        "wikidata": "Q17361850",
        "source_url": "https://www.openstreetmap.org/node/6358514139",
        "fetched_at_utc": "2026-10-07T11:43:15+00:00",
        "query_key": "museums",
        "tags": {
          "addr:city": "Manchester",
          "addr:country": "GB",
          "addr:housenumber": "57A",
          "addr:postcode": "M1 1ET",
          "addr:street": "Newton Street",
          "check_date": "2026-09-08",
          "check_date:opening_hours": "2026-09-08",
          "fee": "no",
          "name": "Greater Manchester Police Museum & Archives",
          "opening_hours": "Tu 10:30-16:00; PH off",
          "opening_hours:url": "https://gmpmuseum.co.uk/visiting/opening-hours/",
          "tourism": "museum",
          "website": "https://gmpmuseum.co.uk/",
          "wheelchair": "yes",
          "wikidata": "Q17361850"
        },
        "sitelinks": 2
      }
    },
    {
      "type": "Feature",
      "geometry": {
        "type": "Point",
        "coordinates": [
          -2.243351,
          53.472434
        ]
      },
      "properties": {
        "id": "osm:node:2777508135",
        "source": "osm",
        "title": "International Anthony Burgess Foundation",
        "address": "3 Cambridge Street, Manchester, M1 5BY",
        "description": "",
        "categories": [
          "museum",
          "historical",
          "cultural"
        ],
        "primary_category": "museum",
        "interest_score": 90,
        "website": "https://www.anthonyburgess.org/",
        "wikipedia": "",
        "wikidata": "Q43988806",
        "source_url": "https://www.openstreetmap.org/node/2777508135",
        "fetched_at_utc": "2026-10-07T11:43:15+00:00",
        "query_key": "museums",
        "tags": {
          "addr:city": "Manchester",
          "addr:country": "GB",
          "addr:housenumber": "3",
          "addr:postcode": "M1 5BY",
          "addr:street": "Cambridge Street",
          "email": "info@anthonyburgess.org",
          "fee": "no",
          "name": "International Anthony Burgess Foundation",
          "phone": "+44 1612 350776",
          "tourism": "museum",
          "website": "https://www.anthonyburgess.org/",
          "wheelchair": "limited",
          "wikidata": "Q43988806"
        },
        "sitelinks": 0
      }
    },
    {
      "type": "Feature",
      "geometry": {
        "type": "Point",
        "coordinates": [
          -2.2363722,
          53.468584
        ]
      },
      "properties": {
        "id": "osm:node:12557411153",
        "source": "osm",
        "title": "RNCM Collection of Historic Musical Instruments",
        "address": "",
        "description": "",
        "categories": [
          "museum",
          "historical",
          "cultural"
        ],
        "primary_category": "museum",
        "interest_score": 90,
        "website": "https://www.rncm.ac.uk/research/resources/collection/",
        "wikipedia": "",
        "wikidata": "Q113207964",
        "source_url": "https://www.openstreetmap.org/node/12557411153",
        "fetched_at_utc": "2026-10-07T11:43:15+00:00",
        "query_key": "museums",
        "tags": {
          "fixme": "location within building?",
          "name": "RNCM Collection of Historic Musical Instruments",
          "tourism": "museum",
          "website": "https://www.rncm.ac.uk/research/resources/collection/",
          "wikidata": "Q113207964"
        },
        "sitelinks": 0
      }
    },
    {
      "type": "Feature",
      "geometry": {
        "type": "Point",
        "coordinates": [
          -2.2399852,
          53.4725578
        ]
      },
      "properties": {
        "id": "osm:node:12565815777",
        "source": "osm",
        "title": "Special Collections Museum",
        "address": "",
        "description": "",
        "categories": [
          "museum",
          "historical",
          "cultural"
        ],
        "primary_category": "museum",
        "interest_score": 90,
        "website": "https://www.mmu.ac.uk/special-collections-museum",
        "wikipedia": "",
        "wikidata": "Q116738936",
        "source_url": "https://www.openstreetmap.org/node/12565815777",
        "fetched_at_utc": "2026-10-07T11:43:15+00:00",
        "query_key": "museums",
        "tags": {
          "alt_name": "Manchester Metropolitan University Special Collections",
          "fixme": "location within building? website says \"1st and 2nd floor, Manchester Metropolitan University Library, John Dalton Building, Chester Street (entrance on Oxford Road) \"",
          "name": "Special Collections Museum",
          "tourism": "museum",
          "website": "https://www.mmu.ac.uk/special-collections-museum",
          "wikidata": "Q116738936"
        },
        "sitelinks": 0
      }
    },
    {
      "type": "Feature",
      "geometry": {
        "type": "Point",
        "coordinates": [
          -2.2301738076923074,
          53.46231263846153
        ]
      },
      "properties": {
        "id": "osm:way:135999847",
        "source": "osm",
        "title": "Accomodation Office",
        "address": "",
        "description": "",
        "categories": [
          "historical",
          "architecture"
        ],
        "primary_category": "historical",
        "interest_score": 88,
        "website": "",
        "wikipedia": "en:Grove House, Manchester",
        "wikidata": "Q5611412",
        "source_url": "https://www.openstreetmap.org/way/135999847",
        "fetched_at_utc": "2026-10-07T11:43:15+00:00",
        "query_key": "heritage_sites",
        "tags": {
          "building": "university",
          "building:colour": "cream",
          "building:levels": "2",
          "heritage": "yes",
          "name": "Accomodation Office",
          "roof:colour": "grey",
          "roof:orientation": "along",
          "roof:shape": "hipped",
          "wikidata": "Q5611412",
          "wikipedia": "en:Grove House, Manchester"
        },
        "sitelinks": 1
      }
    },
    {
      "type": "Feature",
      "geometry": {
        "type": "Point",
        "coordinates": [
          -2.247872171428572,
          53.4782816
        ]
      },
      "properties": {
        "id": "osm:way:30343319",
        "source": "osm",
        "title": "Albert Hall",
        "address": "27 Peter Street, Manchester, M2 5QR",
        "description": "",
        "categories": [
          "historical",
          "architecture"
        ],
        "primary_category": "historical",
        "interest_score": 88,
        "website": "",
        "wikipedia": "en:Albert Hall, Manchester",
        "wikidata": "Q4710402",
        "source_url": "https://www.openstreetmap.org/way/30343319",
        "fetched_at_utc": "2026-10-07T11:43:15+00:00",
        "query_key": "heritage_sites",
        "tags": {
          "addr:city": "Manchester",
          "addr:housename": "The Albert Hall",
          "addr:housenumber": "27",
          "addr:postcode": "M2 5QR",
          "addr:street": "Peter Street",
          "amenity": "events_venue",
          "architect": "W. J. Morley of Bradford",
          "building": "yes",
          "heritage": "yes",
          "name": "Albert Hall",
          "old_name": "Albert Hall",
          "start_date": "1910",
          "wikidata": "Q4710402",
          "wikipedia": "en:Albert Hall, Manchester"
        },
        "sitelinks": 2
      }
    },
    {
      "type": "Feature",
      "geometry": {
        "type": "Point",
        "coordinates": [
          -2.243425123076923,
          53.47570237692308
        ]
      },
      "properties": {
        "id": "osm:way:114604597",
        "source": "osm",
        "title": "Canada House",
        "address": "",
        "description": "",
        "categories": [
          "historical",
          "architecture"
        ],
        "primary_category": "historical",
        "interest_score": 88,
        "website": "",
        "wikipedia": "en:Canada House, Manchester",
        "wikidata": "Q5029388",
        "source_url": "https://www.openstreetmap.org/way/114604597",
        "fetched_at_utc": "2026-10-07T11:43:15+00:00",
        "query_key": "heritage_sites",
        "tags": {
          "building": "office",
          "heritage": "yes",
          "landuse": "commercial",
          "name": "Canada House",
          "wikidata": "Q5029388",
          "wikipedia": "en:Canada House, Manchester"
        },
        "sitelinks": 1
      }
    },
    {
      "type": "Feature",
      "geometry": {
        "type": "Point",
        "coordinates": [
          -2.2491789818181815,
          53.47728302727273
        ]
      },
      "properties": {
        "id": "osm:way:448484293",
        "source": "osm",
        "title": "Great Northern",
        "address": "",
        "description": "",
        "categories": [
          "historical",
          "architecture"
        ],
        "primary_category": "historical",
        "interest_score": 88,
        "website": "",
        "wikipedia": "en:Great Northern Warehouse",
        "wikidata": "Q5599692",
        "source_url": "https://www.openstreetmap.org/way/448484293",
        "fetched_at_utc": "2026-10-07T11:43:15+00:00",
        "query_key": "heritage_sites",
        "tags": {
          "building": "commercial",
          "building:colour": "red",
          "building:levels": "4",
          "building:material": "brick",
          "building:part": "yes",
          "heritage": "yes",
          "name": "Great Northern",
          "old_name": "Great Northern Railway Company Goods Warehouse",
          "wikidata": "Q5599692",
          "wikipedia": "en:Great Northern Warehouse"
        },
        "sitelinks": 2
      }
    },
    {
      "type": "Feature",
      "geometry": {
        "type": "Point",
        "coordinates": [
          -2.24234022,
          53.48062322
        ]
      },
      "properties": {
        "id": "osm:way:60904356",
        "source": "osm",
        "title": "London point of interest",
        "address": "100 King Street",
        "description": "",
        "categories": [
          "historical",
          "architecture"
        ],
        "primary_category": "historical",
        "interest_score": 88,
        "website": "",
        "wikipedia": "en:100 King Street",
        "wikidata": "Q4546141",
        "source_url": "https://www.openstreetmap.org/way/60904356",
        "fetched_at_utc": "2026-10-07T11:43:15+00:00",
        "query_key": "heritage_sites",
        "tags": {
          "HE_ref": "1219241",
          "addr:housenumber": "100",
          "addr:street": "King Street",
          "architect": "Sir Edwin Lutyens",
          "building": "barn",
          "building:levels": "9.25",
          "building:use": "hotel",
          "heritage": "yes",
          "listed_status": "Grade II\"",
          "material": "stone",
          "old_name": "Midland Bank",
          "start_date": "1929",
          "stone": "portland_stone",
          "wikidata": "Q4546141",
          "wikipedia": "en:100 King Street"
        },
        "sitelinks": 1
      }
    },
    {
      "type": "Feature",
      "geometry": {
        "type": "Point",
        "coordinates": [
          -2.2274120548387093,
          53.47957690322581
        ]
      },
      "properties": {
        "id": "osm:way:662334622",
        "source": "osm",
        "title": "London point of interest",
        "address": "",
        "description": "",
        "categories": [
          "historical",
          "architecture"
        ],
        "primary_category": "historical",
        "interest_score": 88,
        "website": "",
        "wikipedia": "en:Store Street Aqueduct",
        "wikidata": "Q7619961",
        "source_url": "https://www.openstreetmap.org/way/662334622",
        "fetched_at_utc": "2026-10-07T11:43:15+00:00",
        "query_key": "heritage_sites",
        "tags": {
          "bridge": "aqueduct",
          "bridge:structure": "humpback",
          "heritage": "yes",
          "layer": "1",
          "man_made": "bridge",
          "wikidata": "Q7619961",
          "wikipedia": "en:Store Street Aqueduct"
        },
        "sitelinks": 1
      }
    },
    {
      "type": "Feature",
      "geometry": {
        "type": "Point",
        "coordinates": [
          -2.2442148074999997,
          53.47914218
        ]
      },
      "properties": {
        "id": "osm:relation:5409378",
        "source": "osm",
        "title": "Manchester Town Hall",
        "address": "Albert Square, Manchester, M2 5DB",
        "description": "",
        "categories": [
          "historical",
          "architecture"
        ],
        "primary_category": "historical",
        "interest_score": 88,
        "website": "",
        "wikipedia": "en:Manchester Town Hall",
        "wikidata": "Q2578415",
        "source_url": "https://www.openstreetmap.org/relation/5409378",
        "fetched_at_utc": "2026-10-07T11:43:15+00:00",
        "query_key": "heritage_sites",
        "tags": {
          "addr:city": "Manchester",
          "addr:housename": "Town Hall",
          "addr:postcode": "M2 5DB",
          "addr:street": "Albert Square",
          "amenity": "townhall",
          "architect": "Alfred Waterhouse",
          "building": "yes",
          "building:levels": "6",
          "building:part": "no",
          "heritage": "2",
          "heritage:operator": "Historic England",
          "listed_status": "Grade I",
          "name": "Manchester Town Hall",
          "name:en": "Manchester Town Hall",
          "name:es": "Ayuntamiento de Mánchester",
          "note:building": "put whole building details here, other multipolygon and ways are 3d definition",
          "source": "http://www.manchester.gov.uk/site/scripts/documents_info.php?categoryID=200064&documentID=1986&pageNumber=1",
          "start_date": "1877",
          "wikidata": "Q2578415",
          "wikipedia": "en:Manchester Town Hall"
        },
        "sitelinks": 14
      }
    },
    {
      "type": "Feature",
      "geometry": {
        "type": "Point",
        "coordinates": [
          -2.2776078348837214,
          53.46939580930231
        ]
      },
      "properties": {
        "id": "osm:way:119908560",
        "source": "osm",
        "title": "Ordsall Hall",
        "address": "322 Ordsall Lane, Salford, M5 3AN",
        "description": "",
        "categories": [
          "historical",
          "architecture",
          "landmark"
        ],
        "primary_category": "historical",
        "interest_score": 88,
        "website": "https://www.salfordcommunityleisure.co.uk/culture/ordsall-hall",
        "wikipedia": "en:Ordsall Hall",
        "wikidata": "Q7100933",
        "source_url": "https://www.openstreetmap.org/way/119908560",
        "fetched_at_utc": "2026-10-07T11:43:15+00:00",
        "query_key": "attractions_and_viewpoints",
        "tags": {
          "addr:city": "Salford",
          "addr:housename": "Ordsall Hall",
          "addr:housenumber": "322",
          "addr:postcode": "M5 3AN",
          "addr:street": "Ordsall Lane",
          "building": "yes",
          "email": "ordsall.hall@scll.co.uk",
          "fhrs:id": "53388",
          "historic": "building",
          "listed_status": "Grade I",
          "listed_status:ref": "HE_LBOR30",
          "name": "Ordsall Hall",
          "name:en": "Ordsall Hall",
          "opening_hours": "Mo-Th 10:00-16:00; Su 13:00-16:00",
          "operator": "Salford City Council",
          "operator:wikidata": "Q17020402",
          "operator:wikipedia": "en:Salford City Council",
          "phone": "+44 161 872 0251",
          "ref:GB:uprn": "100012715841;100012476743",
          "source": "Bing",
          "tourism": "attraction",
          "website": "https://www.salfordcommunityleisure.co.uk/culture/ordsall-hall",
          "wheelchair": "yes",
          "wikidata": "Q7100933",
          "wikipedia": "en:Ordsall Hall"
        },
        "sitelinks": 1
      }
    },
    {
      "type": "Feature",
      "geometry": {
        "type": "Point",
        "coordinates": [
          -2.259579975,
          53.477767699999994
        ]
      },
      "properties": {
        "id": "osm:way:526744918",
        "source": "osm",
        "title": "River Irwell Railway Bridge",
        "address": "",
        "description": "",
        "categories": [
          "historical",
          "architecture"
        ],
        "primary_category": "historical",
        "interest_score": 88,
        "website": "",
        "wikipedia": "en:River Irwell Railway Bridge",
        "wikidata": "Q7337521",
        "source_url": "https://www.openstreetmap.org/way/526744918",
        "fetched_at_utc": "2026-10-07T11:43:15+00:00",
        "query_key": "heritage_sites",
        "tags": {
          "heritage": "yes",
          "layer": "1",
          "listed_status": "Grade I",
          "man_made": "bridge",
          "name": "River Irwell Railway Bridge",
          "wikidata": "Q7337521",
          "wikipedia": "en:River Irwell Railway Bridge"
        },
        "sitelinks": 2
      }
    },
    {
      "type": "Feature",
      "geometry": {
        "type": "Point",
        "coordinates": [
          -2.246001681818182,
          53.484851927272715
        ]
      },
      "properties": {
        "id": "osm:way:570246727",
        "source": "osm",
        "title": "Victoria Bridge",
        "address": "",
        "description": "",
        "categories": [
          "historical",
          "architecture"
        ],
        "primary_category": "historical",
        "interest_score": 88,
        "website": "",
        "wikipedia": "en:Victoria Bridge, Manchester",
        "wikidata": "Q7926602",
        "source_url": "https://www.openstreetmap.org/way/570246727",
        "fetched_at_utc": "2026-10-07T11:43:15+00:00",
        "query_key": "heritage_sites",
        "tags": {
          "bridge:structure": "arch",
          "heritage": "yes",
          "layer": "1",
          "man_made": "bridge",
          "name": "Victoria Bridge",
          "wikidata": "Q7926602",
          "wikipedia": "en:Victoria Bridge, Manchester"
        },
        "sitelinks": 1
      }
    },
    {
      "type": "Feature",
      "geometry": {
        "type": "Point",
        "coordinates": [
          -2.235675,
          53.480874
        ]
      },
      "properties": {
        "id": "osm:node:2739269168",
        "source": "osm",
        "title": "Wellington",
        "address": "",
        "description": "",
        "categories": [
          "historical",
          "cultural",
          "architecture",
          "art"
        ],
        "primary_category": "historical",
        "interest_score": 84,
        "website": "",
        "wikipedia": "",
        "wikidata": "Q26561101",
        "source_url": "https://www.openstreetmap.org/node/2739269168",
        "fetched_at_utc": "2026-10-07T11:43:15+00:00",
        "query_key": "galleries_and_arts",
        "tags": {
          "artist:wikidata": "Q6791021",
          "artist_name": "Matthew Noble",
          "artwork_type": "statue",
          "heritage": "2",
          "name": "Wellington",
          "subject:wikidata": "Q131691",
          "tourism": "artwork",
          "wikidata": "Q26561101"
        },
        "sitelinks": 0
      }
    },
    {
      "type": "Feature",
      "geometry": {
        "type": "Point",
        "coordinates": [
          -2.2162795028571427,
          53.46932317999999
        ]
      },
      "properties": {
        "id": "osm:way:611896749",
        "source": "osm",
        "title": "London point of interest",
        "address": "Ford Street, Manchester, M12 6BA",
        "description": "",
        "categories": [
          "historical",
          "architecture"
        ],
        "primary_category": "historical",
        "interest_score": 78,
        "website": "",
        "wikipedia": "en:Ellen Wilkinson High School",
        "wikidata": "Q5365060",
        "source_url": "https://www.openstreetmap.org/way/611896749",
        "fetched_at_utc": "2026-10-07T11:43:15+00:00",
        "query_key": "historic_sites",
        "tags": {
          "addr:city": "Manchester",
          "addr:housename": "Nicholls Hospital",
          "addr:postcode": "M12 6BA",
          "addr:street": "Ford Street",
          "building": "yes",
          "historic": "building",
          "listed_status": "Grade II*",
          "ref:GB:nhle": "1291812",
          "ref:GB:uprn": "10023049480",
          "start_date": "1880",
          "wikidata": "Q5365060",
          "wikipedia": "en:Ellen Wilkinson High School"
        },
        "sitelinks": 1
      }
    },
    {
      "type": "Feature",
      "geometry": {
        "type": "Point",
        "coordinates": [
          -2.2465419384615384,
          53.47768888461539
        ]
      },
      "properties": {
        "id": "osm:way:1002569390",
        "source": "osm",
        "title": "London point of interest",
        "address": "Peter Street, Manchester",
        "description": "",
        "categories": [
          "historical",
          "architecture"
        ],
        "primary_category": "historical",
        "interest_score": 78,
        "website": "",
        "wikipedia": "en:Theatre Royal, Manchester",
        "wikidata": "Q7777435",
        "source_url": "https://www.openstreetmap.org/way/1002569390",
        "fetched_at_utc": "2026-10-07T11:43:15+00:00",
        "query_key": "historic_sites",
        "tags": {
          "addr:city": "Manchester",
          "addr:housename": "Royale Club",
          "addr:street": "Peter Street",
          "building": "yes",
          "disused": "yes",
          "historic": "building",
          "listed_status": "Grade II",
          "ref:GB:nhle": "1246667",
          "wikidata": "Q7777435",
          "wikipedia": "en:Theatre Royal, Manchester"
        },
        "sitelinks": 1
      }
    },
    {
      "type": "Feature",
      "geometry": {
        "type": "Point",
        "coordinates": [
          -2.2348826857142856,
          53.48553781428571
        ]
      },
      "properties": {
        "id": "osm:way:198741713",
        "source": "osm",
        "title": "Smithfield Market Hall",
        "address": "",
        "description": "",
        "categories": [
          "historical",
          "architecture"
        ],
        "primary_category": "historical",
        "interest_score": 78,
        "website": "",
        "wikipedia": "en:Smithfield Market Hall",
        "wikidata": "Q17361869",
        "source_url": "https://www.openstreetmap.org/way/198741713",
        "fetched_at_utc": "2026-10-07T11:43:15+00:00",
        "query_key": "historic_sites",
        "tags": {
          "building": "retail",
          "building:levels": "2",
          "historic": "building",
          "name": "Smithfield Market Hall",
          "source": "bing",
          "wikidata": "Q17361869",
          "wikipedia": "en:Smithfield Market Hall"
        },
        "sitelinks": 1
      }
    },
    {
      "type": "Feature",
      "geometry": {
        "type": "Point",
        "coordinates": [
          -2.2359608,
          53.476732
        ]
      },
      "properties": {
        "id": "osm:node:1295097482",
        "source": "osm",
        "title": "Alan Turing Statue",
        "address": "",
        "description": "Alan Mathison Turing 1912-1954 Father of Computer Science, Mathematician, Logician, Wartime Codebreaker, Victim of Prejudice.",
        "categories": [
          "historical",
          "memorial"
        ],
        "primary_category": "historical",
        "interest_score": 76,
        "website": "",
        "wikipedia": "en:Alan Turing Memorial",
        "wikidata": "Q3736114",
        "source_url": "https://www.openstreetmap.org/node/1295097482",
        "fetched_at_utc": "2026-10-07T11:43:15+00:00",
        "query_key": "historic_sites",
        "tags": {
          "artist_name": "Glyn Hughes",
          "historic": "memorial",
          "inscription": "Alan Mathison Turing 1912-1954 Father of Computer Science, Mathematician, Logician, Wartime Codebreaker, Victim of Prejudice.",
          "material": "bronze",
          "memorial": "statue",
          "name": "Alan Turing Statue",
          "start_date": "2001-06-23",
          "subject:wikidata": "Q7251",
          "wheelchair": "yes",
          "wikidata": "Q3736114",
          "wikipedia": "en:Alan Turing Memorial"
        },
        "sitelinks": 11
      }
    },
    {
      "type": "Feature",
      "geometry": {
        "type": "Point",
        "coordinates": [
          -2.257651075,
          53.47827583749999
        ]
      },
      "properties": {
        "id": "osm:way:1089886229",
        "source": "osm",
        "title": "Aviva Studios",
        "address": "Water Street, Manchester, M3 4JQ",
        "description": "",
        "categories": [
          "cultural",
          "architecture",
          "art"
        ],
        "primary_category": "cultural",
        "interest_score": 76,
        "website": "https://factoryinternational.org/aviva-studios/",
        "wikipedia": "en:Factory International",
        "wikidata": "Q28451599",
        "source_url": "https://www.openstreetmap.org/way/1089886229",
        "fetched_at_utc": "2026-10-07T11:43:15+00:00",
        "query_key": "galleries_and_arts",
        "tags": {
          "addr:city": "Manchester",
          "addr:postcode": "M3 4JQ",
          "addr:street": "Water Street",
          "amenity": "arts_centre",
          "building": "yes",
          "layer": "1",
          "name": "Aviva Studios",
          "operator": "Factory International",
          "website": "https://factoryinternational.org/aviva-studios/",
          "wikidata": "Q28451599",
          "wikipedia": "en:Factory International"
        },
        "sitelinks": 2
      }
    },
    {
      "type": "Feature",
      "geometry": {
        "type": "Point",
        "coordinates": [
          -2.246179863934427,
          53.47540679836066
        ]
      },
      "properties": {
        "id": "osm:way:165386099",
        "source": "osm",
        "title": "Bridgewater Hall",
        "address": "Lower Mosley Street, Manchester, M2 3WS",
        "description": "",
        "categories": [
          "cultural",
          "architecture",
          "art"
        ],
        "primary_category": "cultural",
        "interest_score": 76,
        "website": "https://www.bridgewater-hall.co.uk/",
        "wikipedia": "en:Bridgewater Hall",
        "wikidata": "Q2925178",
        "source_url": "https://www.openstreetmap.org/way/165386099",
        "fetched_at_utc": "2026-10-07T11:43:15+00:00",
        "query_key": "performance_and_literary",
        "tags": {
          "addr:city": "Manchester",
          "addr:housename": "The Bridgewater Hall",
          "addr:postcode": "M2 3WS",
          "addr:street": "Lower Mosley Street",
          "amenity": "theatre",
          "building": "yes",
          "layer": "2",
          "name": "Bridgewater Hall",
          "operator": "SMG Europe",
          "phone": "+44 844 907 9000",
          "theatre:genre": "philharmonic",
          "website": "https://www.bridgewater-hall.co.uk/",
          "wheelchair": "yes",
          "wikidata": "Q2925178",
          "wikipedia": "en:Bridgewater Hall"
        },
        "sitelinks": 6
      }
    },
    {
      "type": "Feature",
      "geometry": {
        "type": "Point",
        "coordinates": [
          -2.2430508,
          53.4787335
        ]
      },
      "properties": {
        "id": "osm:node:1634316329",
        "source": "osm",
        "title": "Cenotaph",
        "address": "",
        "description": "",
        "categories": [
          "historical",
          "memorial"
        ],
        "primary_category": "historical",
        "interest_score": 76,
        "website": "",
        "wikipedia": "en:Manchester Cenotaph",
        "wikidata": "Q6747297",
        "source_url": "https://www.openstreetmap.org/node/1634316329",
        "fetched_at_utc": "2026-10-07T11:43:15+00:00",
        "query_key": "historic_sites",
        "tags": {
          "historic": "monument",
          "name": "Cenotaph",
          "name:es": "Cenotafio de Mánchester",
          "note": "Moved from original location April 2014.",
          "source": "http://www.manchestereveningnews.co.uk/news/greater-manchester-news/manchesters-cenotaph-move-side-st-6559512",
          "wikidata": "Q6747297",
          "wikipedia": "en:Manchester Cenotaph"
        },
        "sitelinks": 4
      }
    },
    {
      "type": "Feature",
      "geometry": {
        "type": "Point",
        "coordinates": [
          -2.23199594117647,
          53.463122858823546
        ]
      },
      "properties": {
        "id": "osm:way:136502886",
        "source": "osm",
        "title": "Contact",
        "address": "Oxford Road, Manchester, M15 6JA",
        "description": "",
        "categories": [
          "cultural",
          "architecture",
          "art"
        ],
        "primary_category": "cultural",
        "interest_score": 76,
        "website": "http://www.contact-theatre.org/",
        "wikipedia": "en:Contact Theatre",
        "wikidata": "Q2995405",
        "source_url": "https://www.openstreetmap.org/way/136502886",
        "fetched_at_utc": "2026-10-07T11:43:15+00:00",
        "query_key": "performance_and_literary",
        "tags": {
          "addr:city": "Manchester",
          "addr:postcode": "M15 6JA",
          "addr:street": "Oxford Road",
          "amenity": "theatre",
          "building": "yes",
          "check_date": "2025-07-31",
          "name": "Contact",
          "phone": "+44 161 2740600",
          "website": "http://www.contact-theatre.org/",
          "wheelchair": "yes",
          "wheelchair:description": "parking difficult during University hours",
          "wikidata": "Q2995405",
          "wikipedia": "en:Contact Theatre"
        },
        "sitelinks": 3
      }
    },
    {
      "type": "Feature",
      "geometry": {
        "type": "Point",
        "coordinates": [
          -2.2282993,
          53.4595519
        ]
      },
      "properties": {
        "id": "osm:node:1977807672",
        "source": "osm",
        "title": "Edward VII",
        "address": "",
        "description": "",
        "categories": [
          "historical",
          "memorial"
        ],
        "primary_category": "historical",
        "interest_score": 76,
        "website": "",
        "wikipedia": "en:Edward VII",
        "wikidata": "Q20875",
        "source_url": "https://www.openstreetmap.org/node/1977807672",
        "fetched_at_utc": "2026-10-07T11:43:15+00:00",
        "query_key": "historic_sites",
        "tags": {
          "historic": "memorial",
          "memorial": "statue",
          "name": "Edward VII",
          "wikidata": "Q20875",
          "wikipedia": "en:Edward VII"
        },
        "sitelinks": 98
      }
    },
    {
      "type": "Feature",
      "geometry": {
        "type": "Point",
        "coordinates": [
          -2.2414278533333336,
          53.47868845333333
        ]
      },
      "properties": {
        "id": "osm:way:30957808",
        "source": "osm",
        "title": "Manchester Art Gallery",
        "address": "Mosley Street, Manchester, M2 3JL",
        "description": "",
        "categories": [
          "cultural",
          "architecture",
          "art"
        ],
        "primary_category": "cultural",
        "interest_score": 76,
        "website": "https://manchesterartgallery.org/",
        "wikipedia": "en:Manchester Art Gallery",
        "wikidata": "Q2638817",
        "source_url": "https://www.openstreetmap.org/way/30957808",
        "fetched_at_utc": "2026-10-07T11:43:15+00:00",
        "query_key": "galleries_and_arts",
        "tags": {
          "addr:city": "Manchester",
          "addr:housename": "Manchester Art Gallery",
          "addr:postcode": "M2 3JL",
          "addr:street": "Mosley Street",
          "building": "yes",
          "building:levels": "3",
          "check_date": "2026-03-17",
          "check_date:opening_hours": "2026-03-17",
          "fee": "no",
          "listed_status": "Grade I",
          "name": "Manchester Art Gallery",
          "name:en": "Manchester Art Gallery",
          "name:he": "גלריית האומנות של מנ'צסטר",
          "opening_hours": "Tu-Su 10:00-17:00",
          "phone": "+44 161 235 8888",
          "toilets": "yes",
          "toilets:wheelchair": "designated",
          "tourism": "gallery",
          "website": "https://manchesterartgallery.org/",
          "wheelchair": "yes",
          "wikidata": "Q2638817",
          "wikipedia": "en:Manchester Art Gallery"
        },
        "sitelinks": 20
      }
    },
    {
      "type": "Feature",
      "geometry": {
        "type": "Point",
        "coordinates": [
          -2.2514339400000005,
          53.478866419999996
        ]
      },
      "properties": {
        "id": "osm:way:31192029",
        "source": "osm",
        "title": "Manchester Opera House",
        "address": "3 Quay Street, Manchester, M3 3HP",
        "description": "",
        "categories": [
          "cultural",
          "architecture",
          "art"
        ],
        "primary_category": "cultural",
        "interest_score": 76,
        "website": "https://www.manchestertheatres.com/operahouse.htm",
        "wikipedia": "en:Manchester Opera House",
        "wikidata": "Q1327556",
        "source_url": "https://www.openstreetmap.org/way/31192029",
        "fetched_at_utc": "2026-10-07T11:43:15+00:00",
        "query_key": "performance_and_literary",
        "tags": {
          "addr:city": "Manchester",
          "addr:housenumber": "3",
          "addr:postcode": "M3 3HP",
          "addr:street": "Quay Street",
          "amenity": "theatre",
          "building": "yes",
          "capacity": "1920",
          "check_date": "2025-02-12",
          "name": "Manchester Opera House",
          "phone": "+44 844 871 3018",
          "website": "https://www.manchestertheatres.com/operahouse.htm",
          "wheelchair": "limited",
          "wikidata": "Q1327556",
          "wikipedia": "en:Manchester Opera House"
        },
        "sitelinks": 7
      }
    },
    {
      "type": "Feature",
      "geometry": {
        "type": "Point",
        "coordinates": [
          -2.2409399,
          53.475064711111116
        ]
      },
      "properties": {
        "id": "osm:way:31178728",
        "source": "osm",
        "title": "Palace Theatre",
        "address": "97 Oxford Street, Manchester, M1 6FT",
        "description": "",
        "categories": [
          "cultural",
          "architecture",
          "art"
        ],
        "primary_category": "cultural",
        "interest_score": 76,
        "website": "https://www.manchestertheatres.com/palacetheatre.htm",
        "wikipedia": "en:Palace Theatre, Manchester",
        "wikidata": "Q3360751",
        "source_url": "https://www.openstreetmap.org/way/31178728",
        "fetched_at_utc": "2026-10-07T11:43:15+00:00",
        "query_key": "performance_and_literary",
        "tags": {
          "addr:city": "Manchester",
          "addr:housenumber": "97",
          "addr:postcode": "M1 6FT",
          "addr:street": "Oxford Street",
          "amenity": "theatre",
          "building": "yes",
          "check_date": "2025-05-08",
          "name": "Palace Theatre",
          "phone": "+44 844 871 3019",
          "ref:GB:uprn": "77120569;10093688549",
          "website": "https://www.manchestertheatres.com/palacetheatre.htm",
          "wheelchair": "limited",
          "wikidata": "Q3360751",
          "wikipedia": "en:Palace Theatre, Manchester"
        },
        "sitelinks": 3
      }
    },
    {
      "type": "Feature",
      "geometry": {
        "type": "Point",
        "coordinates": [
          -2.2456978142857142,
          53.47655722857142
        ]
      },
      "properties": {
        "id": "osm:way:948368918",
        "source": "osm",
        "title": "Peterloo Memorial",
        "address": "",
        "description": "",
        "categories": [
          "historical",
          "memorial"
        ],
        "primary_category": "historical",
        "interest_score": 76,
        "website": "",
        "wikipedia": "en:Peterloo Memorial",
        "wikidata": "Q60751168",
        "source_url": "https://www.openstreetmap.org/way/948368918",
        "fetched_at_utc": "2026-10-07T11:43:15+00:00",
        "query_key": "historic_sites",
        "tags": {
          "historic": "memorial",
          "material": "stone",
          "memorial": "sculpture",
          "name": "Peterloo Memorial",
          "wikidata": "Q60751168",
          "wikipedia": "en:Peterloo Memorial"
        },
        "sitelinks": 1
      }
    },
    {
      "type": "Feature",
      "geometry": {
        "type": "Point",
        "coordinates": [
          -2.2430512,
          53.4778865
        ]
      },
      "properties": {
        "id": "osm:node:6138345832",
        "source": "osm",
        "title": "Rise up, Women",
        "address": "",
        "description": "",
        "categories": [
          "historical",
          "memorial"
        ],
        "primary_category": "historical",
        "interest_score": 76,
        "website": "",
        "wikipedia": "en:Rise up, Women (Emmeline Pankhurst statue)",
        "wikidata": "Q59773345",
        "source_url": "https://www.openstreetmap.org/node/6138345832",
        "fetched_at_utc": "2026-10-07T11:43:15+00:00",
        "query_key": "historic_sites",
        "tags": {
          "artist:wikidata": "Q59779567",
          "artist_name": "Hazel Reeves",
          "historic": "memorial",
          "material": "bronze",
          "memorial": "statue",
          "name": "Rise up, Women",
          "start_date": "2018-12-14",
          "subject": "Emmeline Pankhurst",
          "subject:wikidata": "Q211519",
          "wheelchair": "yes",
          "wikidata": "Q59773345",
          "wikipedia": "en:Rise up, Women (Emmeline Pankhurst statue)"
        },
        "sitelinks": 4
      }
    },
    {
      "type": "Feature",
      "geometry": {
        "type": "Point",
        "coordinates": [
          -2.2447442685714285,
          53.485706959999995
        ]
      },
      "properties": {
        "id": "osm:way:1018626643",
        "source": "osm",
        "title": "The Glade of Light",
        "address": "",
        "description": "",
        "categories": [
          "historical",
          "memorial"
        ],
        "primary_category": "historical",
        "interest_score": 76,
        "website": "",
        "wikipedia": "en:The Glade of Light",
        "wikidata": "Q109973918",
        "source_url": "https://www.openstreetmap.org/way/1018626643",
        "fetched_at_utc": "2026-10-07T11:43:15+00:00",
        "query_key": "historic_sites",
        "tags": {
          "historic": "memorial",
          "memorial": "memorial",
          "name": "The Glade of Light",
          "name:es": "El Claro de Luz",
          "wikidata": "Q109973918",
          "wikipedia": "en:The Glade of Light"
        },
        "sitelinks": 2
      }
    },
    {
      "type": "Feature",
      "geometry": {
        "type": "Point",
        "coordinates": [
          -2.2359570125,
          53.4750217125
        ]
      },
      "properties": {
        "id": "osm:way:182517482",
        "source": "osm",
        "title": "Granby House",
        "address": "Granby Row, Manchester, M1 7AR",
        "description": "",
        "categories": [
          "historical",
          "architecture"
        ],
        "primary_category": "historical",
        "interest_score": 72,
        "website": "",
        "wikipedia": "",
        "wikidata": "Q26512899",
        "source_url": "https://www.openstreetmap.org/way/182517482",
        "fetched_at_utc": "2026-10-07T11:43:15+00:00",
        "query_key": "heritage_sites",
        "tags": {
          "addr:city": "Manchester",
          "addr:housename": "Granby House",
          "addr:postcode": "M1 7AR",
          "addr:street": "Granby Row",
          "building": "apartments",
          "heritage": "yes",
          "name": "Granby House",
          "source": "bing",
          "wikidata": "Q26512899"
        },
        "sitelinks": 0
      }
    },
    {
      "type": "Feature",
      "geometry": {
        "type": "Point",
        "coordinates": [
          -2.2640731,
          53.483046
        ]
      },
      "properties": {
        "id": "osm:node:4438213390",
        "source": "osm",
        "title": "Lancashire Fusiliers, Boer War Memorial",
        "address": "",
        "description": "ERECTED BY THE COUNTY BOROUGH OF SALFORD TO THE MEMORY OF MANY TOWNSMEN WHO SERVED THEIR SOVEREIGN AND COUNTRY IN SOUTH AFRICA 1899 - 1902 ......",
        "categories": [
          "historical",
          "architecture",
          "memorial"
        ],
        "primary_category": "historical",
        "interest_score": 72,
        "website": "https://historicengland.org.uk/listing/the-list/list-entry/1386163",
        "wikipedia": "",
        "wikidata": "",
        "source_url": "https://www.openstreetmap.org/node/4438213390",
        "fetched_at_utc": "2026-10-07T11:43:15+00:00",
        "query_key": "heritage_sites",
        "tags": {
          "HE_ref": "1386163",
          "artist_name": "George Frampton, R.A.",
          "heritage": "2",
          "heritage:operator": "Historic England",
          "historic": "heritage",
          "inscription": "ERECTED BY THE COUNTY BOROUGH OF SALFORD TO THE MEMORY OF MANY TOWNSMEN WHO SERVED THEIR SOVEREIGN AND COUNTRY IN SOUTH AFRICA 1899 - 1902 ......",
          "listed_status": "Grade II",
          "memorial": "war_memorial",
          "memorial:conflict": "Second_Boer_War",
          "memorial:conflict:wikidata": "Q215112",
          "name": "Lancashire Fusiliers, Boer War Memorial",
          "operator": "Salford Metropolitan Borough Council",
          "start_date": "July 13th 1905",
          "website": "https://historicengland.org.uk/listing/the-list/list-entry/1386163"
        }
      }
    },
    {
      "type": "Feature",
      "geometry": {
        "type": "Point",
        "coordinates": [
          -2.236353376923077,
          53.474966692307696
        ]
      },
      "properties": {
        "id": "osm:way:178409260",
        "source": "osm",
        "title": "Orient House",
        "address": "Granby Row, Manchester, M1 7AJ",
        "description": "",
        "categories": [
          "historical",
          "architecture"
        ],
        "primary_category": "historical",
        "interest_score": 72,
        "website": "",
        "wikipedia": "",
        "wikidata": "Q26496603",
        "source_url": "https://www.openstreetmap.org/way/178409260",
        "fetched_at_utc": "2026-10-07T11:43:15+00:00",
        "query_key": "heritage_sites",
        "tags": {
          "addr:city": "Manchester",
          "addr:housename": "Orient House",
          "addr:postcode": "M1 7AJ",
          "addr:street": "Granby Row",
          "building": "apartments",
          "heritage": "yes",
          "name": "Orient House",
          "wikidata": "Q26496603"
        },
        "sitelinks": 0
      }
    },
    {
      "type": "Feature",
      "geometry": {
        "type": "Point",
        "coordinates": [
          -2.242618083018868,
          53.48572414716981
        ]
      },
      "properties": {
        "id": "osm:way:135978254",
        "source": "osm",
        "title": "Cathedral Gardens",
        "address": "Corporation Street, Manchester, M4 3BG",
        "description": "",
        "categories": [
          "natural",
          "park"
        ],
        "primary_category": "natural",
        "interest_score": 70,
        "website": "https://www.manchester.gov.uk/directory_record/166439/cathedral_gardens",
        "wikipedia": "en:Cathedral Gardens",
        "wikidata": "Q5052227",
        "source_url": "https://www.openstreetmap.org/way/135978254",
        "fetched_at_utc": "2026-10-07T11:43:15+00:00",
        "query_key": "parks",
        "tags": {
          "addr:city": "Manchester",
          "addr:postcode": "M4 3BG",
          "addr:street": "Corporation Street",
          "garden:type": "public",
          "leisure": "park",
          "name": "Cathedral Gardens",
          "operator": "Manchester City Council",
          "operator:type": "government",
          "operator:wikidata": "Q2302252",
          "source": "Local knowledge",
          "website": "https://www.manchester.gov.uk/directory_record/166439/cathedral_gardens",
          "wikidata": "Q5052227",
          "wikipedia": "en:Cathedral Gardens"
        },
        "sitelinks": 3
      }
    },
    {
      "type": "Feature",
      "geometry": {
        "type": "Point",
        "coordinates": [
          -2.2498486399999997,
          53.46453446
        ]
      },
      "properties": {
        "id": "osm:way:201689009",
        "source": "osm",
        "title": "Hulme Hippodrome",
        "address": "",
        "description": "",
        "categories": [
          "cultural",
          "architecture",
          "art"
        ],
        "primary_category": "cultural",
        "interest_score": 70,
        "website": "",
        "wikipedia": "en:Hulme Hippodrome",
        "wikidata": "Q5936195",
        "source_url": "https://www.openstreetmap.org/way/201689009",
        "fetched_at_utc": "2026-10-07T11:43:15+00:00",
        "query_key": "performance_and_literary",
        "tags": {
          "amenity": "theatre",
          "building": "yes",
          "disused": "yes",
          "name": "Hulme Hippodrome",
          "ref:GB:uprn": "77244332",
          "wikidata": "Q5936195",
          "wikipedia": "en:Hulme Hippodrome"
        },
        "sitelinks": 2
      }
    },
    {
      "type": "Feature",
      "geometry": {
        "type": "Point",
        "coordinates": [
          -2.2774886,
          53.4694037
        ]
      },
      "properties": {
        "id": "osm:node:13972279448",
        "source": "osm",
        "title": "Ordsall Hall",
        "address": "",
        "description": "",
        "categories": [
          "museum",
          "historical",
          "cultural"
        ],
        "primary_category": "museum",
        "interest_score": 70,
        "website": "",
        "wikipedia": "",
        "wikidata": "",
        "source_url": "https://www.openstreetmap.org/node/13972279448",
        "fetched_at_utc": "2026-10-07T11:43:15+00:00",
        "query_key": "museums",
        "tags": {
          "fee": "no",
          "name": "Ordsall Hall",
          "opening_hours": "Mo-Th 10:00-16:00; Su 11:30-16:00; Fr,Sa,PH off",
          "tourism": "museum"
        }
      }
    },
    {
      "type": "Feature",
      "geometry": {
        "type": "Point",
        "coordinates": [
          -2.2712814371134025,
          53.48789659278349
        ]
      },
      "properties": {
        "id": "osm:way:4818853",
        "source": "osm",
        "title": "Peel Park",
        "address": "The Crescent, Salford, M5 4WU",
        "description": "",
        "categories": [
          "natural",
          "park"
        ],
        "primary_category": "natural",
        "interest_score": 70,
        "website": "https://www.salford.gov.uk/peelpark",
        "wikipedia": "en:Peel Park, Salford",
        "wikidata": "Q7160242",
        "source_url": "https://www.openstreetmap.org/way/4818853",
        "fetched_at_utc": "2026-10-07T11:43:15+00:00",
        "query_key": "parks",
        "tags": {
          "addr:city": "Salford",
          "addr:postcode": "M5 4WU",
          "addr:street": "The Crescent",
          "email": "rangers@salford.gov.uk",
          "leisure": "park",
          "name": "Peel Park",
          "source": "data.gov.uk",
          "website": "https://www.salford.gov.uk/peelpark",
          "wikidata": "Q7160242",
          "wikipedia": "en:Peel Park, Salford"
        },
        "sitelinks": 1
      }
    },
    {
      "type": "Feature",
      "geometry": {
        "type": "Point",
        "coordinates": [
          -2.2538963666666665,
          53.47538465555556
        ]
      },
      "properties": {
        "id": "osm:way:242966918",
        "source": "osm",
        "title": "Reconstructed gateway to Roman fort",
        "address": "",
        "description": "Reconstructed gateway to Roman fort",
        "categories": [
          "historical",
          "architecture"
        ],
        "primary_category": "historical",
        "interest_score": 70,
        "website": "",
        "wikipedia": "",
        "wikidata": "",
        "source_url": "https://www.openstreetmap.org/way/242966918",
        "fetched_at_utc": "2026-10-07T11:43:15+00:00",
        "query_key": "historic_sites",
        "tags": {
          "building": "yes",
          "description": "Reconstructed gateway to Roman fort",
          "heritage": "yes",
          "historic": "city_gate",
          "image": "https://commons.wikimedia.org/wiki/File:Mamucium_gateway.JPG"
        }
      }
    },
    {
      "type": "Feature",
      "geometry": {
        "type": "Point",
        "coordinates": [
          -2.2566130677419354,
          53.47727771290322
        ]
      },
      "properties": {
        "id": "osm:way:590377952",
        "source": "osm",
        "title": "Science and Industry Museum",
        "address": "",
        "description": "",
        "categories": [
          "museum",
          "historical",
          "cultural"
        ],
        "primary_category": "museum",
        "interest_score": 70,
        "website": "",
        "wikipedia": "",
        "wikidata": "",
        "source_url": "https://www.openstreetmap.org/way/590377952",
        "fetched_at_utc": "2026-10-07T11:43:15+00:00",
        "query_key": "museums",
        "tags": {
          "name": "Science and Industry Museum",
          "tourism": "museum"
        }
      }
    },
    {
      "type": "Feature",
      "geometry": {
        "type": "Point",
        "coordinates": [
          -2.2441347577777773,
          53.4879330511111
        ]
      },
      "properties": {
        "id": "osm:way:354135390",
        "source": "osm",
        "title": "AO Arena",
        "address": "Hunts Bank, Manchester, M3 1AR",
        "description": "",
        "categories": [
          "architecture",
          "landmark"
        ],
        "primary_category": "architecture",
        "interest_score": 68,
        "website": "https://www.ao-arena.com/",
        "wikipedia": "en:Manchester Arena",
        "wikidata": "Q1461465",
        "source_url": "https://www.openstreetmap.org/way/354135390",
        "fetched_at_utc": "2026-10-07T11:43:15+00:00",
        "query_key": "attractions_and_viewpoints",
        "tags": {
          "addr:city": "Manchester",
          "addr:housename": "Manchester Arena",
          "addr:postcode": "M3 1AR",
          "addr:street": "Hunts Bank",
          "building": "yes",
          "fhrs:id": "1819406",
          "layer": "2",
          "leisure": "stadium",
          "name": "AO Arena",
          "old_name": "MEN Arena;Phones 4u Arena",
          "operator": "AO",
          "phone": "+44 161 950 5000",
          "source": "OS_OpenData_StreetView",
          "tourism": "attraction",
          "website": "https://www.ao-arena.com/",
          "wheelchair": "yes",
          "wikidata": "Q1461465",
          "wikipedia": "en:Manchester Arena"
        },
        "sitelinks": 36
      }
    },
    {
      "type": "Feature",
      "geometry": {
        "type": "Point",
        "coordinates": [
          -2.2164033833333328,
          53.460311016666665
        ]
      },
      "properties": {
        "id": "osm:way:79712589",
        "source": "osm",
        "title": "Victoria Baths",
        "address": "Hathersage Road, Manchester, M13 0FE",
        "description": "",
        "categories": [
          "architecture",
          "landmark"
        ],
        "primary_category": "architecture",
        "interest_score": 68,
        "website": "https://victoriabaths.org.uk/",
        "wikipedia": "en:Victoria Baths",
        "wikidata": "Q7926585",
        "source_url": "https://www.openstreetmap.org/way/79712589",
        "fetched_at_utc": "2026-10-07T11:43:15+00:00",
        "query_key": "attractions_and_viewpoints",
        "tags": {
          "addr:city": "Manchester",
          "addr:housename": "Victoria Baths",
          "addr:postcode": "M13 0FE",
          "addr:street": "Hathersage Road",
          "building": "yes",
          "name": "Victoria Baths",
          "seasonal": "yes",
          "source": "OS OpenData StreetView",
          "tourism": "attraction",
          "website": "https://victoriabaths.org.uk/",
          "wheelchair": "limited",
          "wikidata": "Q7926585",
          "wikipedia": "en:Victoria Baths"
        },
        "sitelinks": 3
      }
    },
    {
      "type": "Feature",
      "geometry": {
        "type": "Point",
        "coordinates": [
          -2.2491684,
          53.4756023
        ]
      },
      "properties": {
        "id": "osm:node:11312018869",
        "source": "osm",
        "title": "53two",
        "address": "Watson Street, Manchester, M3 4LP",
        "description": "",
        "categories": [
          "cultural",
          "art"
        ],
        "primary_category": "cultural",
        "interest_score": 66,
        "website": "https://www.53two.com/",
        "wikipedia": "en:53two",
        "wikidata": "Q123532321",
        "source_url": "https://www.openstreetmap.org/node/11312018869",
        "fetched_at_utc": "2026-10-07T11:43:15+00:00",
        "query_key": "performance_and_literary",
        "tags": {
          "addr:city": "Manchester",
          "addr:postcode": "M3 4LP",
          "addr:street": "Watson Street",
          "addr:unit": "Arch 19",
          "amenity": "theatre",
          "lgbtq": "welcome",
          "lgbtq:signed": "yes",
          "name": "53two",
          "non_binary": "welcome",
          "opening_hours": "Su-We 11:00-23:00; Th 11:00-00:00; Fr-Sa 11:00-01:00",
          "phone": "+44 7432 198724",
          "toilets:unisex": "yes",
          "toilets:wheelchair": "yes",
          "website": "https://www.53two.com/",
          "wheelchair": "yes",
          "wikidata": "Q123532321",
          "wikipedia": "en:53two"
        },
        "sitelinks": 1
      }
    },
    {
      "type": "Feature",
      "geometry": {
        "type": "Point",
        "coordinates": [
          -2.2513102,
          53.4738704
        ]
      },
      "properties": {
        "id": "osm:node:4301828631",
        "source": "osm",
        "title": "Castlefield Gallery",
        "address": "2 Hewitt Street, Manchester, M15 4GB",
        "description": "",
        "categories": [
          "cultural",
          "art"
        ],
        "primary_category": "cultural",
        "interest_score": 66,
        "website": "https://www.castlefieldgallery.co.uk/",
        "wikipedia": "en:Castlefield Gallery",
        "wikidata": "Q5050498",
        "source_url": "https://www.openstreetmap.org/node/4301828631",
        "fetched_at_utc": "2026-10-07T11:43:15+00:00",
        "query_key": "galleries_and_arts",
        "tags": {
          "addr:city": "Manchester",
          "addr:country": "GB",
          "addr:housenumber": "2",
          "addr:postcode": "M15 4GB",
          "addr:street": "Hewitt Street",
          "name": "Castlefield Gallery",
          "phone": "+44 161 832 8034",
          "tourism": "gallery",
          "website": "https://www.castlefieldgallery.co.uk/",
          "wikidata": "Q5050498",
          "wikipedia": "en:Castlefield Gallery"
        },
        "sitelinks": 1
      }
    },
    {
      "type": "Feature",
      "geometry": {
        "type": "Point",
        "coordinates": [
          -2.2442723,
          53.4866107
        ]
      },
      "properties": {
        "id": "osm:node:3931275877",
        "source": "osm",
        "title": "Chetham's Library",
        "address": "Long Millgate, Manchester, M3 1SB",
        "description": "",
        "categories": [
          "cultural",
          "literary"
        ],
        "primary_category": "cultural",
        "interest_score": 66,
        "website": "http://www.chethams.org.uk/",
        "wikipedia": "en:Chetham's Library",
        "wikidata": "Q2901355",
        "source_url": "https://www.openstreetmap.org/node/3931275877",
        "fetched_at_utc": "2026-10-07T11:43:15+00:00",
        "query_key": "performance_and_literary",
        "tags": {
          "addr:city": "Manchester",
          "addr:housename": "Chetham's School of Music",
          "addr:postcode": "M3 1SB",
          "addr:street": "Long Millgate",
          "amenity": "library",
          "name": "Chetham's Library",
          "opening_hours": "Mo-Fr 09:00-12:30,13:30-14:30; PH closed",
          "website": "http://www.chethams.org.uk/",
          "wikidata": "Q2901355",
          "wikipedia": "en:Chetham's Library"
        },
        "sitelinks": 15
      }
    },
    {
      "type": "Feature",
      "geometry": {
        "type": "Point",
        "coordinates": [
          -2.2466247590909094,
          53.473660718181826
        ]
      },
      "properties": {
        "id": "osm:way:431832634",
        "source": "osm",
        "title": "Home",
        "address": "2 Tony Wilson Place, Manchester, M15 4FN",
        "description": "",
        "categories": [
          "art",
          "cultural"
        ],
        "primary_category": "cultural",
        "interest_score": 66,
        "website": "https://homemcr.org/",
        "wikipedia": "en:HOME (Manchester)",
        "wikidata": "Q16994217",
        "source_url": "https://www.openstreetmap.org/way/431832634",
        "fetched_at_utc": "2026-10-07T11:43:15+00:00",
        "query_key": "galleries_and_arts",
        "tags": {
          "addr:city": "Manchester",
          "addr:housenumber": "2",
          "addr:postcode": "M15 4FN",
          "addr:street": "Tony Wilson Place",
          "amenity": "arts_centre",
          "building": "retail",
          "building:colour": "black",
          "building:levels": "4",
          "name": "Home",
          "phone": "+44 161 200 1500",
          "source": "OS-OpenData_StreetView",
          "start_date": "2014",
          "website": "https://homemcr.org/",
          "wheelchair": "yes",
          "wikidata": "Q16994217",
          "wikipedia": "en:HOME (Manchester)"
        },
        "sitelinks": 1
      }
    },
    {
      "type": "Feature",
      "geometry": {
        "type": "Point",
        "coordinates": [
          -2.2447241082191787,
          53.47814659726027
        ]
      },
      "properties": {
        "id": "osm:way:570282715",
        "source": "osm",
        "title": "Manchester Central Library",
        "address": "St Peter's Square, Manchester, M2 5PD",
        "description": "",
        "categories": [
          "cultural",
          "literary"
        ],
        "primary_category": "cultural",
        "interest_score": 66,
        "website": "https://www.manchester.gov.uk/info/500138/central_library",
        "wikipedia": "en:Manchester Central Library",
        "wikidata": "Q3285343",
        "source_url": "https://www.openstreetmap.org/way/570282715",
        "fetched_at_utc": "2026-10-07T11:43:15+00:00",
        "query_key": "performance_and_literary",
        "tags": {
          "addr:city": "Manchester",
          "addr:housename": "Central Library",
          "addr:postcode": "M2 5PD",
          "addr:street": "St Peter's Square",
          "alt_name": "Central Library",
          "amenity": "library",
          "building": "civic",
          "check_date": "2025-01-11",
          "check_date:opening_hours": "2022-11-13",
          "email": "libraries@manchester.gov.uk",
          "internet_access": "wlan",
          "listed_status": "Grade II*",
          "name": "Manchester Central Library",
          "name:en": "Manchester Central Library",
          "name:es": "Biblioteca Central de Mánchester",
          "note:building": "put whole building details here, other ways and relations are 3d definition",
          "opening_hours": "Mo-Th 09:00-20:00; Fr,Sa 09:00-17:00",
          "phone": "+44 161 234 1983",
          "source": "OS_OpenData_StreetView",
          "website": "https://www.manchester.gov.uk/info/500138/central_library",
          "wheelchair": "yes",
          "wikidata": "Q3285343",
          "wikipedia": "en:Manchester Central Library"
        },
        "sitelinks": 6
      }
    },
    {
      "type": "Feature",
      "geometry": {
        "type": "Point",
        "coordinates": [
          -2.2224747,
          53.4695871
        ]
      },
      "properties": {
        "id": "osm:node:11910862238",
        "source": "osm",
        "title": "O2 Apollo Manchester",
        "address": "Stockport Road, Manchester, M12 6AP",
        "description": "",
        "categories": [
          "cultural",
          "music"
        ],
        "primary_category": "cultural",
        "interest_score": 66,
        "website": "",
        "wikipedia": "en:O2 Apollo Manchester",
        "wikidata": "Q1068548",
        "source_url": "https://www.openstreetmap.org/node/11910862238",
        "fetched_at_utc": "2026-10-07T11:43:15+00:00",
        "query_key": "performance_and_literary",
        "tags": {
          "addr:city": "Manchester",
          "addr:housename": "O2 Apollo Manchester",
          "addr:postcode": "M12 6AP",
          "addr:street": "Stockport Road",
          "amenity": "music_venue",
          "check_date": "2025-06-05",
          "name": "O2 Apollo Manchester",
          "wikidata": "Q1068548",
          "wikipedia": "en:O2 Apollo Manchester"
        },
        "sitelinks": 8
      }
    },
    {
      "type": "Feature",
      "geometry": {
        "type": "Point",
        "coordinates": [
          -2.2430751399999997,
          53.47449086
        ]
      },
      "properties": {
        "id": "osm:way:705574571",
        "source": "osm",
        "title": "O2 Ritz",
        "address": "",
        "description": "",
        "categories": [
          "cultural",
          "music"
        ],
        "primary_category": "cultural",
        "interest_score": 66,
        "website": "",
        "wikipedia": "en:The Ritz (Manchester)",
        "wikidata": "Q7760946",
        "source_url": "https://www.openstreetmap.org/way/705574571",
        "fetched_at_utc": "2026-10-07T11:43:15+00:00",
        "query_key": "performance_and_literary",
        "tags": {
          "amenity": "music_venue",
          "building": "public",
          "building:levels": "1",
          "name": "O2 Ritz",
          "roof:levels": "0",
          "roof:shape": "flat",
          "wikidata": "Q7760946",
          "wikipedia": "en:The Ritz (Manchester)"
        },
        "sitelinks": 1
      }
    },
    {
      "type": "Feature",
      "geometry": {
        "type": "Point",
        "coordinates": [
          -2.2406096,
          53.4797157
        ]
      },
      "properties": {
        "id": "osm:node:6321368786",
        "source": "osm",
        "title": "The Portico Library",
        "address": "57 Mosley Street, Manchester, M2 3HY",
        "description": "",
        "categories": [
          "cultural",
          "literary"
        ],
        "primary_category": "cultural",
        "interest_score": 66,
        "website": "https://www.theportico.org.uk/visit",
        "wikipedia": "en:The Portico Library",
        "wikidata": "Q7231808",
        "source_url": "https://www.openstreetmap.org/node/6321368786",
        "fetched_at_utc": "2026-10-07T11:43:15+00:00",
        "query_key": "performance_and_literary",
        "tags": {
          "addr:city": "Manchester",
          "addr:housenumber": "57",
          "addr:postcode": "M2 3HY",
          "addr:street": "Mosley Street",
          "amenity": "library",
          "check_date": "2026-03-31",
          "level": "1",
          "name": "The Portico Library",
          "toilets:access": "customers",
          "toilets:wheelchair": "no",
          "website": "https://www.theportico.org.uk/visit",
          "wheelchair": "no",
          "wikidata": "Q7231808",
          "wikipedia": "en:The Portico Library"
        },
        "sitelinks": 5
      }
    },
    {
      "type": "Feature",
      "geometry": {
        "type": "Point",
        "coordinates": [
          -2.229391981132075,
          53.46025950754718
        ]
      },
      "properties": {
        "id": "osm:way:79713962",
        "source": "osm",
        "title": "The Whitworth",
        "address": "Oxford Road, Manchester, M15 6ER",
        "description": "",
        "categories": [
          "cultural",
          "art"
        ],
        "primary_category": "cultural",
        "interest_score": 66,
        "website": "https://www.whitworth.manchester.ac.uk/",
        "wikipedia": "en:The Whitworth",
        "wikidata": "Q3567825",
        "source_url": "https://www.openstreetmap.org/way/79713962",
        "fetched_at_utc": "2026-10-07T11:43:15+00:00",
        "query_key": "galleries_and_arts",
        "tags": {
          "addr:city": "Manchester",
          "addr:housename": "Whitworth Art Gallery",
          "addr:postcode": "M15 6ER",
          "addr:street": "Oxford Road",
          "building": "university",
          "building:levels": "3",
          "building:material": "brick",
          "check_date": "2025-07-06",
          "fee": "no",
          "name": "The Whitworth",
          "name:he": "גלריית וילוורת'",
          "name:zh": "惠沃舘",
          "old_name": "Whitworth Art Gallery",
          "opening_hours": "Tu,We,Fr-Su 10:00-17:00; Th 10:00-21:00",
          "phone": "+44 161 275 7450",
          "source": "University of Manchester Campus Map",
          "toilets": "yes",
          "toilets:wheelchair": "yes",
          "tourism": "gallery",
          "website": "https://www.whitworth.manchester.ac.uk/",
          "wheelchair": "yes",
          "wikidata": "Q3567825",
          "wikipedia": "en:The Whitworth"
        },
        "sitelinks": 5
      }
    },
    {
      "type": "Feature",
      "geometry": {
        "type": "Point",
        "coordinates": [
          -2.273352,
          53.48431
        ]
      },
      "properties": {
        "id": "osm:node:2773413885",
        "source": "osm",
        "title": "Working Class Movement Library",
        "address": "51 Crescent, Salford, M5 4WX",
        "description": "",
        "categories": [
          "cultural",
          "literary"
        ],
        "primary_category": "cultural",
        "interest_score": 66,
        "website": "https://www.wcml.org.uk/",
        "wikipedia": "en:Working Class Movement Library",
        "wikidata": "Q8034902",
        "source_url": "https://www.openstreetmap.org/node/2773413885",
        "fetched_at_utc": "2026-10-07T11:43:15+00:00",
        "query_key": "performance_and_literary",
        "tags": {
          "addr:city": "Salford",
          "addr:housenumber": "51",
          "addr:postcode": "M5 4WX",
          "addr:street": "Crescent",
          "amenity": "library",
          "fax": "+44 161 737 4115",
          "name": "Working Class Movement Library",
          "opening_hours": "Tu-Fr 10:00-16:30",
          "operator": "Working Class Movement Library",
          "phone": "+44 161 736 3601",
          "ref:GB:uprn": "100012887710",
          "source": "data.gov.uk",
          "website": "https://www.wcml.org.uk/",
          "wikidata": "Q8034902",
          "wikipedia": "en:Working Class Movement Library"
        },
        "sitelinks": 1
      }
    },
    {
      "type": "Feature",
      "geometry": {
        "type": "Point",
        "coordinates": [
          -2.2449198,
          53.4799302
        ]
      },
      "properties": {
        "id": "osm:node:6377831040",
        "source": "osm",
        "title": "James Fraser",
        "address": "",
        "description": "",
        "categories": [
          "historical",
          "cultural",
          "art",
          "memorial"
        ],
        "primary_category": "historical",
        "interest_score": 65,
        "website": "",
        "wikipedia": "",
        "wikidata": "",
        "source_url": "https://www.openstreetmap.org/node/6377831040",
        "fetched_at_utc": "2026-10-07T11:43:15+00:00",
        "query_key": "galleries_and_arts",
        "tags": {
          "artist:wikidata": "Q2280558",
          "artist_name": "Thomas Woolner",
          "artwork_type": "statue",
          "historic": "memorial",
          "image": "https://upload.wikimedia.org/wikipedia/commons/thumb/6/6f/Albert-Square-Statue.jpg/400px-Albert-Square-Statue.jpg",
          "listed_status": "Grade II",
          "material": "bronze",
          "memorial": "statue",
          "name": "James Fraser",
          "note:memorial": "Bishop of Manchester 1870-1885, born 1818 died 1885",
          "subject:wikidata": "Q3161089",
          "tourism": "artwork"
        }
      }
    },
    {
      "type": "Feature",
      "geometry": {
        "type": "Point",
        "coordinates": [
          -2.2356040777777775,
          53.489365138888886
        ]
      },
      "properties": {
        "id": "osm:way:195773695",
        "source": "osm",
        "title": "Angel Meadow",
        "address": "",
        "description": "",
        "categories": [
          "natural",
          "park"
        ],
        "primary_category": "natural",
        "interest_score": 64,
        "website": "",
        "wikipedia": "en:St Michael's Flags and Angel Meadow Park",
        "wikidata": "Q7594802",
        "source_url": "https://www.openstreetmap.org/way/195773695",
        "fetched_at_utc": "2026-10-07T11:43:15+00:00",
        "query_key": "parks",
        "tags": {
          "leisure": "park",
          "name": "Angel Meadow",
          "wikidata": "Q7594802",
          "wikipedia": "en:St Michael's Flags and Angel Meadow Park"
        },
        "sitelinks": 1
      }
    },
    {
      "type": "Feature",
      "geometry": {
        "type": "Point",
        "coordinates": [
          -2.2241867166666673,
          53.47138395196079
        ]
      },
      "properties": {
        "id": "osm:way:171630350",
        "source": "osm",
        "title": "Ardwick Green",
        "address": "",
        "description": "",
        "categories": [
          "natural",
          "park"
        ],
        "primary_category": "natural",
        "interest_score": 64,
        "website": "",
        "wikipedia": "en:Ardwick Green",
        "wikidata": "Q4788327",
        "source_url": "https://www.openstreetmap.org/way/171630350",
        "fetched_at_utc": "2026-10-07T11:43:15+00:00",
        "query_key": "parks",
        "tags": {
          "leisure": "park",
          "name": "Ardwick Green",
          "wikidata": "Q4788327",
          "wikipedia": "en:Ardwick Green"
        },
        "sitelinks": 2
      }
    },
    {
      "type": "Feature",
      "geometry": {
        "type": "Point",
        "coordinates": [
          -2.231226,
          53.47919826
        ]
      },
      "properties": {
        "id": "osm:way:136038212",
        "source": "osm",
        "title": "Ducie Street Warehouse",
        "address": "",
        "description": "",
        "categories": [
          "historical",
          "architecture"
        ],
        "primary_category": "historical",
        "interest_score": 64,
        "website": "https://duciestreet.com/",
        "wikipedia": "",
        "wikidata": "",
        "source_url": "https://www.openstreetmap.org/way/136038212",
        "fetched_at_utc": "2026-10-07T11:43:15+00:00",
        "query_key": "heritage_sites",
        "tags": {
          "HE_ref": "1217858",
          "building": "hotel",
          "building:levels": "7",
          "eh:inscription_date": "1974-10-03",
          "heritage": "2",
          "heritage:operator": "Historic England",
          "heritage:website": "http://list.english-heritage.org.uk/resultsingle.aspx?uid=1217858",
          "internet_access": "yes",
          "listed_status": "Grade II",
          "name": "Ducie Street Warehouse",
          "old_name": "London Warehouse",
          "smoking": "no",
          "source": "Geoeye",
          "start_date": "1867",
          "website": "https://duciestreet.com/"
        }
      }
    },
    {
      "type": "Feature",
      "geometry": {
        "type": "Point",
        "coordinates": [
          -2.226070796428572,
          53.47489383571428
        ]
      },
      "properties": {
        "id": "osm:way:918962739",
        "source": "osm",
        "title": "Mayfield Park",
        "address": "11 Baring Street, Manchester, M1 2PY",
        "description": "",
        "categories": [
          "natural",
          "park"
        ],
        "primary_category": "natural",
        "interest_score": 64,
        "website": "",
        "wikipedia": "en:Mayfield Park, Manchester",
        "wikidata": "Q114143980",
        "source_url": "https://www.openstreetmap.org/way/918962739",
        "fetched_at_utc": "2026-10-07T11:43:15+00:00",
        "query_key": "parks",
        "tags": {
          "access": "permissive",
          "addr:city": "Manchester",
          "addr:housenumber": "11",
          "addr:postcode": "M1 2PY",
          "addr:street": "Baring Street",
          "contact:email": "enquiries@mayfieldmanchester.co.uk",
          "contact:emergency_phone": "+44 7849828295",
          "contact:phone": "+44 1615099503",
          "contact:website": "https://mayfieldpark.com/",
          "leisure": "park",
          "name": "Mayfield Park",
          "note": "Opening hours based on today's sign but looks variable. Needs checking to see if they're stable opening hours. Emergency phone number also seems possibly changeable.",
          "opening_hours": "06:30-19:30",
          "operator": "U+I",
          "wikidata": "Q114143980",
          "wikipedia": "en:Mayfield Park, Manchester"
        },
        "sitelinks": 1
      }
    },
    {
      "type": "Feature",
      "geometry": {
        "type": "Point",
        "coordinates": [
          -2.2371424774193547,
          53.48104064838711
        ]
      },
      "properties": {
        "id": "osm:relation:3485876",
        "source": "osm",
        "title": "Piccadilly Gardens",
        "address": "Manchester, M60 1HX",
        "description": "",
        "categories": [
          "natural",
          "park"
        ],
        "primary_category": "natural",
        "interest_score": 64,
        "website": "",
        "wikipedia": "en:Piccadilly Gardens",
        "wikidata": "Q7190558",
        "source_url": "https://www.openstreetmap.org/relation/3485876",
        "fetched_at_utc": "2026-10-07T11:43:15+00:00",
        "query_key": "parks",
        "tags": {
          "addr:city": "Manchester",
          "addr:postcode": "M60 1HX",
          "leisure": "park",
          "name": "Piccadilly Gardens",
          "wikidata": "Q7190558",
          "wikipedia": "en:Piccadilly Gardens"
        },
        "sitelinks": 3
      }
    },
    {
      "type": "Feature",
      "geometry": {
        "type": "Point",
        "coordinates": [
          -2.2361709888888885,
          53.4768088888889
        ]
      },
      "properties": {
        "id": "osm:way:155767483",
        "source": "osm",
        "title": "Sackville Gardens",
        "address": "",
        "description": "",
        "categories": [
          "natural",
          "park"
        ],
        "primary_category": "natural",
        "interest_score": 64,
        "website": "",
        "wikipedia": "en:Sackville Gardens",
        "wikidata": "Q3460953",
        "source_url": "https://www.openstreetmap.org/way/155767483",
        "fetched_at_utc": "2026-10-07T11:43:15+00:00",
        "query_key": "parks",
        "tags": {
          "leisure": "park",
          "name": "Sackville Gardens",
          "wheelchair": "yes",
          "wikidata": "Q3460953",
          "wikipedia": "en:Sackville Gardens"
        },
        "sitelinks": 2
      }
    },
    {
      "type": "Feature",
      "geometry": {
        "type": "Point",
        "coordinates": [
          -2.2301928486486484,
          53.45924769189189
        ]
      },
      "properties": {
        "id": "osm:way:4705157",
        "source": "osm",
        "title": "Whitworth Park",
        "address": "",
        "description": "",
        "categories": [
          "natural",
          "park"
        ],
        "primary_category": "natural",
        "interest_score": 64,
        "website": "",
        "wikipedia": "en:Whitworth Park",
        "wikidata": "Q7996971",
        "source_url": "https://www.openstreetmap.org/way/4705157",
        "fetched_at_utc": "2026-10-07T11:43:15+00:00",
        "query_key": "parks",
        "tags": {
          "leisure": "park",
          "name": "Whitworth Park",
          "name:zh": "惠沃公園",
          "surface": "grass",
          "wikidata": "Q7996971",
          "wikipedia": "en:Whitworth Park"
        },
        "sitelinks": 2
      }
    },
    {
      "type": "Feature",
      "geometry": {
        "type": "Point",
        "coordinates": [
          -2.270992745,
          53.47391936499999
        ]
      },
      "properties": {
        "id": "osm:way:254829387",
        "source": "osm",
        "title": "Ordsall Library",
        "address": "Robert Hall Street, Salford, M5 3LT",
        "description": "",
        "categories": [
          "cultural",
          "architecture",
          "literary"
        ],
        "primary_category": "cultural",
        "interest_score": 60,
        "website": "https://www.salfordcommunityleisure.co.uk/libraries/locations/ordsall-library",
        "wikipedia": "",
        "wikidata": "Q55183957",
        "source_url": "https://www.openstreetmap.org/way/254829387",
        "fetched_at_utc": "2026-10-07T11:43:15+00:00",
        "query_key": "performance_and_literary",
        "tags": {
          "access": "yes",
          "addr:city": "Salford",
          "addr:housename": "Ordsall Neighbourhood Office",
          "addr:postcode": "M5 3LT",
          "addr:street": "Robert Hall Street",
          "amenity": "library",
          "baby_feeding": "room",
          "building": "yes",
          "building:levels": "2",
          "building:material": "brick",
          "check_date:opening_hours": "2026-06-06",
          "email": "ordsall.library@scll.co.uk",
          "internet_access": "yes",
          "name": "Ordsall Library",
          "opening_hours": "Mo-Tu 09:15-12:30,13:30-17:30; Th-Fr 09:15-12:30,13:30-17:30",
          "operator": "Salford Community Leisure",
          "operator:type": "community",
          "phone": "+44 161 603 4097",
          "ref:GB:uprn": "10090621183",
          "roof:levels": "1",
          "roof:material": "roof_tiles",
          "roof:shape": "gabled",
          "source": "https://www.salfordcommunityleisure.co.uk/libraries/locations/ordsall-library",
          "website": "https://www.salfordcommunityleisure.co.uk/libraries/locations/ordsall-library",
          "wheelchair": "yes",
          "wikidata": "Q55183957"
        },
        "sitelinks": 0
      }
    },
    {
      "type": "Feature",
      "geometry": {
        "type": "Point",
        "coordinates": [
          -2.2398039,
          53.4729
        ]
      },
      "properties": {
        "id": "osm:node:1502881831",
        "source": "osm",
        "title": "The Dancehouse",
        "address": "10 Oxford Road, Manchester, M1 5QA",
        "description": "",
        "categories": [
          "cultural",
          "art"
        ],
        "primary_category": "cultural",
        "interest_score": 60,
        "website": "",
        "wikipedia": "en:Dancehouse",
        "wikidata": "Q5215363",
        "source_url": "https://www.openstreetmap.org/node/1502881831",
        "fetched_at_utc": "2026-10-07T11:43:15+00:00",
        "query_key": "performance_and_literary",
        "tags": {
          "addr:city": "Manchester",
          "addr:housenumber": "10",
          "addr:postcode": "M1 5QA",
          "addr:street": "Oxford Road",
          "amenity": "theatre",
          "name": "The Dancehouse",
          "wikidata": "Q5215363",
          "wikipedia": "en:Dancehouse"
        },
        "sitelinks": 1
      }
    },
    {
      "type": "Feature",
      "geometry": {
        "type": "Point",
        "coordinates": [
          -2.2764995,
          53.495371
        ]
      },
      "properties": {
        "id": "osm:node:4494380540",
        "source": "osm",
        "title": "The Tree of Knowledge",
        "address": "",
        "description": "",
        "categories": [
          "cultural",
          "art"
        ],
        "primary_category": "cultural",
        "interest_score": 60,
        "website": "",
        "wikipedia": "en:The Tree of Knowledge (mural)",
        "wikidata": "Q26672595",
        "source_url": "https://www.openstreetmap.org/node/4494380540",
        "fetched_at_utc": "2026-10-07T11:43:15+00:00",
        "query_key": "galleries_and_arts",
        "tags": {
          "artist_name": "Alan Boyson",
          "artwork_type": "mural",
          "material": "concrete;glass;ceramic tile",
          "name": "The Tree of Knowledge",
          "tourism": "artwork",
          "wikidata": "Q26672595",
          "wikipedia": "en:The Tree of Knowledge (mural)"
        },
        "sitelinks": 1
      }
    },
    {
      "type": "Feature",
      "geometry": {
        "type": "Point",
        "coordinates": [
          -2.2314071,
          53.47782
        ]
      },
      "properties": {
        "id": "osm:node:7296569555",
        "source": "osm",
        "title": "Victory over Blindness",
        "address": "",
        "description": "",
        "categories": [
          "cultural",
          "art"
        ],
        "primary_category": "cultural",
        "interest_score": 60,
        "website": "",
        "wikipedia": "en:Victory Over Blindness",
        "wikidata": "Q58482871",
        "source_url": "https://www.openstreetmap.org/node/7296569555",
        "fetched_at_utc": "2026-10-07T11:43:15+00:00",
        "query_key": "galleries_and_arts",
        "tags": {
          "artwork_type": "statue",
          "material": "bronze",
          "name": "Victory over Blindness",
          "tourism": "artwork",
          "wikidata": "Q58482871",
          "wikipedia": "en:Victory Over Blindness"
        },
        "sitelinks": 1
      }
    },
    {
      "type": "Feature",
      "geometry": {
        "type": "Point",
        "coordinates": [
          -2.2365815,
          53.4769684
        ]
      },
      "properties": {
        "id": "osm:node:1295065994",
        "source": "osm",
        "title": "Beacon of Hope",
        "address": "",
        "description": "",
        "categories": [
          "historical",
          "memorial"
        ],
        "primary_category": "historical",
        "interest_score": 59,
        "website": "https://www.beacon-of-hope.org.uk/",
        "wikipedia": "",
        "wikidata": "",
        "source_url": "https://www.openstreetmap.org/node/1295065994",
        "fetched_at_utc": "2026-10-07T11:43:15+00:00",
        "query_key": "historic_sites",
        "tags": {
          "historic": "memorial",
          "image": "https://upload.wikimedia.org/wikipedia/commons/b/bd/At_Manchester_2018_016.jpg",
          "lgbtq": "primary",
          "memorial": "sculpture",
          "name": "Beacon of Hope",
          "website": "https://www.beacon-of-hope.org.uk/",
          "wheelchair": "yes"
        }
      }
    },
    {
      "type": "Feature",
      "geometry": {
        "type": "Point",
        "coordinates": [
          -2.24507,
          53.4797192
        ]
      },
      "properties": {
        "id": "osm:node:2867748961",
        "source": "osm",
        "title": "John Bright",
        "address": "",
        "description": "",
        "categories": [
          "historical",
          "cultural",
          "art",
          "memorial"
        ],
        "primary_category": "historical",
        "interest_score": 58,
        "website": "",
        "wikipedia": "",
        "wikidata": "",
        "source_url": "https://www.openstreetmap.org/node/2867748961",
        "fetched_at_utc": "2026-10-07T11:43:15+00:00",
        "query_key": "galleries_and_arts",
        "tags": {
          "artist:wikidata": "Q4709820",
          "artist_name": "Albert Bruce-Joy",
          "artwork_type": "statue",
          "historic": "memorial",
          "memorial": "statue",
          "name": "John Bright",
          "start_date": "1891",
          "subject:wikidata": "Q176524",
          "tourism": "artwork"
        }
      }
    },
    {
      "type": "Feature",
      "geometry": {
        "type": "Point",
        "coordinates": [
          -2.2453677,
          53.479315
        ]
      },
      "properties": {
        "id": "osm:node:5816078515",
        "source": "osm",
        "title": "Oliver Heywood",
        "address": "",
        "description": "",
        "categories": [
          "historical",
          "cultural",
          "art",
          "memorial"
        ],
        "primary_category": "historical",
        "interest_score": 58,
        "website": "",
        "wikipedia": "",
        "wikidata": "",
        "source_url": "https://www.openstreetmap.org/node/5816078515",
        "fetched_at_utc": "2026-10-07T11:43:15+00:00",
        "query_key": "galleries_and_arts",
        "tags": {
          "artwork_type": "statue",
          "historic": "memorial",
          "memorial": "statue",
          "name": "Oliver Heywood",
          "note:memorial": "born 1825 died 1892",
          "subject:wikidata": "Q3350655",
          "tourism": "artwork"
        }
      }
    },
    {
      "type": "Feature",
      "geometry": {
        "type": "Point",
        "coordinates": [
          -2.2529340199999996,
          53.46898607200001
        ]
      },
      "properties": {
        "id": "osm:way:70380745",
        "source": "osm",
        "title": "St Wilfrid’s Enterprise Centre",
        "address": "Birchvale Close, Manchester, M15 5BJ",
        "description": "",
        "categories": [
          "historical",
          "architecture"
        ],
        "primary_category": "historical",
        "interest_score": 58,
        "website": "",
        "wikipedia": "",
        "wikidata": "",
        "source_url": "https://www.openstreetmap.org/way/70380745",
        "fetched_at_utc": "2026-10-07T11:43:15+00:00",
        "query_key": "heritage_sites",
        "tags": {
          "addr:city": "Manchester",
          "addr:housename": "St Wilfrid’s Enterprise Centre",
          "addr:postcode": "M15 5BJ",
          "addr:street": "Birchvale Close",
          "building": "church",
          "building:levels": "2",
          "height": "10",
          "heritage": "2",
          "heritage:operator": "Historic England",
          "listed_status": "Grade II",
          "name": "St Wilfrid’s Enterprise Centre"
        }
      }
    },
    {
      "type": "Feature",
      "geometry": {
        "type": "Point",
        "coordinates": [
          -2.2455262,
          53.4791164
        ]
      },
      "properties": {
        "id": "osm:node:6283509710",
        "source": "osm",
        "title": "William Ewart Gladstone",
        "address": "",
        "description": "",
        "categories": [
          "historical",
          "cultural",
          "art",
          "memorial"
        ],
        "primary_category": "historical",
        "interest_score": 58,
        "website": "",
        "wikipedia": "",
        "wikidata": "",
        "source_url": "https://www.openstreetmap.org/node/6283509710",
        "fetched_at_utc": "2026-10-07T11:43:15+00:00",
        "query_key": "galleries_and_arts",
        "tags": {
          "artist:wikidata": "Q16031480",
          "artist_name": "Mario Raggi",
          "artwork_type": "statue",
          "historic": "memorial",
          "memorial": "statue",
          "name": "William Ewart Gladstone",
          "start_date": "1901",
          "subject:wikidata": "Q160852",
          "tourism": "artwork"
        }
      }
    },
    {
      "type": "Feature",
      "geometry": {
        "type": "Point",
        "coordinates": [
          -2.2356517714285715,
          53.48438975714286
        ]
      },
      "properties": {
        "id": "osm:way:130421037",
        "source": "osm",
        "title": "Manchester Craft and Design Centre",
        "address": "17 Oak Street, Manchester, M4 5JD",
        "description": "",
        "categories": [
          "architecture",
          "art",
          "cultural",
          "market"
        ],
        "primary_category": "cultural",
        "interest_score": 52,
        "website": "https://www.craftanddesign.com/",
        "wikipedia": "",
        "wikidata": "",
        "source_url": "https://www.openstreetmap.org/way/130421037",
        "fetched_at_utc": "2026-10-07T11:43:15+00:00",
        "query_key": "markets",
        "tags": {
          "addr:city": "Manchester",
          "addr:housename": "Manchester Craft and Design Centre",
          "addr:housenumber": "17",
          "addr:postcode": "M4 5JD",
          "addr:street": "Oak Street",
          "amenity": "marketplace",
          "building": "yes",
          "name": "Manchester Craft and Design Centre",
          "source": "survey",
          "website": "https://www.craftanddesign.com/"
        }
      }
    },
    {
      "type": "Feature",
      "geometry": {
        "type": "Point",
        "coordinates": [
          -2.2260236,
          53.4876953
        ]
      },
      "properties": {
        "id": "osm:node:8733867822",
        "source": "osm",
        "title": "The Manchester Post Office Peace Memorial",
        "address": "",
        "description": "",
        "categories": [
          "historical",
          "memorial"
        ],
        "primary_category": "historical",
        "interest_score": 52,
        "website": "https://www.royalmail.com/memorials/memorial/manchester-post-office-peace-memorial-war-memorial",
        "wikipedia": "",
        "wikidata": "",
        "source_url": "https://www.openstreetmap.org/node/8733867822",
        "fetched_at_utc": "2026-10-07T11:43:15+00:00",
        "query_key": "historic_sites",
        "tags": {
          "historic": "memorial",
          "memorial": "war_memorial",
          "name": "The Manchester Post Office Peace Memorial",
          "website": "https://www.royalmail.com/memorials/memorial/manchester-post-office-peace-memorial-war-memorial"
        }
      }
    },
    {
      "type": "Feature",
      "geometry": {
        "type": "Point",
        "coordinates": [
          -2.274465,
          53.4869172
        ]
      },
      "properties": {
        "id": "osm:node:12554653674",
        "source": "osm",
        "title": "University Of Salford Art Collection",
        "address": "",
        "description": "",
        "categories": [
          "cultural",
          "art"
        ],
        "primary_category": "cultural",
        "interest_score": 50,
        "website": "http://artcollection.salford.ac.uk",
        "wikipedia": "",
        "wikidata": "Q106619407",
        "source_url": "https://www.openstreetmap.org/node/12554653674",
        "fetched_at_utc": "2026-10-07T11:43:15+00:00",
        "query_key": "galleries_and_arts",
        "tags": {
          "level": "1",
          "name": "University Of Salford Art Collection",
          "note": "website: \"the New Adelphi Exhibition Gallery is our permanent space for exhibiting the Collection the New Adelphi Exhibition Gallery [New Adelphi Atrium, Ground Floor, New Adelphi Building] is our permanent space for exhibiting the Collection\"",
          "tourism": "gallery",
          "website": "http://artcollection.salford.ac.uk",
          "wikidata": "Q106619407"
        },
        "sitelinks": 0
      }
    },
    {
      "type": "Feature",
      "geometry": {
        "type": "Point",
        "coordinates": [
          -2.2431767454545457,
          53.499775286363636
        ]
      },
      "properties": {
        "id": "osm:way:1083009789",
        "source": "osm",
        "title": "Cheetham Park",
        "address": "",
        "description": "",
        "categories": [
          "natural",
          "park"
        ],
        "primary_category": "natural",
        "interest_score": 48,
        "website": "",
        "wikipedia": "",
        "wikidata": "Q141626045",
        "source_url": "https://www.openstreetmap.org/way/1083009789",
        "fetched_at_utc": "2026-10-07T11:43:15+00:00",
        "query_key": "parks",
        "tags": {
          "leisure": "park",
          "name": "Cheetham Park",
          "wikidata": "Q141626045"
        },
        "sitelinks": 0
      }
    },
    {
      "type": "Feature",
      "geometry": {
        "type": "Point",
        "coordinates": [
          -2.2264037588235297,
          53.4754986529412
        ]
      },
      "properties": {
        "id": "osm:way:152076256",
        "source": "osm",
        "title": "Manchester Mayfield",
        "address": "",
        "description": "",
        "categories": [
          "historical",
          "architecture"
        ],
        "primary_category": "historical",
        "interest_score": 48,
        "website": "",
        "wikipedia": "",
        "wikidata": "",
        "source_url": "https://www.openstreetmap.org/way/152076256",
        "fetched_at_utc": "2026-10-07T11:43:15+00:00",
        "query_key": "historic_sites",
        "tags": {
          "amenity": "disused_station",
          "historic": "ruins",
          "historic:building": "station",
          "layer": "1",
          "name": "Manchester Mayfield"
        }
      }
    },
    {
      "type": "Feature",
      "geometry": {
        "type": "Point",
        "coordinates": [
          -2.2792724238805975,
          53.471613161194036
        ]
      },
      "properties": {
        "id": "osm:way:136033841",
        "source": "osm",
        "title": "Ordsall Park",
        "address": "",
        "description": "",
        "categories": [
          "natural",
          "park"
        ],
        "primary_category": "natural",
        "interest_score": 48,
        "website": "",
        "wikipedia": "",
        "wikidata": "Q24677620",
        "source_url": "https://www.openstreetmap.org/way/136033841",
        "fetched_at_utc": "2026-10-07T11:43:15+00:00",
        "query_key": "parks",
        "tags": {
          "barrier": "wall",
          "leisure": "park",
          "material": "mixed",
          "name": "Ordsall Park",
          "wall": "brick",
          "wikidata": "Q24677620"
        },
        "sitelinks": 1
      }
    },
    {
      "type": "Feature",
      "geometry": {
        "type": "Point",
        "coordinates": [
          -2.2478229,
          53.4743192
        ]
      },
      "properties": {
        "id": "osm:node:1286141414",
        "source": "osm",
        "title": "The Haçienda",
        "address": "",
        "description": "",
        "categories": [
          "historical",
          "architecture"
        ],
        "primary_category": "historical",
        "interest_score": 48,
        "website": "",
        "wikipedia": "",
        "wikidata": "",
        "source_url": "https://www.openstreetmap.org/node/1286141414",
        "fetched_at_utc": "2026-10-07T11:43:15+00:00",
        "query_key": "historic_sites",
        "tags": {
          "historic": "building",
          "name": "The Haçienda",
          "source": "http://en.wikipedia.org/wiki/The_Ha%C3%A7ienda"
        }
      }
    },
    {
      "type": "Feature",
      "geometry": {
        "type": "Point",
        "coordinates": [
          -2.2517627399999998,
          53.4761075
        ]
      },
      "properties": {
        "id": "osm:way:865331996",
        "source": "osm",
        "title": "Upper Campfield Market Hall",
        "address": "Barton Street, Manchester",
        "description": "",
        "categories": [
          "historical",
          "architecture"
        ],
        "primary_category": "historical",
        "interest_score": 48,
        "website": "",
        "wikipedia": "",
        "wikidata": "",
        "source_url": "https://www.openstreetmap.org/way/865331996",
        "fetched_at_utc": "2026-10-07T11:43:15+00:00",
        "query_key": "historic_sites",
        "tags": {
          "addr:city": "Manchester",
          "addr:street": "Barton Street",
          "building": "yes",
          "building:levels": "1",
          "historic": "building",
          "name": "Upper Campfield Market Hall",
          "start_date": "1880"
        }
      }
    },
    {
      "type": "Feature",
      "geometry": {
        "type": "Point",
        "coordinates": [
          -2.2518832,
          53.4782595
        ]
      },
      "properties": {
        "id": "osm:node:6319327258",
        "source": "osm",
        "title": "'Bonny Prince Charlie' used this site as a gun park",
        "address": "",
        "description": "In November 1745 Jacobite forces under Charles Edward Stuart ('Bonny Prince Charlie') (1720-1788) used this site as a gun park",
        "categories": [
          "historical",
          "memorial"
        ],
        "primary_category": "historical",
        "interest_score": 46,
        "website": "",
        "wikipedia": "",
        "wikidata": "",
        "source_url": "https://www.openstreetmap.org/node/6319327258",
        "fetched_at_utc": "2026-10-07T11:43:15+00:00",
        "query_key": "historic_sites",
        "tags": {
          "historic": "memorial",
          "inscription": "In November 1745 Jacobite forces under Charles Edward Stuart ('Bonny Prince Charlie') (1720-1788) used this site as a gun park",
          "memorial": "plaque",
          "name": "'Bonny Prince Charlie' used this site as a gun park",
          "openplaques:id": "759"
        }
      }
    },
    {
      "type": "Feature",
      "geometry": {
        "type": "Point",
        "coordinates": [
          -2.2471863,
          53.4796594
        ]
      },
      "properties": {
        "id": "osm:node:2641977197",
        "source": "osm",
        "title": "Abraham Lincoln",
        "address": "",
        "description": "",
        "categories": [
          "cultural",
          "art"
        ],
        "primary_category": "cultural",
        "interest_score": 46,
        "website": "",
        "wikipedia": "en:Albert Square, Manchester#Lincoln Square",
        "wikidata": "",
        "source_url": "https://www.openstreetmap.org/node/2641977197",
        "fetched_at_utc": "2026-10-07T11:43:15+00:00",
        "query_key": "galleries_and_arts",
        "tags": {
          "artist_name": "George Grey Barnard",
          "artwork_type": "statue",
          "name": "Abraham Lincoln",
          "tourism": "artwork",
          "wikipedia": "en:Albert Square, Manchester#Lincoln Square",
          "year": "1919"
        }
      }
    },
    {
      "type": "Feature",
      "geometry": {
        "type": "Point",
        "coordinates": [
          -2.2263105,
          53.4719317
        ]
      },
      "properties": {
        "id": "osm:node:10703718393",
        "source": "osm",
        "title": "Ardwick Battallion",
        "address": "",
        "description": "TO THE GLORIOUS MEMORY OF MEMBERS OF THE 8TH. (ARDWICK) BATTALION MANCHESTER REGIMENT",
        "categories": [
          "historical",
          "memorial"
        ],
        "primary_category": "historical",
        "interest_score": 46,
        "website": "",
        "wikipedia": "",
        "wikidata": "",
        "source_url": "https://www.openstreetmap.org/node/10703718393",
        "fetched_at_utc": "2026-10-07T11:43:15+00:00",
        "query_key": "historic_sites",
        "tags": {
          "historic": "memorial",
          "inscription": "TO THE GLORIOUS MEMORY OF MEMBERS OF THE 8TH. (ARDWICK) BATTALION MANCHESTER REGIMENT",
          "material": "sandstone",
          "memorial": "war_memorial",
          "name": "Ardwick Battallion"
        }
      }
    },
    {
      "type": "Feature",
      "geometry": {
        "type": "Point",
        "coordinates": [
          -2.243068,
          53.4863419
        ]
      },
      "properties": {
        "id": "osm:node:5633373205",
        "source": "osm",
        "title": "Chetham's Hospital",
        "address": "",
        "description": "",
        "categories": [
          "historical",
          "memorial"
        ],
        "primary_category": "historical",
        "interest_score": 46,
        "website": "",
        "wikipedia": "",
        "wikidata": "",
        "source_url": "https://www.openstreetmap.org/node/5633373205",
        "fetched_at_utc": "2026-10-07T11:43:15+00:00",
        "query_key": "historic_sites",
        "tags": {
          "historic": "memorial",
          "memorial": "plaque",
          "name": "Chetham's Hospital",
          "source": "GPS survey"
        }
      }
    },
    {
      "type": "Feature",
      "geometry": {
        "type": "Point",
        "coordinates": [
          -2.23870008,
          53.483035300000004
        ]
      },
      "properties": {
        "id": "osm:way:353267811",
        "source": "osm",
        "title": "Church Street Market",
        "address": "",
        "description": "",
        "categories": [
          "cultural",
          "architecture",
          "market"
        ],
        "primary_category": "cultural",
        "interest_score": 46,
        "website": "",
        "wikipedia": "",
        "wikidata": "",
        "source_url": "https://www.openstreetmap.org/way/353267811",
        "fetched_at_utc": "2026-10-07T11:43:15+00:00",
        "query_key": "markets",
        "tags": {
          "amenity": "marketplace",
          "building": "yes",
          "building:levels": "1",
          "name": "Church Street Market"
        }
      }
    },
    {
      "type": "Feature",
      "geometry": {
        "type": "Point",
        "coordinates": [
          -2.2449363,
          53.4803388
        ]
      },
      "properties": {
        "id": "osm:node:778705817",
        "source": "osm",
        "title": "Ernest Jones",
        "address": "",
        "description": "Ernest Jones;1819-1869;Chartist leader and barrister at law practised from chambers here 1863-1869",
        "categories": [
          "historical",
          "memorial"
        ],
        "primary_category": "historical",
        "interest_score": 46,
        "website": "",
        "wikipedia": "",
        "wikidata": "",
        "source_url": "https://www.openstreetmap.org/node/778705817",
        "fetched_at_utc": "2026-10-07T11:43:15+00:00",
        "query_key": "historic_sites",
        "tags": {
          "historic": "memorial",
          "inscription": "Ernest Jones;1819-1869;Chartist leader and barrister at law practised from chambers here 1863-1869",
          "memorial": "plaque",
          "name": "Ernest Jones",
          "openplaques:id": "742",
          "wikimedia_commons": "File:Ernest Jones (1819 - 1869) Chartist leader and barrister at law practised from chambers here c1863 - 1869.jpg"
        }
      }
    },
    {
      "type": "Feature",
      "geometry": {
        "type": "Point",
        "coordinates": [
          -2.2670829,
          53.4771175
        ]
      },
      "properties": {
        "id": "osm:node:7455114117",
        "source": "osm",
        "title": "Evacuation of Salford's children, Second World War",
        "address": "",
        "description": "On Friday 1st September 1939, two days before the outbreak of the 2nd World War thousands of Salford's children were evacuated. Many left from Ordsall Lane railway station which was near the site of the is building. Their parents said goodbye not knowing",
        "categories": [
          "historical",
          "memorial"
        ],
        "primary_category": "historical",
        "interest_score": 46,
        "website": "",
        "wikipedia": "",
        "wikidata": "",
        "source_url": "https://www.openstreetmap.org/node/7455114117",
        "fetched_at_utc": "2026-10-07T11:43:15+00:00",
        "query_key": "historic_sites",
        "tags": {
          "historic": "memorial",
          "inscription": "On Friday 1st September 1939, two days before the outbreak of the 2nd World War thousands of Salford's children were evacuated. Many left from Ordsall Lane railway station which was near the site of the is building. Their parents said goodbye not knowing",
          "material": "metal",
          "memorial": "plaque",
          "name": "Evacuation of Salford's children, Second World War",
          "openplaques:id": "31454"
        }
      }
    },
    {
      "type": "Feature",
      "geometry": {
        "type": "Point",
        "coordinates": [
          -2.244342,
          53.4817345
        ]
      },
      "properties": {
        "id": "osm:node:778705816",
        "source": "osm",
        "title": "First School and Chapel House",
        "address": "",
        "description": "First School and Chapel House; Built here 1734; Early meeting place of Manchester literary and philosophical society; founded 1781; Elizabeth Gaskell (1810-1865) worshipped here",
        "categories": [
          "historical",
          "memorial"
        ],
        "primary_category": "historical",
        "interest_score": 46,
        "website": "",
        "wikipedia": "",
        "wikidata": "",
        "source_url": "https://www.openstreetmap.org/node/778705816",
        "fetched_at_utc": "2026-10-07T11:43:15+00:00",
        "query_key": "historic_sites",
        "tags": {
          "historic": "memorial",
          "inscription": "First School and Chapel House; Built here 1734; Early meeting place of Manchester literary and philosophical society; founded 1781; Elizabeth Gaskell (1810-1865) worshipped here",
          "memorial": "plaque",
          "name": "First School and Chapel House"
        }
      }
    },
    {
      "type": "Feature",
      "geometry": {
        "type": "Point",
        "coordinates": [
          -2.2707452,
          53.4881054
        ]
      },
      "properties": {
        "id": "osm:node:13300259680",
        "source": "osm",
        "title": "Flood Obelisk",
        "address": "",
        "description": "Overflow of the River Irwell Nov 16th 1866",
        "categories": [
          "historical",
          "memorial"
        ],
        "primary_category": "historical",
        "interest_score": 46,
        "website": "",
        "wikipedia": "",
        "wikidata": "",
        "source_url": "https://www.openstreetmap.org/node/13300259680",
        "fetched_at_utc": "2026-10-07T11:43:15+00:00",
        "query_key": "historic_sites",
        "tags": {
          "historic": "monument",
          "inscription": "Overflow of the River Irwell Nov 16th 1866",
          "name": "Flood Obelisk"
        }
      }
    },
    {
      "type": "Feature",
      "geometry": {
        "type": "Point",
        "coordinates": [
          -2.2422176,
          53.4784985
        ]
      },
      "properties": {
        "id": "osm:node:3687364163",
        "source": "osm",
        "title": "Frederick Crace Calvert",
        "address": "",
        "description": "",
        "categories": [
          "historical",
          "memorial"
        ],
        "primary_category": "historical",
        "interest_score": 46,
        "website": "",
        "wikipedia": "",
        "wikidata": "",
        "source_url": "https://www.openstreetmap.org/node/3687364163",
        "fetched_at_utc": "2026-10-07T11:43:15+00:00",
        "query_key": "historic_sites",
        "tags": {
          "historic": "memorial",
          "memorial": "plaque",
          "name": "Frederick Crace Calvert",
          "openplaques:id": "1273",
          "source": "survey",
          "subject:wikidata": "Q1452832"
        }
      }
    },
    {
      "type": "Feature",
      "geometry": {
        "type": "Point",
        "coordinates": [
          -2.2483928,
          53.4799056
        ]
      },
      "properties": {
        "id": "osm:node:1447118039",
        "source": "osm",
        "title": "Fryderyk Chopin",
        "address": "",
        "description": "",
        "categories": [
          "historical",
          "memorial"
        ],
        "primary_category": "historical",
        "interest_score": 46,
        "website": "",
        "wikipedia": "",
        "wikidata": "",
        "source_url": "https://www.openstreetmap.org/node/1447118039",
        "fetched_at_utc": "2026-10-07T11:43:15+00:00",
        "query_key": "historic_sites",
        "tags": {
          "historic": "memorial",
          "memorial": "statue",
          "name": "Fryderyk Chopin",
          "subject:wikidata": "Q1268"
        }
      }
    },
    {
      "type": "Feature",
      "geometry": {
        "type": "Point",
        "coordinates": [
          -2.2547585,
          53.490245
        ]
      },
      "properties": {
        "id": "osm:node:9687844489",
        "source": "osm",
        "title": "Greengate Mills Stone",
        "address": "",
        "description": "Greengate Mills.",
        "categories": [
          "historical",
          "memorial"
        ],
        "primary_category": "historical",
        "interest_score": 46,
        "website": "",
        "wikipedia": "",
        "wikidata": "",
        "source_url": "https://www.openstreetmap.org/node/9687844489",
        "fetched_at_utc": "2026-10-07T11:43:15+00:00",
        "query_key": "historic_sites",
        "tags": {
          "historic": "memorial",
          "inscription": "Greengate Mills.",
          "material": "stone",
          "memorial": "stone",
          "name": "Greengate Mills Stone"
        }
      }
    },
    {
      "type": "Feature",
      "geometry": {
        "type": "Point",
        "coordinates": [
          -2.2445678,
          53.4859237
        ]
      },
      "properties": {
        "id": "osm:node:5633367296",
        "source": "osm",
        "title": "Harry Vickers",
        "address": "",
        "description": "In gratitude for Harry Vickers Pupil 1926-1934 House Governor 1949-1974 These gates were erected in 1981",
        "categories": [
          "historical",
          "memorial"
        ],
        "primary_category": "historical",
        "interest_score": 46,
        "website": "",
        "wikipedia": "",
        "wikidata": "",
        "source_url": "https://www.openstreetmap.org/node/5633367296",
        "fetched_at_utc": "2026-10-07T11:43:15+00:00",
        "query_key": "historic_sites",
        "tags": {
          "historic": "memorial",
          "inscription": "In gratitude for Harry Vickers Pupil 1926-1934 House Governor 1949-1974 These gates were erected in 1981",
          "memorial": "plaque",
          "name": "Harry Vickers",
          "source": "GPS survey"
        }
      }
    },
    {
      "type": "Feature",
      "geometry": {
        "type": "Point",
        "coordinates": [
          -2.2524869,
          53.4678787
        ]
      },
      "properties": {
        "id": "osm:node:1436433514",
        "source": "osm",
        "title": "Henry Royce",
        "address": "",
        "description": "",
        "categories": [
          "historical",
          "memorial"
        ],
        "primary_category": "historical",
        "interest_score": 46,
        "website": "",
        "wikipedia": "",
        "wikidata": "",
        "source_url": "https://www.openstreetmap.org/node/1436433514",
        "fetched_at_utc": "2026-10-07T11:43:15+00:00",
        "query_key": "historic_sites",
        "tags": {
          "historic": "monument",
          "name": "Henry Royce"
        }
      }
    },
    {
      "type": "Feature",
      "geometry": {
        "type": "Point",
        "coordinates": [
          -2.2258144,
          53.4795022
        ]
      },
      "properties": {
        "id": "osm:node:307768960",
        "source": "osm",
        "title": "Historic Cargo Lift",
        "address": "",
        "description": "",
        "categories": [
          "historical",
          "memorial"
        ],
        "primary_category": "historical",
        "interest_score": 46,
        "website": "",
        "wikipedia": "",
        "wikidata": "",
        "source_url": "https://www.openstreetmap.org/node/307768960",
        "fetched_at_utc": "2026-10-07T11:43:15+00:00",
        "query_key": "historic_sites",
        "tags": {
          "historic": "monument",
          "name": "Historic Cargo Lift"
        }
      }
    },
    {
      "type": "Feature",
      "geometry": {
        "type": "Point",
        "coordinates": [
          -2.2277246,
          53.4585981
        ]
      },
      "properties": {
        "id": "osm:node:2868822439",
        "source": "osm",
        "title": "In glorious memory of all ranks of the 7th Manchester who gave their lives for t",
        "address": "",
        "description": "In glorious memory of all ranks of the 7th Manchester who gave their lives for their country 1914-1918",
        "categories": [
          "historical",
          "memorial"
        ],
        "primary_category": "historical",
        "interest_score": 46,
        "website": "",
        "wikipedia": "",
        "wikidata": "",
        "source_url": "https://www.openstreetmap.org/node/2868822439",
        "fetched_at_utc": "2026-10-07T11:43:15+00:00",
        "query_key": "historic_sites",
        "tags": {
          "historic": "memorial",
          "inscription": "In glorious memory of all ranks of the 7th Manchester who gave their lives for their country 1914-1918",
          "memorial": "obelisk"
        }
      }
    },
    {
      "type": "Feature",
      "geometry": {
        "type": "Point",
        "coordinates": [
          -2.242662,
          53.4874598
        ]
      },
      "properties": {
        "id": "osm:node:5628820433",
        "source": "osm",
        "title": "L&YR War Chief Goods Managers Office War Memorial 1914-1919",
        "address": "",
        "description": "",
        "categories": [
          "historical",
          "memorial"
        ],
        "primary_category": "historical",
        "interest_score": 46,
        "website": "",
        "wikipedia": "",
        "wikidata": "",
        "source_url": "https://www.openstreetmap.org/node/5628820433",
        "fetched_at_utc": "2026-10-07T11:43:15+00:00",
        "query_key": "historic_sites",
        "tags": {
          "historic": "memorial",
          "level": "0",
          "memorial": "war_memorial",
          "name": "L&YR War Chief Goods Managers Office War Memorial 1914-1919",
          "source": "survey"
        }
      }
    },
    {
      "type": "Feature",
      "geometry": {
        "type": "Point",
        "coordinates": [
          -2.2427713,
          53.487419149999994
        ]
      },
      "properties": {
        "id": "osm:way:589470165",
        "source": "osm",
        "title": "L&YR War Memorial 1914-1919",
        "address": "",
        "description": "",
        "categories": [
          "historical",
          "memorial"
        ],
        "primary_category": "historical",
        "interest_score": 46,
        "website": "",
        "wikipedia": "",
        "wikidata": "",
        "source_url": "https://www.openstreetmap.org/way/589470165",
        "fetched_at_utc": "2026-10-07T11:43:15+00:00",
        "query_key": "historic_sites",
        "tags": {
          "historic": "memorial",
          "level": "0",
          "memorial": "war_memorial",
          "name": "L&YR War Memorial 1914-1919",
          "source": "survey"
        }
      }
    },
    {
      "type": "Feature",
      "geometry": {
        "type": "Point",
        "coordinates": [
          -2.244956,
          53.4848311
        ]
      },
      "properties": {
        "id": "osm:node:10860351105",
        "source": "osm",
        "title": "Mahatma Gandhi",
        "address": "",
        "description": "",
        "categories": [
          "historical",
          "memorial"
        ],
        "primary_category": "historical",
        "interest_score": 46,
        "website": "",
        "wikipedia": "",
        "wikidata": "",
        "source_url": "https://www.openstreetmap.org/node/10860351105",
        "fetched_at_utc": "2026-10-07T11:43:15+00:00",
        "query_key": "historic_sites",
        "tags": {
          "artist:wikidata": "Q7288610",
          "artist:wikipedia": "en:Ram V. Sutar",
          "artist_name": "Ram V. Sutar",
          "height": "2.75",
          "historic": "memorial",
          "material": "bronze",
          "memorial": "statue",
          "name": "Mahatma Gandhi",
          "start_date": "2019-11-25",
          "subject:wikidata": "Q1001",
          "subject:wikipedia": "en:Mahatma Gandhi"
        }
      }
    },
    {
      "type": "Feature",
      "geometry": {
        "type": "Point",
        "coordinates": [
          -2.2454513,
          53.4825568
        ]
      },
      "properties": {
        "id": "osm:node:3597286142",
        "source": "osm",
        "title": "Manchester Boer War Memorial",
        "address": "",
        "description": "",
        "categories": [
          "historical",
          "memorial"
        ],
        "primary_category": "historical",
        "interest_score": 46,
        "website": "",
        "wikipedia": "",
        "wikidata": "",
        "source_url": "https://www.openstreetmap.org/node/3597286142",
        "fetched_at_utc": "2026-10-07T11:43:15+00:00",
        "query_key": "historic_sites",
        "tags": {
          "historic": "memorial",
          "memorial": "war_memorial",
          "memorial:conflict": "Boer_Wars",
          "memorial:conflict:wikidata": "Q1676845",
          "name": "Manchester Boer War Memorial"
        }
      }
    },
    {
      "type": "Feature",
      "geometry": {
        "type": "Point",
        "coordinates": [
          -2.2431164,
          53.4862664
        ]
      },
      "properties": {
        "id": "osm:node:5633380620",
        "source": "osm",
        "title": "Manchester Grammar School",
        "address": "",
        "description": "The Manchester Grammar School. This plaque marks the original site of The Manchester Grammar School on which for more than four centuries successive generations of boys were educated. The school was founded in 1515 by Hugh Oldham, Bishop of Exeter,",
        "categories": [
          "historical",
          "memorial"
        ],
        "primary_category": "historical",
        "interest_score": 46,
        "website": "",
        "wikipedia": "",
        "wikidata": "",
        "source_url": "https://www.openstreetmap.org/node/5633380620",
        "fetched_at_utc": "2026-10-07T11:43:15+00:00",
        "query_key": "historic_sites",
        "tags": {
          "historic": "memorial",
          "inscription": "The Manchester Grammar School. This plaque marks the original site of The Manchester Grammar School on which for more than four centuries successive generations of boys were educated. The school was founded in 1515 by Hugh Oldham, Bishop of Exeter,",
          "memorial": "plaque",
          "name": "Manchester Grammar School",
          "source": "GPS survey"
        }
      }
    },
    {
      "type": "Feature",
      "geometry": {
        "type": "Point",
        "coordinates": [
          -2.2370705,
          53.4768579
        ]
      },
      "properties": {
        "id": "osm:node:2641956330",
        "source": "osm",
        "title": "Mathew Perrin Memorial",
        "address": "",
        "description": "",
        "categories": [
          "historical",
          "memorial"
        ],
        "primary_category": "historical",
        "interest_score": 46,
        "website": "",
        "wikipedia": "",
        "wikidata": "",
        "source_url": "https://www.openstreetmap.org/node/2641956330",
        "fetched_at_utc": "2026-10-07T11:43:15+00:00",
        "query_key": "historic_sites",
        "tags": {
          "direction": "315",
          "historic": "memorial",
          "material": "metal",
          "memorial": "plaque",
          "name": "Mathew Perrin Memorial",
          "wheelchair": "yes"
        }
      }
    },
    {
      "type": "Feature",
      "geometry": {
        "type": "Point",
        "coordinates": [
          -2.2432121,
          53.4787483
        ]
      },
      "properties": {
        "id": "osm:node:6028333543",
        "source": "osm",
        "title": "Memorial to the British Nuclear Test Veterans",
        "address": "",
        "description": "",
        "categories": [
          "historical",
          "memorial"
        ],
        "primary_category": "historical",
        "interest_score": 46,
        "website": "",
        "wikipedia": "",
        "wikidata": "",
        "source_url": "https://www.openstreetmap.org/node/6028333543",
        "fetched_at_utc": "2026-10-07T11:43:15+00:00",
        "query_key": "historic_sites",
        "tags": {
          "historic": "memorial",
          "memorial": "plaque",
          "name": "Memorial to the British Nuclear Test Veterans",
          "source": "survey; OSM note",
          "start_date": "dedicated 5 Oct 2017"
        }
      }
    },
    {
      "type": "Feature",
      "geometry": {
        "type": "Point",
        "coordinates": [
          -2.273062,
          53.4606471
        ]
      },
      "properties": {
        "id": "osm:node:14242813753",
        "source": "osm",
        "title": "Old Trafford Youth Centre Sculpture & Landscape Improvements",
        "address": "",
        "description": "",
        "categories": [
          "historical",
          "memorial"
        ],
        "primary_category": "historical",
        "interest_score": 46,
        "website": "",
        "wikipedia": "",
        "wikidata": "",
        "source_url": "https://www.openstreetmap.org/node/14242813753",
        "fetched_at_utc": "2026-10-07T11:43:15+00:00",
        "query_key": "historic_sites",
        "tags": {
          "direction": "330",
          "historic": "memorial",
          "inscription:1": "This sculpture commemorates the 200th anniversary of The Abolition of Slavery Act 1807,|and was created by artists Neil Drummond and P.J.Goodwin of Ornamental Genius.|The young People of Old Trafford Youth Centre were involved in the design of the piece",
          "inscription:2": "as|part of a project around black history and slavery.|Groundwork Manchester, Salford & Trafford delivered the project in partnership with|Old Trafford Youth Centre and Trafford Council, with funding provided by both the|Safer, Stronger Communities Fund a",
          "material": "metal",
          "memorial": "plaque",
          "name": "Old Trafford Youth Centre Sculpture & Landscape Improvements"
        }
      }
    },
    {
      "type": "Feature",
      "geometry": {
        "type": "Point",
        "coordinates": [
          -2.2406357,
          53.4797191
        ]
      },
      "properties": {
        "id": "osm:node:9608417000",
        "source": "osm",
        "title": "Portico Library - 1806",
        "address": "",
        "description": "Portico Library – 1806 Thomas Harrison architect (1744-1829) Richard Cobden John Dalton Elizabeth Gaskell Sir Robert Peel Thomas De Quincey Peter Mark Roget were readers here.",
        "categories": [
          "historical",
          "memorial"
        ],
        "primary_category": "historical",
        "interest_score": 46,
        "website": "",
        "wikipedia": "",
        "wikidata": "",
        "source_url": "https://www.openstreetmap.org/node/9608417000",
        "fetched_at_utc": "2026-10-07T11:43:15+00:00",
        "query_key": "historic_sites",
        "tags": {
          "historic": "memorial",
          "inscription": "Portico Library – 1806 Thomas Harrison architect (1744-1829) Richard Cobden John Dalton Elizabeth Gaskell Sir Robert Peel Thomas De Quincey Peter Mark Roget were readers here.",
          "material": "metal",
          "memorial": "plaque",
          "name": "Portico Library - 1806"
        }
      }
    },
    {
      "type": "Feature",
      "geometry": {
        "type": "Point",
        "coordinates": [
          -2.2418378,
          53.473024
        ]
      },
      "properties": {
        "id": "osm:node:2385437159",
        "source": "osm",
        "title": "Red Plaque: Little Ireland",
        "address": "",
        "description": "",
        "categories": [
          "historical",
          "memorial"
        ],
        "primary_category": "historical",
        "interest_score": 46,
        "website": "",
        "wikipedia": "",
        "wikidata": "",
        "source_url": "https://www.openstreetmap.org/node/2385437159",
        "fetched_at_utc": "2026-10-07T11:43:15+00:00",
        "query_key": "historic_sites",
        "tags": {
          "historic": "memorial",
          "name": "Red Plaque: Little Ireland",
          "source": "survey"
        }
      }
    },
    {
      "type": "Feature",
      "geometry": {
        "type": "Point",
        "coordinates": [
          -2.2410907,
          53.4861204
        ]
      },
      "properties": {
        "id": "osm:node:13303102672",
        "source": "osm",
        "title": "Robert Owen Statue",
        "address": "",
        "description": "",
        "categories": [
          "historical",
          "memorial"
        ],
        "primary_category": "historical",
        "interest_score": 46,
        "website": "",
        "wikipedia": "",
        "wikidata": "",
        "source_url": "https://www.openstreetmap.org/node/13303102672",
        "fetched_at_utc": "2026-10-07T11:43:15+00:00",
        "query_key": "historic_sites",
        "tags": {
          "historic": "memorial",
          "memorial": "statue",
          "name": "Robert Owen Statue"
        }
      }
    },
    {
      "type": "Feature",
      "geometry": {
        "type": "Point",
        "coordinates": [
          -2.229059,
          53.4853083
        ]
      },
      "properties": {
        "id": "osm:node:11063527381",
        "source": "osm",
        "title": "Serafino's Stone",
        "address": "",
        "description": "Dedicated on the 6th of December 2005 to Serafino De Felice in honour of his tireless devotion to the people and fabric of Ancoats",
        "categories": [
          "historical",
          "memorial"
        ],
        "primary_category": "historical",
        "interest_score": 46,
        "website": "",
        "wikipedia": "",
        "wikidata": "",
        "source_url": "https://www.openstreetmap.org/node/11063527381",
        "fetched_at_utc": "2026-10-07T11:43:15+00:00",
        "query_key": "historic_sites",
        "tags": {
          "historic": "monument",
          "inscription": "Dedicated on the 6th of December 2005 to Serafino De Felice in honour of his tireless devotion to the people and fabric of Ancoats",
          "name": "Serafino's Stone"
        }
      }
    },
    {
      "type": "Feature",
      "geometry": {
        "type": "Point",
        "coordinates": [
          -2.2519955,
          53.4785239
        ]
      },
      "properties": {
        "id": "osm:node:3403995150",
        "source": "osm",
        "title": "Sir Edward Frankland and Sir Henry Enfield Roscoe",
        "address": "",
        "description": "",
        "categories": [
          "historical",
          "memorial"
        ],
        "primary_category": "historical",
        "interest_score": 46,
        "website": "",
        "wikipedia": "",
        "wikidata": "",
        "source_url": "https://www.openstreetmap.org/node/3403995150",
        "fetched_at_utc": "2026-10-07T11:43:15+00:00",
        "query_key": "historic_sites",
        "tags": {
          "historic": "memorial",
          "memorial": "plaque",
          "name": "Sir Edward Frankland and Sir Henry Enfield Roscoe",
          "openplaques:id": "963",
          "source": "Wikipedia;openplaques"
        }
      }
    },
    {
      "type": "Feature",
      "geometry": {
        "type": "Point",
        "coordinates": [
          -2.2468274,
          53.477859
        ]
      },
      "properties": {
        "id": "osm:node:1177048964",
        "source": "osm",
        "title": "St Peter's Fields - The Peterloo Massacre",
        "address": "",
        "description": "",
        "categories": [
          "historical",
          "memorial"
        ],
        "primary_category": "historical",
        "interest_score": 46,
        "website": "",
        "wikipedia": "",
        "wikidata": "",
        "source_url": "https://www.openstreetmap.org/node/1177048964",
        "fetched_at_utc": "2026-10-07T11:43:15+00:00",
        "query_key": "historic_sites",
        "tags": {
          "historic": "memorial",
          "memorial": "plaque",
          "name": "St Peter's Fields - The Peterloo Massacre"
        }
      }
    },
    {
      "type": "Feature",
      "geometry": {
        "type": "Point",
        "coordinates": [
          -2.2721353,
          53.4840528
        ]
      },
      "properties": {
        "id": "osm:node:1700801440",
        "source": "osm",
        "title": "The Lancashire Fusiliers",
        "address": "",
        "description": "",
        "categories": [
          "historical",
          "memorial"
        ],
        "primary_category": "historical",
        "interest_score": 46,
        "website": "",
        "wikipedia": "",
        "wikidata": "",
        "source_url": "https://www.openstreetmap.org/node/1700801440",
        "fetched_at_utc": "2026-10-07T11:43:15+00:00",
        "query_key": "historic_sites",
        "tags": {
          "historic": "memorial",
          "memorial": "war_memorial",
          "name": "The Lancashire Fusiliers"
        }
      }
    },
    {
      "type": "Feature",
      "geometry": {
        "type": "Point",
        "coordinates": [
          -2.2144322,
          53.4687452
        ]
      },
      "properties": {
        "id": "osm:node:10899303422",
        "source": "osm",
        "title": "TO THE HONOURED MEMORY OF THE EMPLOYEES OF MANCHESTER CORPORATION TRAMWAYS WHO G",
        "address": "",
        "description": "TO THE HONOURED MEMORY OF THE EMPLOYEES OF MANCHESTER CORPORATION TRAMWAYS WHO GAVE THEIR LIVES IN THE CAUSE OF FREEDOM AND RIGHT IN THE GREAT EUROPEAN WAR 1914-1918",
        "categories": [
          "historical",
          "memorial"
        ],
        "primary_category": "historical",
        "interest_score": 46,
        "website": "",
        "wikipedia": "",
        "wikidata": "",
        "source_url": "https://www.openstreetmap.org/node/10899303422",
        "fetched_at_utc": "2026-10-07T11:43:15+00:00",
        "query_key": "historic_sites",
        "tags": {
          "direction": "105",
          "historic": "memorial",
          "inscription": "TO THE HONOURED MEMORY OF THE EMPLOYEES OF MANCHESTER CORPORATION TRAMWAYS WHO GAVE THEIR LIVES IN THE CAUSE OF FREEDOM AND RIGHT IN THE GREAT EUROPEAN WAR 1914-1918",
          "material": "brass",
          "memorial": "war_memorial",
          "memorial:conflict": "WW1",
          "note": "is a wall mounted brass plaque",
          "openplaques:id": "58665",
          "war_memorial": "yes"
        }
      }
    },
    {
      "type": "Feature",
      "geometry": {
        "type": "Point",
        "coordinates": [
          -2.2245341666666665,
          53.48692011111112
        ]
      },
      "properties": {
        "id": "osm:relation:19386704",
        "source": "osm",
        "title": "Ancoats Green",
        "address": "",
        "description": "Closed for major upgrade.",
        "categories": [
          "natural",
          "park"
        ],
        "primary_category": "natural",
        "interest_score": 45,
        "website": "http://ancoatsgreen.org/",
        "wikipedia": "",
        "wikidata": "",
        "source_url": "https://www.openstreetmap.org/relation/19386704",
        "fetched_at_utc": "2026-10-07T11:43:15+00:00",
        "query_key": "parks",
        "tags": {
          "construction:leisure": "park",
          "description": "Closed for major upgrade.",
          "leisure": "park",
          "name": "Ancoats Green",
          "old_name": "Prussia Park",
          "operator": "Manchester City Council",
          "operator:type": "government",
          "operator:wikidata": "Q2302252",
          "phone": "+44 161 795 2650;+44 7786 312675",
          "source": "bing",
          "website": "http://ancoatsgreen.org/"
        }
      }
    },
    {
      "type": "Feature",
      "geometry": {
        "type": "Point",
        "coordinates": [
          -2.256953715,
          53.474988674999985
        ]
      },
      "properties": {
        "id": "osm:way:1066894506",
        "source": "osm",
        "title": "Castlefield Viaduct Urban Park",
        "address": "",
        "description": "",
        "categories": [
          "natural",
          "park",
          "landmark"
        ],
        "primary_category": "natural",
        "interest_score": 44,
        "website": "https://www.nationaltrust.org.uk/castlefield-viaduct",
        "wikipedia": "",
        "wikidata": "",
        "source_url": "https://www.openstreetmap.org/way/1066894506",
        "fetched_at_utc": "2026-10-07T11:43:15+00:00",
        "query_key": "attractions_and_viewpoints",
        "tags": {
          "bridge": "yes",
          "layer": "3",
          "leisure": "park",
          "name": "Castlefield Viaduct Urban Park",
          "opening_hours": "We-Su 10:00-17:00",
          "tourism": "attraction",
          "website": "https://www.nationaltrust.org.uk/castlefield-viaduct"
        }
      }
    },
    {
      "type": "Feature",
      "geometry": {
        "type": "Point",
        "coordinates": [
          -2.27588115,
          53.4961311
        ]
      },
      "properties": {
        "id": "osm:way:1467980194",
        "source": "osm",
        "title": "The Tree of Knowledge",
        "address": "",
        "description": "",
        "categories": [
          "cultural",
          "art"
        ],
        "primary_category": "cultural",
        "interest_score": 44,
        "website": "",
        "wikipedia": "",
        "wikidata": "Q26672595",
        "source_url": "https://www.openstreetmap.org/way/1467980194",
        "fetched_at_utc": "2026-10-07T11:43:15+00:00",
        "query_key": "galleries_and_arts",
        "tags": {
          "artist_name": "Alan Boyson",
          "artwork_type": "mural",
          "material": "ceramic",
          "name": "The Tree of Knowledge",
          "start_date": "1962",
          "tourism": "artwork",
          "wikidata": "Q26672595"
        },
        "sitelinks": 1
      }
    },
    {
      "type": "Feature",
      "geometry": {
        "type": "Point",
        "coordinates": [
          -2.2254737,
          53.4599977
        ]
      },
      "properties": {
        "id": "osm:node:5347306872",
        "source": "osm",
        "title": "Anyone Who Has a Heart",
        "address": "",
        "description": "Artists: Andrew Small and Steve Almond\nThis monument has two steel grips on the side facing Royal Manchester Children's Hospital. If you hold them the monument will show you heartbeat as red pulses",
        "categories": [
          "cultural",
          "art"
        ],
        "primary_category": "cultural",
        "interest_score": 41,
        "website": "http://www2.traxontechnologies.com/showcase/showcase_details/14092/Anyone%20Who%20Has%20a%20Heart%20-%20Manchester,%20United%20Kingdom",
        "wikipedia": "",
        "wikidata": "",
        "source_url": "https://www.openstreetmap.org/node/5347306872",
        "fetched_at_utc": "2026-10-07T11:43:15+00:00",
        "query_key": "galleries_and_arts",
        "tags": {
          "artwork_type": "sculpture",
          "description": "Artists: Andrew Small and Steve Almond\nThis monument has two steel grips on the side facing Royal Manchester Children's Hospital. If you hold them the monument will show you heartbeat as red pulses",
          "name": "Anyone Who Has a Heart",
          "tourism": "artwork",
          "website": "http://www2.traxontechnologies.com/showcase/showcase_details/14092/Anyone%20Who%20Has%20a%20Heart%20-%20Manchester,%20United%20Kingdom"
        }
      }
    },
    {
      "type": "Feature",
      "geometry": {
        "type": "Point",
        "coordinates": [
          -2.2321279,
          53.4813899
        ]
      },
      "properties": {
        "id": "osm:node:4655437142",
        "source": "osm",
        "title": "Inhuman barriers",
        "address": "",
        "description": "Mural painting that addresses the theme of immigration realized for “Cities of hope” in Manchester (UK), in support to the local solidarity group WASP (Women Asylum Seekers Together)",
        "categories": [
          "cultural",
          "art"
        ],
        "primary_category": "cultural",
        "interest_score": 41,
        "website": "https://nevercrew.com/inhuman-barries",
        "wikipedia": "",
        "wikidata": "",
        "source_url": "https://www.openstreetmap.org/node/4655437142",
        "fetched_at_utc": "2026-10-07T11:43:15+00:00",
        "query_key": "galleries_and_arts",
        "tags": {
          "artist:wikidata": "Q24336846",
          "artist_name": "Never Crew",
          "artwork_type": "mural",
          "description": "Mural painting that addresses the theme of immigration realized for “Cities of hope” in Manchester (UK), in support to the local solidarity group WASP (Women Asylum Seekers Together)",
          "name": "Inhuman barriers",
          "start_date": "2016",
          "tourism": "artwork",
          "website": "https://nevercrew.com/inhuman-barries"
        }
      }
    },
    {
      "type": "Feature",
      "geometry": {
        "type": "Point",
        "coordinates": [
          -2.2628599533333333,
          53.49996498666666
        ]
      },
      "properties": {
        "id": "osm:way:209615820",
        "source": "osm",
        "title": "Albert Park",
        "address": "Grecian Street, Salford, M7 1JF",
        "description": "",
        "categories": [
          "natural",
          "park"
        ],
        "primary_category": "natural",
        "interest_score": 40,
        "website": "https://www.salford.gov.uk/parks-and-open-spaces/salford-parks/albert-park/",
        "wikipedia": "",
        "wikidata": "",
        "source_url": "https://www.openstreetmap.org/way/209615820",
        "fetched_at_utc": "2026-10-07T11:43:15+00:00",
        "query_key": "parks",
        "tags": {
          "addr:city": "Salford",
          "addr:postcode": "M7 1JF",
          "addr:street": "Grecian Street",
          "leisure": "park",
          "name": "Albert Park",
          "operator": "Salford City Council",
          "operator:type": "public",
          "source": "data.gov.uk",
          "start_date": "1877",
          "website": "https://www.salford.gov.uk/parks-and-open-spaces/salford-parks/albert-park/"
        }
      }
    },
    {
      "type": "Feature",
      "geometry": {
        "type": "Point",
        "coordinates": [
          -2.2582298428571432,
          53.488252819999985
        ]
      },
      "properties": {
        "id": "osm:way:263689257",
        "source": "osm",
        "title": "Blackfriars Park",
        "address": "Mount Street, Salford, M3 6LU",
        "description": "",
        "categories": [
          "natural",
          "park"
        ],
        "primary_category": "natural",
        "interest_score": 40,
        "website": "https://www.salford.gov.uk/blackfriarspark",
        "wikipedia": "",
        "wikidata": "",
        "source_url": "https://www.openstreetmap.org/way/263689257",
        "fetched_at_utc": "2026-10-07T11:43:15+00:00",
        "query_key": "parks",
        "tags": {
          "addr:city": "Salford",
          "addr:postcode": "M3 6LU",
          "addr:street": "Mount Street",
          "leisure": "park",
          "name": "Blackfriars Park",
          "operator": "Salford City Council",
          "operator:type": "public",
          "source": "data.gov.uk",
          "website": "https://www.salford.gov.uk/blackfriarspark"
        }
      }
    },
    {
      "type": "Feature",
      "geometry": {
        "type": "Point",
        "coordinates": [
          -2.2011501454545455,
          53.478050336363644
        ]
      },
      "properties": {
        "id": "osm:way:269603753",
        "source": "osm",
        "title": "Bradford Park",
        "address": "",
        "description": "",
        "categories": [
          "natural",
          "park"
        ],
        "primary_category": "natural",
        "interest_score": 40,
        "website": "https://www.manchester.gov.uk/directory_record/439709/bradford_park/category/301/all_parks_playgrounds_and_open_spaces",
        "wikipedia": "",
        "wikidata": "",
        "source_url": "https://www.openstreetmap.org/way/269603753",
        "fetched_at_utc": "2026-10-07T11:43:15+00:00",
        "query_key": "parks",
        "tags": {
          "leisure": "park",
          "name": "Bradford Park",
          "website": "https://www.manchester.gov.uk/directory_record/439709/bradford_park/category/301/all_parks_playgrounds_and_open_spaces"
        }
      }
    },
    {
      "type": "Feature",
      "geometry": {
        "type": "Point",
        "coordinates": [
          -2.218180465217391,
          53.497418073913046
        ]
      },
      "properties": {
        "id": "osm:way:1214134574",
        "source": "osm",
        "title": "Collyhurst Park",
        "address": "",
        "description": "",
        "categories": [
          "natural",
          "park"
        ],
        "primary_category": "natural",
        "interest_score": 40,
        "website": "https://www.manchester.gov.uk/directory_record/439730/collyhurst_park/category/301/all_parks_playgrounds_and_open_spaces",
        "wikipedia": "",
        "wikidata": "",
        "source_url": "https://www.openstreetmap.org/way/1214134574",
        "fetched_at_utc": "2026-10-07T11:43:15+00:00",
        "query_key": "parks",
        "tags": {
          "leisure": "park",
          "name": "Collyhurst Park",
          "website": "https://www.manchester.gov.uk/directory_record/439730/collyhurst_park/category/301/all_parks_playgrounds_and_open_spaces"
        }
      }
    },
    {
      "type": "Feature",
      "geometry": {
        "type": "Point",
        "coordinates": [
          -2.26736521443299,
          53.48535897731962
        ]
      },
      "properties": {
        "id": "osm:way:171597155",
        "source": "osm",
        "title": "Crescent Meadow",
        "address": "Meadow Road, Salford",
        "description": "",
        "categories": [
          "natural",
          "park"
        ],
        "primary_category": "natural",
        "interest_score": 40,
        "website": "https://www.salford.gov.uk/crescentmeadow",
        "wikipedia": "",
        "wikidata": "",
        "source_url": "https://www.openstreetmap.org/way/171597155",
        "fetched_at_utc": "2026-10-07T11:43:15+00:00",
        "query_key": "parks",
        "tags": {
          "addr:city": "Salford",
          "addr:street": "Meadow Road",
          "leisure": "park",
          "name": "Crescent Meadow",
          "source": "data.gov.uk",
          "website": "https://www.salford.gov.uk/crescentmeadow"
        }
      }
    },
    {
      "type": "Feature",
      "geometry": {
        "type": "Point",
        "coordinates": [
          -2.270512833333333,
          53.49183981176469
        ]
      },
      "properties": {
        "id": "osm:way:148325237",
        "source": "osm",
        "title": "David Lewis Recreation Ground",
        "address": "",
        "description": "",
        "categories": [
          "natural",
          "park"
        ],
        "primary_category": "natural",
        "interest_score": 40,
        "website": "https://www.manchester.gov.uk/directory_record/439737/david_lewis_recreation_ground",
        "wikipedia": "",
        "wikidata": "",
        "source_url": "https://www.openstreetmap.org/way/148325237",
        "fetched_at_utc": "2026-10-07T11:43:15+00:00",
        "query_key": "parks",
        "tags": {
          "leisure": "park",
          "name": "David Lewis Recreation Ground",
          "source": "Bing",
          "website": "https://www.manchester.gov.uk/directory_record/439737/david_lewis_recreation_ground"
        }
      }
    },
    {
      "type": "Feature",
      "geometry": {
        "type": "Point",
        "coordinates": [
          -2.2305450034482757,
          53.470116806896556
        ]
      },
      "properties": {
        "id": "osm:way:27683085",
        "source": "osm",
        "title": "Gartside Gardens",
        "address": "Kincardine Road",
        "description": "",
        "categories": [
          "natural",
          "park"
        ],
        "primary_category": "natural",
        "interest_score": 40,
        "website": "https://www.manchester.gov.uk/directory_record/89220/gartside_gardens",
        "wikipedia": "",
        "wikidata": "",
        "source_url": "https://www.openstreetmap.org/way/27683085",
        "fetched_at_utc": "2026-10-07T11:43:15+00:00",
        "query_key": "parks",
        "tags": {
          "addr:street": "Kincardine Road",
          "leisure": "park",
          "name": "Gartside Gardens",
          "opening_hours": "Mo-Su dawn-dusk",
          "operator": "Manchester City Council",
          "operator:type": "government",
          "website": "https://www.manchester.gov.uk/directory_record/89220/gartside_gardens"
        }
      }
    },
    {
      "type": "Feature",
      "geometry": {
        "type": "Point",
        "coordinates": [
          -2.261450707017543,
          53.49394183157895
        ]
      },
      "properties": {
        "id": "osm:way:426679430",
        "source": "osm",
        "title": "Green Grosvenor Park",
        "address": "Salford",
        "description": "",
        "categories": [
          "natural",
          "park"
        ],
        "primary_category": "natural",
        "interest_score": 40,
        "website": "https://www.salford.gov.uk/greengrosvenor",
        "wikipedia": "",
        "wikidata": "",
        "source_url": "https://www.openstreetmap.org/way/426679430",
        "fetched_at_utc": "2026-10-07T11:43:15+00:00",
        "query_key": "parks",
        "tags": {
          "addr:city": "Salford",
          "leisure": "park",
          "name": "Green Grosvenor Park",
          "source": "data.gov.uk",
          "website": "https://www.salford.gov.uk/greengrosvenor"
        }
      }
    },
    {
      "type": "Feature",
      "geometry": {
        "type": "Point",
        "coordinates": [
          -2.251830748101266,
          53.468797348101255
        ]
      },
      "properties": {
        "id": "osm:relation:17580303",
        "source": "osm",
        "title": "Hulme Park",
        "address": "",
        "description": "",
        "categories": [
          "natural",
          "park"
        ],
        "primary_category": "natural",
        "interest_score": 40,
        "website": "https://www.manchester.gov.uk/directory_record/439773/hulme_park/category/301/all_parks_playgrounds_and_open_spaces",
        "wikipedia": "",
        "wikidata": "",
        "source_url": "https://www.openstreetmap.org/relation/17580303",
        "fetched_at_utc": "2026-10-07T11:43:15+00:00",
        "query_key": "parks",
        "tags": {
          "leisure": "park",
          "name": "Hulme Park",
          "website": "https://www.manchester.gov.uk/directory_record/439773/hulme_park/category/301/all_parks_playgrounds_and_open_spaces"
        }
      }
    },
    {
      "type": "Feature",
      "geometry": {
        "type": "Point",
        "coordinates": [
          -2.2162379999999997,
          53.48902802
        ]
      },
      "properties": {
        "id": "osm:way:254957243",
        "source": "osm",
        "title": "Miles Platting Community Library",
        "address": "",
        "description": "",
        "categories": [
          "cultural",
          "architecture",
          "literary"
        ],
        "primary_category": "cultural",
        "interest_score": 40,
        "website": "",
        "wikipedia": "",
        "wikidata": "",
        "source_url": "https://www.openstreetmap.org/way/254957243",
        "fetched_at_utc": "2026-10-07T11:43:15+00:00",
        "query_key": "performance_and_literary",
        "tags": {
          "amenity": "library",
          "building": "yes",
          "building:levels": "1",
          "name": "Miles Platting Community Library",
          "ref:GB:uprn": "10095846157;10090666490"
        }
      }
    },
    {
      "type": "Feature",
      "geometry": {
        "type": "Point",
        "coordinates": [
          -2.2409996471698106,
          53.457356435849064
        ]
      },
      "properties": {
        "id": "osm:way:135939584",
        "source": "osm",
        "title": "Moss Side Community Park",
        "address": "",
        "description": "",
        "categories": [
          "natural",
          "park"
        ],
        "primary_category": "natural",
        "interest_score": 40,
        "website": "https://www.manchester.gov.uk/directory_record/439796/moss_side_community_park_aka_broadfield_park/category/301/all_parks_playgrounds_and_open_spaces",
        "wikipedia": "",
        "wikidata": "",
        "source_url": "https://www.openstreetmap.org/way/135939584",
        "fetched_at_utc": "2026-10-07T11:43:15+00:00",
        "query_key": "parks",
        "tags": {
          "alt_name": "Broadfield Park",
          "leisure": "park",
          "name": "Moss Side Community Park",
          "website": "https://www.manchester.gov.uk/directory_record/439796/moss_side_community_park_aka_broadfield_park/category/301/all_parks_playgrounds_and_open_spaces"
        }
      }
    },
    {
      "type": "Feature",
      "geometry": {
        "type": "Point",
        "coordinates": [
          -2.24840148,
          53.45702345333334
        ]
      },
      "properties": {
        "id": "osm:way:136104903",
        "source": "osm",
        "title": "Moss Side Millennium Green",
        "address": "",
        "description": "",
        "categories": [
          "natural",
          "park"
        ],
        "primary_category": "natural",
        "interest_score": 40,
        "website": "https://www.manchester.gov.uk/directory_record/439797/moss_side_millennium_green/category/301/all_parks_playgrounds_and_open_spaces",
        "wikipedia": "",
        "wikidata": "",
        "source_url": "https://www.openstreetmap.org/way/136104903",
        "fetched_at_utc": "2026-10-07T11:43:15+00:00",
        "query_key": "parks",
        "tags": {
          "leisure": "park",
          "name": "Moss Side Millennium Green",
          "website": "https://www.manchester.gov.uk/directory_record/439797/moss_side_millennium_green/category/301/all_parks_playgrounds_and_open_spaces"
        }
      }
    },
    {
      "type": "Feature",
      "geometry": {
        "type": "Point",
        "coordinates": [
          -2.266596528,
          53.492749316
        ]
      },
      "properties": {
        "id": "osm:way:263475245",
        "source": "osm",
        "title": "Orion Place",
        "address": "Salford",
        "description": "",
        "categories": [
          "natural",
          "park"
        ],
        "primary_category": "natural",
        "interest_score": 40,
        "website": "https://www.salford.gov.uk/orionplace",
        "wikipedia": "",
        "wikidata": "",
        "source_url": "https://www.openstreetmap.org/way/263475245",
        "fetched_at_utc": "2026-10-07T11:43:15+00:00",
        "query_key": "parks",
        "tags": {
          "addr:city": "Salford",
          "leisure": "park",
          "name": "Orion Place",
          "source": "data.gov.uk",
          "website": "https://www.salford.gov.uk/orionplace"
        }
      }
    },
    {
      "type": "Feature",
      "geometry": {
        "type": "Point",
        "coordinates": [
          -2.273434414285714,
          53.4761338
        ]
      },
      "properties": {
        "id": "osm:way:136032361",
        "source": "osm",
        "title": "Regent Square",
        "address": "Salford",
        "description": "",
        "categories": [
          "natural",
          "park"
        ],
        "primary_category": "natural",
        "interest_score": 40,
        "website": "https://www.salford.gov.uk/regentsquareplay",
        "wikipedia": "",
        "wikidata": "",
        "source_url": "https://www.openstreetmap.org/way/136032361",
        "fetched_at_utc": "2026-10-07T11:43:15+00:00",
        "query_key": "parks",
        "tags": {
          "addr:city": "Salford",
          "leisure": "park",
          "name": "Regent Square",
          "source": "data.gov.uk",
          "website": "https://www.salford.gov.uk/regentsquareplay"
        }
      }
    },
    {
      "type": "Feature",
      "geometry": {
        "type": "Point",
        "coordinates": [
          -2.22057695,
          53.46298090999999
        ]
      },
      "properties": {
        "id": "osm:way:307168490",
        "source": "osm",
        "title": "Swinton Grove Park",
        "address": "",
        "description": "",
        "categories": [
          "natural",
          "park"
        ],
        "primary_category": "natural",
        "interest_score": 40,
        "website": "https://www.manchester.gov.uk/directory_record/439840/swinton_grove_park/category/301/all_parks_playgrounds_and_open_spaces",
        "wikipedia": "",
        "wikidata": "",
        "source_url": "https://www.openstreetmap.org/way/307168490",
        "fetched_at_utc": "2026-10-07T11:43:15+00:00",
        "query_key": "parks",
        "tags": {
          "leisure": "park",
          "name": "Swinton Grove Park",
          "website": "https://www.manchester.gov.uk/directory_record/439840/swinton_grove_park/category/301/all_parks_playgrounds_and_open_spaces"
        }
      }
    },
    {
      "type": "Feature",
      "geometry": {
        "type": "Point",
        "coordinates": [
          -2.2533186,
          53.4814714
        ]
      },
      "properties": {
        "id": "osm:node:11391418301",
        "source": "osm",
        "title": "PETERLOO",
        "address": "",
        "description": "",
        "categories": [
          "cultural",
          "art"
        ],
        "primary_category": "cultural",
        "interest_score": 37,
        "website": "",
        "wikipedia": "",
        "wikidata": "",
        "source_url": "https://www.openstreetmap.org/node/11391418301",
        "fetched_at_utc": "2026-10-07T11:43:15+00:00",
        "query_key": "galleries_and_arts",
        "tags": {
          "artist_name": "Axel Void",
          "artwork_type": "mural",
          "image": "https://pixelfed.de/storage/m/_v2/615797448648714432/bc40e5d2a-3c51e6/SlZD1G5IbhlB/MzLejo6OlSVazvb94Li16ne7BLFjVljZV63aiqla.jpg",
          "name": "PETERLOO",
          "source": "https://mastodon.online/@AmiW/111446967949089917;q",
          "tourism": "artwork"
        }
      }
    },
    {
      "type": "Feature",
      "geometry": {
        "type": "Point",
        "coordinates": [
          -2.2394569,
          53.4832358
        ]
      },
      "properties": {
        "id": "osm:node:3590482371",
        "source": "osm",
        "title": "Arndale Market",
        "address": "",
        "description": "",
        "categories": [
          "cultural",
          "market"
        ],
        "primary_category": "cultural",
        "interest_score": 36,
        "website": "",
        "wikipedia": "",
        "wikidata": "",
        "source_url": "https://www.openstreetmap.org/node/3590482371",
        "fetched_at_utc": "2026-10-07T11:43:15+00:00",
        "query_key": "markets",
        "tags": {
          "amenity": "marketplace",
          "name": "Arndale Market"
        }
      }
    },
    {
      "type": "Feature",
      "geometry": {
        "type": "Point",
        "coordinates": [
          -2.2392254,
          53.4836016
        ]
      },
      "properties": {
        "id": "osm:node:11093004053",
        "source": "osm",
        "title": "Arndale Market",
        "address": "",
        "description": "",
        "categories": [
          "cultural",
          "market"
        ],
        "primary_category": "cultural",
        "interest_score": 36,
        "website": "",
        "wikipedia": "",
        "wikidata": "",
        "source_url": "https://www.openstreetmap.org/node/11093004053",
        "fetched_at_utc": "2026-10-07T11:43:15+00:00",
        "query_key": "markets",
        "tags": {
          "amenity": "marketplace",
          "name": "Arndale Market",
          "wheelchair": "yes"
        }
      }
    },
    {
      "type": "Feature",
      "geometry": {
        "type": "Point",
        "coordinates": [
          -2.2341494,
          53.4852504
        ]
      },
      "properties": {
        "id": "osm:node:2626249338",
        "source": "osm",
        "title": "Band on the Wall",
        "address": "25 Swan Street, Manchester, M4 5JZ",
        "description": "",
        "categories": [
          "cultural",
          "art"
        ],
        "primary_category": "cultural",
        "interest_score": 36,
        "website": "https://bandonthewall.org/",
        "wikipedia": "",
        "wikidata": "",
        "source_url": "https://www.openstreetmap.org/node/2626249338",
        "fetched_at_utc": "2026-10-07T11:43:15+00:00",
        "query_key": "galleries_and_arts",
        "tags": {
          "addr:city": "Manchester",
          "addr:housenumber": "25",
          "addr:postcode": "M4 5JZ",
          "addr:street": "Swan Street",
          "amenity": "arts_centre",
          "check_date": "2026-07-31",
          "name": "Band on the Wall",
          "website": "https://bandonthewall.org/",
          "wheelchair": "yes"
        }
      }
    },
    {
      "type": "Feature",
      "geometry": {
        "type": "Point",
        "coordinates": [
          -2.2730698333333335,
          53.48732783333333
        ]
      },
      "properties": {
        "id": "osm:way:101096169",
        "source": "osm",
        "title": "Clifford Whitworth Library",
        "address": "The University of Salford, Salford, M5 4WT",
        "description": "",
        "categories": [
          "cultural",
          "literary"
        ],
        "primary_category": "cultural",
        "interest_score": 36,
        "website": "https://www.salford.ac.uk/library/use",
        "wikipedia": "",
        "wikidata": "",
        "source_url": "https://www.openstreetmap.org/way/101096169",
        "fetched_at_utc": "2026-10-07T11:43:15+00:00",
        "query_key": "performance_and_literary",
        "tags": {
          "addr:city": "Salford",
          "addr:housename": "Clifford-Whitworth Building",
          "addr:postcode": "M5 4WT",
          "addr:street": "The University of Salford",
          "amenity": "library",
          "building": "university",
          "email": "library@salford.ac.uk",
          "name": "Clifford Whitworth Library",
          "opening_hours": "24/7",
          "operator": "University of Salford",
          "phone": "+44 161 295 5535",
          "ref:GB:uprn": "10004670107",
          "website": "https://www.salford.ac.uk/library/use"
        }
      }
    },
    {
      "type": "Feature",
      "geometry": {
        "type": "Point",
        "coordinates": [
          -2.2375022,
          53.4847148
        ]
      },
      "properties": {
        "id": "osm:node:357207748",
        "source": "osm",
        "title": "esea contemporary",
        "address": "13 Thomas Street, Manchester, M4 1EU",
        "description": "",
        "categories": [
          "cultural",
          "art"
        ],
        "primary_category": "cultural",
        "interest_score": 36,
        "website": "https://eseacontemporary.org/",
        "wikipedia": "",
        "wikidata": "",
        "source_url": "https://www.openstreetmap.org/node/357207748",
        "fetched_at_utc": "2026-10-07T11:43:15+00:00",
        "query_key": "galleries_and_arts",
        "tags": {
          "addr:city": "Manchester",
          "addr:housename": "Market Buildings",
          "addr:housenumber": "13",
          "addr:postcode": "M4 1EU",
          "addr:street": "Thomas Street",
          "amenity": "arts_centre",
          "check_date:opening_hours": "2024-02-26",
          "fee": "no",
          "name": "esea contemporary",
          "opening_hours": "Tu-Sa 10:00-17:00; Su 12:00-17:00; Mo off; PH off",
          "website": "https://eseacontemporary.org/",
          "wheelchair": "yes"
        }
      }
    },
    {
      "type": "Feature",
      "geometry": {
        "type": "Point",
        "coordinates": [
          -2.232476,
          53.475513
        ]
      },
      "properties": {
        "id": "osm:node:2779623335",
        "source": "osm",
        "title": "Generation of Possibilities",
        "address": "",
        "description": "",
        "categories": [
          "cultural",
          "art"
        ],
        "primary_category": "cultural",
        "interest_score": 36,
        "website": "http://www.paullewthwaite.com/commissions.html#32",
        "wikipedia": "",
        "wikidata": "",
        "source_url": "https://www.openstreetmap.org/node/2779623335",
        "fetched_at_utc": "2026-10-07T11:43:15+00:00",
        "query_key": "galleries_and_arts",
        "tags": {
          "artist_name": "Paul Frank Lewthwaite",
          "artwork_type": "sculpture",
          "material": "steel",
          "name": "Generation of Possibilities",
          "start_date": "1999",
          "tourism": "artwork",
          "website": "http://www.paullewthwaite.com/commissions.html#32"
        }
      }
    },
    {
      "type": "Feature",
      "geometry": {
        "type": "Point",
        "coordinates": [
          -2.2479539799999997,
          53.461734840000005
        ]
      },
      "properties": {
        "id": "osm:way:662519909",
        "source": "osm",
        "title": "Hulme Market",
        "address": "",
        "description": "",
        "categories": [
          "cultural",
          "market"
        ],
        "primary_category": "cultural",
        "interest_score": 36,
        "website": "",
        "wikipedia": "",
        "wikidata": "",
        "source_url": "https://www.openstreetmap.org/way/662519909",
        "fetched_at_utc": "2026-10-07T11:43:15+00:00",
        "query_key": "markets",
        "tags": {
          "amenity": "marketplace",
          "name": "Hulme Market"
        }
      }
    },
    {
      "type": "Feature",
      "geometry": {
        "type": "Point",
        "coordinates": [
          -2.2631938,
          53.4817989
        ]
      },
      "properties": {
        "id": "osm:node:2212744003",
        "source": "osm",
        "title": "Islington Mill Arts Club",
        "address": "James Street, Salford, M3 5HW",
        "description": "",
        "categories": [
          "cultural",
          "art"
        ],
        "primary_category": "cultural",
        "interest_score": 36,
        "website": "http://www.islingtonmill.com/",
        "wikipedia": "",
        "wikidata": "",
        "source_url": "https://www.openstreetmap.org/node/2212744003",
        "fetched_at_utc": "2026-10-07T11:43:15+00:00",
        "query_key": "galleries_and_arts",
        "tags": {
          "addr:city": "Salford",
          "addr:housename": "Islington Mill",
          "addr:postcode": "M3 5HW",
          "addr:street": "James Street",
          "amenity": "arts_centre",
          "check_date": "2024-08-29",
          "name": "Islington Mill Arts Club",
          "phone": "+44 161 278 6404",
          "website": "http://www.islingtonmill.com/",
          "wheelchair": "limited"
        }
      }
    },
    {
      "type": "Feature",
      "geometry": {
        "type": "Point",
        "coordinates": [
          -2.2013164,
          53.4563753
        ]
      },
      "properties": {
        "id": "osm:node:298658974",
        "source": "osm",
        "title": "Longsight Market",
        "address": "",
        "description": "",
        "categories": [
          "cultural",
          "market"
        ],
        "primary_category": "cultural",
        "interest_score": 36,
        "website": "",
        "wikipedia": "",
        "wikidata": "",
        "source_url": "https://www.openstreetmap.org/node/298658974",
        "fetched_at_utc": "2026-10-07T11:43:15+00:00",
        "query_key": "markets",
        "tags": {
          "amenity": "marketplace",
          "name": "Longsight Market"
        }
      }
    },
    {
      "type": "Feature",
      "geometry": {
        "type": "Point",
        "coordinates": [
          -2.2290096,
          53.4843668
        ]
      },
      "properties": {
        "id": "osm:node:11981680615",
        "source": "osm",
        "title": "Maker's Market",
        "address": "",
        "description": "",
        "categories": [
          "cultural",
          "market"
        ],
        "primary_category": "cultural",
        "interest_score": 36,
        "website": "",
        "wikipedia": "",
        "wikidata": "",
        "source_url": "https://www.openstreetmap.org/node/11981680615",
        "fetched_at_utc": "2026-10-07T11:43:15+00:00",
        "query_key": "markets",
        "tags": {
          "amenity": "marketplace",
          "name": "Maker's Market"
        }
      }
    },
    {
      "type": "Feature",
      "geometry": {
        "type": "Point",
        "coordinates": [
          -2.2416254,
          53.4576249
        ]
      },
      "properties": {
        "id": "osm:node:11221272063",
        "source": "osm",
        "title": "Moss Side Powerhouse Library",
        "address": "Raby Street, Moss Side, Manchester",
        "description": "",
        "categories": [
          "cultural",
          "literary"
        ],
        "primary_category": "cultural",
        "interest_score": 36,
        "website": "https://www.manchester.gov.uk/directory_record/445651/moss_side_powerhouse_library",
        "wikipedia": "",
        "wikidata": "",
        "source_url": "https://www.openstreetmap.org/node/11221272063",
        "fetched_at_utc": "2026-10-07T11:43:15+00:00",
        "query_key": "performance_and_literary",
        "tags": {
          "addr:city": "Manchester",
          "addr:street": "Raby Street",
          "addr:suburb": "Moss Side",
          "amenity": "library",
          "name": "Moss Side Powerhouse Library",
          "website": "https://www.manchester.gov.uk/directory_record/445651/moss_side_powerhouse_library"
        }
      }
    },
    {
      "type": "Feature",
      "geometry": {
        "type": "Point",
        "coordinates": [
          -2.2451295,
          53.4827393
        ]
      },
      "properties": {
        "id": "osm:node:1551797579",
        "source": "osm",
        "title": "Royal Exchange Theatre",
        "address": "St. Ann's Square, Manchester, M2 7DH",
        "description": "",
        "categories": [
          "cultural",
          "art"
        ],
        "primary_category": "cultural",
        "interest_score": 36,
        "website": "https://royalexchange.co.uk/",
        "wikipedia": "",
        "wikidata": "",
        "source_url": "https://www.openstreetmap.org/node/1551797579",
        "fetched_at_utc": "2026-10-07T11:43:15+00:00",
        "query_key": "performance_and_literary",
        "tags": {
          "addr:city": "Manchester",
          "addr:postcode": "M2 7DH",
          "addr:street": "St. Ann's Square",
          "amenity": "theatre",
          "check_date": "2024-08-18",
          "name": "Royal Exchange Theatre",
          "phone": "+44 161 833 9833",
          "website": "https://royalexchange.co.uk/",
          "wheelchair": "yes"
        }
      }
    },
    {
      "type": "Feature",
      "geometry": {
        "type": "Point",
        "coordinates": [
          -2.229509,
          53.4831831
        ]
      },
      "properties": {
        "id": "osm:node:7997455502",
        "source": "osm",
        "title": "The Horsfall",
        "address": "89-91 Great Ancoats Street, Manchester, M4 5AG",
        "description": "",
        "categories": [
          "cultural",
          "art"
        ],
        "primary_category": "cultural",
        "interest_score": 36,
        "website": "https://www.42ndstreet.org.uk/about-us/the-horsfall/",
        "wikipedia": "",
        "wikidata": "",
        "source_url": "https://www.openstreetmap.org/node/7997455502",
        "fetched_at_utc": "2026-10-07T11:43:15+00:00",
        "query_key": "galleries_and_arts",
        "tags": {
          "addr:city": "Manchester",
          "addr:housenumber": "89-91",
          "addr:postcode": "M4 5AG",
          "addr:street": "Great Ancoats Street",
          "amenity": "arts_centre",
          "check_date": "2025-07-06",
          "name": "The Horsfall",
          "website": "https://www.42ndstreet.org.uk/about-us/the-horsfall/"
        }
      }
    },
    {
      "type": "Feature",
      "geometry": {
        "type": "Point",
        "coordinates": [
          -2.2431727,
          53.4872168
        ]
      },
      "properties": {
        "id": "osm:node:9621584470",
        "source": "osm",
        "title": "The Stoller Hall",
        "address": "8 Hunts Bank, Manchester, M3 1DA",
        "description": "",
        "categories": [
          "cultural",
          "art"
        ],
        "primary_category": "cultural",
        "interest_score": 36,
        "website": "https://stollerhall.com/",
        "wikipedia": "",
        "wikidata": "",
        "source_url": "https://www.openstreetmap.org/node/9621584470",
        "fetched_at_utc": "2026-10-07T11:43:15+00:00",
        "query_key": "performance_and_literary",
        "tags": {
          "addr:city": "Manchester",
          "addr:housenumber": "8",
          "addr:postcode": "M3 1DA",
          "addr:street": "Hunts Bank",
          "amenity": "theatre",
          "name": "The Stoller Hall",
          "phone": "+44 333 130 0967",
          "theatre:type": "concert_hall",
          "website": "https://stollerhall.com/"
        }
      }
    },
    {
      "type": "Feature",
      "geometry": {
        "type": "Point",
        "coordinates": [
          -2.2523819,
          53.4666378
        ]
      },
      "properties": {
        "id": "osm:node:4989906109",
        "source": "osm",
        "title": "Z-arts",
        "address": "Stretford Road, Manchester, M15 5ZA",
        "description": "",
        "categories": [
          "cultural",
          "art"
        ],
        "primary_category": "cultural",
        "interest_score": 36,
        "website": "https://www.z-arts.org/",
        "wikipedia": "",
        "wikidata": "",
        "source_url": "https://www.openstreetmap.org/node/4989906109",
        "fetched_at_utc": "2026-10-07T11:43:15+00:00",
        "query_key": "performance_and_literary",
        "tags": {
          "addr:city": "Manchester",
          "addr:postcode": "M15 5ZA",
          "addr:street": "Stretford Road",
          "amenity": "theatre",
          "name": "Z-arts",
          "website": "https://www.z-arts.org/",
          "wheelchair": "yes"
        }
      }
    },
    {
      "type": "Feature",
      "geometry": {
        "type": "Point",
        "coordinates": [
          -2.235648,
          53.483282
        ]
      },
      "properties": {
        "id": "osm:node:1223174136",
        "source": "osm",
        "title": "Banksy Street Artwork",
        "address": "",
        "description": "Street artwork",
        "categories": [
          "cultural",
          "art"
        ],
        "primary_category": "cultural",
        "interest_score": 35,
        "website": "",
        "wikipedia": "",
        "wikidata": "",
        "source_url": "https://www.openstreetmap.org/node/1223174136",
        "fetched_at_utc": "2026-10-07T11:43:15+00:00",
        "query_key": "galleries_and_arts",
        "tags": {
          "artist:wikidata": "Q133600",
          "artist_name": "Banksy",
          "artwork_type": "graffiti",
          "description": "Street artwork",
          "name": "Banksy Street Artwork",
          "opening_hours": "24/7",
          "tourism": "artwork"
        }
      }
    },
    {
      "type": "Feature",
      "geometry": {
        "type": "Point",
        "coordinates": [
          -2.2340720595238097,
          53.4644834904762
        ]
      },
      "properties": {
        "id": "osm:way:1069346495",
        "source": "osm",
        "title": "Alan Gilbert Square",
        "address": "",
        "description": "",
        "categories": [
          "natural",
          "park"
        ],
        "primary_category": "natural",
        "interest_score": 34,
        "website": "",
        "wikipedia": "",
        "wikidata": "",
        "source_url": "https://www.openstreetmap.org/way/1069346495",
        "fetched_at_utc": "2026-10-07T11:43:15+00:00",
        "query_key": "parks",
        "tags": {
          "leisure": "park",
          "name": "Alan Gilbert Square",
          "operator": "The University of Manchester"
        }
      }
    },
    {
      "type": "Feature",
      "geometry": {
        "type": "Point",
        "coordinates": [
          -2.2382251766666674,
          53.470414003333325
        ]
      },
      "properties": {
        "id": "osm:way:4819651",
        "source": "osm",
        "title": "All Saints Park",
        "address": "",
        "description": "",
        "categories": [
          "natural",
          "park"
        ],
        "primary_category": "natural",
        "interest_score": 34,
        "website": "",
        "wikipedia": "",
        "wikidata": "",
        "source_url": "https://www.openstreetmap.org/way/4819651",
        "fetched_at_utc": "2026-10-07T11:43:15+00:00",
        "query_key": "parks",
        "tags": {
          "leisure": "park",
          "name": "All Saints Park"
        }
      }
    },
    {
      "type": "Feature",
      "geometry": {
        "type": "Point",
        "coordinates": [
          -2.2378645700000006,
          53.487684179999995
        ]
      },
      "properties": {
        "id": "osm:way:232841959",
        "source": "osm",
        "title": "Angel Square",
        "address": "",
        "description": "",
        "categories": [
          "natural",
          "park"
        ],
        "primary_category": "natural",
        "interest_score": 34,
        "website": "",
        "wikipedia": "",
        "wikidata": "",
        "source_url": "https://www.openstreetmap.org/way/232841959",
        "fetched_at_utc": "2026-10-07T11:43:15+00:00",
        "query_key": "parks",
        "tags": {
          "leisure": "park",
          "name": "Angel Square"
        }
      }
    },
    {
      "type": "Feature",
      "geometry": {
        "type": "Point",
        "coordinates": [
          -2.2620402363636356,
          53.46862735909092
        ]
      },
      "properties": {
        "id": "osm:way:70588906",
        "source": "osm",
        "title": "Barrack Street Park",
        "address": "",
        "description": "",
        "categories": [
          "natural",
          "park"
        ],
        "primary_category": "natural",
        "interest_score": 34,
        "website": "",
        "wikipedia": "",
        "wikidata": "",
        "source_url": "https://www.openstreetmap.org/way/70588906",
        "fetched_at_utc": "2026-10-07T11:43:15+00:00",
        "query_key": "parks",
        "tags": {
          "leisure": "park",
          "name": "Barrack Street Park"
        }
      }
    },
    {
      "type": "Feature",
      "geometry": {
        "type": "Point",
        "coordinates": [
          -2.2314509254098365,
          53.46634737459012
        ]
      },
      "properties": {
        "id": "osm:way:1064716303",
        "source": "osm",
        "title": "Brunswick Park",
        "address": "Brunswick Street, Manchester",
        "description": "",
        "categories": [
          "natural",
          "park"
        ],
        "primary_category": "natural",
        "interest_score": 34,
        "website": "",
        "wikipedia": "",
        "wikidata": "",
        "source_url": "https://www.openstreetmap.org/way/1064716303",
        "fetched_at_utc": "2026-10-07T11:43:15+00:00",
        "query_key": "parks",
        "tags": {
          "addr:city": "Manchester",
          "addr:street": "Brunswick Street",
          "leisure": "park",
          "name": "Brunswick Park",
          "name:es": "Parque de Brunswick",
          "operator": "The University of Manchester"
        }
      }
    },
    {
      "type": "Feature",
      "geometry": {
        "type": "Point",
        "coordinates": [
          -2.2191588,
          53.4868101
        ]
      },
      "properties": {
        "id": "osm:node:3653301069",
        "source": "osm",
        "title": "Butler Street Sensory Garden",
        "address": "",
        "description": "",
        "categories": [
          "natural",
          "garden"
        ],
        "primary_category": "natural",
        "interest_score": 34,
        "website": "",
        "wikipedia": "",
        "wikidata": "",
        "source_url": "https://www.openstreetmap.org/node/3653301069",
        "fetched_at_utc": "2026-10-07T11:43:15+00:00",
        "query_key": "gardens",
        "tags": {
          "access": "yes",
          "fee": "no",
          "leisure": "garden",
          "name": "Butler Street Sensory Garden"
        }
      }
    },
    {
      "type": "Feature",
      "geometry": {
        "type": "Point",
        "coordinates": [
          -2.27432526,
          53.49983259
        ]
      },
      "properties": {
        "id": "osm:way:1046879098",
        "source": "osm",
        "title": "Castle Irwell Park",
        "address": "",
        "description": "",
        "categories": [
          "natural",
          "park"
        ],
        "primary_category": "natural",
        "interest_score": 34,
        "website": "",
        "wikipedia": "",
        "wikidata": "",
        "source_url": "https://www.openstreetmap.org/way/1046879098",
        "fetched_at_utc": "2026-10-07T11:43:15+00:00",
        "query_key": "parks",
        "tags": {
          "leisure": "park",
          "name": "Castle Irwell Park"
        }
      }
    },
    {
      "type": "Feature",
      "geometry": {
        "type": "Point",
        "coordinates": [
          -2.234944288888889,
          53.482009411111115
        ]
      },
      "properties": {
        "id": "osm:way:1216896217",
        "source": "osm",
        "title": "Chatsworth Gardens",
        "address": "",
        "description": "",
        "categories": [
          "natural",
          "garden"
        ],
        "primary_category": "natural",
        "interest_score": 34,
        "website": "",
        "wikipedia": "",
        "wikidata": "",
        "source_url": "https://www.openstreetmap.org/way/1216896217",
        "fetched_at_utc": "2026-10-07T11:43:15+00:00",
        "query_key": "gardens",
        "tags": {
          "leisure": "garden",
          "name": "Chatsworth Gardens"
        }
      }
    },
    {
      "type": "Feature",
      "geometry": {
        "type": "Point",
        "coordinates": [
          -2.225610233333333,
          53.46029718888889
        ]
      },
      "properties": {
        "id": "osm:relation:8162272",
        "source": "osm",
        "title": "Children's Hospital Garden",
        "address": "",
        "description": "",
        "categories": [
          "natural",
          "garden"
        ],
        "primary_category": "natural",
        "interest_score": 34,
        "website": "",
        "wikipedia": "",
        "wikidata": "",
        "source_url": "https://www.openstreetmap.org/relation/8162272",
        "fetched_at_utc": "2026-10-07T11:43:15+00:00",
        "query_key": "gardens",
        "tags": {
          "leisure": "garden",
          "name": "Children's Hospital Garden"
        }
      }
    },
    {
      "type": "Feature",
      "geometry": {
        "type": "Point",
        "coordinates": [
          -2.2192562714285713,
          53.483923885714276
        ]
      },
      "properties": {
        "id": "osm:way:726879344",
        "source": "osm",
        "title": "Chippenham Road Community Gardens",
        "address": "",
        "description": "",
        "categories": [
          "natural",
          "garden"
        ],
        "primary_category": "natural",
        "interest_score": 34,
        "website": "",
        "wikipedia": "",
        "wikidata": "",
        "source_url": "https://www.openstreetmap.org/way/726879344",
        "fetched_at_utc": "2026-10-07T11:43:15+00:00",
        "query_key": "gardens",
        "tags": {
          "access": "private",
          "leisure": "garden",
          "name": "Chippenham Road Community Gardens"
        }
      }
    },
    {
      "type": "Feature",
      "geometry": {
        "type": "Point",
        "coordinates": [
          -2.223958714492753,
          53.482698091304364
        ]
      },
      "properties": {
        "id": "osm:way:487170355",
        "source": "osm",
        "title": "Cotton Field Park",
        "address": "",
        "description": "",
        "categories": [
          "natural",
          "park"
        ],
        "primary_category": "natural",
        "interest_score": 34,
        "website": "",
        "wikipedia": "",
        "wikidata": "",
        "source_url": "https://www.openstreetmap.org/way/487170355",
        "fetched_at_utc": "2026-10-07T11:43:15+00:00",
        "query_key": "parks",
        "tags": {
          "access": "permissive",
          "alt_name": "Cotton Field",
          "leisure": "park",
          "name": "Cotton Field Park",
          "opening_hours": "Apr-Oct 08:00-20:00, Nov-Mar 08:00-19:00"
        }
      }
    },
    {
      "type": "Feature",
      "geometry": {
        "type": "Point",
        "coordinates": [
          -2.27835565,
          53.49651286249999
        ]
      },
      "properties": {
        "id": "osm:way:378055547",
        "source": "osm",
        "title": "Cromwell Gardens",
        "address": "",
        "description": "",
        "categories": [
          "natural",
          "park"
        ],
        "primary_category": "natural",
        "interest_score": 34,
        "website": "",
        "wikipedia": "",
        "wikidata": "",
        "source_url": "https://www.openstreetmap.org/way/378055547",
        "fetched_at_utc": "2026-10-07T11:43:15+00:00",
        "query_key": "parks",
        "tags": {
          "leisure": "park",
          "name": "Cromwell Gardens"
        }
      }
    },
    {
      "type": "Feature",
      "geometry": {
        "type": "Point",
        "coordinates": [
          -2.2065002636363635,
          53.46404001818182
        ]
      },
      "properties": {
        "id": "osm:way:28005789",
        "source": "osm",
        "title": "Edlin Close Play Area",
        "address": "",
        "description": "",
        "categories": [
          "natural",
          "park"
        ],
        "primary_category": "natural",
        "interest_score": 34,
        "website": "",
        "wikipedia": "",
        "wikidata": "",
        "source_url": "https://www.openstreetmap.org/way/28005789",
        "fetched_at_utc": "2026-10-07T11:43:15+00:00",
        "query_key": "parks",
        "tags": {
          "leisure": "park",
          "name": "Edlin Close Play Area"
        }
      }
    },
    {
      "type": "Feature",
      "geometry": {
        "type": "Point",
        "coordinates": [
          -2.249716136363636,
          53.48645959090909
        ]
      },
      "properties": {
        "id": "osm:way:1046362241",
        "source": "osm",
        "title": "Greengate Park",
        "address": "",
        "description": "",
        "categories": [
          "natural",
          "park"
        ],
        "primary_category": "natural",
        "interest_score": 34,
        "website": "",
        "wikipedia": "",
        "wikidata": "",
        "source_url": "https://www.openstreetmap.org/way/1046362241",
        "fetched_at_utc": "2026-10-07T11:43:15+00:00",
        "query_key": "parks",
        "tags": {
          "leisure": "park",
          "name": "Greengate Park",
          "note": "\"Phase 1 of a new 2.2 acre park for the growing Greengate neighbourhood. This phase will be delivered alongside Renaker's Greengate Park North development, which sits on the other side of Queen Street.\""
        }
      }
    },
    {
      "type": "Feature",
      "geometry": {
        "type": "Point",
        "coordinates": [
          -2.2251469624999998,
          53.503889595833336
        ]
      },
      "properties": {
        "id": "osm:way:166987846",
        "source": "osm",
        "title": "Hendham Vale",
        "address": "",
        "description": "",
        "categories": [
          "natural",
          "park"
        ],
        "primary_category": "natural",
        "interest_score": 34,
        "website": "",
        "wikipedia": "",
        "wikidata": "",
        "source_url": "https://www.openstreetmap.org/way/166987846",
        "fetched_at_utc": "2026-10-07T11:43:15+00:00",
        "query_key": "parks",
        "tags": {
          "leisure": "park",
          "name": "Hendham Vale"
        }
      }
    },
    {
      "type": "Feature",
      "geometry": {
        "type": "Point",
        "coordinates": [
          -2.267991917647059,
          53.462120547058824
        ]
      },
      "properties": {
        "id": "osm:way:40734603",
        "source": "osm",
        "title": "Hullard Park",
        "address": "",
        "description": "",
        "categories": [
          "natural",
          "park"
        ],
        "primary_category": "natural",
        "interest_score": 34,
        "website": "",
        "wikipedia": "",
        "wikidata": "",
        "source_url": "https://www.openstreetmap.org/way/40734603",
        "fetched_at_utc": "2026-10-07T11:43:15+00:00",
        "query_key": "parks",
        "tags": {
          "leisure": "park",
          "name": "Hullard Park"
        }
      }
    },
    {
      "type": "Feature",
      "geometry": {
        "type": "Point",
        "coordinates": [
          -2.2587737266666665,
          53.48286102666666
        ]
      },
      "properties": {
        "id": "osm:way:1252314875",
        "source": "osm",
        "title": "Islington Park",
        "address": "",
        "description": "",
        "categories": [
          "natural",
          "park"
        ],
        "primary_category": "natural",
        "interest_score": 34,
        "website": "",
        "wikipedia": "",
        "wikidata": "",
        "source_url": "https://www.openstreetmap.org/way/1252314875",
        "fetched_at_utc": "2026-10-07T11:43:15+00:00",
        "query_key": "parks",
        "tags": {
          "leisure": "park",
          "name": "Islington Park"
        }
      }
    },
    {
      "type": "Feature",
      "geometry": {
        "type": "Point",
        "coordinates": [
          -2.246516075,
          53.47249093125001
        ]
      },
      "properties": {
        "id": "osm:way:316036816",
        "source": "osm",
        "title": "James Grigor Square",
        "address": "",
        "description": "",
        "categories": [
          "natural",
          "park"
        ],
        "primary_category": "natural",
        "interest_score": 34,
        "website": "",
        "wikipedia": "",
        "wikidata": "",
        "source_url": "https://www.openstreetmap.org/way/316036816",
        "fetched_at_utc": "2026-10-07T11:43:15+00:00",
        "query_key": "parks",
        "tags": {
          "leisure": "park",
          "name": "James Grigor Square",
          "place": "square"
        }
      }
    },
    {
      "type": "Feature",
      "geometry": {
        "type": "Point",
        "coordinates": [
          -2.2483858214285712,
          53.46980832857144
        ]
      },
      "properties": {
        "id": "osm:way:1429709188",
        "source": "osm",
        "title": "Leaf Street Community Garden",
        "address": "",
        "description": "",
        "categories": [
          "natural",
          "garden"
        ],
        "primary_category": "natural",
        "interest_score": 34,
        "website": "",
        "wikipedia": "",
        "wikidata": "",
        "source_url": "https://www.openstreetmap.org/way/1429709188",
        "fetched_at_utc": "2026-10-07T11:43:15+00:00",
        "query_key": "gardens",
        "tags": {
          "garden:type": "community",
          "leisure": "garden",
          "name": "Leaf Street Community Garden"
        }
      }
    },
    {
      "type": "Feature",
      "geometry": {
        "type": "Point",
        "coordinates": [
          -2.2473435,
          53.4797971
        ]
      },
      "properties": {
        "id": "osm:node:9516572899",
        "source": "osm",
        "title": "Manchester Peace Garden",
        "address": "",
        "description": "",
        "categories": [
          "natural",
          "garden"
        ],
        "primary_category": "natural",
        "interest_score": 34,
        "website": "",
        "wikipedia": "",
        "wikidata": "",
        "source_url": "https://www.openstreetmap.org/node/9516572899",
        "fetched_at_utc": "2026-10-07T11:43:15+00:00",
        "query_key": "gardens",
        "tags": {
          "leisure": "garden",
          "name": "Manchester Peace Garden",
          "wheelchair": "yes"
        }
      }
    },
    {
      "type": "Feature",
      "geometry": {
        "type": "Point",
        "coordinates": [
          -2.2799053403225815,
          53.46848185483871
        ]
      },
      "properties": {
        "id": "osm:way:256276246",
        "source": "osm",
        "title": "Monmouth Park",
        "address": "",
        "description": "",
        "categories": [
          "natural",
          "park"
        ],
        "primary_category": "natural",
        "interest_score": 34,
        "website": "",
        "wikipedia": "",
        "wikidata": "",
        "source_url": "https://www.openstreetmap.org/way/256276246",
        "fetched_at_utc": "2026-10-07T11:43:15+00:00",
        "query_key": "parks",
        "tags": {
          "leisure": "park",
          "name": "Monmouth Park",
          "opening_hours": "24/7"
        }
      }
    },
    {
      "type": "Feature",
      "geometry": {
        "type": "Point",
        "coordinates": [
          -2.248356114285714,
          53.48253948571429
        ]
      },
      "properties": {
        "id": "osm:way:242810991",
        "source": "osm",
        "title": "Parsonage Gardens",
        "address": "",
        "description": "",
        "categories": [
          "natural",
          "park"
        ],
        "primary_category": "natural",
        "interest_score": 34,
        "website": "",
        "wikipedia": "",
        "wikidata": "",
        "source_url": "https://www.openstreetmap.org/way/242810991",
        "fetched_at_utc": "2026-10-07T11:43:15+00:00",
        "query_key": "parks",
        "tags": {
          "leisure": "park",
          "name": "Parsonage Gardens"
        }
      }
    },
    {
      "type": "Feature",
      "geometry": {
        "type": "Point",
        "coordinates": [
          -2.21602565,
          53.485502533333324
        ]
      },
      "properties": {
        "id": "osm:way:726879345",
        "source": "osm",
        "title": "Ridgeway Street Commuity Gardens",
        "address": "",
        "description": "",
        "categories": [
          "natural",
          "garden"
        ],
        "primary_category": "natural",
        "interest_score": 34,
        "website": "",
        "wikipedia": "",
        "wikidata": "",
        "source_url": "https://www.openstreetmap.org/way/726879345",
        "fetched_at_utc": "2026-10-07T11:43:15+00:00",
        "query_key": "gardens",
        "tags": {
          "leisure": "garden",
          "name": "Ridgeway Street Commuity Gardens"
        }
      }
    },
    {
      "type": "Feature",
      "geometry": {
        "type": "Point",
        "coordinates": [
          -2.253800470588235,
          53.47572748823529
        ]
      },
      "properties": {
        "id": "osm:way:171661488",
        "source": "osm",
        "title": "Roman Gardens",
        "address": "",
        "description": "",
        "categories": [
          "natural",
          "park"
        ],
        "primary_category": "natural",
        "interest_score": 34,
        "website": "",
        "wikipedia": "",
        "wikidata": "",
        "source_url": "https://www.openstreetmap.org/way/171661488",
        "fetched_at_utc": "2026-10-07T11:43:15+00:00",
        "query_key": "parks",
        "tags": {
          "leisure": "park",
          "name": "Roman Gardens"
        }
      }
    },
    {
      "type": "Feature",
      "geometry": {
        "type": "Point",
        "coordinates": [
          -2.238381986666667,
          53.46856498666667
        ]
      },
      "properties": {
        "id": "osm:way:746501943",
        "source": "osm",
        "title": "Roof Garden",
        "address": "",
        "description": "",
        "categories": [
          "natural",
          "garden"
        ],
        "primary_category": "natural",
        "interest_score": 34,
        "website": "",
        "wikipedia": "",
        "wikidata": "",
        "source_url": "https://www.openstreetmap.org/way/746501943",
        "fetched_at_utc": "2026-10-07T11:43:15+00:00",
        "query_key": "gardens",
        "tags": {
          "leisure": "garden",
          "level": "4",
          "name": "Roof Garden"
        }
      }
    },
    {
      "type": "Feature",
      "geometry": {
        "type": "Point",
        "coordinates": [
          -2.2172354,
          53.4873673
        ]
      },
      "properties": {
        "id": "osm:node:10897731720",
        "source": "osm",
        "title": "Royle Basin",
        "address": "",
        "description": "",
        "categories": [
          "natural",
          "park"
        ],
        "primary_category": "natural",
        "interest_score": 34,
        "website": "",
        "wikipedia": "",
        "wikidata": "",
        "source_url": "https://www.openstreetmap.org/node/10897731720",
        "fetched_at_utc": "2026-10-07T11:43:15+00:00",
        "query_key": "parks",
        "tags": {
          "leisure": "park",
          "name": "Royle Basin"
        }
      }
    },
    {
      "type": "Feature",
      "geometry": {
        "type": "Point",
        "coordinates": [
          -2.227095961538461,
          53.49478664615385
        ]
      },
      "properties": {
        "id": "osm:way:159208913",
        "source": "osm",
        "title": "Sand Street",
        "address": "",
        "description": "",
        "categories": [
          "natural",
          "park"
        ],
        "primary_category": "natural",
        "interest_score": 34,
        "website": "",
        "wikipedia": "",
        "wikidata": "",
        "source_url": "https://www.openstreetmap.org/way/159208913",
        "fetched_at_utc": "2026-10-07T11:43:15+00:00",
        "query_key": "parks",
        "tags": {
          "leisure": "park",
          "name": "Sand Street"
        }
      }
    },
    {
      "type": "Feature",
      "geometry": {
        "type": "Point",
        "coordinates": [
          -2.223920368085107,
          53.49667855957446
        ]
      },
      "properties": {
        "id": "osm:way:159257498",
        "source": "osm",
        "title": "Sandhills",
        "address": "",
        "description": "",
        "categories": [
          "natural",
          "park"
        ],
        "primary_category": "natural",
        "interest_score": 34,
        "website": "",
        "wikipedia": "",
        "wikidata": "",
        "source_url": "https://www.openstreetmap.org/way/159257498",
        "fetched_at_utc": "2026-10-07T11:43:15+00:00",
        "query_key": "parks",
        "tags": {
          "leisure": "park",
          "name": "Sandhills"
        }
      }
    },
    {
      "type": "Feature",
      "geometry": {
        "type": "Point",
        "coordinates": [
          -2.2079180666666667,
          53.48977466666667
        ]
      },
      "properties": {
        "id": "osm:way:443491542",
        "source": "osm",
        "title": "Saxon Saint Park",
        "address": "",
        "description": "",
        "categories": [
          "natural",
          "park"
        ],
        "primary_category": "natural",
        "interest_score": 34,
        "website": "",
        "wikipedia": "",
        "wikidata": "",
        "source_url": "https://www.openstreetmap.org/way/443491542",
        "fetched_at_utc": "2026-10-07T11:43:15+00:00",
        "query_key": "parks",
        "tags": {
          "leisure": "park",
          "name": "Saxon Saint Park"
        }
      }
    },
    {
      "type": "Feature",
      "geometry": {
        "type": "Point",
        "coordinates": [
          -2.273274118333333,
          53.45974495166668
        ]
      },
      "properties": {
        "id": "osm:way:178699993",
        "source": "osm",
        "title": "Seymour Park",
        "address": "",
        "description": "",
        "categories": [
          "natural",
          "park"
        ],
        "primary_category": "natural",
        "interest_score": 34,
        "website": "",
        "wikipedia": "",
        "wikidata": "",
        "source_url": "https://www.openstreetmap.org/way/178699993",
        "fetched_at_utc": "2026-10-07T11:43:15+00:00",
        "query_key": "parks",
        "tags": {
          "leisure": "park",
          "name": "Seymour Park"
        }
      }
    },
    {
      "type": "Feature",
      "geometry": {
        "type": "Point",
        "coordinates": [
          -2.223696008,
          53.500974183999986
        ]
      },
      "properties": {
        "id": "osm:way:159591116",
        "source": "osm",
        "title": "Smedley Dip",
        "address": "",
        "description": "",
        "categories": [
          "natural",
          "park"
        ],
        "primary_category": "natural",
        "interest_score": 34,
        "website": "",
        "wikipedia": "",
        "wikidata": "",
        "source_url": "https://www.openstreetmap.org/way/159591116",
        "fetched_at_utc": "2026-10-07T11:43:15+00:00",
        "query_key": "parks",
        "tags": {
          "leisure": "park",
          "name": "Smedley Dip"
        }
      }
    },
    {
      "type": "Feature",
      "geometry": {
        "type": "Point",
        "coordinates": [
          -2.23119705,
          53.49315121333334
        ]
      },
      "properties": {
        "id": "osm:way:159202154",
        "source": "osm",
        "title": "St Catherine's Wood",
        "address": "",
        "description": "",
        "categories": [
          "natural",
          "park"
        ],
        "primary_category": "natural",
        "interest_score": 34,
        "website": "",
        "wikipedia": "",
        "wikidata": "",
        "source_url": "https://www.openstreetmap.org/way/159202154",
        "fetched_at_utc": "2026-10-07T11:43:15+00:00",
        "query_key": "parks",
        "tags": {
          "leisure": "park",
          "name": "St Catherine's Wood",
          "url": "https://web.archive.org/web/20260902161650/https://www.manchester.gov.uk/news-stories/2026/victoria-north-latest-urban-park-unveiled-bringing-a-forgotten-woodland-back-to-life-as-part-of-manchesters-new-town"
        }
      }
    },
    {
      "type": "Feature",
      "geometry": {
        "type": "Point",
        "coordinates": [
          -2.2527971523809525,
          53.47795931428571
        ]
      },
      "properties": {
        "id": "osm:way:126350739",
        "source": "osm",
        "title": "St John's Gardens",
        "address": "",
        "description": "",
        "categories": [
          "natural",
          "park"
        ],
        "primary_category": "natural",
        "interest_score": 34,
        "website": "",
        "wikipedia": "",
        "wikidata": "",
        "source_url": "https://www.openstreetmap.org/way/126350739",
        "fetched_at_utc": "2026-10-07T11:43:15+00:00",
        "query_key": "parks",
        "tags": {
          "leisure": "park",
          "name": "St John's Gardens"
        }
      }
    },
    {
      "type": "Feature",
      "geometry": {
        "type": "Point",
        "coordinates": [
          -2.236603375,
          53.488806675
        ]
      },
      "properties": {
        "id": "osm:way:333255628",
        "source": "osm",
        "title": "St Michael's Flags",
        "address": "",
        "description": "",
        "categories": [
          "natural",
          "park"
        ],
        "primary_category": "natural",
        "interest_score": 34,
        "website": "",
        "wikipedia": "",
        "wikidata": "",
        "source_url": "https://www.openstreetmap.org/way/333255628",
        "fetched_at_utc": "2026-10-07T11:43:15+00:00",
        "query_key": "parks",
        "tags": {
          "leisure": "park",
          "name": "St Michael's Flags"
        }
      }
    },
    {
      "type": "Feature",
      "geometry": {
        "type": "Point",
        "coordinates": [
          -2.23849034,
          53.472985339999994
        ]
      },
      "properties": {
        "id": "osm:way:1242612627",
        "source": "osm",
        "title": "Symphony Park",
        "address": "",
        "description": "",
        "categories": [
          "natural",
          "park"
        ],
        "primary_category": "natural",
        "interest_score": 34,
        "website": "",
        "wikipedia": "",
        "wikidata": "",
        "source_url": "https://www.openstreetmap.org/way/1242612627",
        "fetched_at_utc": "2026-10-07T11:43:15+00:00",
        "query_key": "parks",
        "tags": {
          "leisure": "park",
          "name": "Symphony Park"
        }
      }
    },
    {
      "type": "Feature",
      "geometry": {
        "type": "Point",
        "coordinates": [
          -2.223146395833333,
          53.489015974999994
        ]
      },
      "properties": {
        "id": "osm:way:28082114",
        "source": "osm",
        "title": "The Brian Kidd Recreational Facility",
        "address": "",
        "description": "",
        "categories": [
          "natural",
          "park"
        ],
        "primary_category": "natural",
        "interest_score": 34,
        "website": "",
        "wikipedia": "",
        "wikidata": "",
        "source_url": "https://www.openstreetmap.org/way/28082114",
        "fetched_at_utc": "2026-10-07T11:43:15+00:00",
        "query_key": "parks",
        "tags": {
          "barrier": "fence",
          "leisure": "park",
          "name": "The Brian Kidd Recreational Facility",
          "old_name": "St. George's Community Grounds"
        }
      }
    },
    {
      "type": "Feature",
      "geometry": {
        "type": "Point",
        "coordinates": [
          -2.260442708823529,
          53.485884
        ]
      },
      "properties": {
        "id": "osm:way:263689253",
        "source": "osm",
        "title": "Trinity Park",
        "address": "",
        "description": "",
        "categories": [
          "natural",
          "park"
        ],
        "primary_category": "natural",
        "interest_score": 34,
        "website": "",
        "wikipedia": "",
        "wikidata": "",
        "source_url": "https://www.openstreetmap.org/way/263689253",
        "fetched_at_utc": "2026-10-07T11:43:15+00:00",
        "query_key": "parks",
        "tags": {
          "leisure": "park",
          "name": "Trinity Park",
          "source": "survey"
        }
      }
    },
    {
      "type": "Feature",
      "geometry": {
        "type": "Point",
        "coordinates": [
          -2.2369828727272725,
          53.46697576969695
        ]
      },
      "properties": {
        "id": "osm:way:1069063535",
        "source": "osm",
        "title": "University Green",
        "address": "",
        "description": "",
        "categories": [
          "natural",
          "park"
        ],
        "primary_category": "natural",
        "interest_score": 34,
        "website": "",
        "wikipedia": "",
        "wikidata": "",
        "source_url": "https://www.openstreetmap.org/way/1069063535",
        "fetched_at_utc": "2026-10-07T11:43:15+00:00",
        "query_key": "parks",
        "tags": {
          "leisure": "park",
          "name": "University Green",
          "operator": "The University of Manchester",
          "surface": "grass"
        }
      }
    },
    {
      "type": "Feature",
      "geometry": {
        "type": "Point",
        "coordinates": [
          -2.2155157300000003,
          53.48924529000001
        ]
      },
      "properties": {
        "id": "osm:way:254957242",
        "source": "osm",
        "title": "Victoria Mill Park",
        "address": "",
        "description": "",
        "categories": [
          "natural",
          "park"
        ],
        "primary_category": "natural",
        "interest_score": 34,
        "website": "",
        "wikipedia": "",
        "wikidata": "",
        "source_url": "https://www.openstreetmap.org/way/254957242",
        "fetched_at_utc": "2026-10-07T11:43:15+00:00",
        "query_key": "parks",
        "tags": {
          "leisure": "park",
          "name": "Victoria Mill Park"
        }
      }
    },
    {
      "type": "Feature",
      "geometry": {
        "type": "Point",
        "coordinates": [
          -2.2340980125000005,
          53.475515612500004
        ]
      },
      "properties": {
        "id": "osm:way:137908529",
        "source": "osm",
        "title": "Vimto Park",
        "address": "",
        "description": "",
        "categories": [
          "natural",
          "park"
        ],
        "primary_category": "natural",
        "interest_score": 34,
        "website": "",
        "wikipedia": "",
        "wikidata": "",
        "source_url": "https://www.openstreetmap.org/way/137908529",
        "fetched_at_utc": "2026-10-07T11:43:15+00:00",
        "query_key": "parks",
        "tags": {
          "leisure": "park",
          "name": "Vimto Park"
        }
      }
    },
    {
      "type": "Feature",
      "geometry": {
        "type": "Point",
        "coordinates": [
          -2.20211283,
          53.46831615999999
        ]
      },
      "properties": {
        "id": "osm:way:830108777",
        "source": "osm",
        "title": "West Gorton Community Park",
        "address": "",
        "description": "",
        "categories": [
          "natural",
          "park"
        ],
        "primary_category": "natural",
        "interest_score": 34,
        "website": "",
        "wikipedia": "",
        "wikidata": "",
        "source_url": "https://www.openstreetmap.org/way/830108777",
        "fetched_at_utc": "2026-10-07T11:43:15+00:00",
        "query_key": "parks",
        "tags": {
          "leisure": "park",
          "name": "West Gorton Community Park"
        }
      }
    },
    {
      "type": "Feature",
      "geometry": {
        "type": "Point",
        "coordinates": [
          -2.201679238461538,
          53.46761298846154
        ]
      },
      "properties": {
        "id": "osm:way:1293459224",
        "source": "osm",
        "title": "West Gorton Community Park",
        "address": "",
        "description": "",
        "categories": [
          "natural",
          "park"
        ],
        "primary_category": "natural",
        "interest_score": 34,
        "website": "",
        "wikipedia": "",
        "wikidata": "",
        "source_url": "https://www.openstreetmap.org/way/1293459224",
        "fetched_at_utc": "2026-10-07T11:43:15+00:00",
        "query_key": "parks",
        "tags": {
          "leisure": "park",
          "name": "West Gorton Community Park"
        }
      }
    },
    {
      "type": "Feature",
      "geometry": {
        "type": "Point",
        "coordinates": [
          -2.20892243125,
          53.46505806249999
        ]
      },
      "properties": {
        "id": "osm:way:28004961",
        "source": "osm",
        "title": "Wonderland Park",
        "address": "",
        "description": "",
        "categories": [
          "natural",
          "park"
        ],
        "primary_category": "natural",
        "interest_score": 34,
        "website": "",
        "wikipedia": "",
        "wikidata": "",
        "source_url": "https://www.openstreetmap.org/way/28004961",
        "fetched_at_utc": "2026-10-07T11:43:15+00:00",
        "query_key": "parks",
        "tags": {
          "leisure": "park",
          "name": "Wonderland Park"
        }
      }
    },
    {
      "type": "Feature",
      "geometry": {
        "type": "Point",
        "coordinates": [
          -2.234457,
          53.475527
        ]
      },
      "properties": {
        "id": "osm:node:2311089146",
        "source": "osm",
        "title": "A Monument To Vimto",
        "address": "",
        "description": "",
        "categories": [
          "cultural",
          "art"
        ],
        "primary_category": "cultural",
        "interest_score": 30,
        "website": "",
        "wikipedia": "",
        "wikidata": "",
        "source_url": "https://www.openstreetmap.org/node/2311089146",
        "fetched_at_utc": "2026-10-07T11:43:15+00:00",
        "query_key": "galleries_and_arts",
        "tags": {
          "artist_name": "Kerry Morrison",
          "artwork_type": "sculpture",
          "material": "wood",
          "name": "A Monument To Vimto",
          "subject:wikidata": "Q1971958",
          "tourism": "artwork",
          "wheelchair": "yes"
        }
      }
    },
    {
      "type": "Feature",
      "geometry": {
        "type": "Point",
        "coordinates": [
          -2.2488261533333334,
          53.47785058666666
        ]
      },
      "properties": {
        "id": "osm:way:570281429",
        "source": "osm",
        "title": "Amphitheatre",
        "address": "",
        "description": "",
        "categories": [
          "cultural",
          "art"
        ],
        "primary_category": "cultural",
        "interest_score": 30,
        "website": "",
        "wikipedia": "",
        "wikidata": "",
        "source_url": "https://www.openstreetmap.org/way/570281429",
        "fetched_at_utc": "2026-10-07T11:43:15+00:00",
        "query_key": "performance_and_literary",
        "tags": {
          "amenity": "theatre",
          "name": "Amphitheatre",
          "wheelchair": "no"
        }
      }
    },
    {
      "type": "Feature",
      "geometry": {
        "type": "Point",
        "coordinates": [
          -2.2330387,
          53.4754241
        ]
      },
      "properties": {
        "id": "osm:node:2717528820",
        "source": "osm",
        "title": "Archimedes",
        "address": "",
        "description": "",
        "categories": [
          "cultural",
          "art"
        ],
        "primary_category": "cultural",
        "interest_score": 30,
        "website": "",
        "wikipedia": "",
        "wikidata": "",
        "source_url": "https://www.openstreetmap.org/node/2717528820",
        "fetched_at_utc": "2026-10-07T11:43:15+00:00",
        "query_key": "galleries_and_arts",
        "tags": {
          "artwork_type": "statue",
          "name": "Archimedes",
          "tourism": "artwork"
        }
      }
    },
    {
      "type": "Feature",
      "geometry": {
        "type": "Point",
        "coordinates": [
          -2.2380298,
          53.4672684
        ]
      },
      "properties": {
        "id": "osm:node:12837619487",
        "source": "osm",
        "title": "Beejing",
        "address": "",
        "description": "",
        "categories": [
          "cultural",
          "art"
        ],
        "primary_category": "cultural",
        "interest_score": 30,
        "website": "",
        "wikipedia": "",
        "wikidata": "",
        "source_url": "https://www.openstreetmap.org/node/12837619487",
        "fetched_at_utc": "2026-10-07T11:43:15+00:00",
        "query_key": "galleries_and_arts",
        "tags": {
          "artwork_type": "sculpture",
          "name": "Beejing",
          "tourism": "artwork"
        }
      }
    },
    {
      "type": "Feature",
      "geometry": {
        "type": "Point",
        "coordinates": [
          -2.2626552,
          53.4840101
        ]
      },
      "properties": {
        "id": "osm:node:5789492052",
        "source": "osm",
        "title": "By St Philip's Church, Salford",
        "address": "",
        "description": "",
        "categories": [
          "cultural",
          "art"
        ],
        "primary_category": "cultural",
        "interest_score": 30,
        "website": "",
        "wikipedia": "",
        "wikidata": "",
        "source_url": "https://www.openstreetmap.org/node/5789492052",
        "fetched_at_utc": "2026-10-07T11:43:15+00:00",
        "query_key": "galleries_and_arts",
        "tags": {
          "artist_name": "LS Lowry",
          "artwork_type": "mural",
          "mapillary": "795646454711270",
          "name": "By St Philip's Church, Salford",
          "note": "Plaque in pavement",
          "tourism": "artwork"
        }
      }
    },
    {
      "type": "Feature",
      "geometry": {
        "type": "Point",
        "coordinates": [
          -2.2561384999999996,
          53.47602309090908
        ]
      },
      "properties": {
        "id": "osm:way:480681874",
        "source": "osm",
        "title": "Castlefield Bowl",
        "address": "",
        "description": "",
        "categories": [
          "cultural",
          "art"
        ],
        "primary_category": "cultural",
        "interest_score": 30,
        "website": "",
        "wikipedia": "",
        "wikidata": "",
        "source_url": "https://www.openstreetmap.org/way/480681874",
        "fetched_at_utc": "2026-10-07T11:43:15+00:00",
        "query_key": "performance_and_literary",
        "tags": {
          "amenity": "theatre",
          "check_date": "2025-04-14",
          "name": "Castlefield Bowl"
        }
      }
    },
    {
      "type": "Feature",
      "geometry": {
        "type": "Point",
        "coordinates": [
          -2.2023618,
          53.4829543
        ]
      },
      "properties": {
        "id": "osm:node:12094600597",
        "source": "osm",
        "title": "Colin Bell, Francis Lee and Mike Summerbee Statue",
        "address": "",
        "description": "",
        "categories": [
          "cultural",
          "art"
        ],
        "primary_category": "cultural",
        "interest_score": 30,
        "website": "",
        "wikipedia": "",
        "wikidata": "",
        "source_url": "https://www.openstreetmap.org/node/12094600597",
        "fetched_at_utc": "2026-10-07T11:43:15+00:00",
        "query_key": "galleries_and_arts",
        "tags": {
          "artwork_type": "statue",
          "name": "Colin Bell, Francis Lee and Mike Summerbee Statue",
          "tourism": "artwork"
        }
      }
    },
    {
      "type": "Feature",
      "geometry": {
        "type": "Point",
        "coordinates": [
          -2.2438498,
          53.4796493
        ]
      },
      "properties": {
        "id": "osm:node:9605157550",
        "source": "osm",
        "title": "Contemporary Six",
        "address": "37 Princess Street, Manchester, M2 4FN",
        "description": "",
        "categories": [
          "cultural",
          "art"
        ],
        "primary_category": "cultural",
        "interest_score": 30,
        "website": "",
        "wikipedia": "",
        "wikidata": "",
        "source_url": "https://www.openstreetmap.org/node/9605157550",
        "fetched_at_utc": "2026-10-07T11:43:15+00:00",
        "query_key": "galleries_and_arts",
        "tags": {
          "addr:city": "Manchester",
          "addr:housenumber": "37",
          "addr:postcode": "M2 4FN",
          "addr:street": "Princess Street",
          "fee": "no",
          "name": "Contemporary Six",
          "tourism": "gallery"
        }
      }
    },
    {
      "type": "Feature",
      "geometry": {
        "type": "Point",
        "coordinates": [
          -2.2288257,
          53.4599112
        ]
      },
      "properties": {
        "id": "osm:node:13716590855",
        "source": "osm",
        "title": "Crawfurd Heights",
        "address": "",
        "description": "",
        "categories": [
          "cultural",
          "art"
        ],
        "primary_category": "cultural",
        "interest_score": 30,
        "website": "",
        "wikipedia": "",
        "wikidata": "",
        "source_url": "https://www.openstreetmap.org/node/13716590855",
        "fetched_at_utc": "2026-10-07T11:43:15+00:00",
        "query_key": "galleries_and_arts",
        "tags": {
          "artist_name": "Jacqueline Donachie",
          "artwork_type": "sculpture",
          "material": "steel",
          "name": "Crawfurd Heights",
          "tourism": "artwork"
        }
      }
    },
    {
      "type": "Feature",
      "geometry": {
        "type": "Point",
        "coordinates": [
          -2.2470393,
          53.4810845
        ]
      },
      "properties": {
        "id": "osm:node:7714968212",
        "source": "osm",
        "title": "De Lacey Fine Art",
        "address": "9 South King Street, Manchester, M2 6DG",
        "description": "",
        "categories": [
          "cultural",
          "art"
        ],
        "primary_category": "cultural",
        "interest_score": 30,
        "website": "",
        "wikipedia": "",
        "wikidata": "",
        "source_url": "https://www.openstreetmap.org/node/7714968212",
        "fetched_at_utc": "2026-10-07T11:43:15+00:00",
        "query_key": "galleries_and_arts",
        "tags": {
          "addr:city": "Manchester",
          "addr:country": "GB",
          "addr:housenumber": "9",
          "addr:postcode": "M2 6DG",
          "addr:street": "South King Street",
          "name": "De Lacey Fine Art",
          "tourism": "gallery"
        }
      }
    },
    {
      "type": "Feature",
      "geometry": {
        "type": "Point",
        "coordinates": [
          -2.2469348,
          53.4733728
        ]
      },
      "properties": {
        "id": "osm:node:6253851591",
        "source": "osm",
        "title": "Engels",
        "address": "",
        "description": "",
        "categories": [
          "cultural",
          "art"
        ],
        "primary_category": "cultural",
        "interest_score": 30,
        "website": "",
        "wikipedia": "",
        "wikidata": "",
        "source_url": "https://www.openstreetmap.org/node/6253851591",
        "fetched_at_utc": "2026-10-07T11:43:15+00:00",
        "query_key": "galleries_and_arts",
        "tags": {
          "artist_name": "soviet",
          "artwork_subject": "Engels",
          "artwork_type": "statue",
          "material": "concrete",
          "name": "Engels",
          "tourism": "artwork"
        }
      }
    },
    {
      "type": "Feature",
      "geometry": {
        "type": "Point",
        "coordinates": [
          -2.2740726,
          53.4871018
        ]
      },
      "properties": {
        "id": "osm:node:13300259678",
        "source": "osm",
        "title": "Engels' Beard",
        "address": "",
        "description": "",
        "categories": [
          "cultural",
          "art"
        ],
        "primary_category": "cultural",
        "interest_score": 30,
        "website": "",
        "wikipedia": "",
        "wikidata": "",
        "source_url": "https://www.openstreetmap.org/node/13300259678",
        "fetched_at_utc": "2026-10-07T11:43:15+00:00",
        "query_key": "galleries_and_arts",
        "tags": {
          "artist_name": "Jai Redman",
          "artwork_type": "statue",
          "name": "Engels' Beard",
          "start_date": "2016",
          "tourism": "artwork"
        }
      }
    },
    {
      "type": "Feature",
      "geometry": {
        "type": "Point",
        "coordinates": [
          -2.2327137,
          53.484481
        ]
      },
      "properties": {
        "id": "osm:node:3050439633",
        "source": "osm",
        "title": "Frog & Bucket",
        "address": "102 Oldham Street, Manchester, M4 1LJ",
        "description": "",
        "categories": [
          "cultural",
          "art"
        ],
        "primary_category": "cultural",
        "interest_score": 30,
        "website": "",
        "wikipedia": "",
        "wikidata": "",
        "source_url": "https://www.openstreetmap.org/node/3050439633",
        "fetched_at_utc": "2026-10-07T11:43:15+00:00",
        "query_key": "performance_and_literary",
        "tags": {
          "addr:city": "Manchester",
          "addr:country": "GB",
          "addr:housenumber": "102",
          "addr:postcode": "M4 1LJ",
          "addr:street": "Oldham Street",
          "amenity": "theatre",
          "check_date": "2024-10-09",
          "name": "Frog & Bucket"
        }
      }
    },
    {
      "type": "Feature",
      "geometry": {
        "type": "Point",
        "coordinates": [
          -2.2365867,
          53.4825676
        ]
      },
      "properties": {
        "id": "osm:node:14162928611",
        "source": "osm",
        "title": "Happening In MCR",
        "address": "",
        "description": "",
        "categories": [
          "cultural",
          "art"
        ],
        "primary_category": "cultural",
        "interest_score": 30,
        "website": "",
        "wikipedia": "",
        "wikidata": "",
        "source_url": "https://www.openstreetmap.org/node/14162928611",
        "fetched_at_utc": "2026-10-07T11:43:15+00:00",
        "query_key": "galleries_and_arts",
        "tags": {
          "addr:floor": "0",
          "check_date": "2026-09-08",
          "level": "0",
          "name": "Happening In MCR",
          "tourism": "gallery"
        }
      }
    },
    {
      "type": "Feature",
      "geometry": {
        "type": "Point",
        "coordinates": [
          -2.216272,
          53.4831591
        ]
      },
      "properties": {
        "id": "osm:node:5630317443",
        "source": "osm",
        "title": "Hope Mill Theatre",
        "address": "",
        "description": "",
        "categories": [
          "cultural",
          "art"
        ],
        "primary_category": "cultural",
        "interest_score": 30,
        "website": "",
        "wikipedia": "",
        "wikidata": "",
        "source_url": "https://www.openstreetmap.org/node/5630317443",
        "fetched_at_utc": "2026-10-07T11:43:15+00:00",
        "query_key": "performance_and_literary",
        "tags": {
          "amenity": "theatre",
          "name": "Hope Mill Theatre"
        }
      }
    },
    {
      "type": "Feature",
      "geometry": {
        "type": "Point",
        "coordinates": [
          -2.2478904,
          53.4607545
        ]
      },
      "properties": {
        "id": "osm:node:6202260028",
        "source": "osm",
        "title": "Hulme High Street Library",
        "address": "Moss Lane East, Manchester, M15 5NN",
        "description": "",
        "categories": [
          "cultural",
          "literary"
        ],
        "primary_category": "cultural",
        "interest_score": 30,
        "website": "",
        "wikipedia": "",
        "wikidata": "",
        "source_url": "https://www.openstreetmap.org/node/6202260028",
        "fetched_at_utc": "2026-10-07T11:43:15+00:00",
        "query_key": "performance_and_literary",
        "tags": {
          "addr:city": "Manchester",
          "addr:postcode": "M15 5NN",
          "addr:street": "Moss Lane East",
          "amenity": "library",
          "check_date": "2024-05-11",
          "name": "Hulme High Street Library"
        }
      }
    },
    {
      "type": "Feature",
      "geometry": {
        "type": "Point",
        "coordinates": [
          -2.2356531,
          53.4661286
        ]
      },
      "properties": {
        "id": "osm:node:1564517931",
        "source": "osm",
        "title": "John Thaw Studio Theatre",
        "address": "",
        "description": "",
        "categories": [
          "cultural",
          "art"
        ],
        "primary_category": "cultural",
        "interest_score": 30,
        "website": "",
        "wikipedia": "",
        "wikidata": "",
        "source_url": "https://www.openstreetmap.org/node/1564517931",
        "fetched_at_utc": "2026-10-07T11:43:15+00:00",
        "query_key": "performance_and_literary",
        "tags": {
          "amenity": "theatre",
          "name": "John Thaw Studio Theatre"
        }
      }
    },
    {
      "type": "Feature",
      "geometry": {
        "type": "Point",
        "coordinates": [
          -2.2707841,
          53.4878606
        ]
      },
      "properties": {
        "id": "osm:node:13300259679",
        "source": "osm",
        "title": "Joseph Brotherton MP",
        "address": "",
        "description": "Joseph Brotherton\nThe first and for upwards of twenty four successive years (from 1832 to 1857) the faithful representative of the borough of Salford in the House of Commons\nBorn May XXII MDCCLXXXIII\nDied January VII MDCCCLVII",
        "categories": [
          "cultural",
          "art"
        ],
        "primary_category": "cultural",
        "interest_score": 30,
        "website": "",
        "wikipedia": "",
        "wikidata": "",
        "source_url": "https://www.openstreetmap.org/node/13300259679",
        "fetched_at_utc": "2026-10-07T11:43:15+00:00",
        "query_key": "galleries_and_arts",
        "tags": {
          "artist_name": "Matthew Noble",
          "artwork_type": "statue",
          "inscription": "Joseph Brotherton\nThe first and for upwards of twenty four successive years (from 1832 to 1857) the faithful representative of the borough of Salford in the House of Commons\nBorn May XXII MDCCLXXXIII\nDied January VII MDCCCLVII",
          "name": "Joseph Brotherton MP",
          "start_date": "1858",
          "tourism": "artwork"
        }
      }
    },
    {
      "type": "Feature",
      "geometry": {
        "type": "Point",
        "coordinates": [
          -2.201493,
          53.4581723
        ]
      },
      "properties": {
        "id": "osm:node:303802787",
        "source": "osm",
        "title": "Longsight Library",
        "address": "519 Stockport Road, Manchester, M12 4NE",
        "description": "",
        "categories": [
          "cultural",
          "literary"
        ],
        "primary_category": "cultural",
        "interest_score": 30,
        "website": "",
        "wikipedia": "",
        "wikidata": "",
        "source_url": "https://www.openstreetmap.org/node/303802787",
        "fetched_at_utc": "2026-10-07T11:43:15+00:00",
        "query_key": "performance_and_literary",
        "tags": {
          "addr:city": "Manchester",
          "addr:country": "GB",
          "addr:housenumber": "519",
          "addr:postcode": "M12 4NE",
          "addr:street": "Stockport Road",
          "amenity": "library",
          "check_date": "2024-11-08",
          "name": "Longsight Library",
          "wheelchair": "yes"
        }
      }
    },
    {
      "type": "Feature",
      "geometry": {
        "type": "Point",
        "coordinates": [
          -2.235482,
          53.4644321
        ]
      },
      "properties": {
        "id": "osm:node:258864502",
        "source": "osm",
        "title": "Main Library, University of Manchester",
        "address": "",
        "description": "",
        "categories": [
          "cultural",
          "literary"
        ],
        "primary_category": "cultural",
        "interest_score": 30,
        "website": "",
        "wikipedia": "",
        "wikidata": "",
        "source_url": "https://www.openstreetmap.org/node/258864502",
        "fetched_at_utc": "2026-10-07T11:43:15+00:00",
        "query_key": "performance_and_literary",
        "tags": {
          "access": "students;permit",
          "amenity": "library",
          "name": "Main Library, University of Manchester",
          "note": "Accessible to students or those with membership",
          "opening_hours": "2025 Jun 30-2025 Sep 14 off \"Closed for Refurbishment\"",
          "opening_hours:url": "https://www.library.manchester.ac.uk/locations-and-opening-hours/main-library/",
          "wheelchair": "yes"
        }
      }
    },
    {
      "type": "Feature",
      "geometry": {
        "type": "Point",
        "coordinates": [
          -2.2545015,
          53.4765947
        ]
      },
      "properties": {
        "id": "osm:node:6400305742",
        "source": "osm",
        "title": "MOSI",
        "address": "",
        "description": "",
        "categories": [
          "cultural",
          "art"
        ],
        "primary_category": "cultural",
        "interest_score": 30,
        "website": "",
        "wikipedia": "",
        "wikidata": "",
        "source_url": "https://www.openstreetmap.org/node/6400305742",
        "fetched_at_utc": "2026-10-07T11:43:15+00:00",
        "query_key": "galleries_and_arts",
        "tags": {
          "advertising": "sign",
          "artwork_type": "sculpture",
          "colour": "red",
          "material": "metal",
          "name": "MOSI",
          "tourism": "artwork",
          "wheelchair": "yes"
        }
      }
    },
    {
      "type": "Feature",
      "geometry": {
        "type": "Point",
        "coordinates": [
          -2.277134,
          53.4856
        ]
      },
      "properties": {
        "id": "osm:node:2773552950",
        "source": "osm",
        "title": "Oliver Heywood",
        "address": "",
        "description": "",
        "categories": [
          "cultural",
          "art"
        ],
        "primary_category": "cultural",
        "interest_score": 30,
        "website": "",
        "wikipedia": "",
        "wikidata": "",
        "source_url": "https://www.openstreetmap.org/node/2773552950",
        "fetched_at_utc": "2026-10-07T11:43:15+00:00",
        "query_key": "galleries_and_arts",
        "tags": {
          "artwork_type": "statue",
          "name": "Oliver Heywood",
          "tourism": "artwork",
          "wheelchair": "yes"
        }
      }
    },
    {
      "type": "Feature",
      "geometry": {
        "type": "Point",
        "coordinates": [
          -2.2366308,
          53.4825648
        ]
      },
      "properties": {
        "id": "osm:node:11665052701",
        "source": "osm",
        "title": "On The Sixth Day",
        "address": "",
        "description": "",
        "categories": [
          "cultural",
          "art"
        ],
        "primary_category": "cultural",
        "interest_score": 30,
        "website": "",
        "wikipedia": "",
        "wikidata": "",
        "source_url": "https://www.openstreetmap.org/node/11665052701",
        "fetched_at_utc": "2026-10-07T11:43:15+00:00",
        "query_key": "galleries_and_arts",
        "tags": {
          "artist_name": "Mark Kennedy",
          "artwork_type": "mural",
          "level": "0",
          "name": "On The Sixth Day",
          "tourism": "artwork"
        }
      }
    },
    {
      "type": "Feature",
      "geometry": {
        "type": "Point",
        "coordinates": [
          -2.2532911,
          53.489824
        ]
      },
      "properties": {
        "id": "osm:node:9687878279",
        "source": "osm",
        "title": "Paradise Works",
        "address": "East Philip Street, Salford, M3 7LE",
        "description": "",
        "categories": [
          "cultural",
          "art"
        ],
        "primary_category": "cultural",
        "interest_score": 30,
        "website": "",
        "wikipedia": "",
        "wikidata": "",
        "source_url": "https://www.openstreetmap.org/node/9687878279",
        "fetched_at_utc": "2026-10-07T11:43:15+00:00",
        "query_key": "galleries_and_arts",
        "tags": {
          "addr:city": "Salford",
          "addr:housename": "Irwell House",
          "addr:postcode": "M3 7LE",
          "addr:street": "East Philip Street",
          "name": "Paradise Works",
          "tourism": "gallery"
        }
      }
    },
    {
      "type": "Feature",
      "geometry": {
        "type": "Point",
        "coordinates": [
          -2.2269478,
          53.4945304
        ]
      },
      "properties": {
        "id": "osm:node:12007268178",
        "source": "osm",
        "title": "Peachstone Henge",
        "address": "",
        "description": "",
        "categories": [
          "cultural",
          "art"
        ],
        "primary_category": "cultural",
        "interest_score": 30,
        "website": "",
        "wikipedia": "",
        "wikidata": "",
        "source_url": "https://www.openstreetmap.org/node/12007268178",
        "fetched_at_utc": "2026-10-07T11:43:15+00:00",
        "query_key": "galleries_and_arts",
        "tags": {
          "alt_name": "Egghenge",
          "artist_name": "Andrew McKeown",
          "artwork_type": "sculpture",
          "material": "stone",
          "name": "Peachstone Henge",
          "tourism": "artwork"
        }
      }
    },
    {
      "type": "Feature",
      "geometry": {
        "type": "Point",
        "coordinates": [
          -2.2620705,
          53.4715234
        ]
      },
      "properties": {
        "id": "osm:node:5652247301",
        "source": "osm",
        "title": "Phoenix Gallery",
        "address": "",
        "description": "",
        "categories": [
          "cultural",
          "art"
        ],
        "primary_category": "cultural",
        "interest_score": 30,
        "website": "",
        "wikipedia": "",
        "wikidata": "",
        "source_url": "https://www.openstreetmap.org/node/5652247301",
        "fetched_at_utc": "2026-10-07T11:43:15+00:00",
        "query_key": "galleries_and_arts",
        "tags": {
          "name": "Phoenix Gallery",
          "tourism": "gallery"
        }
      }
    },
    {
      "type": "Feature",
      "geometry": {
        "type": "Point",
        "coordinates": [
          -2.2623502,
          53.4714613
        ]
      },
      "properties": {
        "id": "osm:node:5652247300",
        "source": "osm",
        "title": "RAM Realist Academy Manchester",
        "address": "",
        "description": "",
        "categories": [
          "cultural",
          "art"
        ],
        "primary_category": "cultural",
        "interest_score": 30,
        "website": "",
        "wikipedia": "",
        "wikidata": "",
        "source_url": "https://www.openstreetmap.org/node/5652247300",
        "fetched_at_utc": "2026-10-07T11:43:15+00:00",
        "query_key": "galleries_and_arts",
        "tags": {
          "name": "RAM Realist Academy Manchester",
          "tourism": "gallery"
        }
      }
    },
    {
      "type": "Feature",
      "geometry": {
        "type": "Point",
        "coordinates": [
          -2.2457334,
          53.4819239
        ]
      },
      "properties": {
        "id": "osm:node:2753989497",
        "source": "osm",
        "title": "Richard Cobden",
        "address": "",
        "description": "",
        "categories": [
          "cultural",
          "art"
        ],
        "primary_category": "cultural",
        "interest_score": 30,
        "website": "",
        "wikipedia": "",
        "wikidata": "",
        "source_url": "https://www.openstreetmap.org/node/2753989497",
        "fetched_at_utc": "2026-10-07T11:43:15+00:00",
        "query_key": "galleries_and_arts",
        "tags": {
          "artist_name": "Marshall Wood",
          "artwork_type": "statue",
          "name": "Richard Cobden",
          "tourism": "artwork"
        }
      }
    },
    {
      "type": "Feature",
      "geometry": {
        "type": "Point",
        "coordinates": [
          -2.2361558,
          53.4838266
        ]
      },
      "properties": {
        "id": "osm:node:12001023871",
        "source": "osm",
        "title": "Richard Goodall Gallery",
        "address": "59 Thomas Street, Manchester, M4 1NA",
        "description": "",
        "categories": [
          "cultural",
          "art"
        ],
        "primary_category": "cultural",
        "interest_score": 30,
        "website": "",
        "wikipedia": "",
        "wikidata": "",
        "source_url": "https://www.openstreetmap.org/node/12001023871",
        "fetched_at_utc": "2026-10-07T11:43:15+00:00",
        "query_key": "galleries_and_arts",
        "tags": {
          "addr:city": "Manchester",
          "addr:housenumber": "59",
          "addr:postcode": "M4 1NA",
          "addr:street": "Thomas Street",
          "name": "Richard Goodall Gallery",
          "tourism": "gallery"
        }
      }
    },
    {
      "type": "Feature",
      "geometry": {
        "type": "Point",
        "coordinates": [
          -2.2354523,
          53.4858524
        ]
      },
      "properties": {
        "id": "osm:node:11243840335",
        "source": "osm",
        "title": "Royal Exchange Theatre (Swan Street)",
        "address": "47-53 Swan Street, Manchester, M4 5JY",
        "description": "",
        "categories": [
          "cultural",
          "art"
        ],
        "primary_category": "cultural",
        "interest_score": 30,
        "website": "",
        "wikipedia": "",
        "wikidata": "",
        "source_url": "https://www.openstreetmap.org/node/11243840335",
        "fetched_at_utc": "2026-10-07T11:43:15+00:00",
        "query_key": "performance_and_literary",
        "tags": {
          "addr:city": "Manchester",
          "addr:housename": "Royal Exchange Theatre",
          "addr:housenumber": "47-53",
          "addr:postcode": "M4 5JY",
          "addr:street": "Swan Street",
          "amenity": "theatre",
          "check_date": "2025-05-07",
          "name": "Royal Exchange Theatre (Swan Street)",
          "operator": "Royal Exchange Theatre"
        }
      }
    },
    {
      "type": "Feature",
      "geometry": {
        "type": "Point",
        "coordinates": [
          -2.2287861639999997,
          53.484317059999995
        ]
      },
      "properties": {
        "id": "osm:relation:17514026",
        "source": "osm",
        "title": "Sentinels",
        "address": "",
        "description": "",
        "categories": [
          "cultural",
          "art"
        ],
        "primary_category": "cultural",
        "interest_score": 30,
        "website": "",
        "wikipedia": "",
        "wikidata": "",
        "source_url": "https://www.openstreetmap.org/relation/17514026",
        "fetched_at_utc": "2026-10-07T11:43:15+00:00",
        "query_key": "galleries_and_arts",
        "tags": {
          "artist_name": "Dan Dubowitz",
          "artwork_type": "installation",
          "name": "Sentinels",
          "tourism": "artwork"
        }
      }
    },
    {
      "type": "Feature",
      "geometry": {
        "type": "Point",
        "coordinates": [
          -2.2534438,
          53.4756229
        ]
      },
      "properties": {
        "id": "osm:node:2886288855",
        "source": "osm",
        "title": "Sheep",
        "address": "",
        "description": "",
        "categories": [
          "cultural",
          "art"
        ],
        "primary_category": "cultural",
        "interest_score": 30,
        "website": "",
        "wikipedia": "",
        "wikidata": "",
        "source_url": "https://www.openstreetmap.org/node/2886288855",
        "fetched_at_utc": "2026-10-07T11:43:15+00:00",
        "query_key": "galleries_and_arts",
        "tags": {
          "artist_name": "Ted Roocroft",
          "artwork_type": "sculpture",
          "material": "concrete",
          "name": "Sheep",
          "start_date": "1986",
          "tourism": "artwork"
        }
      }
    },
    {
      "type": "Feature",
      "geometry": {
        "type": "Point",
        "coordinates": [
          -2.2404632,
          53.4719034
        ]
      },
      "properties": {
        "id": "osm:node:6990142202",
        "source": "osm",
        "title": "Sir John Dalton",
        "address": "",
        "description": "",
        "categories": [
          "cultural",
          "art"
        ],
        "primary_category": "cultural",
        "interest_score": 30,
        "website": "",
        "wikipedia": "",
        "wikidata": "",
        "source_url": "https://www.openstreetmap.org/node/6990142202",
        "fetched_at_utc": "2026-10-07T11:43:15+00:00",
        "query_key": "galleries_and_arts",
        "tags": {
          "artwork_type": "statue",
          "name": "Sir John Dalton",
          "tourism": "artwork"
        }
      }
    },
    {
      "type": "Feature",
      "geometry": {
        "type": "Point",
        "coordinates": [
          -2.2367427,
          53.4768927
        ]
      },
      "properties": {
        "id": "osm:node:9131790457",
        "source": "osm",
        "title": "The LGBTQ+ Queen Bee",
        "address": "",
        "description": "",
        "categories": [
          "cultural",
          "art"
        ],
        "primary_category": "cultural",
        "interest_score": 30,
        "website": "",
        "wikipedia": "",
        "wikidata": "",
        "source_url": "https://www.openstreetmap.org/node/9131790457",
        "fetched_at_utc": "2026-10-07T11:43:15+00:00",
        "query_key": "galleries_and_arts",
        "tags": {
          "artist_name": "CJTaylord Art (Christian) and Bed Sedman",
          "artwork_subject": "LGBTQ Manchester",
          "artwork_type": "sculpture",
          "lgbtq": "primary",
          "name": "The LGBTQ+ Queen Bee",
          "tourism": "artwork",
          "wheelchair": "yes"
        }
      }
    },
    {
      "type": "Feature",
      "geometry": {
        "type": "Point",
        "coordinates": [
          -2.2516411,
          53.4743493
        ]
      },
      "properties": {
        "id": "osm:node:3678936268",
        "source": "osm",
        "title": "The Life Cycle",
        "address": "",
        "description": "",
        "categories": [
          "cultural",
          "art"
        ],
        "primary_category": "cultural",
        "interest_score": 30,
        "website": "",
        "wikipedia": "",
        "wikidata": "",
        "source_url": "https://www.openstreetmap.org/node/3678936268",
        "fetched_at_utc": "2026-10-07T11:43:15+00:00",
        "query_key": "galleries_and_arts",
        "tags": {
          "artist_name": "George Wylie",
          "artwork_type": "sculpture",
          "material": "metal",
          "name": "The Life Cycle",
          "tourism": "artwork"
        }
      }
    },
    {
      "type": "Feature",
      "geometry": {
        "type": "Point",
        "coordinates": [
          -2.2770908,
          53.4695475
        ]
      },
      "properties": {
        "id": "osm:node:7443630053",
        "source": "osm",
        "title": "The Moat",
        "address": "",
        "description": "",
        "categories": [
          "cultural",
          "art"
        ],
        "primary_category": "cultural",
        "interest_score": 30,
        "website": "",
        "wikipedia": "",
        "wikidata": "",
        "source_url": "https://www.openstreetmap.org/node/7443630053",
        "fetched_at_utc": "2026-10-07T11:43:15+00:00",
        "query_key": "galleries_and_arts",
        "tags": {
          "artist_name": "John Kennedy",
          "artwork_type": "sculpture",
          "material": "wood",
          "name": "The Moat",
          "name:en": "The Moat",
          "start_date": "2011",
          "tourism": "artwork"
        }
      }
    },
    {
      "type": "Feature",
      "geometry": {
        "type": "Point",
        "coordinates": [
          -2.2028691,
          53.4839466
        ]
      },
      "properties": {
        "id": "osm:node:10052330092",
        "source": "osm",
        "title": "The Runner",
        "address": "",
        "description": "",
        "categories": [
          "cultural",
          "art"
        ],
        "primary_category": "cultural",
        "interest_score": 30,
        "website": "",
        "wikipedia": "",
        "wikidata": "",
        "source_url": "https://www.openstreetmap.org/node/10052330092",
        "fetched_at_utc": "2026-10-07T11:43:15+00:00",
        "query_key": "galleries_and_arts",
        "tags": {
          "artist_name": "Colin Spofforth",
          "artwork_type": "sculpture",
          "material": "bronze",
          "name": "The Runner",
          "start_date": "2002",
          "tourism": "artwork"
        }
      }
    },
    {
      "type": "Feature",
      "geometry": {
        "type": "Point",
        "coordinates": [
          -2.2271416,
          53.4747659
        ]
      },
      "properties": {
        "id": "osm:node:10048228711",
        "source": "osm",
        "title": "The Urban Jungle Bee",
        "address": "",
        "description": "",
        "categories": [
          "cultural",
          "art"
        ],
        "primary_category": "cultural",
        "interest_score": 30,
        "website": "",
        "wikipedia": "",
        "wikidata": "",
        "source_url": "https://www.openstreetmap.org/node/10048228711",
        "fetched_at_utc": "2026-10-07T11:43:15+00:00",
        "query_key": "galleries_and_arts",
        "tags": {
          "artist_name": "Nicola Fernandes",
          "artwork_type": "statue",
          "name": "The Urban Jungle Bee",
          "tourism": "artwork"
        }
      }
    },
    {
      "type": "Feature",
      "geometry": {
        "type": "Point",
        "coordinates": [
          -2.2297952,
          53.4590954
        ]
      },
      "properties": {
        "id": "osm:node:6391518198",
        "source": "osm",
        "title": "The Whitworth Obelisk",
        "address": "",
        "description": "",
        "categories": [
          "cultural",
          "art"
        ],
        "primary_category": "cultural",
        "interest_score": 30,
        "website": "",
        "wikipedia": "",
        "wikidata": "",
        "source_url": "https://www.openstreetmap.org/node/6391518198",
        "fetched_at_utc": "2026-10-07T11:43:15+00:00",
        "query_key": "galleries_and_arts",
        "tags": {
          "artwork_type": "sculpture",
          "man_made": "obelisk",
          "name": "The Whitworth Obelisk",
          "start_date": "2011",
          "tourism": "artwork"
        }
      }
    },
    {
      "type": "Feature",
      "geometry": {
        "type": "Point",
        "coordinates": [
          -2.2778405,
          53.4692171
        ]
      },
      "properties": {
        "id": "osm:node:7443630052",
        "source": "osm",
        "title": "Timeline",
        "address": "",
        "description": "",
        "categories": [
          "cultural",
          "art"
        ],
        "primary_category": "cultural",
        "interest_score": 30,
        "website": "",
        "wikipedia": "",
        "wikidata": "",
        "source_url": "https://www.openstreetmap.org/node/7443630052",
        "fetched_at_utc": "2026-10-07T11:43:15+00:00",
        "query_key": "galleries_and_arts",
        "tags": {
          "artist_name": "Lesley Fallais",
          "artwork_type": "sculpture",
          "material": "masonry",
          "name": "Timeline",
          "start_date": "2011",
          "tourism": "artwork"
        }
      }
    },
    {
      "type": "Feature",
      "geometry": {
        "type": "Point",
        "coordinates": [
          -2.2485092,
          53.4656646
        ]
      },
      "properties": {
        "id": "osm:node:11828820086",
        "source": "osm",
        "title": "Venture Arts Studio",
        "address": "43-45 Old Birley Street, Manchester, M15 5RF",
        "description": "",
        "categories": [
          "cultural",
          "art"
        ],
        "primary_category": "cultural",
        "interest_score": 30,
        "website": "",
        "wikipedia": "",
        "wikidata": "",
        "source_url": "https://www.openstreetmap.org/node/11828820086",
        "fetched_at_utc": "2026-10-07T11:43:15+00:00",
        "query_key": "galleries_and_arts",
        "tags": {
          "addr:city": "Manchester",
          "addr:country": "GB",
          "addr:housenumber": "43-45",
          "addr:postcode": "M15 5RF",
          "addr:street": "Old Birley Street",
          "amenity": "arts_centre",
          "name": "Venture Arts Studio",
          "source": "local knowledge;aerial imagery;code-point_open"
        }
      }
    },
    {
      "type": "Feature",
      "geometry": {
        "type": "Point",
        "coordinates": [
          -2.2475109,
          53.4813083
        ]
      },
      "properties": {
        "id": "osm:node:324664008",
        "source": "osm",
        "title": "Whitewall Galleries",
        "address": "95-97 Deansgate, Manchester, M3 2BQ",
        "description": "",
        "categories": [
          "cultural",
          "art"
        ],
        "primary_category": "cultural",
        "interest_score": 30,
        "website": "",
        "wikipedia": "",
        "wikidata": "",
        "source_url": "https://www.openstreetmap.org/node/324664008",
        "fetched_at_utc": "2026-10-07T11:43:15+00:00",
        "query_key": "galleries_and_arts",
        "tags": {
          "addr:city": "Manchester",
          "addr:housenumber": "95-97",
          "addr:postcode": "M3 2BQ",
          "addr:street": "Deansgate",
          "name": "Whitewall Galleries",
          "tourism": "gallery"
        }
      }
    },
    {
      "type": "Feature",
      "geometry": {
        "type": "Point",
        "coordinates": [
          -2.2420403,
          53.4870273
        ]
      },
      "properties": {
        "id": "osm:node:13608352693",
        "source": "osm",
        "title": "Worker Bee",
        "address": "",
        "description": "",
        "categories": [
          "cultural",
          "art"
        ],
        "primary_category": "cultural",
        "interest_score": 30,
        "website": "",
        "wikipedia": "",
        "wikidata": "",
        "source_url": "https://www.openstreetmap.org/node/13608352693",
        "fetched_at_utc": "2026-10-07T11:43:15+00:00",
        "query_key": "galleries_and_arts",
        "tags": {
          "artwork_type": "sculpture",
          "name": "Worker Bee",
          "name:es": "Abeja Obrera",
          "tourism": "artwork"
        }
      }
    },
    {
      "type": "Feature",
      "geometry": {
        "type": "Point",
        "coordinates": [
          -2.2486944,
          53.4928389
        ]
      },
      "properties": {
        "id": "osm:node:9877666183",
        "source": "osm",
        "title": "Zain Hub Creative Workspace",
        "address": "2-16 Bury New Road, Manchester, M8 8EL",
        "description": "",
        "categories": [
          "cultural",
          "art"
        ],
        "primary_category": "cultural",
        "interest_score": 30,
        "website": "",
        "wikipedia": "",
        "wikidata": "",
        "source_url": "https://www.openstreetmap.org/node/9877666183",
        "fetched_at_utc": "2026-10-07T11:43:15+00:00",
        "query_key": "galleries_and_arts",
        "tags": {
          "addr:city": "Manchester",
          "addr:housenumber": "2-16",
          "addr:postcode": "M8 8EL",
          "addr:street": "Bury New Road",
          "amenity": "arts_centre",
          "name": "Zain Hub Creative Workspace"
        }
      }
    },
    {
      "type": "Feature",
      "geometry": {
        "type": "Point",
        "coordinates": [
          -2.239828657142857,
          53.47837475714285
        ]
      },
      "properties": {
        "id": "osm:way:260284292",
        "source": "osm",
        "title": "Chinatown Arch",
        "address": "Faulkner Street, Manchester",
        "description": "",
        "categories": [
          "landmark"
        ],
        "primary_category": "landmark",
        "interest_score": 29,
        "website": "",
        "wikipedia": "",
        "wikidata": "",
        "source_url": "https://www.openstreetmap.org/way/260284292",
        "fetched_at_utc": "2026-10-07T11:43:15+00:00",
        "query_key": "attractions_and_viewpoints",
        "tags": {
          "addr:city": "Manchester",
          "addr:street": "Faulkner Street",
          "area": "yes",
          "ceremonial_gate": "paifang",
          "image": "http://upload.wikimedia.org/wikipedia/commons/9/95/China_Town%2C_Manchester_2012.JPG",
          "man_made": "ceremonial_gate",
          "name": "Chinatown Arch",
          "paifang:gables": "5",
          "paifang:gates": "1",
          "paifang:posts": "2",
          "start_date": "1987",
          "tourism": "attraction",
          "wheelchair": "yes"
        }
      }
    },
    {
      "type": "Feature",
      "geometry": {
        "type": "Point",
        "coordinates": [
          -2.2459969,
          53.4797744
        ]
      },
      "properties": {
        "id": "osm:node:4232308189",
        "source": "osm",
        "title": "Breakout Manchester",
        "address": "14a Brazennose Street, Manchester, M2 6LW",
        "description": "",
        "categories": [
          "landmark"
        ],
        "primary_category": "landmark",
        "interest_score": 28,
        "website": "https://breakoutmanchester.com/",
        "wikipedia": "",
        "wikidata": "",
        "source_url": "https://www.openstreetmap.org/node/4232308189",
        "fetched_at_utc": "2026-10-07T11:43:15+00:00",
        "query_key": "attractions_and_viewpoints",
        "tags": {
          "addr:city": "Manchester",
          "addr:country": "GB",
          "addr:housenumber": "14a",
          "addr:postcode": "M2 6LW",
          "addr:street": "Brazennose Street",
          "name": "Breakout Manchester",
          "tourism": "attraction",
          "website": "https://breakoutmanchester.com/"
        }
      }
    },
    {
      "type": "Feature",
      "geometry": {
        "type": "Point",
        "coordinates": [
          -2.2419487,
          53.4825362
        ]
      },
      "properties": {
        "id": "osm:node:9600957100",
        "source": "osm",
        "title": "Museum of Illusions",
        "address": "58-66 Market Street, Manchester, M1 1PW",
        "description": "",
        "categories": [
          "landmark"
        ],
        "primary_category": "landmark",
        "interest_score": 28,
        "website": "https://moimanchester.com/",
        "wikipedia": "",
        "wikidata": "",
        "source_url": "https://www.openstreetmap.org/node/9600957100",
        "fetched_at_utc": "2026-10-07T11:43:15+00:00",
        "query_key": "attractions_and_viewpoints",
        "tags": {
          "addr:city": "Manchester",
          "addr:housenumber": "58-66",
          "addr:postcode": "M1 1PW",
          "addr:street": "Market Street",
          "name": "Museum of Illusions",
          "tourism": "attraction",
          "website": "https://moimanchester.com/"
        }
      }
    }
  ]
}