{
  "type": "FeatureCollection",
  "features": [
    {
      "type": "Feature",
      "geometry": {
        "type": "Point",
        "coordinates": [
          -2.2372487,
          53.4835463
        ]
      },
      "properties": {
        "name": "Abel Heywood",
        "osm_type": "node",
        "osm_id": 12000992656,
        "address": "34 Turner Street, Manchester, M4 1DZ",
        "house_name": "",
        "house_number": "34",
        "street": "Turner Street",
        "suburb": "",
        "city": "Manchester",
        "postcode": "M4 1DZ",
        "country": "",
        "operator": "",
        "brewery": "",
        "website": "https://abelheywood.co.uk/",
        "phone": "",
        "opening_hours": "",
        "cuisine": "",
        "food": "yes",
        "drink": "",
        "outdoor_seating": "yes",
        "indoor_seating": "yes",
        "internet_access": "wlan",
        "real_ale": "4",
        "real_cider": "",
        "live_music": "",
        "dog": "",
        "wheelchair": "yes",
        "toilets": "",
        "smoking": "",
        "wikidata": "",
        "wikipedia": "",
        "fetched_at_utc": "2026-10-07T11:43:04+00:00",
        "source_endpoint": "osm-extract",
        "tags": {
          "addr:city": "Manchester",
          "addr:housenumber": "34",
          "addr:postcode": "M4 1DZ",
          "addr:street": "Turner Street",
          "amenity": "pub",
          "fhrs:id": "1817361",
          "food": "yes",
          "indoor_seating": "yes",
          "internet_access": "wlan",
          "internet_access:fee": "no",
          "name": "Abel Heywood",
          "old_name": "C. L. Emporium",
          "outdoor_seating": "yes",
          "real_ale": "4",
          "start_date": "2014",
          "toilets:wheelchair": "yes",
          "website": "https://abelheywood.co.uk/",
          "wheelchair": "yes"
        }
      }
    },
    {
      "type": "Feature",
      "geometry": {
        "type": "Point",
        "coordinates": [
          -2.2221931,
          53.4752475
        ]
      },
      "properties": {
        "name": "Alphabet Brewing Company",
        "osm_type": "node",
        "osm_id": 4551217990,
        "address": "99 North Western Street, Manchester, M12 6JL",
        "house_name": "",
        "house_number": "99",
        "street": "North Western Street",
        "suburb": "",
        "city": "Manchester",
        "postcode": "M12 6JL",
        "country": "GB",
        "operator": "",
        "brewery": "",
        "website": "https://www.alphabetbrewing.co.uk/",
        "phone": "",
        "opening_hours": "",
        "cuisine": "",
        "food": "",
        "drink": "",
        "outdoor_seating": "",
        "indoor_seating": "",
        "internet_access": "",
        "real_ale": "",
        "real_cider": "",
        "live_music": "",
        "dog": "",
        "wheelchair": "",
        "toilets": "",
        "smoking": "",
        "wikidata": "",
        "wikipedia": "",
        "fetched_at_utc": "2026-10-07T11:43:04+00:00",
        "source_endpoint": "osm-extract",
        "tags": {
          "addr:city": "Manchester",
          "addr:country": "GB",
          "addr:housenumber": "99",
          "addr:postcode": "M12 6JL",
          "addr:street": "North Western Street",
          "amenity": "pub",
          "microbrewery": "yes",
          "name": "Alphabet Brewing Company",
          "website": "https://www.alphabetbrewing.co.uk/"
        }
      }
    },
    {
      "type": "Feature",
      "geometry": {
        "type": "Point",
        "coordinates": [
          -2.2215955,
          53.4692966
        ]
      },
      "properties": {
        "name": "Apsley Cottage",
        "osm_type": "node",
        "osm_id": 307535172,
        "address": "Apsley Cottage, 1 Apsley Grove, Manchester, M12 6AW",
        "house_name": "Apsley Cottage",
        "house_number": "1",
        "street": "Apsley Grove",
        "suburb": "",
        "city": "Manchester",
        "postcode": "M12 6AW",
        "country": "",
        "operator": "",
        "brewery": "",
        "website": "",
        "phone": "",
        "opening_hours": "",
        "cuisine": "",
        "food": "",
        "drink": "",
        "outdoor_seating": "",
        "indoor_seating": "",
        "internet_access": "",
        "real_ale": "",
        "real_cider": "",
        "live_music": "",
        "dog": "",
        "wheelchair": "",
        "toilets": "",
        "smoking": "",
        "wikidata": "",
        "wikipedia": "",
        "fetched_at_utc": "2026-10-07T11:43:04+00:00",
        "source_endpoint": "osm-extract",
        "tags": {
          "addr:city": "Manchester",
          "addr:housename": "Apsley Cottage",
          "addr:housenumber": "1",
          "addr:postcode": "M12 6AW",
          "addr:street": "Apsley Grove",
          "amenity": "pub",
          "fhrs:id": "1831250",
          "name": "Apsley Cottage"
        }
      }
    },
    {
      "type": "Feature",
      "geometry": {
        "type": "Point",
        "coordinates": [
          -2.2332895,
          53.485071
        ]
      },
      "properties": {
        "name": "Bar Fringe",
        "osm_type": "node",
        "osm_id": 1177311373,
        "address": "8 Swan Street, Manchester, M4 5JN",
        "house_name": "",
        "house_number": "8",
        "street": "Swan Street",
        "suburb": "",
        "city": "Manchester",
        "postcode": "M4 5JN",
        "country": "",
        "operator": "",
        "brewery": "",
        "website": "",
        "phone": "",
        "opening_hours": "",
        "cuisine": "",
        "food": "",
        "drink": "",
        "outdoor_seating": "",
        "indoor_seating": "",
        "internet_access": "",
        "real_ale": "yes",
        "real_cider": "yes",
        "live_music": "",
        "dog": "",
        "wheelchair": "",
        "toilets": "",
        "smoking": "",
        "wikidata": "",
        "wikipedia": "",
        "fetched_at_utc": "2026-10-07T11:43:04+00:00",
        "source_endpoint": "osm-extract",
        "tags": {
          "addr:city": "Manchester",
          "addr:housenumber": "8",
          "addr:postcode": "M4 5JN",
          "addr:street": "Swan Street",
          "amenity": "pub",
          "camra": "yes",
          "fhrs:id": "1821231",
          "name": "Bar Fringe",
          "real_ale": "yes",
          "real_cider": "yes"
        }
      }
    },
    {
      "type": "Feature",
      "geometry": {
        "type": "Point",
        "coordinates": [
          -2.2351881,
          53.4901032
        ]
      },
      "properties": {
        "name": "Blackjack Brewtap",
        "osm_type": "node",
        "osm_id": 3278929816,
        "address": "Arch 36, Irk Street, Manchester, M4 4JT",
        "house_name": "Arch 36",
        "house_number": "",
        "street": "Irk Street",
        "suburb": "",
        "city": "Manchester",
        "postcode": "M4 4JT",
        "country": "GB",
        "operator": "Blackjack Beers Ltd",
        "brewery": "",
        "website": "https://www.blackjack-beers.com/",
        "phone": "",
        "opening_hours": "",
        "cuisine": "",
        "food": "",
        "drink": "",
        "outdoor_seating": "",
        "indoor_seating": "",
        "internet_access": "",
        "real_ale": "",
        "real_cider": "",
        "live_music": "",
        "dog": "",
        "wheelchair": "",
        "toilets": "",
        "smoking": "",
        "wikidata": "",
        "wikipedia": "",
        "fetched_at_utc": "2026-10-07T11:43:04+00:00",
        "source_endpoint": "osm-extract",
        "tags": {
          "addr:city": "Manchester",
          "addr:country": "GB",
          "addr:housename": "Arch 36",
          "addr:postcode": "M4 4JT",
          "addr:street": "Irk Street",
          "amenity": "pub",
          "craft": "brewery",
          "microbrewery": "yes",
          "name": "Blackjack Brewtap",
          "operator": "Blackjack Beers Ltd",
          "website": "https://www.blackjack-beers.com/"
        }
      }
    },
    {
      "type": "Feature",
      "geometry": {
        "type": "Point",
        "coordinates": [
          -2.209821658333333,
          53.48724189166668
        ]
      },
      "properties": {
        "name": "Bradford Inn",
        "osm_type": "way",
        "osm_id": 1116626332,
        "address": "112/114 Bradford Road, M40 7AS",
        "house_name": "",
        "house_number": "112/114",
        "street": "Bradford Road",
        "suburb": "",
        "city": "",
        "postcode": "M40 7AS",
        "country": "",
        "operator": "",
        "brewery": "",
        "website": "",
        "phone": "",
        "opening_hours": "",
        "cuisine": "",
        "food": "",
        "drink": "",
        "outdoor_seating": "",
        "indoor_seating": "",
        "internet_access": "",
        "real_ale": "",
        "real_cider": "",
        "live_music": "",
        "dog": "",
        "wheelchair": "",
        "toilets": "",
        "smoking": "",
        "wikidata": "",
        "wikipedia": "",
        "fetched_at_utc": "2026-10-07T11:43:04+00:00",
        "source_endpoint": "osm-extract",
        "tags": {
          "addr:housenumber": "112/114",
          "addr:postcode": "M40 7AS",
          "addr:street": "Bradford Road",
          "amenity": "pub",
          "fhrs:id": "1819321",
          "landuse": "retail",
          "name": "Bradford Inn",
          "source:addr:postcode": "NSUL postcode overlay"
        }
      }
    },
    {
      "type": "Feature",
      "geometry": {
        "type": "Point",
        "coordinates": [
          -2.2472464,
          53.4781428
        ]
      },
      "properties": {
        "name": "BrewDog Manchester",
        "osm_type": "node",
        "osm_id": 1765136160,
        "address": "35 Peter Street, Manchester, M2 5BG",
        "house_name": "",
        "house_number": "35",
        "street": "Peter Street",
        "suburb": "",
        "city": "Manchester",
        "postcode": "M2 5BG",
        "country": "GB",
        "operator": "BrewDog",
        "brewery": "BrewDog",
        "website": "https://drink.brewdog.com/uk/brewdog-manchester",
        "phone": "",
        "opening_hours": "Mo-Sa 12:00-01:00, Su 12:00-00:00",
        "cuisine": "",
        "food": "yes",
        "drink": "",
        "outdoor_seating": "yes",
        "indoor_seating": "",
        "internet_access": "",
        "real_ale": "",
        "real_cider": "",
        "live_music": "",
        "dog": "",
        "wheelchair": "limited",
        "toilets": "",
        "smoking": "outside",
        "wikidata": "",
        "wikipedia": "",
        "fetched_at_utc": "2026-10-07T11:43:04+00:00",
        "source_endpoint": "osm-extract",
        "tags": {
          "addr:city": "Manchester",
          "addr:country": "GB",
          "addr:housenumber": "35",
          "addr:postcode": "M2 5BG",
          "addr:street": "Peter Street",
          "amenity": "pub",
          "brand": "BrewDog",
          "brand:wikidata": "Q911367",
          "brand:wikipedia": "en:BrewDog",
          "brewery": "BrewDog",
          "craft_beer": "yes",
          "food": "yes",
          "name": "BrewDog Manchester",
          "opening_hours": "Mo-Sa 12:00-01:00, Su 12:00-00:00",
          "operator": "BrewDog",
          "outdoor_seating": "yes",
          "smoking": "outside",
          "website": "https://drink.brewdog.com/uk/brewdog-manchester",
          "wheelchair": "limited"
        }
      }
    },
    {
      "type": "Feature",
      "geometry": {
        "type": "Point",
        "coordinates": [
          -2.267920927272727,
          53.47414426363636
        ]
      },
      "properties": {
        "name": "Bricklayers Arms",
        "osm_type": "way",
        "osm_id": 254827059,
        "address": "146-148 Ordsall Lane, Salford, M5 4TF",
        "house_name": "",
        "house_number": "146-148",
        "street": "Ordsall Lane",
        "suburb": "",
        "city": "Salford",
        "postcode": "M5 4TF",
        "country": "",
        "operator": "",
        "brewery": "",
        "website": "",
        "phone": "",
        "opening_hours": "Mo-Su 12:00-23:00",
        "cuisine": "",
        "food": "",
        "drink": "",
        "outdoor_seating": "",
        "indoor_seating": "",
        "internet_access": "",
        "real_ale": "",
        "real_cider": "",
        "live_music": "",
        "dog": "",
        "wheelchair": "",
        "toilets": "",
        "smoking": "",
        "wikidata": "",
        "wikipedia": "",
        "fetched_at_utc": "2026-10-07T11:43:04+00:00",
        "source_endpoint": "osm-extract",
        "tags": {
          "addr:city": "Salford",
          "addr:housenumber": "146-148",
          "addr:postcode": "M5 4TF",
          "addr:street": "Ordsall Lane",
          "amenity": "pub",
          "building": "yes",
          "building:material": "brick",
          "fhrs:id": "132010",
          "name": "Bricklayers Arms",
          "opening_hours": "Mo-Su 12:00-23:00",
          "ref:GB:uprn": "100012717311;10070742465"
        }
      }
    },
    {
      "type": "Feature",
      "geometry": {
        "type": "Point",
        "coordinates": [
          -2.2523574,
          53.475919
        ]
      },
      "properties": {
        "name": "Cask",
        "osm_type": "node",
        "osm_id": 1167762818,
        "address": "29 Liverpool Road, Manchester, M3 4NQ",
        "house_name": "",
        "house_number": "29",
        "street": "Liverpool Road",
        "suburb": "",
        "city": "Manchester",
        "postcode": "M3 4NQ",
        "country": "",
        "operator": "",
        "brewery": "",
        "website": "",
        "phone": "",
        "opening_hours": "",
        "cuisine": "",
        "food": "",
        "drink": "",
        "outdoor_seating": "",
        "indoor_seating": "",
        "internet_access": "",
        "real_ale": "yes",
        "real_cider": "",
        "live_music": "",
        "dog": "",
        "wheelchair": "no",
        "toilets": "",
        "smoking": "no",
        "wikidata": "",
        "wikipedia": "",
        "fetched_at_utc": "2026-10-07T11:43:04+00:00",
        "source_endpoint": "osm-extract",
        "tags": {
          "addr:city": "Manchester",
          "addr:housenumber": "29",
          "addr:postcode": "M3 4NQ",
          "addr:street": "Liverpool Road",
          "amenity": "pub",
          "name": "Cask",
          "real_ale": "yes",
          "smoking": "no",
          "wheelchair": "no"
        }
      }
    },
    {
      "type": "Feature",
      "geometry": {
        "type": "Point",
        "coordinates": [
          -2.2254013,
          53.4838299
        ]
      },
      "properties": {
        "name": "Cask",
        "osm_type": "node",
        "osm_id": 7140873394,
        "address": "Cottonfield Wharf, 2 New Union Street, Manchester, M4 6FQ",
        "house_name": "Cottonfield Wharf",
        "house_number": "2",
        "street": "New Union Street",
        "suburb": "",
        "city": "Manchester",
        "postcode": "M4 6FQ",
        "country": "GB",
        "operator": "",
        "brewery": "various",
        "website": "https://cask.business.site/",
        "phone": "+44 161 392 0809",
        "opening_hours": "Mo-Su 12:00-23:00",
        "cuisine": "",
        "food": "",
        "drink": "",
        "outdoor_seating": "yes",
        "indoor_seating": "yes",
        "internet_access": "wlan",
        "real_ale": "6 handpumps, 4 on",
        "real_cider": "",
        "live_music": "",
        "dog": "",
        "wheelchair": "yes",
        "toilets": "",
        "smoking": "outside",
        "wikidata": "",
        "wikipedia": "",
        "fetched_at_utc": "2026-10-07T11:43:04+00:00",
        "source_endpoint": "osm-extract",
        "tags": {
          "addr:city": "Manchester",
          "addr:country": "GB",
          "addr:housename": "Cottonfield Wharf",
          "addr:housenumber": "2",
          "addr:postcode": "M4 6FQ",
          "addr:street": "New Union Street",
          "air_conditioning": "yes",
          "amenity": "pub",
          "brewery": "various",
          "fhrs:id": "1820163",
          "floor:material": "concrete",
          "indoor_seating": "yes",
          "internet_access": "wlan",
          "name": "Cask",
          "opening_hours": "Mo-Su 12:00-23:00",
          "outdoor_seating": "yes",
          "payment:cash": "no",
          "payment:credit_cards": "yes",
          "payment:debit_cards": "yes",
          "phone": "+44 161 392 0809",
          "real_ale": "6 handpumps, 4 on",
          "smoking": "outside",
          "website": "https://cask.business.site/",
          "wheelchair": "yes",
          "wheelchair:description": "Flat entrances"
        }
      }
    },
    {
      "type": "Feature",
      "geometry": {
        "type": "Point",
        "coordinates": [
          -2.2338462,
          53.4837138
        ]
      },
      "properties": {
        "name": "Castle Hotel",
        "osm_type": "node",
        "osm_id": 1359479838,
        "address": "66 Oldham Street, Manchester, M4 1LE",
        "house_name": "",
        "house_number": "66",
        "street": "Oldham Street",
        "suburb": "",
        "city": "Manchester",
        "postcode": "M4 1LE",
        "country": "GB",
        "operator": "Robinsons",
        "brewery": "Robinsons",
        "website": "",
        "phone": "",
        "opening_hours": "",
        "cuisine": "",
        "food": "",
        "drink": "",
        "outdoor_seating": "",
        "indoor_seating": "",
        "internet_access": "",
        "real_ale": "yes",
        "real_cider": "yes",
        "live_music": "",
        "dog": "",
        "wheelchair": "limited",
        "toilets": "",
        "smoking": "",
        "wikidata": "",
        "wikipedia": "",
        "fetched_at_utc": "2026-10-07T11:43:04+00:00",
        "source_endpoint": "osm-extract",
        "tags": {
          "addr:city": "Manchester",
          "addr:country": "GB",
          "addr:housenumber": "66",
          "addr:postcode": "M4 1LE",
          "addr:street": "Oldham Street",
          "amenity": "pub",
          "brand": "Robinsons",
          "brand:wikidata": "Q7353116",
          "brewery": "Robinsons",
          "fhrs:id": "1818737",
          "name": "Castle Hotel",
          "operator": "Robinsons",
          "operator:wikidata": "Q7353116",
          "real_ale": "yes",
          "real_cider": "yes",
          "wheelchair": "limited"
        }
      }
    },
    {
      "type": "Feature",
      "geometry": {
        "type": "Point",
        "coordinates": [
          -2.2399811,
          53.4777837
        ]
      },
      "properties": {
        "name": "Circus Tavern",
        "osm_type": "node",
        "osm_id": 3674964137,
        "address": "86 Portland Street, Manchester, M1 4GX",
        "house_name": "",
        "house_number": "86",
        "street": "Portland Street",
        "suburb": "",
        "city": "Manchester",
        "postcode": "M1 4GX",
        "country": "GB",
        "operator": "",
        "brewery": "",
        "website": "",
        "phone": "",
        "opening_hours": "",
        "cuisine": "",
        "food": "",
        "drink": "",
        "outdoor_seating": "no",
        "indoor_seating": "yes",
        "internet_access": "",
        "real_ale": "yes",
        "real_cider": "",
        "live_music": "",
        "dog": "",
        "wheelchair": "no",
        "toilets": "",
        "smoking": "",
        "wikidata": "",
        "wikipedia": "",
        "fetched_at_utc": "2026-10-07T11:43:04+00:00",
        "source_endpoint": "osm-extract",
        "tags": {
          "addr:city": "Manchester",
          "addr:country": "GB",
          "addr:housenumber": "86",
          "addr:postcode": "M1 4GX",
          "addr:street": "Portland Street",
          "amenity": "pub",
          "check_date": "2023-08-14",
          "indoor_seating": "yes",
          "name": "Circus Tavern",
          "outdoor_seating": "no",
          "real_ale": "yes",
          "takeaway": "no",
          "wheelchair": "no"
        }
      }
    },
    {
      "type": "Feature",
      "geometry": {
        "type": "Point",
        "coordinates": [
          -2.2484213285714287,
          53.47409684285714
        ]
      },
      "properties": {
        "name": "City Road Inn",
        "osm_type": "way",
        "osm_id": 114421553,
        "address": "14 Albion Street, Manchester, M1 5NZ",
        "house_name": "",
        "house_number": "14",
        "street": "Albion Street",
        "suburb": "",
        "city": "Manchester",
        "postcode": "M1 5NZ",
        "country": "",
        "operator": "",
        "brewery": "",
        "website": "",
        "phone": "+44 161 236 3820",
        "opening_hours": "",
        "cuisine": "",
        "food": "",
        "drink": "",
        "outdoor_seating": "",
        "indoor_seating": "",
        "internet_access": "",
        "real_ale": "",
        "real_cider": "",
        "live_music": "",
        "dog": "",
        "wheelchair": "limited",
        "toilets": "",
        "smoking": "",
        "wikidata": "",
        "wikipedia": "",
        "fetched_at_utc": "2026-10-07T11:43:04+00:00",
        "source_endpoint": "osm-extract",
        "tags": {
          "addr:city": "Manchester",
          "addr:housenumber": "14",
          "addr:postcode": "M1 5NZ",
          "addr:street": "Albion Street",
          "amenity": "pub",
          "building": "yes",
          "fhrs:id": "1818710",
          "name": "City Road Inn",
          "phone": "+44 161 236 3820",
          "ref:GB:uprn": "10090239105;77099695",
          "wheelchair": "limited"
        }
      }
    },
    {
      "type": "Feature",
      "geometry": {
        "type": "Point",
        "coordinates": [
          -2.2322038,
          53.4819086
        ]
      },
      "properties": {
        "name": "Crown & Anchor",
        "osm_type": "node",
        "osm_id": 307968585,
        "address": "41 Hilton Street, Manchester, M1 2EE",
        "house_name": "",
        "house_number": "41",
        "street": "Hilton Street",
        "suburb": "",
        "city": "Manchester",
        "postcode": "M1 2EE",
        "country": "GB",
        "operator": "",
        "brewery": "",
        "website": "",
        "phone": "",
        "opening_hours": "",
        "cuisine": "",
        "food": "",
        "drink": "",
        "outdoor_seating": "",
        "indoor_seating": "yes",
        "internet_access": "",
        "real_ale": "",
        "real_cider": "",
        "live_music": "",
        "dog": "",
        "wheelchair": "no",
        "toilets": "",
        "smoking": "outside",
        "wikidata": "",
        "wikipedia": "",
        "fetched_at_utc": "2026-10-07T11:43:04+00:00",
        "source_endpoint": "osm-extract",
        "tags": {
          "addr:city": "Manchester",
          "addr:country": "GB",
          "addr:housenumber": "41",
          "addr:postcode": "M1 2EE",
          "addr:street": "Hilton Street",
          "amenity": "pub",
          "bar": "yes",
          "fixme": "This... seems to be a pub from the outside; while they may have guest rooms to book, that feels secondary to their primary status as a pub. Could/should the tagging be changed to be a pub instead?",
          "indoor_seating": "yes",
          "name": "Crown & Anchor",
          "smoking": "outside",
          "tourism": "guest_house",
          "wheelchair": "no"
        }
      }
    },
    {
      "type": "Feature",
      "geometry": {
        "type": "Point",
        "coordinates": [
          -2.2444675,
          53.4845422
        ]
      },
      "properties": {
        "name": "Crown and Anchor",
        "osm_type": "node",
        "osm_id": 2684074125,
        "address": "4-8 Cateaton Street, Manchester, M3 1SQ",
        "house_name": "",
        "house_number": "4-8",
        "street": "Cateaton Street",
        "suburb": "",
        "city": "Manchester",
        "postcode": "M3 1SQ",
        "country": "GB",
        "operator": "",
        "brewery": "Joseph Holt",
        "website": "",
        "phone": "",
        "opening_hours": "",
        "cuisine": "",
        "food": "",
        "drink": "",
        "outdoor_seating": "",
        "indoor_seating": "",
        "internet_access": "",
        "real_ale": "yes",
        "real_cider": "",
        "live_music": "",
        "dog": "",
        "wheelchair": "no",
        "toilets": "",
        "smoking": "",
        "wikidata": "",
        "wikipedia": "",
        "fetched_at_utc": "2026-10-07T11:43:04+00:00",
        "source_endpoint": "osm-extract",
        "tags": {
          "addr:city": "Manchester",
          "addr:country": "GB",
          "addr:housenumber": "4-8",
          "addr:postcode": "M3 1SQ",
          "addr:street": "Cateaton Street",
          "amenity": "pub",
          "brewery": "Joseph Holt",
          "name": "Crown and Anchor",
          "real_ale": "yes",
          "wheelchair": "no"
        }
      }
    },
    {
      "type": "Feature",
      "geometry": {
        "type": "Point",
        "coordinates": [
          -2.240221,
          53.4930208
        ]
      },
      "properties": {
        "name": "Derby Brewery Arms",
        "osm_type": "node",
        "osm_id": 9887934297,
        "address": "95 Cheetham Hill Road, Manchester, M8 8PY",
        "house_name": "",
        "house_number": "95",
        "street": "Cheetham Hill Road",
        "suburb": "",
        "city": "Manchester",
        "postcode": "M8 8PY",
        "country": "",
        "operator": "",
        "brewery": "",
        "website": "",
        "phone": "",
        "opening_hours": "",
        "cuisine": "",
        "food": "",
        "drink": "",
        "outdoor_seating": "",
        "indoor_seating": "",
        "internet_access": "",
        "real_ale": "",
        "real_cider": "",
        "live_music": "",
        "dog": "",
        "wheelchair": "",
        "toilets": "",
        "smoking": "",
        "wikidata": "",
        "wikipedia": "",
        "fetched_at_utc": "2026-10-07T11:43:04+00:00",
        "source_endpoint": "osm-extract",
        "tags": {
          "addr:city": "Manchester",
          "addr:housenumber": "95",
          "addr:postcode": "M8 8PY",
          "addr:street": "Cheetham Hill Road",
          "amenity": "pub",
          "fhrs:id": "1819939",
          "name": "Derby Brewery Arms"
        }
      }
    },
    {
      "type": "Feature",
      "geometry": {
        "type": "Point",
        "coordinates": [
          -2.2589956142857144,
          53.50024335714286
        ]
      },
      "properties": {
        "name": "Dover Inn",
        "osm_type": "way",
        "osm_id": 180826824,
        "address": "17 Fenney Street, Salford, M7 2ZG",
        "house_name": "",
        "house_number": "17",
        "street": "Fenney Street",
        "suburb": "",
        "city": "Salford",
        "postcode": "M7 2ZG",
        "country": "",
        "operator": "",
        "brewery": "",
        "website": "",
        "phone": "",
        "opening_hours": "",
        "cuisine": "",
        "food": "",
        "drink": "",
        "outdoor_seating": "",
        "indoor_seating": "",
        "internet_access": "",
        "real_ale": "",
        "real_cider": "",
        "live_music": "",
        "dog": "",
        "wheelchair": "",
        "toilets": "",
        "smoking": "",
        "wikidata": "",
        "wikipedia": "",
        "fetched_at_utc": "2026-10-07T11:43:04+00:00",
        "source_endpoint": "osm-extract",
        "tags": {
          "addr:city": "Salford",
          "addr:housenumber": "17",
          "addr:postcode": "M7 2ZG",
          "addr:street": "Fenney Street",
          "amenity": "pub",
          "building": "yes",
          "fhrs:id": "137534",
          "fixme:addr2": "15-17 Fenney Street",
          "name": "Dover Inn",
          "ref:GB:uprn": "100012474539;10070746641",
          "source:addr": "FHRS Open Data"
        }
      }
    },
    {
      "type": "Feature",
      "geometry": {
        "type": "Point",
        "coordinates": [
          -2.2349983,
          53.4631652
        ]
      },
      "properties": {
        "name": "Ducie Arms",
        "osm_type": "node",
        "osm_id": 30732012,
        "address": "",
        "house_name": "",
        "house_number": "",
        "street": "",
        "suburb": "",
        "city": "",
        "postcode": "",
        "country": "",
        "operator": "",
        "brewery": "",
        "website": "",
        "phone": "",
        "opening_hours": "",
        "cuisine": "",
        "food": "",
        "drink": "",
        "outdoor_seating": "",
        "indoor_seating": "",
        "internet_access": "",
        "real_ale": "",
        "real_cider": "",
        "live_music": "",
        "dog": "",
        "wheelchair": "",
        "toilets": "",
        "smoking": "",
        "wikidata": "",
        "wikipedia": "",
        "fetched_at_utc": "2026-10-07T11:43:04+00:00",
        "source_endpoint": "osm-extract",
        "tags": {
          "amenity": "pub",
          "name": "Ducie Arms"
        }
      }
    },
    {
      "type": "Feature",
      "geometry": {
        "type": "Point",
        "coordinates": [
          -2.2511716,
          53.487282
        ]
      },
      "properties": {
        "name": "Eagle Inn",
        "osm_type": "node",
        "osm_id": 2207129152,
        "address": "19 Collier Street, Salford, M3 7DW",
        "house_name": "",
        "house_number": "19",
        "street": "Collier Street",
        "suburb": "",
        "city": "Salford",
        "postcode": "M3 7DW",
        "country": "",
        "operator": "",
        "brewery": "",
        "website": "https://www.joseph-holt.com/Joseph-Holt-Pubs-125-Eagle-Inn.aspx",
        "phone": "",
        "opening_hours": "",
        "cuisine": "",
        "food": "",
        "drink": "",
        "outdoor_seating": "",
        "indoor_seating": "",
        "internet_access": "wlan",
        "real_ale": "",
        "real_cider": "",
        "live_music": "",
        "dog": "",
        "wheelchair": "",
        "toilets": "",
        "smoking": "",
        "wikidata": "",
        "wikipedia": "",
        "fetched_at_utc": "2026-10-07T11:43:04+00:00",
        "source_endpoint": "osm-extract",
        "tags": {
          "addr:city": "Salford",
          "addr:housenumber": "19",
          "addr:postcode": "M3 7DW",
          "addr:street": "Collier Street",
          "amenity": "pub",
          "fhrs:id": "75611",
          "internet_access": "wlan",
          "internet_access:fee": "no",
          "name": "Eagle Inn",
          "source:addr": "FHRS Open Data",
          "website": "https://www.joseph-holt.com/Joseph-Holt-Pubs-125-Eagle-Inn.aspx"
        }
      }
    },
    {
      "type": "Feature",
      "geometry": {
        "type": "Point",
        "coordinates": [
          -2.229853,
          53.4842029
        ]
      },
      "properties": {
        "name": "Edinburgh Castle",
        "osm_type": "node",
        "osm_id": 12010012415,
        "address": "Cotton House, 17 Blossom Street, Manchester, M4 5AN",
        "house_name": "Cotton House",
        "house_number": "17",
        "street": "Blossom Street",
        "suburb": "",
        "city": "Manchester",
        "postcode": "M4 5AN",
        "country": "",
        "operator": "",
        "brewery": "",
        "website": "",
        "phone": "",
        "opening_hours": "",
        "cuisine": "",
        "food": "",
        "drink": "",
        "outdoor_seating": "",
        "indoor_seating": "",
        "internet_access": "",
        "real_ale": "",
        "real_cider": "",
        "live_music": "",
        "dog": "",
        "wheelchair": "",
        "toilets": "",
        "smoking": "",
        "wikidata": "",
        "wikipedia": "",
        "fetched_at_utc": "2026-10-07T11:43:04+00:00",
        "source_endpoint": "osm-extract",
        "tags": {
          "addr:city": "Manchester",
          "addr:housename": "Cotton House",
          "addr:housenumber": "17",
          "addr:postcode": "M4 5AN",
          "addr:street": "Blossom Street",
          "amenity": "pub",
          "name": "Edinburgh Castle",
          "source": "https://restaurantsofmanchester.com/british/edinburghcastle.htm;https://www.manchestereveningnews.co.uk/whats-on/food-drink-news/historic-ancoats-pub-edinburgh-castle-16630316"
        }
      }
    },
    {
      "type": "Feature",
      "geometry": {
        "type": "Point",
        "coordinates": [
          -2.25537048,
          53.48323404
        ]
      },
      "properties": {
        "name": "Egerton Arms",
        "osm_type": "way",
        "osm_id": 944457450,
        "address": "2 Gore Street, Salford, M3 5FP",
        "house_name": "",
        "house_number": "2",
        "street": "Gore Street",
        "suburb": "",
        "city": "Salford",
        "postcode": "M3 5FP",
        "country": "",
        "operator": "",
        "brewery": "",
        "website": "",
        "phone": "",
        "opening_hours": "",
        "cuisine": "",
        "food": "",
        "drink": "",
        "outdoor_seating": "",
        "indoor_seating": "",
        "internet_access": "",
        "real_ale": "",
        "real_cider": "",
        "live_music": "",
        "dog": "",
        "wheelchair": "",
        "toilets": "",
        "smoking": "",
        "wikidata": "",
        "wikipedia": "",
        "fetched_at_utc": "2026-10-07T11:43:04+00:00",
        "source_endpoint": "osm-extract",
        "tags": {
          "addr:city": "Salford",
          "addr:housenumber": "2",
          "addr:postcode": "M3 5FP",
          "addr:street": "Gore Street",
          "amenity": "pub",
          "building": "yes",
          "fhrs:id": "102591",
          "name": "Egerton Arms"
        }
      }
    },
    {
      "type": "Feature",
      "geometry": {
        "type": "Point",
        "coordinates": [
          -2.2385391,
          53.483876
        ]
      },
      "properties": {
        "name": "English Lounge",
        "osm_type": "node",
        "osm_id": 9876945727,
        "address": "64-66 High Street, Manchester, M4 1EA",
        "house_name": "",
        "house_number": "64-66",
        "street": "High Street",
        "suburb": "",
        "city": "Manchester",
        "postcode": "M4 1EA",
        "country": "",
        "operator": "Stonegate",
        "brewery": "",
        "website": "https://www.greatukpubs.co.uk/the-english-lounge-manchester",
        "phone": "",
        "opening_hours": "",
        "cuisine": "",
        "food": "",
        "drink": "",
        "outdoor_seating": "",
        "indoor_seating": "",
        "internet_access": "",
        "real_ale": "",
        "real_cider": "",
        "live_music": "",
        "dog": "",
        "wheelchair": "limited",
        "toilets": "",
        "smoking": "",
        "wikidata": "",
        "wikipedia": "",
        "fetched_at_utc": "2026-10-07T11:43:04+00:00",
        "source_endpoint": "osm-extract",
        "tags": {
          "addr:city": "Manchester",
          "addr:housenumber": "64-66",
          "addr:postcode": "M4 1EA",
          "addr:street": "High Street",
          "amenity": "pub",
          "fhrs:id": "1817510",
          "name": "English Lounge",
          "operator": "Stonegate",
          "operator:wikidata": "Q7619176",
          "website": "https://www.greatukpubs.co.uk/the-english-lounge-manchester",
          "wheelchair": "limited"
        }
      }
    },
    {
      "type": "Feature",
      "geometry": {
        "type": "Point",
        "coordinates": [
          -2.2375077,
          53.4772822
        ]
      },
      "properties": {
        "name": "EVA",
        "osm_type": "node",
        "osm_id": 1295097481,
        "address": "27 Sackville Street, Manchester, M1 3LZ",
        "house_name": "",
        "house_number": "27",
        "street": "Sackville Street",
        "suburb": "",
        "city": "Manchester",
        "postcode": "M1 3LZ",
        "country": "GB",
        "operator": "",
        "brewery": "",
        "website": "",
        "phone": "",
        "opening_hours": "",
        "cuisine": "",
        "food": "",
        "drink": "",
        "outdoor_seating": "",
        "indoor_seating": "",
        "internet_access": "",
        "real_ale": "",
        "real_cider": "",
        "live_music": "",
        "dog": "",
        "wheelchair": "no",
        "toilets": "",
        "smoking": "",
        "wikidata": "",
        "wikipedia": "",
        "fetched_at_utc": "2026-10-07T11:43:04+00:00",
        "source_endpoint": "osm-extract",
        "tags": {
          "addr:city": "Manchester",
          "addr:country": "GB",
          "addr:housenumber": "27",
          "addr:postcode": "M1 3LZ",
          "addr:street": "Sackville Street",
          "amenity": "pub",
          "contact:facebook": "https://www.facebook.com/BarPopOfficial",
          "fhrs:id": "1819634",
          "lgbtq": "primary",
          "name": "EVA",
          "wheelchair": "no"
        }
      }
    },
    {
      "type": "Feature",
      "geometry": {
        "type": "Point",
        "coordinates": [
          -2.2456001,
          53.4798206
        ]
      },
      "properties": {
        "name": "Founder's Hall",
        "osm_type": "node",
        "osm_id": 6394799972,
        "address": "",
        "house_name": "",
        "house_number": "",
        "street": "",
        "suburb": "",
        "city": "",
        "postcode": "",
        "country": "",
        "operator": "",
        "brewery": "",
        "website": "",
        "phone": "",
        "opening_hours": "",
        "cuisine": "",
        "food": "",
        "drink": "",
        "outdoor_seating": "yes",
        "indoor_seating": "yes",
        "internet_access": "",
        "real_ale": "",
        "real_cider": "",
        "live_music": "",
        "dog": "",
        "wheelchair": "yes",
        "toilets": "",
        "smoking": "",
        "wikidata": "",
        "wikipedia": "",
        "fetched_at_utc": "2026-10-07T11:43:04+00:00",
        "source_endpoint": "osm-extract",
        "tags": {
          "amenity": "pub",
          "indoor_seating": "yes",
          "name": "Founder's Hall",
          "outdoor_seating": "yes",
          "wheelchair": "yes"
        }
      }
    },
    {
      "type": "Feature",
      "geometry": {
        "type": "Point",
        "coordinates": [
          -2.2495004,
          53.4809916
        ]
      },
      "properties": {
        "name": "Gas Lamp",
        "osm_type": "node",
        "osm_id": 1359479826,
        "address": "50A Bridge Street, Manchester, M3 3BW",
        "house_name": "",
        "house_number": "50A",
        "street": "Bridge Street",
        "suburb": "",
        "city": "Manchester",
        "postcode": "M3 3BW",
        "country": "",
        "operator": "",
        "brewery": "",
        "website": "https://www.thegaslampmanchester.co.uk/",
        "phone": "+44 161 478 1224",
        "opening_hours": "Mo-Tu 16:00-00:00; We 12:00-00:00; Th 12:00-01:00; Fr-Sa 12:00-02:00; Su 12:00-22:00",
        "cuisine": "",
        "food": "",
        "drink": "",
        "outdoor_seating": "no",
        "indoor_seating": "yes",
        "internet_access": "",
        "real_ale": "yes",
        "real_cider": "",
        "live_music": "",
        "dog": "",
        "wheelchair": "no",
        "toilets": "yes",
        "smoking": "",
        "wikidata": "",
        "wikipedia": "",
        "fetched_at_utc": "2026-10-07T11:43:04+00:00",
        "source_endpoint": "osm-extract",
        "tags": {
          "addr:city": "Manchester",
          "addr:housenumber": "50A",
          "addr:postcode": "M3 3BW",
          "addr:street": "Bridge Street",
          "amenity": "pub",
          "check_date": "2026-03-03",
          "cocktails": "yes",
          "email": "thegaslamp@gmail.com",
          "fhrs:id": "1821389",
          "indoor_seating": "yes",
          "level": "-1",
          "name": "Gas Lamp",
          "opening_hours": "Mo-Tu 16:00-00:00; We 12:00-00:00; Th 12:00-01:00; Fr-Sa 12:00-02:00; Su 12:00-22:00",
          "outdoor_seating": "no",
          "phone": "+44 161 478 1224",
          "real_ale": "yes",
          "toilets": "yes",
          "toilets:access": "customers",
          "website": "https://www.thegaslampmanchester.co.uk/",
          "wheelchair": "no"
        }
      }
    },
    {
      "type": "Feature",
      "geometry": {
        "type": "Point",
        "coordinates": [
          -2.246227,
          53.4734157
        ]
      },
      "properties": {
        "name": "Gas Works",
        "osm_type": "node",
        "osm_id": 4310817160,
        "address": "",
        "house_name": "",
        "house_number": "",
        "street": "",
        "suburb": "",
        "city": "",
        "postcode": "",
        "country": "",
        "operator": "",
        "brewery": "",
        "website": "",
        "phone": "",
        "opening_hours": "",
        "cuisine": "",
        "food": "",
        "drink": "",
        "outdoor_seating": "",
        "indoor_seating": "",
        "internet_access": "",
        "real_ale": "yes",
        "real_cider": "",
        "live_music": "",
        "dog": "",
        "wheelchair": "yes",
        "toilets": "",
        "smoking": "",
        "wikidata": "",
        "wikipedia": "",
        "fetched_at_utc": "2026-10-07T11:43:04+00:00",
        "source_endpoint": "osm-extract",
        "tags": {
          "amenity": "pub",
          "check_date": "2025-05-18",
          "name": "Gas Works",
          "real_ale": "yes",
          "wheelchair": "yes"
        }
      }
    },
    {
      "type": "Feature",
      "geometry": {
        "type": "Point",
        "coordinates": [
          -2.2123974625,
          53.463904525000004
        ]
      },
      "properties": {
        "name": "Gold Cup",
        "osm_type": "way",
        "osm_id": 268675558,
        "address": "260 Stockport Road, Manchester, M13 0JY",
        "house_name": "",
        "house_number": "260",
        "street": "Stockport Road",
        "suburb": "",
        "city": "Manchester",
        "postcode": "M13 0JY",
        "country": "",
        "operator": "",
        "brewery": "",
        "website": "",
        "phone": "",
        "opening_hours": "",
        "cuisine": "",
        "food": "",
        "drink": "",
        "outdoor_seating": "",
        "indoor_seating": "",
        "internet_access": "",
        "real_ale": "",
        "real_cider": "",
        "live_music": "",
        "dog": "",
        "wheelchair": "no",
        "toilets": "",
        "smoking": "",
        "wikidata": "",
        "wikipedia": "",
        "fetched_at_utc": "2026-10-07T11:43:04+00:00",
        "source_endpoint": "osm-extract",
        "tags": {
          "addr:city": "Manchester",
          "addr:housenumber": "260",
          "addr:postcode": "M13 0JY",
          "addr:street": "Stockport Road",
          "amenity": "pub",
          "building": "retail",
          "building:levels": "2",
          "check_date:opening_hours": "2024-09-07",
          "fhrs:id": "1831299",
          "name": "Gold Cup",
          "opening_hours:signed": "no",
          "wheelchair": "no"
        }
      }
    },
    {
      "type": "Feature",
      "geometry": {
        "type": "Point",
        "coordinates": [
          -2.2408308,
          53.4740813
        ]
      },
      "properties": {
        "name": "Grand Central",
        "osm_type": "node",
        "osm_id": 497393593,
        "address": "",
        "house_name": "",
        "house_number": "",
        "street": "",
        "suburb": "",
        "city": "",
        "postcode": "",
        "country": "",
        "operator": "",
        "brewery": "",
        "website": "",
        "phone": "",
        "opening_hours": "",
        "cuisine": "",
        "food": "",
        "drink": "",
        "outdoor_seating": "",
        "indoor_seating": "",
        "internet_access": "",
        "real_ale": "",
        "real_cider": "",
        "live_music": "",
        "dog": "",
        "wheelchair": "",
        "toilets": "",
        "smoking": "",
        "wikidata": "",
        "wikipedia": "",
        "fetched_at_utc": "2026-10-07T11:43:04+00:00",
        "source_endpoint": "osm-extract",
        "tags": {
          "amenity": "pub",
          "check_date": "2025-08-14",
          "name": "Grand Central"
        }
      }
    },
    {
      "type": "Feature",
      "geometry": {
        "type": "Point",
        "coordinates": [
          -2.2398349,
          53.4778701
        ]
      },
      "properties": {
        "name": "Grey Horse",
        "osm_type": "node",
        "osm_id": 309451656,
        "address": "80 Portland Street, Manchester, M1 4QX",
        "house_name": "",
        "house_number": "80",
        "street": "Portland Street",
        "suburb": "",
        "city": "Manchester",
        "postcode": "M1 4QX",
        "country": "GB",
        "operator": "",
        "brewery": "",
        "website": "",
        "phone": "",
        "opening_hours": "",
        "cuisine": "",
        "food": "",
        "drink": "",
        "outdoor_seating": "no",
        "indoor_seating": "yes",
        "internet_access": "",
        "real_ale": "yes",
        "real_cider": "",
        "live_music": "",
        "dog": "",
        "wheelchair": "no",
        "toilets": "",
        "smoking": "",
        "wikidata": "",
        "wikipedia": "",
        "fetched_at_utc": "2026-10-07T11:43:04+00:00",
        "source_endpoint": "osm-extract",
        "tags": {
          "addr:city": "Manchester",
          "addr:country": "GB",
          "addr:housenumber": "80",
          "addr:postcode": "M1 4QX",
          "addr:street": "Portland Street",
          "amenity": "pub",
          "check_date": "2023-08-13",
          "fhrs:id": "1818821",
          "indoor_seating": "yes",
          "level": "0",
          "name": "Grey Horse",
          "outdoor_seating": "no",
          "real_ale": "yes",
          "wheelchair": "no"
        }
      }
    },
    {
      "type": "Feature",
      "geometry": {
        "type": "Point",
        "coordinates": [
          -2.2339603,
          53.483909
        ]
      },
      "properties": {
        "name": "Gullivers",
        "osm_type": "node",
        "osm_id": 2087125626,
        "address": "109 Oldham Street, Manchester, M4 1LW",
        "house_name": "",
        "house_number": "109",
        "street": "Oldham Street",
        "suburb": "",
        "city": "Manchester",
        "postcode": "M4 1LW",
        "country": "GB",
        "operator": "",
        "brewery": "",
        "website": "",
        "phone": "",
        "opening_hours": "",
        "cuisine": "",
        "food": "",
        "drink": "",
        "outdoor_seating": "",
        "indoor_seating": "",
        "internet_access": "",
        "real_ale": "",
        "real_cider": "",
        "live_music": "",
        "dog": "",
        "wheelchair": "",
        "toilets": "",
        "smoking": "",
        "wikidata": "",
        "wikipedia": "",
        "fetched_at_utc": "2026-10-07T11:43:04+00:00",
        "source_endpoint": "osm-extract",
        "tags": {
          "addr:city": "Manchester",
          "addr:country": "GB",
          "addr:housenumber": "109",
          "addr:postcode": "M4 1LW",
          "addr:street": "Oldham Street",
          "amenity": "pub",
          "fhrs:id": "1819093",
          "name": "Gullivers"
        }
      }
    },
    {
      "type": "Feature",
      "geometry": {
        "type": "Point",
        "coordinates": [
          -2.2212846,
          53.4797209
        ]
      },
      "properties": {
        "name": "Hetherington's Cafe Bar",
        "osm_type": "node",
        "osm_id": 6944983104,
        "address": "Hetherington's Cafe Bar, 8 Pollard Street, Manchester, M4 7DS",
        "house_name": "Hetherington's Cafe Bar",
        "house_number": "8",
        "street": "Pollard Street",
        "suburb": "",
        "city": "Manchester",
        "postcode": "M4 7DS",
        "country": "GB",
        "operator": "",
        "brewery": "yes",
        "website": "https://www.hetheringtonscb.co.uk/",
        "phone": "+44 161 850 8554",
        "opening_hours": "",
        "cuisine": "",
        "food": "",
        "drink": "",
        "outdoor_seating": "",
        "indoor_seating": "",
        "internet_access": "wlan",
        "real_ale": "",
        "real_cider": "",
        "live_music": "",
        "dog": "",
        "wheelchair": "",
        "toilets": "",
        "smoking": "",
        "wikidata": "",
        "wikipedia": "",
        "fetched_at_utc": "2026-10-07T11:43:04+00:00",
        "source_endpoint": "osm-extract",
        "tags": {
          "addr:city": "Manchester",
          "addr:country": "GB",
          "addr:housename": "Hetherington's Cafe Bar",
          "addr:housenumber": "8",
          "addr:postcode": "M4 7DS",
          "addr:street": "Pollard Street",
          "air_conditioning": "no",
          "amenity": "pub",
          "brewery": "yes",
          "email": "heather@cfwretail.co.uk",
          "fhrs:id": "1820633",
          "internet_access": "wlan",
          "name": "Hetherington's Cafe Bar",
          "phone": "+44 161 850 8554",
          "website": "https://www.hetheringtonscb.co.uk/"
        }
      }
    },
    {
      "type": "Feature",
      "geometry": {
        "type": "Point",
        "coordinates": [
          -2.2384421,
          53.4844707
        ]
      },
      "properties": {
        "name": "High Street Tavern",
        "osm_type": "node",
        "osm_id": 5066958728,
        "address": "5 Nicholas Croft, Manchester, M4 1EY",
        "house_name": "",
        "house_number": "5",
        "street": "Nicholas Croft",
        "suburb": "",
        "city": "Manchester",
        "postcode": "M4 1EY",
        "country": "",
        "operator": "",
        "brewery": "",
        "website": "",
        "phone": "",
        "opening_hours": "",
        "cuisine": "",
        "food": "",
        "drink": "",
        "outdoor_seating": "yes",
        "indoor_seating": "yes",
        "internet_access": "",
        "real_ale": "",
        "real_cider": "",
        "live_music": "",
        "dog": "",
        "wheelchair": "",
        "toilets": "",
        "smoking": "",
        "wikidata": "",
        "wikipedia": "",
        "fetched_at_utc": "2026-10-07T11:43:04+00:00",
        "source_endpoint": "osm-extract",
        "tags": {
          "addr:city": "Manchester",
          "addr:housenumber": "5",
          "addr:postcode": "M4 1EY",
          "addr:street": "Nicholas Croft",
          "amenity": "pub",
          "fhrs:id": "1817015",
          "indoor_seating": "yes",
          "name": "High Street Tavern",
          "outdoor_seating": "yes"
        }
      }
    },
    {
      "type": "Feature",
      "geometry": {
        "type": "Point",
        "coordinates": [
          -2.2560104,
          53.4841178
        ]
      },
      "properties": {
        "name": "Kings Arms",
        "osm_type": "node",
        "osm_id": 331277232,
        "address": "11 Bloom Street, Salford, M3 6AN",
        "house_name": "",
        "house_number": "11",
        "street": "Bloom Street",
        "suburb": "",
        "city": "Salford",
        "postcode": "M3 6AN",
        "country": "",
        "operator": "",
        "brewery": "",
        "website": "",
        "phone": "",
        "opening_hours": "",
        "cuisine": "",
        "food": "",
        "drink": "",
        "outdoor_seating": "",
        "indoor_seating": "",
        "internet_access": "",
        "real_ale": "yes",
        "real_cider": "",
        "live_music": "",
        "dog": "",
        "wheelchair": "",
        "toilets": "",
        "smoking": "",
        "wikidata": "Q26665842",
        "wikipedia": "",
        "fetched_at_utc": "2026-10-07T11:43:04+00:00",
        "source_endpoint": "osm-extract",
        "tags": {
          "addr:city": "Salford",
          "addr:housenumber": "11",
          "addr:postcode": "M3 6AN",
          "addr:street": "Bloom Street",
          "amenity": "pub",
          "fhrs:id": "146918",
          "name": "Kings Arms",
          "real_ale": "yes",
          "source:addr": "FHRS Open Data",
          "wikidata": "Q26665842"
        }
      }
    },
    {
      "type": "Feature",
      "geometry": {
        "type": "Point",
        "coordinates": [
          -2.2319363,
          53.4648954
        ]
      },
      "properties": {
        "name": "Kro Bar",
        "osm_type": "node",
        "osm_id": 30732192,
        "address": "325 Oxford Road",
        "house_name": "",
        "house_number": "325",
        "street": "Oxford Road",
        "suburb": "",
        "city": "",
        "postcode": "",
        "country": "",
        "operator": "",
        "brewery": "",
        "website": "",
        "phone": "+44 161 274 3100",
        "opening_hours": "",
        "cuisine": "Danish",
        "food": "",
        "drink": "",
        "outdoor_seating": "",
        "indoor_seating": "",
        "internet_access": "",
        "real_ale": "yes",
        "real_cider": "",
        "live_music": "",
        "dog": "",
        "wheelchair": "no",
        "toilets": "",
        "smoking": "",
        "wikidata": "",
        "wikipedia": "",
        "fetched_at_utc": "2026-10-07T11:43:04+00:00",
        "source_endpoint": "osm-extract",
        "tags": {
          "addr:housenumber": "325",
          "addr:street": "Oxford Road",
          "amenity": "pub",
          "check_date": "2025-02-19",
          "cuisine": "Danish",
          "diet:vegan": "yes",
          "diet:vegetarian": "yes",
          "name": "Kro Bar",
          "phone": "+44 161 274 3100",
          "postal_code": "M13 9PG",
          "real_ale": "yes",
          "wheelchair": "no"
        }
      }
    },
    {
      "type": "Feature",
      "geometry": {
        "type": "Point",
        "coordinates": [
          -2.231494,
          53.481122
        ]
      },
      "properties": {
        "name": "Lammars",
        "osm_type": "node",
        "osm_id": 307754335,
        "address": "57 Hilton Street, Manchester, M1 2EJ",
        "house_name": "",
        "house_number": "57",
        "street": "Hilton Street",
        "suburb": "",
        "city": "Manchester",
        "postcode": "M1 2EJ",
        "country": "GB",
        "operator": "",
        "brewery": "",
        "website": "",
        "phone": "",
        "opening_hours": "",
        "cuisine": "",
        "food": "",
        "drink": "",
        "outdoor_seating": "",
        "indoor_seating": "",
        "internet_access": "",
        "real_ale": "",
        "real_cider": "",
        "live_music": "",
        "dog": "",
        "wheelchair": "no",
        "toilets": "",
        "smoking": "",
        "wikidata": "",
        "wikipedia": "",
        "fetched_at_utc": "2026-10-07T11:43:04+00:00",
        "source_endpoint": "osm-extract",
        "tags": {
          "addr:city": "Manchester",
          "addr:country": "GB",
          "addr:housenumber": "57",
          "addr:postcode": "M1 2EJ",
          "addr:street": "Hilton Street",
          "amenity": "pub",
          "name": "Lammars",
          "wheelchair": "no"
        }
      }
    },
    {
      "type": "Feature",
      "geometry": {
        "type": "Point",
        "coordinates": [
          -2.239044,
          53.4837721
        ]
      },
      "properties": {
        "name": "Micro Bar",
        "osm_type": "node",
        "osm_id": 1177080606,
        "address": "",
        "house_name": "",
        "house_number": "",
        "street": "",
        "suburb": "",
        "city": "",
        "postcode": "",
        "country": "",
        "operator": "Boggart Brewery",
        "brewery": "",
        "website": "",
        "phone": "",
        "opening_hours": "",
        "cuisine": "",
        "food": "",
        "drink": "",
        "outdoor_seating": "",
        "indoor_seating": "",
        "internet_access": "",
        "real_ale": "yes",
        "real_cider": "yes",
        "live_music": "",
        "dog": "",
        "wheelchair": "yes",
        "toilets": "",
        "smoking": "no",
        "wikidata": "",
        "wikipedia": "",
        "fetched_at_utc": "2026-10-07T11:43:04+00:00",
        "source_endpoint": "osm-extract",
        "tags": {
          "amenity": "pub",
          "camra": "yes",
          "name": "Micro Bar",
          "operator": "Boggart Brewery",
          "real_ale": "yes",
          "real_cider": "yes",
          "smoking": "no",
          "wheelchair": "yes"
        }
      }
    },
    {
      "type": "Feature",
      "geometry": {
        "type": "Point",
        "coordinates": [
          -2.2448887,
          53.4813335
        ]
      },
      "properties": {
        "name": "Mr Thomas's Chop House",
        "osm_type": "node",
        "osm_id": 331410626,
        "address": "52 Cross Street, Manchester, M2 4JR",
        "house_name": "",
        "house_number": "52",
        "street": "Cross Street",
        "suburb": "",
        "city": "Manchester",
        "postcode": "M2 4JR",
        "country": "",
        "operator": "",
        "brewery": "",
        "website": "",
        "phone": "",
        "opening_hours": "",
        "cuisine": "",
        "food": "yes",
        "drink": "",
        "outdoor_seating": "",
        "indoor_seating": "",
        "internet_access": "",
        "real_ale": "yes",
        "real_cider": "",
        "live_music": "",
        "dog": "",
        "wheelchair": "limited",
        "toilets": "",
        "smoking": "",
        "wikidata": "",
        "wikipedia": "",
        "fetched_at_utc": "2026-10-07T11:43:04+00:00",
        "source_endpoint": "osm-extract",
        "tags": {
          "addr:city": "Manchester",
          "addr:housenumber": "52",
          "addr:postcode": "M2 4JR",
          "addr:street": "Cross Street",
          "amenity": "pub",
          "food": "yes",
          "name": "Mr Thomas's Chop House",
          "real_ale": "yes",
          "toilets:wheelchair": "no",
          "wheelchair": "limited"
        }
      }
    },
    {
      "type": "Feature",
      "geometry": {
        "type": "Point",
        "coordinates": [
          -2.2486884,
          53.4811618
        ]
      },
      "properties": {
        "name": "Mulligans",
        "osm_type": "node",
        "osm_id": 4302809416,
        "address": "12 Southgate, Manchester, M3 2RB",
        "house_name": "",
        "house_number": "12",
        "street": "Southgate",
        "suburb": "",
        "city": "Manchester",
        "postcode": "M3 2RB",
        "country": "GB",
        "operator": "",
        "brewery": "",
        "website": "",
        "phone": "",
        "opening_hours": "Mo-We 12:00-00:00; Th 12:00-01:00; Fr-Sa 12:00-02:00; Su 12:00-01:00",
        "cuisine": "",
        "food": "",
        "drink": "",
        "outdoor_seating": "",
        "indoor_seating": "",
        "internet_access": "",
        "real_ale": "",
        "real_cider": "",
        "live_music": "",
        "dog": "",
        "wheelchair": "",
        "toilets": "",
        "smoking": "",
        "wikidata": "",
        "wikipedia": "",
        "fetched_at_utc": "2026-10-07T11:43:04+00:00",
        "source_endpoint": "osm-extract",
        "tags": {
          "addr:city": "Manchester",
          "addr:country": "GB",
          "addr:housenumber": "12",
          "addr:postcode": "M3 2RB",
          "addr:street": "Southgate",
          "amenity": "pub",
          "fhrs:id": "1819302",
          "name": "Mulligans",
          "opening_hours": "Mo-We 12:00-00:00; Th 12:00-01:00; Fr-Sa 12:00-02:00; Su 12:00-01:00"
        }
      }
    },
    {
      "type": "Feature",
      "geometry": {
        "type": "Point",
        "coordinates": [
          -2.218242444444444,
          53.457216055555556
        ]
      },
      "properties": {
        "name": "Nellies",
        "osm_type": "way",
        "osm_id": 113811554,
        "address": "",
        "house_name": "",
        "house_number": "",
        "street": "",
        "suburb": "",
        "city": "",
        "postcode": "",
        "country": "",
        "operator": "",
        "brewery": "",
        "website": "",
        "phone": "",
        "opening_hours": "",
        "cuisine": "",
        "food": "",
        "drink": "",
        "outdoor_seating": "",
        "indoor_seating": "",
        "internet_access": "",
        "real_ale": "",
        "real_cider": "",
        "live_music": "",
        "dog": "",
        "wheelchair": "",
        "toilets": "",
        "smoking": "outside",
        "wikidata": "",
        "wikipedia": "",
        "fetched_at_utc": "2026-10-07T11:43:04+00:00",
        "source_endpoint": "osm-extract",
        "tags": {
          "amenity": "pub",
          "building": "yes",
          "building:levels": "2",
          "name": "Nellies",
          "roof:shape": "hipped",
          "smoking": "outside"
        }
      }
    },
    {
      "type": "Feature",
      "geometry": {
        "type": "Point",
        "coordinates": [
          -2.23855,
          53.4768598
        ]
      },
      "properties": {
        "name": "New York New York",
        "osm_type": "node",
        "osm_id": 1295097474,
        "address": "94 Bloom Street, Manchester, M1 3LY",
        "house_name": "",
        "house_number": "94",
        "street": "Bloom Street",
        "suburb": "",
        "city": "Manchester",
        "postcode": "M1 3LY",
        "country": "GB",
        "operator": "",
        "brewery": "",
        "website": "",
        "phone": "+44 161 236 6556",
        "opening_hours": "",
        "cuisine": "",
        "food": "",
        "drink": "",
        "outdoor_seating": "",
        "indoor_seating": "",
        "internet_access": "",
        "real_ale": "",
        "real_cider": "",
        "live_music": "",
        "dog": "",
        "wheelchair": "",
        "toilets": "",
        "smoking": "",
        "wikidata": "",
        "wikipedia": "",
        "fetched_at_utc": "2026-10-07T11:43:04+00:00",
        "source_endpoint": "osm-extract",
        "tags": {
          "addr:city": "Manchester",
          "addr:country": "GB",
          "addr:housenumber": "94",
          "addr:postcode": "M1 3LY",
          "addr:street": "Bloom Street",
          "amenity": "pub",
          "contact:facebook": "https://www.facebook.com/nynymcr/",
          "fhrs:id": "1819384",
          "lgbtq": "primary",
          "name": "New York New York",
          "phone": "+44 161 236 6556"
        }
      }
    },
    {
      "type": "Feature",
      "geometry": {
        "type": "Point",
        "coordinates": [
          -2.2433453,
          53.4817309
        ]
      },
      "properties": {
        "name": "North Westward Ho",
        "osm_type": "node",
        "osm_id": 11469099314,
        "address": "19 Chapel Walks, Manchester, M2 1HN",
        "house_name": "",
        "house_number": "19",
        "street": "Chapel Walks",
        "suburb": "",
        "city": "Manchester",
        "postcode": "M2 1HN",
        "country": "",
        "operator": "",
        "brewery": "",
        "website": "https://www.northwestwardho.co.uk/",
        "phone": "+44 7300820592",
        "opening_hours": "Mo-Th 12:00-24:00; Fr-Sa 12:00-02:00; Su 12:00-23:00",
        "cuisine": "",
        "food": "",
        "drink": "",
        "outdoor_seating": "",
        "indoor_seating": "",
        "internet_access": "",
        "real_ale": "",
        "real_cider": "",
        "live_music": "",
        "dog": "",
        "wheelchair": "no",
        "toilets": "",
        "smoking": "",
        "wikidata": "",
        "wikipedia": "",
        "fetched_at_utc": "2026-10-07T11:43:04+00:00",
        "source_endpoint": "osm-extract",
        "tags": {
          "addr:city": "Manchester",
          "addr:housenumber": "19",
          "addr:postcode": "M2 1HN",
          "addr:street": "Chapel Walks",
          "amenity": "pub",
          "email": "info@northwestwardho.co.uk",
          "fhrs:id": "1821593",
          "name": "North Westward Ho",
          "opening_hours": "Mo-Th 12:00-24:00; Fr-Sa 12:00-02:00; Su 12:00-23:00",
          "phone": "+44 7300820592",
          "website": "https://www.northwestwardho.co.uk/",
          "wheelchair": "no"
        }
      }
    },
    {
      "type": "Feature",
      "geometry": {
        "type": "Point",
        "coordinates": [
          -2.2382237,
          53.473288
        ]
      },
      "properties": {
        "name": "Northern Bar",
        "osm_type": "node",
        "osm_id": 11055114823,
        "address": "North Taproom, Vita East, Circle Square, Nobel Way, Manchester, M1 7FA",
        "house_name": "North Taproom, Vita East, Circle Square",
        "house_number": "",
        "street": "Nobel Way",
        "suburb": "",
        "city": "Manchester",
        "postcode": "M1 7FA",
        "country": "",
        "operator": "",
        "brewery": "yes",
        "website": "https://northbar.com/circle-square",
        "phone": "",
        "opening_hours": "Mo,Tu 11:00-23:00, We,Th 11:00-23:30, Fr,Sa 11:00-00:30, Su 11:00-22:00",
        "cuisine": "asian",
        "food": "yes",
        "drink": "",
        "outdoor_seating": "",
        "indoor_seating": "",
        "internet_access": "wlan",
        "real_ale": "",
        "real_cider": "",
        "live_music": "",
        "dog": "",
        "wheelchair": "",
        "toilets": "",
        "smoking": "outside",
        "wikidata": "",
        "wikipedia": "",
        "fetched_at_utc": "2026-10-07T11:43:04+00:00",
        "source_endpoint": "osm-extract",
        "tags": {
          "addr:city": "Manchester",
          "addr:housename": "North Taproom, Vita East, Circle Square",
          "addr:postcode": "M1 7FA",
          "addr:street": "Nobel Way",
          "amenity": "pub",
          "brewery": "yes",
          "cuisine": "asian",
          "diet:gluten_free": "yes",
          "diet:vegan": "yes",
          "diet:vegetarian": "yes",
          "food": "yes",
          "internet_access": "wlan",
          "name": "Northern Bar",
          "opening_hours": "Mo,Tu 11:00-23:00, We,Th 11:00-23:30, Fr,Sa 11:00-00:30, Su 11:00-22:00",
          "smoking": "outside",
          "website": "https://northbar.com/circle-square"
        }
      }
    },
    {
      "type": "Feature",
      "geometry": {
        "type": "Point",
        "coordinates": [
          -2.2398917,
          53.4849242
        ]
      },
      "properties": {
        "name": "Northern Monkey",
        "osm_type": "node",
        "osm_id": 6253846872,
        "address": "Victoria Buildings, 8 Dantzic Street, Manchester, M4 2AD",
        "house_name": "Victoria Buildings",
        "house_number": "8",
        "street": "Dantzic Street",
        "suburb": "",
        "city": "Manchester",
        "postcode": "M4 2AD",
        "country": "",
        "operator": "",
        "brewery": "",
        "website": "",
        "phone": "",
        "opening_hours": "",
        "cuisine": "",
        "food": "",
        "drink": "",
        "outdoor_seating": "",
        "indoor_seating": "",
        "internet_access": "",
        "real_ale": "",
        "real_cider": "",
        "live_music": "",
        "dog": "",
        "wheelchair": "",
        "toilets": "",
        "smoking": "",
        "wikidata": "",
        "wikipedia": "",
        "fetched_at_utc": "2026-10-07T11:43:04+00:00",
        "source_endpoint": "osm-extract",
        "tags": {
          "addr:city": "Manchester",
          "addr:housename": "Victoria Buildings",
          "addr:housenumber": "8",
          "addr:postcode": "M4 2AD",
          "addr:street": "Dantzic Street",
          "amenity": "pub",
          "delivery": "no",
          "fhrs:id": "1820179",
          "name": "Northern Monkey",
          "takeaway": "no"
        }
      }
    },
    {
      "type": "Feature",
      "geometry": {
        "type": "Point",
        "coordinates": [
          -2.24090034,
          53.47380377999999
        ]
      },
      "properties": {
        "name": "O'Connell's",
        "osm_type": "way",
        "osm_id": 136999888,
        "address": "",
        "house_name": "",
        "house_number": "",
        "street": "",
        "suburb": "",
        "city": "",
        "postcode": "",
        "country": "",
        "operator": "",
        "brewery": "",
        "website": "",
        "phone": "",
        "opening_hours": "Su-Th 11:30-24:00, Fr-Sa 11:30-25:00",
        "cuisine": "",
        "food": "",
        "drink": "",
        "outdoor_seating": "",
        "indoor_seating": "",
        "internet_access": "",
        "real_ale": "",
        "real_cider": "",
        "live_music": "",
        "dog": "",
        "wheelchair": "",
        "toilets": "",
        "smoking": "",
        "wikidata": "",
        "wikipedia": "",
        "fetched_at_utc": "2026-10-07T11:43:04+00:00",
        "source_endpoint": "osm-extract",
        "tags": {
          "amenity": "pub",
          "building": "yes",
          "layer": "-1",
          "location": "surface",
          "name": "O'Connell's",
          "opening_hours": "Su-Th 11:30-24:00, Fr-Sa 11:30-25:00"
        }
      }
    },
    {
      "type": "Feature",
      "geometry": {
        "type": "Point",
        "coordinates": [
          -2.2381219,
          53.4755098
        ]
      },
      "properties": {
        "name": "O'Shea's",
        "osm_type": "node",
        "osm_id": 1325785049,
        "address": "Lancaster House, 80 Princess Street, Manchester, M1 6NF",
        "house_name": "Lancaster House",
        "house_number": "80",
        "street": "Princess Street",
        "suburb": "",
        "city": "Manchester",
        "postcode": "M1 6NF",
        "country": "GB",
        "operator": "",
        "brewery": "",
        "website": "",
        "phone": "",
        "opening_hours": "",
        "cuisine": "",
        "food": "",
        "drink": "",
        "outdoor_seating": "no",
        "indoor_seating": "yes",
        "internet_access": "",
        "real_ale": "",
        "real_cider": "",
        "live_music": "",
        "dog": "",
        "wheelchair": "no",
        "toilets": "",
        "smoking": "",
        "wikidata": "",
        "wikipedia": "",
        "fetched_at_utc": "2026-10-07T11:43:04+00:00",
        "source_endpoint": "osm-extract",
        "tags": {
          "addr:city": "Manchester",
          "addr:country": "GB",
          "addr:housename": "Lancaster House",
          "addr:housenumber": "80",
          "addr:postcode": "M1 6NF",
          "addr:street": "Princess Street",
          "amenity": "pub",
          "fhrs:id": "1818823",
          "indoor_seating": "yes",
          "name": "O'Shea's",
          "outdoor_seating": "no",
          "wheelchair": "no"
        }
      }
    },
    {
      "type": "Feature",
      "geometry": {
        "type": "Point",
        "coordinates": [
          -2.2539903,
          53.4763399
        ]
      },
      "properties": {
        "name": "Oxnoble",
        "osm_type": "node",
        "osm_id": 249515967,
        "address": "71 Liverpool Road, Manchester, M3 4NQ",
        "house_name": "",
        "house_number": "71",
        "street": "Liverpool Road",
        "suburb": "",
        "city": "Manchester",
        "postcode": "M3 4NQ",
        "country": "",
        "operator": "Stonegate",
        "brewery": "",
        "website": "https://www.greatukpubs.co.uk/oxnoble-pub-manchester",
        "phone": "",
        "opening_hours": "",
        "cuisine": "",
        "food": "",
        "drink": "",
        "outdoor_seating": "yes",
        "indoor_seating": "yes",
        "internet_access": "",
        "real_ale": "",
        "real_cider": "",
        "live_music": "",
        "dog": "",
        "wheelchair": "limited",
        "toilets": "",
        "smoking": "",
        "wikidata": "",
        "wikipedia": "",
        "fetched_at_utc": "2026-10-07T11:43:04+00:00",
        "source_endpoint": "osm-extract",
        "tags": {
          "addr:city": "Manchester",
          "addr:housenumber": "71",
          "addr:postcode": "M3 4NQ",
          "addr:street": "Liverpool Road",
          "amenity": "pub",
          "fhrs:id": "1820226",
          "indoor_seating": "yes",
          "name": "Oxnoble",
          "operator": "Stonegate",
          "operator:wikidata": "Q7619176",
          "outdoor_seating": "yes",
          "website": "https://www.greatukpubs.co.uk/oxnoble-pub-manchester",
          "wheelchair": "limited"
        }
      }
    },
    {
      "type": "Feature",
      "geometry": {
        "type": "Point",
        "coordinates": [
          -2.2446617142857144,
          53.474929757142846
        ]
      },
      "properties": {
        "name": "Peveril of the Peak",
        "osm_type": "way",
        "osm_id": 100646638,
        "address": "127 Great Bridgewater Street, Manchester, M1 5JQ",
        "house_name": "",
        "house_number": "127",
        "street": "Great Bridgewater Street",
        "suburb": "",
        "city": "Manchester",
        "postcode": "M1 5JQ",
        "country": "",
        "operator": "",
        "brewery": "",
        "website": "",
        "phone": "+44 161 236 6364",
        "opening_hours": "",
        "cuisine": "",
        "food": "",
        "drink": "",
        "outdoor_seating": "yes",
        "indoor_seating": "yes",
        "internet_access": "",
        "real_ale": "yes",
        "real_cider": "",
        "live_music": "",
        "dog": "",
        "wheelchair": "yes",
        "toilets": "",
        "smoking": "",
        "wikidata": "",
        "wikipedia": "",
        "fetched_at_utc": "2026-10-07T11:43:04+00:00",
        "source_endpoint": "osm-extract",
        "tags": {
          "addr:city": "Manchester",
          "addr:housenumber": "127",
          "addr:postcode": "M1 5JQ",
          "addr:street": "Great Bridgewater Street",
          "amenity": "pub",
          "building": "yes",
          "building:colour": "#eada0b",
          "fhrs:id": "1818728",
          "indoor_seating": "yes",
          "name": "Peveril of the Peak",
          "outdoor_seating": "yes",
          "phone": "+44 161 236 6364",
          "real_ale": "yes",
          "ref:GB:uprn": "10090239102;77099699",
          "wheelchair": "yes"
        }
      }
    },
    {
      "type": "Feature",
      "geometry": {
        "type": "Point",
        "coordinates": [
          -2.2322107,
          53.4774311
        ]
      },
      "properties": {
        "name": "Piccadilly Central",
        "osm_type": "node",
        "osm_id": 2688586605,
        "address": "38 London Road, Manchester, M1 2PF",
        "house_name": "",
        "house_number": "38",
        "street": "London Road",
        "suburb": "",
        "city": "Manchester",
        "postcode": "M1 2PF",
        "country": "",
        "operator": "",
        "brewery": "",
        "website": "https://piccadillycentral.com/",
        "phone": "",
        "opening_hours": "",
        "cuisine": "",
        "food": "",
        "drink": "",
        "outdoor_seating": "",
        "indoor_seating": "",
        "internet_access": "",
        "real_ale": "",
        "real_cider": "",
        "live_music": "",
        "dog": "",
        "wheelchair": "yes",
        "toilets": "",
        "smoking": "",
        "wikidata": "",
        "wikipedia": "",
        "fetched_at_utc": "2026-10-07T11:43:04+00:00",
        "source_endpoint": "osm-extract",
        "tags": {
          "addr:city": "Manchester",
          "addr:housenumber": "38",
          "addr:postcode": "M1 2PF",
          "addr:street": "London Road",
          "amenity": "pub",
          "check_date": "2025-04-04",
          "fhrs:id": "1817570",
          "microbrewery": "no",
          "name": "Piccadilly Central",
          "old_name": "Monroes",
          "takeaway": "no",
          "website": "https://piccadillycentral.com/",
          "wheelchair": "yes"
        }
      }
    },
    {
      "type": "Feature",
      "geometry": {
        "type": "Point",
        "coordinates": [
          -2.2318021,
          53.4784661
        ]
      },
      "properties": {
        "name": "Piccadilly Tap",
        "osm_type": "node",
        "osm_id": 3426809400,
        "address": "Gateway House, Piccadilly Station Approach, Manchester, M1 2GH",
        "house_name": "Gateway House",
        "house_number": "",
        "street": "Piccadilly Station Approach",
        "suburb": "",
        "city": "Manchester",
        "postcode": "M1 2GH",
        "country": "",
        "operator": "",
        "brewery": "",
        "website": "https://piccadillytap.com/",
        "phone": "",
        "opening_hours": "Mo 13:00-23:00, Tu,We 12:00-23:00, Th-Sa 11:00-24:00, Su 11:00-23:00",
        "cuisine": "",
        "food": "",
        "drink": "",
        "outdoor_seating": "yes",
        "indoor_seating": "yes",
        "internet_access": "wlan",
        "real_ale": "6 handpumps, numerous craft keg lines",
        "real_cider": "",
        "live_music": "",
        "dog": "",
        "wheelchair": "yes",
        "toilets": "",
        "smoking": "",
        "wikidata": "",
        "wikipedia": "",
        "fetched_at_utc": "2026-10-07T11:43:04+00:00",
        "source_endpoint": "osm-extract",
        "tags": {
          "addr:city": "Manchester",
          "addr:housename": "Gateway House",
          "addr:postcode": "M1 2GH",
          "addr:street": "Piccadilly Station Approach",
          "addr:unit": "8",
          "amenity": "pub",
          "check_date": "2025-11-17",
          "check_date:opening_hours": "2025-11-17",
          "craft_beer": "yes",
          "departures_board": "realtime",
          "fhrs:id": "1817767",
          "fhrs:local_authority_id": "AC-072024-006593",
          "floor:material": "lino",
          "indoor_seating": "yes",
          "internet_access": "wlan",
          "internet_access:fee": "no",
          "name": "Piccadilly Tap",
          "opening_hours": "Mo 13:00-23:00, Tu,We 12:00-23:00, Th-Sa 11:00-24:00, Su 11:00-23:00",
          "outdoor_seating": "yes",
          "real_ale": "6 handpumps, numerous craft keg lines",
          "source:addr": "FHRS Open Data",
          "website": "https://piccadillytap.com/",
          "wheelchair": "yes",
          "wheelchair:description": "Wide and flat"
        }
      }
    },
    {
      "type": "Feature",
      "geometry": {
        "type": "Point",
        "coordinates": [
          -2.2340543,
          53.4806673
        ]
      },
      "properties": {
        "name": "Piccadilly Tavern",
        "osm_type": "node",
        "osm_id": 6407654103,
        "address": "71-73 Piccadilly, Manchester, M1 2BS",
        "house_name": "",
        "house_number": "71-73",
        "street": "Piccadilly",
        "suburb": "",
        "city": "Manchester",
        "postcode": "M1 2BS",
        "country": "GB",
        "operator": "",
        "brewery": "",
        "website": "",
        "phone": "",
        "opening_hours": "",
        "cuisine": "",
        "food": "",
        "drink": "",
        "outdoor_seating": "no",
        "indoor_seating": "yes",
        "internet_access": "",
        "real_ale": "",
        "real_cider": "",
        "live_music": "",
        "dog": "",
        "wheelchair": "",
        "toilets": "",
        "smoking": "",
        "wikidata": "",
        "wikipedia": "",
        "fetched_at_utc": "2026-10-07T11:43:04+00:00",
        "source_endpoint": "osm-extract",
        "tags": {
          "addr:city": "Manchester",
          "addr:country": "GB",
          "addr:housenumber": "71-73",
          "addr:postcode": "M1 2BS",
          "addr:street": "Piccadilly",
          "amenity": "pub",
          "fhrs:id": "1819864",
          "indoor_seating": "yes",
          "name": "Piccadilly Tavern",
          "outdoor_seating": "no"
        }
      }
    },
    {
      "type": "Feature",
      "geometry": {
        "type": "Point",
        "coordinates": [
          -2.2318952,
          53.4820552
        ]
      },
      "properties": {
        "name": "Port Street Beer House",
        "osm_type": "node",
        "osm_id": 1297083378,
        "address": "39-41 Port Street, Manchester, M1 2EQ",
        "house_name": "",
        "house_number": "39-41",
        "street": "Port Street",
        "suburb": "",
        "city": "Manchester",
        "postcode": "M1 2EQ",
        "country": "GB",
        "operator": "",
        "brewery": "yes",
        "website": "https://www.portstreetbeerhouse.co.uk/",
        "phone": "",
        "opening_hours": "Mo-Fr 16:00-24:00; Sa 16:00-02:00; Su 12:00-24:00",
        "cuisine": "",
        "food": "",
        "drink": "",
        "outdoor_seating": "yes",
        "indoor_seating": "yes",
        "internet_access": "wlan",
        "real_ale": "yes",
        "real_cider": "yes",
        "live_music": "",
        "dog": "",
        "wheelchair": "limited",
        "toilets": "",
        "smoking": "outside",
        "wikidata": "",
        "wikipedia": "",
        "fetched_at_utc": "2026-10-07T11:43:04+00:00",
        "source_endpoint": "osm-extract",
        "tags": {
          "addr:city": "Manchester",
          "addr:country": "GB",
          "addr:housenumber": "39-41",
          "addr:postcode": "M1 2EQ",
          "addr:street": "Port Street",
          "air_conditioning": "yes",
          "amenity": "pub",
          "brewery": "yes",
          "contact:instagram": "portstreetbeer",
          "contact:twitter": "portstreetbeer",
          "craft_beer": "yes",
          "fhrs:id": "1821401",
          "floor:material": "wood",
          "indoor_seating": "yes",
          "internet_access": "wlan",
          "name": "Port Street Beer House",
          "opening_hours": "Mo-Fr 16:00-24:00; Sa 16:00-02:00; Su 12:00-24:00",
          "outdoor_seating": "yes",
          "payment:credit_cards": "yes",
          "payment:debit_cards": "yes",
          "real_ale": "yes",
          "real_cider": "yes",
          "smoking": "outside",
          "website": "https://www.portstreetbeerhouse.co.uk/",
          "wheelchair": "limited",
          "wheelchair:description": "Shallow ramp at front entrance. Stairs to upstairs seating"
        }
      }
    },
    {
      "type": "Feature",
      "geometry": {
        "type": "Point",
        "coordinates": [
          -2.2451391299999996,
          53.47467154000001
        ]
      },
      "properties": {
        "name": "Rain Bar",
        "osm_type": "way",
        "osm_id": 100646641,
        "address": "80 Great Bridgewater Street, Manchester, M1 5JG",
        "house_name": "",
        "house_number": "80",
        "street": "Great Bridgewater Street",
        "suburb": "",
        "city": "Manchester",
        "postcode": "M1 5JG",
        "country": "",
        "operator": "",
        "brewery": "",
        "website": "https://www.rain-bar.co.uk/",
        "phone": "",
        "opening_hours": "",
        "cuisine": "",
        "food": "",
        "drink": "",
        "outdoor_seating": "yes",
        "indoor_seating": "yes",
        "internet_access": "",
        "real_ale": "yes",
        "real_cider": "",
        "live_music": "",
        "dog": "",
        "wheelchair": "yes",
        "toilets": "",
        "smoking": "",
        "wikidata": "",
        "wikipedia": "",
        "fetched_at_utc": "2026-10-07T11:43:04+00:00",
        "source_endpoint": "osm-extract",
        "tags": {
          "addr:city": "Manchester",
          "addr:housenumber": "80",
          "addr:postcode": "M1 5JG",
          "addr:street": "Great Bridgewater Street",
          "amenity": "pub",
          "building": "yes",
          "indoor_seating": "yes",
          "name": "Rain Bar",
          "outdoor_seating": "yes",
          "real_ale": "yes",
          "ref:GB:uprn": "77253337;10090239142",
          "website": "https://www.rain-bar.co.uk/",
          "wheelchair": "yes"
        }
      }
    },
    {
      "type": "Feature",
      "geometry": {
        "type": "Point",
        "coordinates": [
          -2.2157125,
          53.4565562
        ]
      },
      "properties": {
        "name": "Red Lion",
        "osm_type": "node",
        "osm_id": 298655299,
        "address": "",
        "house_name": "",
        "house_number": "",
        "street": "",
        "suburb": "",
        "city": "",
        "postcode": "",
        "country": "",
        "operator": "",
        "brewery": "",
        "website": "",
        "phone": "",
        "opening_hours": "",
        "cuisine": "",
        "food": "",
        "drink": "",
        "outdoor_seating": "",
        "indoor_seating": "",
        "internet_access": "wlan",
        "real_ale": "",
        "real_cider": "",
        "live_music": "",
        "dog": "",
        "wheelchair": "",
        "toilets": "",
        "smoking": "",
        "wikidata": "",
        "wikipedia": "",
        "fetched_at_utc": "2026-10-07T11:43:04+00:00",
        "source_endpoint": "osm-extract",
        "tags": {
          "amenity": "pub",
          "internet_access": "wlan",
          "name": "Red Lion"
        }
      }
    },
    {
      "type": "Feature",
      "geometry": {
        "type": "Point",
        "coordinates": [
          -2.250545,
          53.4845217
        ]
      },
      "properties": {
        "name": "Rovers Return",
        "osm_type": "node",
        "osm_id": 4509203699,
        "address": "Rovers Building, 89-91 Chapel Street, Salford, M3 5DF",
        "house_name": "Rovers Building",
        "house_number": "89-91",
        "street": "Chapel Street",
        "suburb": "",
        "city": "Salford",
        "postcode": "M3 5DF",
        "country": "",
        "operator": "",
        "brewery": "",
        "website": "",
        "phone": "",
        "opening_hours": "",
        "cuisine": "",
        "food": "",
        "drink": "",
        "outdoor_seating": "",
        "indoor_seating": "",
        "internet_access": "",
        "real_ale": "",
        "real_cider": "",
        "live_music": "",
        "dog": "",
        "wheelchair": "",
        "toilets": "",
        "smoking": "",
        "wikidata": "",
        "wikipedia": "",
        "fetched_at_utc": "2026-10-07T11:43:04+00:00",
        "source_endpoint": "osm-extract",
        "tags": {
          "addr:city": "Salford",
          "addr:housename": "Rovers Building",
          "addr:housenumber": "89-91",
          "addr:postcode": "M3 5DF",
          "addr:street": "Chapel Street",
          "amenity": "pub",
          "fhrs:id": "62490",
          "name": "Rovers Return",
          "source:addr": "FHRS Open Data"
        }
      }
    },
    {
      "type": "Feature",
      "geometry": {
        "type": "Point",
        "coordinates": [
          -2.2400710875,
          53.4868300375
        ]
      },
      "properties": {
        "name": "Sadler's Cat",
        "osm_type": "way",
        "osm_id": 589617982,
        "address": "Sadlers Yard, Manchester, M60 0AB",
        "house_name": "",
        "house_number": "",
        "street": "Sadlers Yard",
        "suburb": "",
        "city": "Manchester",
        "postcode": "M60 0AB",
        "country": "",
        "operator": "",
        "brewery": "",
        "website": "https://www.sadlers-cat.pub/",
        "phone": "",
        "opening_hours": "",
        "cuisine": "",
        "food": "",
        "drink": "",
        "outdoor_seating": "",
        "indoor_seating": "",
        "internet_access": "",
        "real_ale": "",
        "real_cider": "",
        "live_music": "",
        "dog": "",
        "wheelchair": "yes",
        "toilets": "",
        "smoking": "",
        "wikidata": "",
        "wikipedia": "",
        "fetched_at_utc": "2026-10-07T11:43:04+00:00",
        "source_endpoint": "osm-extract",
        "tags": {
          "addr:city": "Manchester",
          "addr:postcode": "M60 0AB",
          "addr:street": "Sadlers Yard",
          "amenity": "pub",
          "check_date": "2026-09-21",
          "name": "Sadler's Cat",
          "old_name": "The Pilcrow",
          "website": "https://www.sadlers-cat.pub/",
          "wheelchair": "yes"
        }
      }
    },
    {
      "type": "Feature",
      "geometry": {
        "type": "Point",
        "coordinates": [
          -2.24109054,
          53.473983340000004
        ]
      },
      "properties": {
        "name": "Salisbury Ale House",
        "osm_type": "way",
        "osm_id": 248794455,
        "address": "2 Wakefield Street, Manchester, M1 5NE",
        "house_name": "",
        "house_number": "2",
        "street": "Wakefield Street",
        "suburb": "",
        "city": "Manchester",
        "postcode": "M1 5NE",
        "country": "",
        "operator": "",
        "brewery": "",
        "website": "",
        "phone": "",
        "opening_hours": "",
        "cuisine": "",
        "food": "no",
        "drink": "",
        "outdoor_seating": "",
        "indoor_seating": "",
        "internet_access": "",
        "real_ale": "5 handpumps, may vary",
        "real_cider": "yes",
        "live_music": "",
        "dog": "",
        "wheelchair": "no",
        "toilets": "",
        "smoking": "",
        "wikidata": "",
        "wikipedia": "",
        "fetched_at_utc": "2026-10-07T11:43:04+00:00",
        "source_endpoint": "osm-extract",
        "tags": {
          "addr:city": "Manchester",
          "addr:housenumber": "2",
          "addr:postcode": "M1 5NE",
          "addr:street": "Wakefield Street",
          "alt_name": "The Salisbury",
          "amenity": "pub",
          "building": "yes",
          "floor:material": "rough_wood;tiles",
          "food": "no",
          "name": "Salisbury Ale House",
          "real_ale": "5 handpumps, may vary",
          "real_cider": "yes",
          "ref:GB:uprn": "10023047872;10090238565",
          "wheelchair": "no",
          "wheelchair:description": "Steps at entrance",
          "wifi": "no"
        }
      }
    },
    {
      "type": "Feature",
      "geometry": {
        "type": "Point",
        "coordinates": [
          -2.2359568,
          53.4706825
        ]
      },
      "properties": {
        "name": "Sandbar",
        "osm_type": "node",
        "osm_id": 247269405,
        "address": "120 Grosvenor Street, Manchester, M1 7HL",
        "house_name": "",
        "house_number": "120",
        "street": "Grosvenor Street",
        "suburb": "",
        "city": "Manchester",
        "postcode": "M1 7HL",
        "country": "GB",
        "operator": "",
        "brewery": "",
        "website": "https://sandbarmanchester.co.uk/",
        "phone": "",
        "opening_hours": "Su-We 12:00-00:00; Th 12:00-01:00; Fr-Sa 12:00-00:20; PH",
        "cuisine": "",
        "food": "",
        "drink": "",
        "outdoor_seating": "",
        "indoor_seating": "",
        "internet_access": "wlan",
        "real_ale": "yes",
        "real_cider": "yes",
        "live_music": "",
        "dog": "",
        "wheelchair": "",
        "toilets": "",
        "smoking": "no",
        "wikidata": "",
        "wikipedia": "",
        "fetched_at_utc": "2026-10-07T11:43:04+00:00",
        "source_endpoint": "osm-extract",
        "tags": {
          "addr:city": "Manchester",
          "addr:country": "GB",
          "addr:housenumber": "120",
          "addr:postcode": "M1 7HL",
          "addr:street": "Grosvenor Street",
          "air_conditioning": "no",
          "amenity": "pub",
          "camra": "yes",
          "fhrs:id": "1819449",
          "internet_access": "wlan",
          "internet_access:fee": "no",
          "name": "Sandbar",
          "opening_hours": "Su-We 12:00-00:00; Th 12:00-01:00; Fr-Sa 12:00-00:20; PH",
          "real_ale": "yes",
          "real_cider": "yes",
          "smoking": "no",
          "toilets:unisex": "yes",
          "website": "https://sandbarmanchester.co.uk/"
        }
      }
    },
    {
      "type": "Feature",
      "geometry": {
        "type": "Point",
        "coordinates": [
          -2.2483023857142856,
          53.48076694285714
        ]
      },
      "properties": {
        "name": "Sawyers Arms",
        "osm_type": "way",
        "osm_id": 37237779,
        "address": "138 Deansgate, Manchester, M3 2RP",
        "house_name": "",
        "house_number": "138",
        "street": "Deansgate",
        "suburb": "",
        "city": "Manchester",
        "postcode": "M3 2RP",
        "country": "",
        "operator": "",
        "brewery": "",
        "website": "https://www.nicholsonspubs.co.uk/restaurants/northwest/thesawyersarmsmanchester",
        "phone": "",
        "opening_hours": "",
        "cuisine": "",
        "food": "",
        "drink": "",
        "outdoor_seating": "",
        "indoor_seating": "",
        "internet_access": "",
        "real_ale": "yes",
        "real_cider": "",
        "live_music": "",
        "dog": "",
        "wheelchair": "no",
        "toilets": "",
        "smoking": "",
        "wikidata": "",
        "wikipedia": "",
        "fetched_at_utc": "2026-10-07T11:43:04+00:00",
        "source_endpoint": "osm-extract",
        "tags": {
          "addr:city": "Manchester",
          "addr:housenumber": "138",
          "addr:postcode": "M3 2RP",
          "addr:street": "Deansgate",
          "amenity": "pub",
          "architect": "Bramald & Smith",
          "brand": "Nicholson's",
          "brand:wikidata": "Q113130666",
          "building": "yes",
          "building:levels": "3",
          "check_date": "2023-08-15",
          "fhrs:id": "1818722",
          "name": "Sawyers Arms",
          "real_ale": "yes",
          "website": "https://www.nicholsonspubs.co.uk/restaurants/northwest/thesawyersarmsmanchester",
          "wheelchair": "no"
        }
      }
    },
    {
      "type": "Feature",
      "geometry": {
        "type": "Point",
        "coordinates": [
          -2.2294405,
          53.4844516
        ]
      },
      "properties": {
        "name": "Seven Bro7hers Beerhouse",
        "osm_type": "node",
        "osm_id": 5658821463,
        "address": "39 Blossom Street, Manchester, M4 6AJ",
        "house_name": "",
        "house_number": "39",
        "street": "Blossom Street",
        "suburb": "",
        "city": "Manchester",
        "postcode": "M4 6AJ",
        "country": "",
        "operator": "",
        "brewery": "",
        "website": "",
        "phone": "",
        "opening_hours": "",
        "cuisine": "",
        "food": "",
        "drink": "",
        "outdoor_seating": "yes",
        "indoor_seating": "",
        "internet_access": "",
        "real_ale": "",
        "real_cider": "",
        "live_music": "",
        "dog": "",
        "wheelchair": "",
        "toilets": "",
        "smoking": "",
        "wikidata": "",
        "wikipedia": "",
        "fetched_at_utc": "2026-10-07T11:43:04+00:00",
        "source_endpoint": "osm-extract",
        "tags": {
          "addr:city": "Manchester",
          "addr:housenumber": "39",
          "addr:postcode": "M4 6AJ",
          "addr:street": "Blossom Street",
          "amenity": "pub",
          "contact:city": "Manchester",
          "contact:country": "GB",
          "contact:facebook": "https://www.facebook.com/SEVENBRO7HERSBREWERY",
          "contact:housenumber": "39",
          "contact:instagram": "sevenbro7hersbrew",
          "contact:postcode": "M4 5AF",
          "contact:street": "Blossom Street",
          "contact:twitter": "SEVENBRO7HERS",
          "contact:website": "https://www.sevenbro7hers.com/pages/ancoats-beerhouse",
          "name": "Seven Bro7hers Beerhouse",
          "outdoor_seating": "yes"
        }
      }
    },
    {
      "type": "Feature",
      "geometry": {
        "type": "Point",
        "coordinates": [
          -2.243902309090909,
          53.48461758181818
        ]
      },
      "properties": {
        "name": "Sinclairs Oyster Bar",
        "osm_type": "way",
        "osm_id": 130040954,
        "address": "2 Cathedral Gates, Manchester, M3 1SW",
        "house_name": "",
        "house_number": "2",
        "street": "Cathedral Gates",
        "suburb": "",
        "city": "Manchester",
        "postcode": "M3 1SW",
        "country": "GB",
        "operator": "Samuel Smith's",
        "brewery": "",
        "website": "",
        "phone": "",
        "opening_hours": "",
        "cuisine": "",
        "food": "",
        "drink": "",
        "outdoor_seating": "yes",
        "indoor_seating": "yes",
        "internet_access": "",
        "real_ale": "",
        "real_cider": "",
        "live_music": "",
        "dog": "",
        "wheelchair": "no",
        "toilets": "",
        "smoking": "outside",
        "wikidata": "",
        "wikipedia": "",
        "fetched_at_utc": "2026-10-07T11:43:04+00:00",
        "source_endpoint": "osm-extract",
        "tags": {
          "addr:city": "Manchester",
          "addr:country": "GB",
          "addr:housenumber": "2",
          "addr:postcode": "M3 1SW",
          "addr:street": "Cathedral Gates",
          "amenity": "pub",
          "building": "yes",
          "building:levels": "4",
          "fhrs:id": "1819808",
          "indoor_seating": "yes",
          "name": "Sinclairs Oyster Bar",
          "operator": "Samuel Smith's",
          "outdoor_seating": "yes",
          "roof:shape": "gabled",
          "smoking": "outside",
          "wheelchair": "no"
        }
      }
    },
    {
      "type": "Feature",
      "geometry": {
        "type": "Point",
        "coordinates": [
          -2.2477751142857145,
          53.47854721428571
        ]
      },
      "properties": {
        "name": "Sir Ralph Abercromby",
        "osm_type": "way",
        "osm_id": 1046230724,
        "address": "35 Bootle Street, Manchester, M2 5GU",
        "house_name": "",
        "house_number": "35",
        "street": "Bootle Street",
        "suburb": "",
        "city": "Manchester",
        "postcode": "M2 5GU",
        "country": "",
        "operator": "",
        "brewery": "",
        "website": "",
        "phone": "",
        "opening_hours": "",
        "cuisine": "",
        "food": "",
        "drink": "",
        "outdoor_seating": "",
        "indoor_seating": "",
        "internet_access": "",
        "real_ale": "",
        "real_cider": "",
        "live_music": "",
        "dog": "",
        "wheelchair": "",
        "toilets": "",
        "smoking": "",
        "wikidata": "Q26479963",
        "wikipedia": "en:Sir Ralph Abercromby (pub)",
        "fetched_at_utc": "2026-10-07T11:43:04+00:00",
        "source_endpoint": "osm-extract",
        "tags": {
          "addr:city": "Manchester",
          "addr:housenumber": "35",
          "addr:postcode": "M2 5GU",
          "addr:street": "Bootle Street",
          "amenity": "pub",
          "building": "yes",
          "name": "Sir Ralph Abercromby",
          "wikidata": "Q26479963",
          "wikipedia": "en:Sir Ralph Abercromby (pub)"
        }
      }
    },
    {
      "type": "Feature",
      "geometry": {
        "type": "Point",
        "coordinates": [
          -2.2352888,
          53.4871776
        ]
      },
      "properties": {
        "name": "The Angel",
        "osm_type": "node",
        "osm_id": 11290821391,
        "address": "6 Angel Street, Manchester, M4 4BR",
        "house_name": "",
        "house_number": "6",
        "street": "Angel Street",
        "suburb": "",
        "city": "Manchester",
        "postcode": "M4 4BR",
        "country": "",
        "operator": "",
        "brewery": "yes",
        "website": "http://theangelmanchester.com/",
        "phone": "+44 161 833 4786",
        "opening_hours": "",
        "cuisine": "",
        "food": "",
        "drink": "",
        "outdoor_seating": "",
        "indoor_seating": "",
        "internet_access": "",
        "real_ale": "yes",
        "real_cider": "",
        "live_music": "",
        "dog": "",
        "wheelchair": "",
        "toilets": "",
        "smoking": "",
        "wikidata": "",
        "wikipedia": "",
        "fetched_at_utc": "2026-10-07T11:43:04+00:00",
        "source_endpoint": "osm-extract",
        "tags": {
          "addr:city": "Manchester",
          "addr:housenumber": "6",
          "addr:postcode": "M4 4BR",
          "addr:street": "Angel Street",
          "air_conditioning": "no",
          "amenity": "pub",
          "brewery": "yes",
          "camra": "yes",
          "contact:facebook": "https://www.facebook.com/AngelPubMCR",
          "fhrs:id": "1820884",
          "name": "The Angel",
          "payment:cards": "yes",
          "payment:cash": "yes",
          "phone": "+44 161 833 4786",
          "real_ale": "yes",
          "website": "http://theangelmanchester.com/"
        }
      }
    },
    {
      "type": "Feature",
      "geometry": {
        "type": "Point",
        "coordinates": [
          -2.2463399,
          53.4803453
        ]
      },
      "properties": {
        "name": "The Ape and Apple",
        "osm_type": "node",
        "osm_id": 9609050745,
        "address": "28-30 John Dalton Street, Manchester, M2 6HQ",
        "house_name": "",
        "house_number": "28-30",
        "street": "John Dalton Street",
        "suburb": "",
        "city": "Manchester",
        "postcode": "M2 6HQ",
        "country": "",
        "operator": "",
        "brewery": "",
        "website": "",
        "phone": "",
        "opening_hours": "",
        "cuisine": "",
        "food": "",
        "drink": "",
        "outdoor_seating": "",
        "indoor_seating": "",
        "internet_access": "",
        "real_ale": "",
        "real_cider": "",
        "live_music": "",
        "dog": "",
        "wheelchair": "",
        "toilets": "",
        "smoking": "",
        "wikidata": "",
        "wikipedia": "",
        "fetched_at_utc": "2026-10-07T11:43:04+00:00",
        "source_endpoint": "osm-extract",
        "tags": {
          "addr:city": "Manchester",
          "addr:housenumber": "28-30",
          "addr:postcode": "M2 6HQ",
          "addr:street": "John Dalton Street",
          "amenity": "pub",
          "fhrs:id": "1819369",
          "name": "The Ape and Apple"
        }
      }
    },
    {
      "type": "Feature",
      "geometry": {
        "type": "Point",
        "coordinates": [
          -2.2405587,
          53.4797712
        ]
      },
      "properties": {
        "name": "The Bank",
        "osm_type": "node",
        "osm_id": 2692904185,
        "address": "57 Mosley Street, Manchester, M2 3FF",
        "house_name": "",
        "house_number": "57",
        "street": "Mosley Street",
        "suburb": "",
        "city": "Manchester",
        "postcode": "M2 3FF",
        "country": "",
        "operator": "",
        "brewery": "",
        "website": "https://www.nicholsonspubs.co.uk/restaurants/northwest/thebankmanchester",
        "phone": "",
        "opening_hours": "Mo-Fr 11:30-23:00; Sa 10:00-23:00; Su 10:00-21:00",
        "cuisine": "",
        "food": "",
        "drink": "",
        "outdoor_seating": "",
        "indoor_seating": "",
        "internet_access": "",
        "real_ale": "",
        "real_cider": "",
        "live_music": "",
        "dog": "",
        "wheelchair": "no",
        "toilets": "",
        "smoking": "",
        "wikidata": "",
        "wikipedia": "",
        "fetched_at_utc": "2026-10-07T11:43:04+00:00",
        "source_endpoint": "osm-extract",
        "tags": {
          "addr:city": "Manchester",
          "addr:housenumber": "57",
          "addr:postcode": "M2 3FF",
          "addr:street": "Mosley Street",
          "amenity": "pub",
          "brand": "Nicholson's",
          "brand:wikidata": "Q113130666",
          "check_date": "2026-10-04",
          "diet:vegan": "yes",
          "diet:vegetarian": "yes",
          "fhrs:id": "1818905",
          "name": "The Bank",
          "opening_hours": "Mo-Fr 11:30-23:00; Sa 10:00-23:00; Su 10:00-21:00",
          "website": "https://www.nicholsonspubs.co.uk/restaurants/northwest/thebankmanchester",
          "wheelchair": "no"
        }
      }
    },
    {
      "type": "Feature",
      "geometry": {
        "type": "Point",
        "coordinates": [
          -2.2368211,
          53.4842353
        ]
      },
      "properties": {
        "name": "The Bay Horse Tavern",
        "osm_type": "node",
        "osm_id": 357190247,
        "address": "35-37 Thomas Street, Manchester, M4 1NA",
        "house_name": "",
        "house_number": "35-37",
        "street": "Thomas Street",
        "suburb": "",
        "city": "Manchester",
        "postcode": "M4 1NA",
        "country": "GB",
        "operator": "",
        "brewery": "",
        "website": "http://www.thebayhorsepub.co.uk/",
        "phone": "",
        "opening_hours": "",
        "cuisine": "",
        "food": "",
        "drink": "",
        "outdoor_seating": "",
        "indoor_seating": "",
        "internet_access": "",
        "real_ale": "",
        "real_cider": "",
        "live_music": "",
        "dog": "",
        "wheelchair": "no",
        "toilets": "",
        "smoking": "",
        "wikidata": "",
        "wikipedia": "",
        "fetched_at_utc": "2026-10-07T11:43:04+00:00",
        "source_endpoint": "osm-extract",
        "tags": {
          "addr:city": "Manchester",
          "addr:country": "GB",
          "addr:housenumber": "35-37",
          "addr:postcode": "M4 1NA",
          "addr:street": "Thomas Street",
          "amenity": "pub",
          "fhrs:id": "1819943",
          "microbrewery": "no",
          "name": "The Bay Horse Tavern",
          "takeaway": "no",
          "website": "http://www.thebayhorsepub.co.uk/",
          "wheelchair": "no"
        }
      }
    },
    {
      "type": "Feature",
      "geometry": {
        "type": "Point",
        "coordinates": [
          -2.24293,
          53.4877194
        ]
      },
      "properties": {
        "name": "The Beer House Bar & Kitchen",
        "osm_type": "node",
        "osm_id": 5628820432,
        "address": "Victoria Station, Long Millgate, Manchester, M3 1NX",
        "house_name": "Victoria Station",
        "house_number": "",
        "street": "Long Millgate",
        "suburb": "",
        "city": "Manchester",
        "postcode": "M3 1NX",
        "country": "",
        "operator": "",
        "brewery": "",
        "website": "",
        "phone": "",
        "opening_hours": "",
        "cuisine": "",
        "food": "yes",
        "drink": "",
        "outdoor_seating": "yes",
        "indoor_seating": "yes",
        "internet_access": "",
        "real_ale": "1 from Sharps",
        "real_cider": "",
        "live_music": "",
        "dog": "",
        "wheelchair": "yes",
        "toilets": "",
        "smoking": "",
        "wikidata": "",
        "wikipedia": "",
        "fetched_at_utc": "2026-10-07T11:43:04+00:00",
        "source_endpoint": "osm-extract",
        "tags": {
          "addr:city": "Manchester",
          "addr:housename": "Victoria Station",
          "addr:postcode": "M3 1NX",
          "addr:street": "Long Millgate",
          "amenity": "pub",
          "diet:vegan": "limited",
          "diet:vegetarian": "yes",
          "fhrs:id": "1820824",
          "floor:material": "tiles",
          "food": "yes",
          "indoor_seating": "yes",
          "level": "0",
          "name": "The Beer House Bar & Kitchen",
          "outdoor_seating": "yes",
          "real_ale": "1 from Sharps",
          "wheelchair": "yes",
          "wheelchair:description": "Flat"
        }
      }
    },
    {
      "type": "Feature",
      "geometry": {
        "type": "Point",
        "coordinates": [
          -2.2304056,
          53.4629221
        ]
      },
      "properties": {
        "name": "The Big Hands",
        "osm_type": "node",
        "osm_id": 258864504,
        "address": "",
        "house_name": "",
        "house_number": "",
        "street": "",
        "suburb": "",
        "city": "",
        "postcode": "",
        "country": "",
        "operator": "",
        "brewery": "",
        "website": "",
        "phone": "",
        "opening_hours": "",
        "cuisine": "",
        "food": "",
        "drink": "",
        "outdoor_seating": "",
        "indoor_seating": "",
        "internet_access": "",
        "real_ale": "",
        "real_cider": "",
        "live_music": "",
        "dog": "",
        "wheelchair": "no",
        "toilets": "",
        "smoking": "",
        "wikidata": "",
        "wikipedia": "",
        "fetched_at_utc": "2026-10-07T11:43:04+00:00",
        "source_endpoint": "osm-extract",
        "tags": {
          "amenity": "pub",
          "check_date": "2025-04-06",
          "name": "The Big Hands",
          "wheelchair": "no"
        }
      }
    },
    {
      "type": "Feature",
      "geometry": {
        "type": "Point",
        "coordinates": [
          -2.2534181,
          53.486527657142865
        ]
      },
      "properties": {
        "name": "The Black Friar",
        "osm_type": "way",
        "osm_id": 1052533886,
        "address": "41-43 Blackfriars Road, Salford, M3 7DB",
        "house_name": "",
        "house_number": "41-43",
        "street": "Blackfriars Road",
        "suburb": "",
        "city": "Salford",
        "postcode": "M3 7DB",
        "country": "",
        "operator": "",
        "brewery": "",
        "website": "https://www.theblackfriarsalford.co.uk",
        "phone": "",
        "opening_hours": "Su-Mo 12:00-21:00; Tu-Th 12:00-22:00; Fr-Sa 12:00-23:00",
        "cuisine": "",
        "food": "",
        "drink": "",
        "outdoor_seating": "",
        "indoor_seating": "",
        "internet_access": "",
        "real_ale": "",
        "real_cider": "",
        "live_music": "",
        "dog": "",
        "wheelchair": "",
        "toilets": "",
        "smoking": "",
        "wikidata": "",
        "wikipedia": "",
        "fetched_at_utc": "2026-10-07T11:43:04+00:00",
        "source_endpoint": "osm-extract",
        "tags": {
          "addr:city": "Salford",
          "addr:housenumber": "41-43",
          "addr:postcode": "M3 7DB",
          "addr:street": "Blackfriars Road",
          "alt_name": "The Blackfriar",
          "amenity": "pub",
          "building": "yes",
          "building:levels": "2",
          "fhrs:id": "1402643",
          "name": "The Black Friar",
          "opening_hours": "Su-Mo 12:00-21:00; Tu-Th 12:00-22:00; Fr-Sa 12:00-23:00",
          "source:addr": "FHRS Open Data",
          "website": "https://www.theblackfriarsalford.co.uk"
        }
      }
    },
    {
      "type": "Feature",
      "geometry": {
        "type": "Point",
        "coordinates": [
          -2.249412,
          53.4846729
        ]
      },
      "properties": {
        "name": "The Black Lion Pub",
        "osm_type": "node",
        "osm_id": 3659125466,
        "address": "65 Chapel Street, Salford, M3 5BZ",
        "house_name": "",
        "house_number": "65",
        "street": "Chapel Street",
        "suburb": "",
        "city": "Salford",
        "postcode": "M3 5BZ",
        "country": "",
        "operator": "",
        "brewery": "",
        "website": "https://theblacklionmanchester.co.uk/",
        "phone": "",
        "opening_hours": "",
        "cuisine": "",
        "food": "",
        "drink": "",
        "outdoor_seating": "yes",
        "indoor_seating": "yes",
        "internet_access": "",
        "real_ale": "",
        "real_cider": "",
        "live_music": "",
        "dog": "",
        "wheelchair": "",
        "toilets": "",
        "smoking": "",
        "wikidata": "",
        "wikipedia": "",
        "fetched_at_utc": "2026-10-07T11:43:04+00:00",
        "source_endpoint": "osm-extract",
        "tags": {
          "addr:city": "Salford",
          "addr:housenumber": "65",
          "addr:postcode": "M3 5BZ",
          "addr:street": "Chapel Street",
          "amenity": "pub",
          "check_date": "2024-09-07",
          "fhrs:id": "199779",
          "indoor_seating": "yes",
          "name": "The Black Lion Pub",
          "outdoor_seating": "yes",
          "source": "local_knowledge",
          "source:addr": "FHRS Open Data",
          "website": "https://theblacklionmanchester.co.uk/"
        }
      }
    },
    {
      "type": "Feature",
      "geometry": {
        "type": "Point",
        "coordinates": [
          -2.2492531,
          53.4809502
        ]
      },
      "properties": {
        "name": "The Bridge",
        "osm_type": "node",
        "osm_id": 4302617033,
        "address": "58 Bridge Street, Manchester, M3 3BW",
        "house_name": "",
        "house_number": "58",
        "street": "Bridge Street",
        "suburb": "",
        "city": "Manchester",
        "postcode": "M3 3BW",
        "country": "",
        "operator": "",
        "brewery": "",
        "website": "",
        "phone": "",
        "opening_hours": "",
        "cuisine": "",
        "food": "",
        "drink": "",
        "outdoor_seating": "",
        "indoor_seating": "",
        "internet_access": "",
        "real_ale": "",
        "real_cider": "",
        "live_music": "",
        "dog": "",
        "wheelchair": "limited",
        "toilets": "",
        "smoking": "",
        "wikidata": "",
        "wikipedia": "",
        "fetched_at_utc": "2026-10-07T11:43:04+00:00",
        "source_endpoint": "osm-extract",
        "tags": {
          "addr:city": "Manchester",
          "addr:housenumber": "58",
          "addr:postcode": "M3 3BW",
          "addr:street": "Bridge Street",
          "amenity": "pub",
          "check_date": "2026-04-03",
          "name": "The Bridge",
          "wheelchair": "limited"
        }
      }
    },
    {
      "type": "Feature",
      "geometry": {
        "type": "Point",
        "coordinates": [
          -2.2473231444444446,
          53.474951677777774
        ]
      },
      "properties": {
        "name": "The Briton's Protection",
        "osm_type": "way",
        "osm_id": 165386100,
        "address": "50 Great Bridgewater Street, Manchester, M1 5LE",
        "house_name": "",
        "house_number": "50",
        "street": "Great Bridgewater Street",
        "suburb": "",
        "city": "Manchester",
        "postcode": "M1 5LE",
        "country": "",
        "operator": "",
        "brewery": "",
        "website": "",
        "phone": "",
        "opening_hours": "",
        "cuisine": "",
        "food": "",
        "drink": "",
        "outdoor_seating": "",
        "indoor_seating": "",
        "internet_access": "",
        "real_ale": "",
        "real_cider": "",
        "live_music": "",
        "dog": "",
        "wheelchair": "limited",
        "toilets": "",
        "smoking": "",
        "wikidata": "Q21647629",
        "wikipedia": "en:The Briton's Protection",
        "fetched_at_utc": "2026-10-07T11:43:04+00:00",
        "source_endpoint": "osm-extract",
        "tags": {
          "addr:city": "Manchester",
          "addr:housenumber": "50",
          "addr:postcode": "M1 5LE",
          "addr:street": "Great Bridgewater Street",
          "amenity": "pub",
          "building": "yes",
          "fhrs:id": "1816345",
          "listed_status": "Grade II",
          "name": "The Briton's Protection",
          "ref:GB:uprn": "77253336;10090238423;77099708;77099573",
          "wheelchair": "limited",
          "wikidata": "Q21647629",
          "wikipedia": "en:The Briton's Protection"
        }
      }
    },
    {
      "type": "Feature",
      "geometry": {
        "type": "Point",
        "coordinates": [
          -2.23162444,
          53.47637676000001
        ]
      },
      "properties": {
        "name": "The Bull's Head",
        "osm_type": "way",
        "osm_id": 187808442,
        "address": "84 London Road, Manchester, M1 2PN",
        "house_name": "",
        "house_number": "84",
        "street": "London Road",
        "suburb": "",
        "city": "Manchester",
        "postcode": "M1 2PN",
        "country": "",
        "operator": "",
        "brewery": "",
        "website": "http://thebullsheadpiccadilly.co.uk/",
        "phone": "",
        "opening_hours": "",
        "cuisine": "",
        "food": "yes",
        "drink": "",
        "outdoor_seating": "no",
        "indoor_seating": "yes",
        "internet_access": "",
        "real_ale": "yes",
        "real_cider": "",
        "live_music": "",
        "dog": "",
        "wheelchair": "limited",
        "toilets": "",
        "smoking": "",
        "wikidata": "",
        "wikipedia": "",
        "fetched_at_utc": "2026-10-07T11:43:04+00:00",
        "source_endpoint": "osm-extract",
        "tags": {
          "addr:city": "Manchester",
          "addr:housenumber": "84",
          "addr:postcode": "M1 2PN",
          "addr:street": "London Road",
          "air_conditioning": "no",
          "amenity": "pub",
          "brand": "Marston's",
          "brand:wikidata": "Q6773982",
          "building": "yes",
          "camra": "yes",
          "fhrs:id": "1818734",
          "food": "yes",
          "indoor_seating": "yes",
          "name": "The Bull's Head",
          "outdoor_seating": "no",
          "real_ale": "yes",
          "ref:GB:uprn": "77241326;10090239084;77119602",
          "source": "bing",
          "website": "http://thebullsheadpiccadilly.co.uk/",
          "wheelchair": "limited"
        }
      }
    },
    {
      "type": "Feature",
      "geometry": {
        "type": "Point",
        "coordinates": [
          -2.2360424,
          53.4776981
        ]
      },
      "properties": {
        "name": "The Church",
        "osm_type": "node",
        "osm_id": 529054267,
        "address": "37 Chorlton Street, Manchester, M1 3HN",
        "house_name": "",
        "house_number": "37",
        "street": "Chorlton Street",
        "suburb": "",
        "city": "Manchester",
        "postcode": "M1 3HN",
        "country": "GB",
        "operator": "",
        "brewery": "",
        "website": "",
        "phone": "",
        "opening_hours": "",
        "cuisine": "",
        "food": "",
        "drink": "",
        "outdoor_seating": "",
        "indoor_seating": "",
        "internet_access": "",
        "real_ale": "",
        "real_cider": "",
        "live_music": "",
        "dog": "",
        "wheelchair": "yes",
        "toilets": "",
        "smoking": "",
        "wikidata": "",
        "wikipedia": "",
        "fetched_at_utc": "2026-10-07T11:43:04+00:00",
        "source_endpoint": "osm-extract",
        "tags": {
          "addr:city": "Manchester",
          "addr:country": "GB",
          "addr:housenumber": "37",
          "addr:postcode": "M1 3HN",
          "addr:street": "Chorlton Street",
          "amenity": "pub",
          "check_date": "2025-08-18",
          "lgbtq": "primary",
          "name": "The Church",
          "wheelchair": "yes"
        }
      }
    },
    {
      "type": "Feature",
      "geometry": {
        "type": "Point",
        "coordinates": [
          -2.2334248999999997,
          53.48445649999999
        ]
      },
      "properties": {
        "name": "The City",
        "osm_type": "way",
        "osm_id": 198726455,
        "address": "",
        "house_name": "",
        "house_number": "",
        "street": "",
        "suburb": "",
        "city": "",
        "postcode": "",
        "country": "",
        "operator": "",
        "brewery": "",
        "website": "",
        "phone": "",
        "opening_hours": "",
        "cuisine": "",
        "food": "",
        "drink": "",
        "outdoor_seating": "",
        "indoor_seating": "",
        "internet_access": "",
        "real_ale": "",
        "real_cider": "",
        "live_music": "",
        "dog": "",
        "wheelchair": "",
        "toilets": "",
        "smoking": "",
        "wikidata": "",
        "wikipedia": "",
        "fetched_at_utc": "2026-10-07T11:43:04+00:00",
        "source_endpoint": "osm-extract",
        "tags": {
          "amenity": "pub",
          "building": "yes",
          "name": "The City",
          "source": "survey"
        }
      }
    },
    {
      "type": "Feature",
      "geometry": {
        "type": "Point",
        "coordinates": [
          -2.2428786,
          53.4793471
        ]
      },
      "properties": {
        "name": "The City Arms",
        "osm_type": "node",
        "osm_id": 2684183725,
        "address": "46-48 Kennedy Street, Manchester, M2 4BQ",
        "house_name": "",
        "house_number": "46-48",
        "street": "Kennedy Street",
        "suburb": "",
        "city": "Manchester",
        "postcode": "M2 4BQ",
        "country": "",
        "operator": "",
        "brewery": "",
        "website": "",
        "phone": "",
        "opening_hours": "",
        "cuisine": "",
        "food": "",
        "drink": "",
        "outdoor_seating": "",
        "indoor_seating": "",
        "internet_access": "",
        "real_ale": "",
        "real_cider": "",
        "live_music": "",
        "dog": "",
        "wheelchair": "",
        "toilets": "",
        "smoking": "",
        "wikidata": "",
        "wikipedia": "",
        "fetched_at_utc": "2026-10-07T11:43:04+00:00",
        "source_endpoint": "osm-extract",
        "tags": {
          "addr:city": "Manchester",
          "addr:housenumber": "46-48",
          "addr:postcode": "M2 4BQ",
          "addr:street": "Kennedy Street",
          "amenity": "pub",
          "fhrs:id": "1819069",
          "name": "The City Arms"
        }
      }
    },
    {
      "type": "Feature",
      "geometry": {
        "type": "Point",
        "coordinates": [
          -2.20522334,
          53.4796769
        ]
      },
      "properties": {
        "name": "The Corner Shop",
        "osm_type": "way",
        "osm_id": 1126491825,
        "address": "Corner Shop, Rylance Street, M11 3NA",
        "house_name": "Corner Shop",
        "house_number": "",
        "street": "Rylance Street",
        "suburb": "",
        "city": "",
        "postcode": "M11 3NA",
        "country": "",
        "operator": "",
        "brewery": "",
        "website": "",
        "phone": "",
        "opening_hours": "",
        "cuisine": "",
        "food": "",
        "drink": "",
        "outdoor_seating": "",
        "indoor_seating": "",
        "internet_access": "",
        "real_ale": "",
        "real_cider": "",
        "live_music": "",
        "dog": "",
        "wheelchair": "",
        "toilets": "",
        "smoking": "",
        "wikidata": "",
        "wikipedia": "",
        "fetched_at_utc": "2026-10-07T11:43:04+00:00",
        "source_endpoint": "osm-extract",
        "tags": {
          "addr:housename": "Corner Shop",
          "addr:postcode": "M11 3NA",
          "addr:street": "Rylance Street",
          "amenity": "pub",
          "building": "retail",
          "name": "The Corner Shop",
          "ref:GB:uprn": "10024149947;77156080",
          "source:addr:postcode": "NSUL postcode overlay"
        }
      }
    },
    {
      "type": "Feature",
      "geometry": {
        "type": "Point",
        "coordinates": [
          -2.2423212,
          53.4717393
        ]
      },
      "properties": {
        "name": "The Courtyard",
        "osm_type": "node",
        "osm_id": 1645939471,
        "address": "The Courtyard, Chester Street, Manchester, M1 5SH",
        "house_name": "The Courtyard",
        "house_number": "",
        "street": "Chester Street",
        "suburb": "",
        "city": "Manchester",
        "postcode": "M1 5SH",
        "country": "GB",
        "operator": "",
        "brewery": "",
        "website": "",
        "phone": "",
        "opening_hours": "",
        "cuisine": "",
        "food": "",
        "drink": "",
        "outdoor_seating": "",
        "indoor_seating": "",
        "internet_access": "",
        "real_ale": "",
        "real_cider": "",
        "live_music": "",
        "dog": "",
        "wheelchair": "limited",
        "toilets": "",
        "smoking": "",
        "wikidata": "",
        "wikipedia": "",
        "fetched_at_utc": "2026-10-07T11:43:04+00:00",
        "source_endpoint": "osm-extract",
        "tags": {
          "addr:city": "Manchester",
          "addr:country": "GB",
          "addr:housename": "The Courtyard",
          "addr:postcode": "M1 5SH",
          "addr:street": "Chester Street",
          "amenity": "pub",
          "fhrs:id": "1819396",
          "name": "The Courtyard",
          "wheelchair": "limited"
        }
      }
    },
    {
      "type": "Feature",
      "geometry": {
        "type": "Point",
        "coordinates": [
          -2.232433,
          53.4848144
        ]
      },
      "properties": {
        "name": "The Crown & Kettle",
        "osm_type": "node",
        "osm_id": 303811097,
        "address": "2 Oldham Road, Manchester, M4 5FE",
        "house_name": "",
        "house_number": "2",
        "street": "Oldham Road",
        "suburb": "",
        "city": "Manchester",
        "postcode": "M4 5FE",
        "country": "",
        "operator": "",
        "brewery": "",
        "website": "",
        "phone": "",
        "opening_hours": "",
        "cuisine": "",
        "food": "yes",
        "drink": "",
        "outdoor_seating": "",
        "indoor_seating": "",
        "internet_access": "",
        "real_ale": "yes",
        "real_cider": "yes",
        "live_music": "",
        "dog": "",
        "wheelchair": "limited",
        "toilets": "",
        "smoking": "",
        "wikidata": "",
        "wikipedia": "",
        "fetched_at_utc": "2026-10-07T11:43:04+00:00",
        "source_endpoint": "osm-extract",
        "tags": {
          "addr:city": "Manchester",
          "addr:housenumber": "2",
          "addr:postcode": "M4 5FE",
          "addr:street": "Oldham Road",
          "amenity": "pub",
          "camra": "yes",
          "fhrs:id": "1820027",
          "food": "yes",
          "name": "The Crown & Kettle",
          "real_ale": "yes",
          "real_cider": "yes",
          "wheelchair": "limited"
        }
      }
    },
    {
      "type": "Feature",
      "geometry": {
        "type": "Point",
        "coordinates": [
          -2.2512277,
          53.4750991
        ]
      },
      "properties": {
        "name": "The Deansgate",
        "osm_type": "node",
        "osm_id": 2886288857,
        "address": "321 Deansgate, Manchester, M3 4LQ",
        "house_name": "",
        "house_number": "321",
        "street": "Deansgate",
        "suburb": "",
        "city": "Manchester",
        "postcode": "M3 4LQ",
        "country": "GB",
        "operator": "",
        "brewery": "",
        "website": "https://www.greeneking.co.uk/pubs/greater-manchester/deansgate",
        "phone": "",
        "opening_hours": "",
        "cuisine": "",
        "food": "",
        "drink": "",
        "outdoor_seating": "",
        "indoor_seating": "",
        "internet_access": "",
        "real_ale": "yes",
        "real_cider": "",
        "live_music": "",
        "dog": "",
        "wheelchair": "limited",
        "toilets": "",
        "smoking": "",
        "wikidata": "",
        "wikipedia": "",
        "fetched_at_utc": "2026-10-07T11:43:04+00:00",
        "source_endpoint": "osm-extract",
        "tags": {
          "addr:city": "Manchester",
          "addr:country": "GB",
          "addr:housenumber": "321",
          "addr:postcode": "M3 4LQ",
          "addr:street": "Deansgate",
          "amenity": "pub",
          "brand": "Greene King",
          "brand:wikidata": "Q5564162",
          "check_date:opening_hours": "2024-08-30",
          "fhrs:id": "1819532",
          "name": "The Deansgate",
          "opening_hours:signed": "no",
          "real_ale": "yes",
          "website": "https://www.greeneking.co.uk/pubs/greater-manchester/deansgate",
          "wheelchair": "limited"
        }
      }
    },
    {
      "type": "Feature",
      "geometry": {
        "type": "Point",
        "coordinates": [
          -2.2368676,
          53.4776882
        ]
      },
      "properties": {
        "name": "The Eagle",
        "osm_type": "node",
        "osm_id": 1295097476,
        "address": "15 Bloom Street, Manchester, M1 3HZ",
        "house_name": "",
        "house_number": "15",
        "street": "Bloom Street",
        "suburb": "",
        "city": "Manchester",
        "postcode": "M1 3HZ",
        "country": "GB",
        "operator": "",
        "brewery": "",
        "website": "https://www.eaglemanchester.com/",
        "phone": "",
        "opening_hours": "Mo-We 17:00-02:30; Th 17:00-03:00; Fr 17:00-05:00; Sa 17:00-03:00",
        "cuisine": "",
        "food": "",
        "drink": "",
        "outdoor_seating": "",
        "indoor_seating": "",
        "internet_access": "",
        "real_ale": "",
        "real_cider": "",
        "live_music": "",
        "dog": "",
        "wheelchair": "",
        "toilets": "",
        "smoking": "",
        "wikidata": "",
        "wikipedia": "",
        "fetched_at_utc": "2026-10-07T11:43:04+00:00",
        "source_endpoint": "osm-extract",
        "tags": {
          "addr:city": "Manchester",
          "addr:country": "GB",
          "addr:housenumber": "15",
          "addr:postcode": "M1 3HZ",
          "addr:street": "Bloom Street",
          "amenity": "pub",
          "email": "info@eaglemanchester.com",
          "fhrs:id": "1821313",
          "lgbtq": "primary",
          "lgbtq:men": "primary",
          "name": "The Eagle",
          "opening_hours": "Mo-We 17:00-02:30; Th 17:00-03:00; Fr 17:00-05:00; Sa 17:00-03:00",
          "postal_code": "M1 3HZ",
          "website": "https://www.eaglemanchester.com/"
        }
      }
    },
    {
      "type": "Feature",
      "geometry": {
        "type": "Point",
        "coordinates": [
          -2.2364887,
          53.4705235
        ]
      },
      "properties": {
        "name": "The Flour and Flagon",
        "osm_type": "node",
        "osm_id": 249501676,
        "address": "Grosvenor Street, Manchester, M1 7HL",
        "house_name": "",
        "house_number": "",
        "street": "Grosvenor Street",
        "suburb": "",
        "city": "Manchester",
        "postcode": "M1 7HL",
        "country": "",
        "operator": "Stonegate",
        "brewery": "",
        "website": "https://www.flourandflagon.co.uk/manchester",
        "phone": "",
        "opening_hours": "",
        "cuisine": "",
        "food": "yes",
        "drink": "",
        "outdoor_seating": "",
        "indoor_seating": "",
        "internet_access": "",
        "real_ale": "",
        "real_cider": "",
        "live_music": "",
        "dog": "",
        "wheelchair": "yes",
        "toilets": "",
        "smoking": "",
        "wikidata": "",
        "wikipedia": "",
        "fetched_at_utc": "2026-10-07T11:43:04+00:00",
        "source_endpoint": "osm-extract",
        "tags": {
          "addr:city": "Manchester",
          "addr:postcode": "M1 7HL",
          "addr:street": "Grosvenor Street",
          "amenity": "pub",
          "check_date": "2025-05-28",
          "food": "yes",
          "name": "The Flour and Flagon",
          "operator": "Stonegate",
          "operator:wikidata": "Q7619176",
          "toilets:wheelchair": "yes",
          "website": "https://www.flourandflagon.co.uk/manchester",
          "wheelchair": "yes"
        }
      }
    },
    {
      "type": "Feature",
      "geometry": {
        "type": "Point",
        "coordinates": [
          -2.2266611,
          53.4582074
        ]
      },
      "properties": {
        "name": "The Ford Madox Brown",
        "osm_type": "node",
        "osm_id": 258869419,
        "address": "1 Wilmslow Park Wilmslow Road, Manchester, M13 9PD",
        "house_name": "",
        "house_number": "1 Wilmslow Park",
        "street": "Wilmslow Road",
        "suburb": "",
        "city": "Manchester",
        "postcode": "M13 9PD",
        "country": "",
        "operator": "",
        "brewery": "",
        "website": "https://www.jdwetherspoon.com/pubs/all-pubs/england/manchester/the-ford-madox-brown-manchester",
        "phone": "",
        "opening_hours": "",
        "cuisine": "",
        "food": "yes",
        "drink": "",
        "outdoor_seating": "yes",
        "indoor_seating": "yes",
        "internet_access": "wlan",
        "real_ale": "yes",
        "real_cider": "",
        "live_music": "",
        "dog": "no",
        "wheelchair": "yes",
        "toilets": "",
        "smoking": "",
        "wikidata": "",
        "wikipedia": "",
        "fetched_at_utc": "2026-10-07T11:43:04+00:00",
        "source_endpoint": "osm-extract",
        "tags": {
          "addr:city": "Manchester",
          "addr:housenumber": "1 Wilmslow Park",
          "addr:postcode": "M13 9PD",
          "addr:street": "Wilmslow Road",
          "amenity": "pub",
          "brand": "Wetherspoon",
          "brand:wikidata": "Q6109362",
          "brand:wikipedia": "en:Wetherspoons",
          "dog": "no",
          "food": "yes",
          "indoor_seating": "yes",
          "internet_access": "wlan",
          "name": "The Ford Madox Brown",
          "outdoor_seating": "yes",
          "real_ale": "yes",
          "website": "https://www.jdwetherspoon.com/pubs/all-pubs/england/manchester/the-ford-madox-brown-manchester",
          "website:menu": "https://order.jdwetherspoon.com/venue/jdw/5613/menus",
          "wheelchair": "yes"
        }
      }
    },
    {
      "type": "Feature",
      "geometry": {
        "type": "Point",
        "coordinates": [
          -2.2373784000000003,
          53.474834800000004
        ]
      },
      "properties": {
        "name": "The Garratt",
        "osm_type": "way",
        "osm_id": 182517477,
        "address": "127 Princess Street, Manchester, M1 7AG",
        "house_name": "",
        "house_number": "127",
        "street": "Princess Street",
        "suburb": "",
        "city": "Manchester",
        "postcode": "M1 7AG",
        "country": "",
        "operator": "",
        "brewery": "",
        "website": "",
        "phone": "",
        "opening_hours": "",
        "cuisine": "",
        "food": "",
        "drink": "",
        "outdoor_seating": "yes",
        "indoor_seating": "yes",
        "internet_access": "",
        "real_ale": "",
        "real_cider": "",
        "live_music": "",
        "dog": "",
        "wheelchair": "",
        "toilets": "",
        "smoking": "",
        "wikidata": "",
        "wikipedia": "",
        "fetched_at_utc": "2026-10-07T11:43:04+00:00",
        "source_endpoint": "osm-extract",
        "tags": {
          "addr:city": "Manchester",
          "addr:housenumber": "127",
          "addr:postcode": "M1 7AG",
          "addr:street": "Princess Street",
          "amenity": "pub",
          "building": "yes",
          "building:levels": "2",
          "check_date": "2025-04-04",
          "fhrs:id": "1821423",
          "indoor_seating": "yes",
          "name": "The Garratt",
          "outdoor_seating": "yes",
          "source": "bing"
        }
      }
    },
    {
      "type": "Feature",
      "geometry": {
        "type": "Point",
        "coordinates": [
          -2.2373016,
          53.4774432
        ]
      },
      "properties": {
        "name": "The Goose",
        "osm_type": "node",
        "osm_id": 307987238,
        "address": "29 Bloom Street, Manchester, M1 3JE",
        "house_name": "",
        "house_number": "29",
        "street": "Bloom Street",
        "suburb": "",
        "city": "Manchester",
        "postcode": "M1 3JE",
        "country": "GB",
        "operator": "",
        "brewery": "",
        "website": "",
        "phone": "",
        "opening_hours": "",
        "cuisine": "",
        "food": "",
        "drink": "",
        "outdoor_seating": "",
        "indoor_seating": "",
        "internet_access": "",
        "real_ale": "yes",
        "real_cider": "",
        "live_music": "",
        "dog": "",
        "wheelchair": "",
        "toilets": "",
        "smoking": "",
        "wikidata": "",
        "wikipedia": "",
        "fetched_at_utc": "2026-10-07T11:43:04+00:00",
        "source_endpoint": "osm-extract",
        "tags": {
          "addr:city": "Manchester",
          "addr:country": "GB",
          "addr:housenumber": "29",
          "addr:postcode": "M1 3JE",
          "addr:street": "Bloom Street",
          "amenity": "pub",
          "fhrs:id": "1818712",
          "lgbtq:men": "primary",
          "name": "The Goose",
          "real_ale": "yes"
        }
      }
    },
    {
      "type": "Feature",
      "geometry": {
        "type": "Point",
        "coordinates": [
          -2.227714957142857,
          53.463540942857136
        ]
      },
      "properties": {
        "name": "The Grafton Arms",
        "osm_type": "way",
        "osm_id": 172944644,
        "address": "Grafton Street, M13 9WU",
        "house_name": "",
        "house_number": "",
        "street": "Grafton Street",
        "suburb": "",
        "city": "",
        "postcode": "M13 9WU",
        "country": "",
        "operator": "",
        "brewery": "",
        "website": "https://www.joseph-holt.com/pubs/grafton-arms",
        "phone": "",
        "opening_hours": "",
        "cuisine": "",
        "food": "",
        "drink": "",
        "outdoor_seating": "yes",
        "indoor_seating": "yes",
        "internet_access": "",
        "real_ale": "",
        "real_cider": "",
        "live_music": "",
        "dog": "",
        "wheelchair": "limited",
        "toilets": "",
        "smoking": "",
        "wikidata": "",
        "wikipedia": "",
        "fetched_at_utc": "2026-10-07T11:43:04+00:00",
        "source_endpoint": "osm-extract",
        "tags": {
          "addr:postcode": "M13 9WU",
          "addr:street": "Grafton Street",
          "amenity": "pub",
          "building": "yes",
          "fhrs:id": "1818727",
          "indoor_seating": "yes",
          "name": "The Grafton Arms",
          "outdoor_seating": "yes",
          "ref:GB:uprn": "77118679",
          "roof:colour": "grey",
          "website": "https://www.joseph-holt.com/pubs/grafton-arms",
          "wheelchair": "limited"
        }
      }
    },
    {
      "type": "Feature",
      "geometry": {
        "type": "Point",
        "coordinates": [
          -2.2307221,
          53.4622385
        ]
      },
      "properties": {
        "name": "The Grove",
        "osm_type": "node",
        "osm_id": 1492537231,
        "address": "",
        "house_name": "",
        "house_number": "",
        "street": "",
        "suburb": "",
        "city": "",
        "postcode": "",
        "country": "",
        "operator": "",
        "brewery": "",
        "website": "",
        "phone": "",
        "opening_hours": "",
        "cuisine": "",
        "food": "",
        "drink": "",
        "outdoor_seating": "no",
        "indoor_seating": "yes",
        "internet_access": "",
        "real_ale": "",
        "real_cider": "",
        "live_music": "",
        "dog": "",
        "wheelchair": "",
        "toilets": "",
        "smoking": "",
        "wikidata": "",
        "wikipedia": "",
        "fetched_at_utc": "2026-10-07T11:43:04+00:00",
        "source_endpoint": "osm-extract",
        "tags": {
          "amenity": "pub",
          "indoor_seating": "yes",
          "name": "The Grove",
          "outdoor_seating": "no"
        }
      }
    },
    {
      "type": "Feature",
      "geometry": {
        "type": "Point",
        "coordinates": [
          -2.2378955,
          53.4851024
        ]
      },
      "properties": {
        "name": "The Hare & Hounds",
        "osm_type": "node",
        "osm_id": 11207220022,
        "address": "46 Shudehill, Manchester, M4 4AA",
        "house_name": "",
        "house_number": "46",
        "street": "Shudehill",
        "suburb": "",
        "city": "Manchester",
        "postcode": "M4 4AA",
        "country": "",
        "operator": "Joseph Holt",
        "brewery": "Joseph Holt",
        "website": "",
        "phone": "",
        "opening_hours": "",
        "cuisine": "",
        "food": "",
        "drink": "",
        "outdoor_seating": "",
        "indoor_seating": "yes",
        "internet_access": "wlan",
        "real_ale": "Joseph Holt's Bitter",
        "real_cider": "",
        "live_music": "",
        "dog": "",
        "wheelchair": "no",
        "toilets": "",
        "smoking": "",
        "wikidata": "",
        "wikipedia": "",
        "fetched_at_utc": "2026-10-07T11:43:04+00:00",
        "source_endpoint": "osm-extract",
        "tags": {
          "addr:city": "Manchester",
          "addr:housenumber": "46",
          "addr:postcode": "M4 4AA",
          "addr:street": "Shudehill",
          "amenity": "pub",
          "brewery": "Joseph Holt",
          "floor:material": "wood",
          "indoor_seating": "yes",
          "internet_access": "wlan",
          "internet_access:fee": "no",
          "name": "The Hare & Hounds",
          "operator": "Joseph Holt",
          "real_ale": "Joseph Holt's Bitter",
          "toilets:access": "customers",
          "wheelchair": "no",
          "wheelchair:description": "2 large steps at front entrance. Much smaller step at back entrance."
        }
      }
    },
    {
      "type": "Feature",
      "geometry": {
        "type": "Point",
        "coordinates": [
          -2.2333954,
          53.481227
        ]
      },
      "properties": {
        "name": "The Head of Steam",
        "osm_type": "node",
        "osm_id": 4622359090,
        "address": "16 Newton Street, Manchester, M1 2AE",
        "house_name": "",
        "house_number": "16",
        "street": "Newton Street",
        "suburb": "",
        "city": "Manchester",
        "postcode": "M1 2AE",
        "country": "GB",
        "operator": "",
        "brewery": "",
        "website": "https://www.theheadofsteam.co.uk/bars/manchesternq",
        "phone": "+44 161 672 9300",
        "opening_hours": "Su-Th 12:00-23:00; Fr-Sa 12:00-24:00",
        "cuisine": "japanese;fusion;cocktails",
        "food": "",
        "drink": "",
        "outdoor_seating": "no",
        "indoor_seating": "",
        "internet_access": "",
        "real_ale": "",
        "real_cider": "",
        "live_music": "",
        "dog": "",
        "wheelchair": "",
        "toilets": "",
        "smoking": "",
        "wikidata": "",
        "wikipedia": "",
        "fetched_at_utc": "2026-10-07T11:43:04+00:00",
        "source_endpoint": "osm-extract",
        "tags": {
          "addr:city": "Manchester",
          "addr:country": "GB",
          "addr:housenumber": "16",
          "addr:postcode": "M1 2AE",
          "addr:street": "Newton Street",
          "amenity": "pub",
          "check_date": "2026-07-08",
          "closed": "yes",
          "cuisine": "japanese;fusion;cocktails",
          "email": "manchesternq@theheadofsteam.co.uk",
          "name": "The Head of Steam",
          "opening_hours": "Su-Th 12:00-23:00; Fr-Sa 12:00-24:00",
          "outdoor_seating": "no",
          "phone": "+44 161 672 9300",
          "website": "https://www.theheadofsteam.co.uk/bars/manchesternq"
        }
      }
    },
    {
      "type": "Feature",
      "geometry": {
        "type": "Point",
        "coordinates": [
          -2.2378191,
          53.4741168
        ]
      },
      "properties": {
        "name": "The Lass O'Gowrie",
        "osm_type": "node",
        "osm_id": 9767490612,
        "address": "36 Charles Street, Manchester, M1 7DB",
        "house_name": "",
        "house_number": "36",
        "street": "Charles Street",
        "suburb": "",
        "city": "Manchester",
        "postcode": "M1 7DB",
        "country": "",
        "operator": "",
        "brewery": "",
        "website": "https://www.greeneking.co.uk/pubs/greater-manchester/lass-o-gowrie",
        "phone": "",
        "opening_hours": "Su-We 12:00-00:00; Th-Sa 12:00-01:00",
        "cuisine": "",
        "food": "no",
        "drink": "",
        "outdoor_seating": "yes",
        "indoor_seating": "yes",
        "internet_access": "",
        "real_ale": "yes",
        "real_cider": "",
        "live_music": "",
        "dog": "",
        "wheelchair": "",
        "toilets": "",
        "smoking": "",
        "wikidata": "",
        "wikipedia": "",
        "fetched_at_utc": "2026-10-07T11:43:04+00:00",
        "source_endpoint": "osm-extract",
        "tags": {
          "addr:city": "Manchester",
          "addr:housenumber": "36",
          "addr:postcode": "M1 7DB",
          "addr:street": "Charles Street",
          "air_conditioning": "no",
          "amenity": "pub",
          "brand": "Greene King",
          "brand:wikidata": "Q5564162",
          "fhrs:id": "1818717",
          "food": "no",
          "indoor_seating": "yes",
          "name": "The Lass O'Gowrie",
          "opening_hours": "Su-We 12:00-00:00; Th-Sa 12:00-01:00",
          "outdoor_seating": "yes",
          "real_ale": "yes",
          "website": "https://www.greeneking.co.uk/pubs/greater-manchester/lass-o-gowrie",
          "wifi": "no"
        }
      }
    },
    {
      "type": "Feature",
      "geometry": {
        "type": "Point",
        "coordinates": [
          -2.2484397,
          53.4805334
        ]
      },
      "properties": {
        "name": "The Lost Dene",
        "osm_type": "node",
        "osm_id": 324681908,
        "address": "144 Deansgate, Manchester, M3 3EE",
        "house_name": "",
        "house_number": "144",
        "street": "Deansgate",
        "suburb": "",
        "city": "Manchester",
        "postcode": "M3 3EE",
        "country": "GB",
        "operator": "Stonegate",
        "brewery": "",
        "website": "https://www.greatukpubs.co.uk/lost-dene-manchester",
        "phone": "+44 161 839 9035",
        "opening_hours": "",
        "cuisine": "",
        "food": "",
        "drink": "",
        "outdoor_seating": "",
        "indoor_seating": "",
        "internet_access": "",
        "real_ale": "",
        "real_cider": "",
        "live_music": "",
        "dog": "",
        "wheelchair": "yes",
        "toilets": "yes",
        "smoking": "",
        "wikidata": "",
        "wikipedia": "",
        "fetched_at_utc": "2026-10-07T11:43:04+00:00",
        "source_endpoint": "osm-extract",
        "tags": {
          "addr:city": "Manchester",
          "addr:country": "GB",
          "addr:housenumber": "144",
          "addr:postcode": "M3 3EE",
          "addr:street": "Deansgate",
          "amenity": "pub",
          "name": "The Lost Dene",
          "operator": "Stonegate",
          "operator:wikidata": "Q7619176",
          "phone": "+44 161 839 9035",
          "toilets": "yes",
          "toilets:wheelchair": "yes",
          "website": "https://www.greatukpubs.co.uk/lost-dene-manchester",
          "wheelchair": "yes"
        }
      }
    },
    {
      "type": "Feature",
      "geometry": {
        "type": "Point",
        "coordinates": [
          -2.2383403,
          53.4848436
        ]
      },
      "properties": {
        "name": "The Lower Turk's Head",
        "osm_type": "node",
        "osm_id": 2683674332,
        "address": "34-36 Shudehill, Manchester, M4 1EZ",
        "house_name": "",
        "house_number": "34-36",
        "street": "Shudehill",
        "suburb": "",
        "city": "Manchester",
        "postcode": "M4 1EZ",
        "country": "",
        "operator": "",
        "brewery": "",
        "website": "",
        "phone": "",
        "opening_hours": "",
        "cuisine": "",
        "food": "",
        "drink": "",
        "outdoor_seating": "yes",
        "indoor_seating": "yes",
        "internet_access": "",
        "real_ale": "",
        "real_cider": "",
        "live_music": "",
        "dog": "",
        "wheelchair": "",
        "toilets": "",
        "smoking": "",
        "wikidata": "",
        "wikipedia": "",
        "fetched_at_utc": "2026-10-07T11:43:04+00:00",
        "source_endpoint": "osm-extract",
        "tags": {
          "addr:city": "Manchester",
          "addr:housenumber": "34-36",
          "addr:postcode": "M4 1EZ",
          "addr:street": "Shudehill",
          "amenity": "pub",
          "fhrs:id": "1821329",
          "indoor_seating": "yes",
          "name": "The Lower Turk's Head",
          "outdoor_seating": "yes"
        }
      }
    },
    {
      "type": "Feature",
      "geometry": {
        "type": "Point",
        "coordinates": [
          -2.232339,
          53.4882145
        ]
      },
      "properties": {
        "name": "The Marble Arch Inn",
        "osm_type": "node",
        "osm_id": 307642219,
        "address": "73 Rochdale Road, Manchester, M4 4HY",
        "house_name": "",
        "house_number": "73",
        "street": "Rochdale Road",
        "suburb": "",
        "city": "Manchester",
        "postcode": "M4 4HY",
        "country": "",
        "operator": "Marble Beers",
        "brewery": "",
        "website": "https://marblebeers.com/the-marble-arch/",
        "phone": "",
        "opening_hours": "Mo, We-Th 12:00-22:00; Fr-Sa 12:00-23:00; Su 12:00-20:00",
        "cuisine": "",
        "food": "yes",
        "drink": "",
        "outdoor_seating": "",
        "indoor_seating": "",
        "internet_access": "wlan",
        "real_ale": "yes",
        "real_cider": "yes",
        "live_music": "",
        "dog": "",
        "wheelchair": "limited",
        "toilets": "",
        "smoking": "",
        "wikidata": "",
        "wikipedia": "",
        "fetched_at_utc": "2026-10-07T11:43:04+00:00",
        "source_endpoint": "osm-extract",
        "tags": {
          "addr:city": "Manchester",
          "addr:housenumber": "73",
          "addr:postcode": "M4 4HY",
          "addr:street": "Rochdale Road",
          "amenity": "pub",
          "camra": "yes",
          "check_date": "2026-05-22",
          "check_date:opening_hours": "2026-05-22",
          "craft_beer": "yes",
          "fhrs:id": "1818826",
          "food": "yes",
          "internet_access": "wlan",
          "name": "The Marble Arch Inn",
          "opening_hours": "Mo, We-Th 12:00-22:00; Fr-Sa 12:00-23:00; Su 12:00-20:00",
          "operator": "Marble Beers",
          "real_ale": "yes",
          "real_cider": "yes",
          "toilets:wheelchair": "no",
          "website": "https://marblebeers.com/the-marble-arch/",
          "wheelchair": "limited"
        }
      }
    },
    {
      "type": "Feature",
      "geometry": {
        "type": "Point",
        "coordinates": [
          -2.2310037,
          53.4778949
        ]
      },
      "properties": {
        "name": "The Mill",
        "osm_type": "node",
        "osm_id": 4267863889,
        "address": "Piccadilly Station, Piccadilly Station Approach, Manchester, M1 2BN",
        "house_name": "Piccadilly Station",
        "house_number": "",
        "street": "Piccadilly Station Approach",
        "suburb": "",
        "city": "Manchester",
        "postcode": "M1 2BN",
        "country": "",
        "operator": "",
        "brewery": "",
        "website": "",
        "phone": "",
        "opening_hours": "",
        "cuisine": "",
        "food": "yes",
        "drink": "",
        "outdoor_seating": "no",
        "indoor_seating": "yes",
        "internet_access": "",
        "real_ale": "barely, not more than 1 'house' beer often off",
        "real_cider": "",
        "live_music": "",
        "dog": "",
        "wheelchair": "",
        "toilets": "",
        "smoking": "",
        "wikidata": "",
        "wikipedia": "",
        "fetched_at_utc": "2026-10-07T11:43:04+00:00",
        "source_endpoint": "osm-extract",
        "tags": {
          "addr:city": "Manchester",
          "addr:housename": "Piccadilly Station",
          "addr:postcode": "M1 2BN",
          "addr:street": "Piccadilly Station Approach",
          "amenity": "pub",
          "check_date": "2025-02-01",
          "fhrs:id": "1820140",
          "fhrs:local_authority_id": "AC-072024-014890",
          "food": "yes",
          "indoor_seating": "yes",
          "layer": "2",
          "level": "2",
          "name": "The Mill",
          "outdoor_seating": "no",
          "real_ale": "barely, not more than 1 'house' beer often off",
          "source:addr": "FHRS Open Data"
        }
      }
    },
    {
      "type": "Feature",
      "geometry": {
        "type": "Point",
        "coordinates": [
          -2.2357689,
          53.4836443
        ]
      },
      "properties": {
        "name": "The Millstone",
        "osm_type": "node",
        "osm_id": 11811330103,
        "address": "65-67 Thomas Street, Manchester, M4 1LQ",
        "house_name": "",
        "house_number": "65-67",
        "street": "Thomas Street",
        "suburb": "",
        "city": "Manchester",
        "postcode": "M4 1LQ",
        "country": "",
        "operator": "",
        "brewery": "",
        "website": "",
        "phone": "",
        "opening_hours": "",
        "cuisine": "",
        "food": "",
        "drink": "",
        "outdoor_seating": "",
        "indoor_seating": "",
        "internet_access": "",
        "real_ale": "yes",
        "real_cider": "",
        "live_music": "",
        "dog": "",
        "wheelchair": "no",
        "toilets": "",
        "smoking": "",
        "wikidata": "",
        "wikipedia": "",
        "fetched_at_utc": "2026-10-07T11:43:04+00:00",
        "source_endpoint": "osm-extract",
        "tags": {
          "addr:city": "Manchester",
          "addr:housenumber": "65-67",
          "addr:postcode": "M4 1LQ",
          "addr:street": "Thomas Street",
          "amenity": "pub",
          "fhrs:id": "1831334",
          "microbrewery": "no",
          "name": "The Millstone",
          "real_ale": "yes",
          "takeaway": "no",
          "wheelchair": "no"
        }
      }
    },
    {
      "type": "Feature",
      "geometry": {
        "type": "Point",
        "coordinates": [
          -2.2499547,
          53.4779495
        ]
      },
      "properties": {
        "name": "The Milton Club",
        "osm_type": "node",
        "osm_id": 6283562718,
        "address": "244 Deansgate, Manchester, M3 4BQ",
        "house_name": "",
        "house_number": "244",
        "street": "Deansgate",
        "suburb": "",
        "city": "Manchester",
        "postcode": "M3 4BQ",
        "country": "GB",
        "operator": "",
        "brewery": "",
        "website": "",
        "phone": "",
        "opening_hours": "",
        "cuisine": "",
        "food": "",
        "drink": "",
        "outdoor_seating": "",
        "indoor_seating": "",
        "internet_access": "",
        "real_ale": "",
        "real_cider": "",
        "live_music": "",
        "dog": "",
        "wheelchair": "",
        "toilets": "",
        "smoking": "",
        "wikidata": "",
        "wikipedia": "",
        "fetched_at_utc": "2026-10-07T11:43:04+00:00",
        "source_endpoint": "osm-extract",
        "tags": {
          "addr:city": "Manchester",
          "addr:country": "GB",
          "addr:housenumber": "244",
          "addr:postcode": "M3 4BQ",
          "addr:street": "Deansgate",
          "amenity": "pub",
          "name": "The Milton Club"
        }
      }
    },
    {
      "type": "Feature",
      "geometry": {
        "type": "Point",
        "coordinates": [
          -2.2442591,
          53.4845542
        ]
      },
      "properties": {
        "name": "The Mitre",
        "osm_type": "node",
        "osm_id": 2684074128,
        "address": "1-3 Cathedral Gates, Manchester, M3 1SW",
        "house_name": "",
        "house_number": "1-3",
        "street": "Cathedral Gates",
        "suburb": "",
        "city": "Manchester",
        "postcode": "M3 1SW",
        "country": "GB",
        "operator": "",
        "brewery": "",
        "website": "",
        "phone": "",
        "opening_hours": "",
        "cuisine": "",
        "food": "",
        "drink": "",
        "outdoor_seating": "yes",
        "indoor_seating": "yes",
        "internet_access": "",
        "real_ale": "",
        "real_cider": "",
        "live_music": "",
        "dog": "",
        "wheelchair": "no",
        "toilets": "",
        "smoking": "",
        "wikidata": "",
        "wikipedia": "",
        "fetched_at_utc": "2026-10-07T11:43:04+00:00",
        "source_endpoint": "osm-extract",
        "tags": {
          "addr:city": "Manchester",
          "addr:country": "GB",
          "addr:housenumber": "1-3",
          "addr:postcode": "M3 1SW",
          "addr:street": "Cathedral Gates",
          "amenity": "pub",
          "indoor_seating": "yes",
          "name": "The Mitre",
          "outdoor_seating": "yes",
          "wheelchair": "no"
        }
      }
    },
    {
      "type": "Feature",
      "geometry": {
        "type": "Point",
        "coordinates": [
          -2.237098,
          53.4773216
        ]
      },
      "properties": {
        "name": "The Molly House",
        "osm_type": "node",
        "osm_id": 1295097470,
        "address": "26 Richmond Street, Manchester, M1 3NB",
        "house_name": "",
        "house_number": "26",
        "street": "Richmond Street",
        "suburb": "",
        "city": "Manchester",
        "postcode": "M1 3NB",
        "country": "GB",
        "operator": "",
        "brewery": "",
        "website": "https://www.themollyhouse.com/",
        "phone": "",
        "opening_hours": "",
        "cuisine": "tapas",
        "food": "yes",
        "drink": "",
        "outdoor_seating": "",
        "indoor_seating": "",
        "internet_access": "",
        "real_ale": "yes",
        "real_cider": "",
        "live_music": "",
        "dog": "",
        "wheelchair": "",
        "toilets": "yes",
        "smoking": "",
        "wikidata": "",
        "wikipedia": "",
        "fetched_at_utc": "2026-10-07T11:43:04+00:00",
        "source_endpoint": "osm-extract",
        "tags": {
          "addr:city": "Manchester",
          "addr:country": "GB",
          "addr:housenumber": "26",
          "addr:postcode": "M1 3NB",
          "addr:street": "Richmond Street",
          "amenity": "pub",
          "cuisine": "tapas",
          "diet:vegan": "yes",
          "diet:vegetarian": "yes",
          "fhrs:id": "1821417",
          "food": "yes",
          "lgbtq": "primary",
          "name": "The Molly House",
          "real_ale": "yes",
          "toilets": "yes",
          "toilets:access": "customers",
          "website": "https://www.themollyhouse.com/"
        }
      }
    },
    {
      "type": "Feature",
      "geometry": {
        "type": "Point",
        "coordinates": [
          -2.2468981,
          53.4828248
        ]
      },
      "properties": {
        "name": "The Moon Under Water",
        "osm_type": "node",
        "osm_id": 433743946,
        "address": "68-74 Deansgate, Manchester, M3 2FN",
        "house_name": "",
        "house_number": "68-74",
        "street": "Deansgate",
        "suburb": "",
        "city": "Manchester",
        "postcode": "M3 2FN",
        "country": "GB",
        "operator": "",
        "brewery": "",
        "website": "",
        "phone": "",
        "opening_hours": "",
        "cuisine": "",
        "food": "yes",
        "drink": "",
        "outdoor_seating": "",
        "indoor_seating": "",
        "internet_access": "",
        "real_ale": "yes",
        "real_cider": "yes",
        "live_music": "",
        "dog": "no",
        "wheelchair": "limited",
        "toilets": "yes",
        "smoking": "",
        "wikidata": "",
        "wikipedia": "",
        "fetched_at_utc": "2026-10-07T11:43:04+00:00",
        "source_endpoint": "osm-extract",
        "tags": {
          "addr:city": "Manchester",
          "addr:country": "GB",
          "addr:housenumber": "68-74",
          "addr:postcode": "M3 2FN",
          "addr:street": "Deansgate",
          "amenity": "pub",
          "brand": "Wetherspoon",
          "brand:wikidata": "Q6109362",
          "brand:wikipedia": "en:Wetherspoons",
          "contact:website": "https://www.jdwetherspoon.com/pubs/all-pubs/england/manchester/the-moon-under-water-manchester",
          "dog": "no",
          "fhrs:id": "1819412",
          "food": "yes",
          "name": "The Moon Under Water",
          "real_ale": "yes",
          "real_cider": "yes",
          "source:name": "local_knowledge",
          "toilets": "yes",
          "toilets:wheelchair": "yes",
          "website:menu": "https://order.jdwetherspoon.com/venue/jdw/193/menus",
          "wheelchair": "limited"
        }
      }
    },
    {
      "type": "Feature",
      "geometry": {
        "type": "Point",
        "coordinates": [
          -2.2592912,
          53.4837153
        ]
      },
      "properties": {
        "name": "The New Oxford",
        "osm_type": "node",
        "osm_id": 1359418285,
        "address": "11 Bexley Square, Salford, M3 6DB",
        "house_name": "",
        "house_number": "11",
        "street": "Bexley Square",
        "suburb": "",
        "city": "Salford",
        "postcode": "M3 6DB",
        "country": "",
        "operator": "",
        "brewery": "",
        "website": "",
        "phone": "",
        "opening_hours": "",
        "cuisine": "",
        "food": "",
        "drink": "",
        "outdoor_seating": "",
        "indoor_seating": "",
        "internet_access": "",
        "real_ale": "yes",
        "real_cider": "yes",
        "live_music": "",
        "dog": "",
        "wheelchair": "",
        "toilets": "",
        "smoking": "",
        "wikidata": "",
        "wikipedia": "",
        "fetched_at_utc": "2026-10-07T11:43:04+00:00",
        "source_endpoint": "osm-extract",
        "tags": {
          "addr:city": "Salford",
          "addr:housenumber": "11",
          "addr:postcode": "M3 6DB",
          "addr:street": "Bexley Square",
          "amenity": "pub",
          "fhrs:id": "137992",
          "fixme:addr2": "11 Bexley Square",
          "name": "The New Oxford",
          "real_ale": "yes",
          "real_cider": "yes",
          "source:addr": "FHRS Open Data"
        }
      }
    },
    {
      "type": "Feature",
      "geometry": {
        "type": "Point",
        "coordinates": [
          -2.2384702,
          53.4762896
        ]
      },
      "properties": {
        "name": "The New Union",
        "osm_type": "node",
        "osm_id": 529051264,
        "address": "111 Princess Street, Manchester, M1 6JB",
        "house_name": "",
        "house_number": "111",
        "street": "Princess Street",
        "suburb": "",
        "city": "Manchester",
        "postcode": "M1 6JB",
        "country": "GB",
        "operator": "",
        "brewery": "",
        "website": "",
        "phone": "+44 161 870 0031",
        "opening_hours": "",
        "cuisine": "",
        "food": "",
        "drink": "",
        "outdoor_seating": "",
        "indoor_seating": "",
        "internet_access": "",
        "real_ale": "",
        "real_cider": "",
        "live_music": "",
        "dog": "",
        "wheelchair": "",
        "toilets": "",
        "smoking": "",
        "wikidata": "",
        "wikipedia": "",
        "fetched_at_utc": "2026-10-07T11:43:04+00:00",
        "source_endpoint": "osm-extract",
        "tags": {
          "addr:city": "Manchester",
          "addr:country": "GB",
          "addr:housenumber": "111",
          "addr:postcode": "M1 6JB",
          "addr:street": "Princess Street",
          "amenity": "pub",
          "check_date:opening_hours": "2023-07-30",
          "fhrs:id": "1818824",
          "lgbtq": "primary",
          "name": "The New Union",
          "opening_hours:signed": "no",
          "phone": "+44 161 870 0031",
          "postal_code": "M1 6JB"
        }
      }
    },
    {
      "type": "Feature",
      "geometry": {
        "type": "Point",
        "coordinates": [
          -2.2347213,
          53.483457
        ]
      },
      "properties": {
        "name": "The Northern",
        "osm_type": "node",
        "osm_id": 308375649,
        "address": "Oldham Street",
        "house_name": "",
        "house_number": "",
        "street": "Oldham Street",
        "suburb": "",
        "city": "",
        "postcode": "",
        "country": "",
        "operator": "",
        "brewery": "",
        "website": "",
        "phone": "",
        "opening_hours": "",
        "cuisine": "",
        "food": "",
        "drink": "",
        "outdoor_seating": "",
        "indoor_seating": "",
        "internet_access": "",
        "real_ale": "yes",
        "real_cider": "",
        "live_music": "",
        "dog": "",
        "wheelchair": "",
        "toilets": "",
        "smoking": "",
        "wikidata": "",
        "wikipedia": "",
        "fetched_at_utc": "2026-10-07T11:43:04+00:00",
        "source_endpoint": "osm-extract",
        "tags": {
          "addr:street": "Oldham Street",
          "amenity": "pub",
          "name": "The Northern",
          "real_ale": "yes",
          "source": "survey"
        }
      }
    },
    {
      "type": "Feature",
      "geometry": {
        "type": "Point",
        "coordinates": [
          -2.251199966666667,
          53.48063523333333
        ]
      },
      "properties": {
        "name": "The Oast House",
        "osm_type": "way",
        "osm_id": 1003382209,
        "address": "The Oast House, Crown Square, Manchester, M3 3AY",
        "house_name": "The Oast House",
        "house_number": "",
        "street": "Crown Square",
        "suburb": "",
        "city": "Manchester",
        "postcode": "M3 3AY",
        "country": "",
        "operator": "",
        "brewery": "",
        "website": "",
        "phone": "",
        "opening_hours": "",
        "cuisine": "",
        "food": "",
        "drink": "",
        "outdoor_seating": "",
        "indoor_seating": "",
        "internet_access": "",
        "real_ale": "",
        "real_cider": "",
        "live_music": "",
        "dog": "",
        "wheelchair": "",
        "toilets": "",
        "smoking": "",
        "wikidata": "",
        "wikipedia": "",
        "fetched_at_utc": "2026-10-07T11:43:04+00:00",
        "source_endpoint": "osm-extract",
        "tags": {
          "addr:city": "Manchester",
          "addr:housename": "The Oast House",
          "addr:postcode": "M3 3AY",
          "addr:street": "Crown Square",
          "amenity": "pub",
          "building": "yes",
          "fhrs:id": "1816760",
          "name": "The Oast House"
        }
      }
    },
    {
      "type": "Feature",
      "geometry": {
        "type": "Point",
        "coordinates": [
          -2.2401028,
          53.4777123
        ]
      },
      "properties": {
        "name": "The Old Monkey",
        "osm_type": "node",
        "osm_id": 292093177,
        "address": "The Old Monkey, 90-92 Portland Street, Manchester, M1 4GX",
        "house_name": "The Old Monkey",
        "house_number": "90-92",
        "street": "Portland Street",
        "suburb": "",
        "city": "Manchester",
        "postcode": "M1 4GX",
        "country": "GB",
        "operator": "",
        "brewery": "",
        "website": "",
        "phone": "",
        "opening_hours": "",
        "cuisine": "",
        "food": "",
        "drink": "",
        "outdoor_seating": "no",
        "indoor_seating": "yes",
        "internet_access": "",
        "real_ale": "yes",
        "real_cider": "",
        "live_music": "",
        "dog": "",
        "wheelchair": "no",
        "toilets": "",
        "smoking": "",
        "wikidata": "",
        "wikipedia": "",
        "fetched_at_utc": "2026-10-07T11:43:04+00:00",
        "source_endpoint": "osm-extract",
        "tags": {
          "addr:city": "Manchester",
          "addr:country": "GB",
          "addr:housename": "The Old Monkey",
          "addr:housenumber": "90-92",
          "addr:postcode": "M1 4GX",
          "addr:street": "Portland Street",
          "amenity": "pub",
          "fhrs:id": "1819456",
          "indoor_seating": "yes",
          "name": "The Old Monkey",
          "outdoor_seating": "no",
          "real_ale": "yes",
          "wheelchair": "no"
        }
      }
    },
    {
      "type": "Feature",
      "geometry": {
        "type": "Point",
        "coordinates": [
          -2.24803342,
          53.47917522
        ]
      },
      "properties": {
        "name": "The Old Nags Head",
        "osm_type": "way",
        "osm_id": 1046196264,
        "address": "19 Jackson's Row, Manchester, M2 5WD",
        "house_name": "",
        "house_number": "19",
        "street": "Jackson's Row",
        "suburb": "",
        "city": "Manchester",
        "postcode": "M2 5WD",
        "country": "",
        "operator": "",
        "brewery": "",
        "website": "",
        "phone": "",
        "opening_hours": "",
        "cuisine": "",
        "food": "",
        "drink": "",
        "outdoor_seating": "",
        "indoor_seating": "",
        "internet_access": "",
        "real_ale": "",
        "real_cider": "",
        "live_music": "",
        "dog": "",
        "wheelchair": "",
        "toilets": "",
        "smoking": "",
        "wikidata": "",
        "wikipedia": "",
        "fetched_at_utc": "2026-10-07T11:43:04+00:00",
        "source_endpoint": "osm-extract",
        "tags": {
          "addr:city": "Manchester",
          "addr:housenumber": "19",
          "addr:postcode": "M2 5WD",
          "addr:street": "Jackson's Row",
          "amenity": "pub",
          "building": "retail",
          "name": "The Old Nags Head"
        }
      }
    },
    {
      "type": "Feature",
      "geometry": {
        "type": "Point",
        "coordinates": [
          -2.2655518,
          53.4838593
        ]
      },
      "properties": {
        "name": "The Old Pint Pot",
        "osm_type": "node",
        "osm_id": 1982756226,
        "address": "Adelphi Street, Salford, M3 6EN",
        "house_name": "",
        "house_number": "",
        "street": "Adelphi Street",
        "suburb": "",
        "city": "Salford",
        "postcode": "M3 6EN",
        "country": "",
        "operator": "",
        "brewery": "",
        "website": "https://www.oldpintpotsheffield.co.uk/",
        "phone": "+44 161 839 7958",
        "opening_hours": "",
        "cuisine": "",
        "food": "yes",
        "drink": "",
        "outdoor_seating": "",
        "indoor_seating": "",
        "internet_access": "",
        "real_ale": "",
        "real_cider": "",
        "live_music": "",
        "dog": "",
        "wheelchair": "",
        "toilets": "",
        "smoking": "",
        "wikidata": "",
        "wikipedia": "",
        "fetched_at_utc": "2026-10-07T11:43:04+00:00",
        "source_endpoint": "osm-extract",
        "tags": {
          "addr:city": "Salford",
          "addr:postcode": "M3 6EN",
          "addr:street": "Adelphi Street",
          "amenity": "pub",
          "diet:vegan": "yes",
          "diet:vegetarian": "yes",
          "fhrs:id": "142904",
          "food": "yes",
          "name": "The Old Pint Pot",
          "phone": "+44 161 839 7958",
          "website": "https://www.oldpintpotsheffield.co.uk/"
        }
      }
    },
    {
      "type": "Feature",
      "geometry": {
        "type": "Point",
        "coordinates": [
          -2.24401065,
          53.48469346666666
        ]
      },
      "properties": {
        "name": "The Old Wellington Inn",
        "osm_type": "way",
        "osm_id": 282756725,
        "address": "4 Cathedral Gates, Manchester, M3 1SW",
        "house_name": "",
        "house_number": "4",
        "street": "Cathedral Gates",
        "suburb": "",
        "city": "Manchester",
        "postcode": "M3 1SW",
        "country": "GB",
        "operator": "",
        "brewery": "",
        "website": "https://www.nicholsonspubs.co.uk/restaurants/northwest/theoldwellingtonmanchester",
        "phone": "",
        "opening_hours": "",
        "cuisine": "",
        "food": "yes",
        "drink": "",
        "outdoor_seating": "yes",
        "indoor_seating": "yes",
        "internet_access": "",
        "real_ale": "yes",
        "real_cider": "",
        "live_music": "",
        "dog": "",
        "wheelchair": "yes",
        "toilets": "",
        "smoking": "outside",
        "wikidata": "Q7754934",
        "wikipedia": "en:The Old Wellington Inn",
        "fetched_at_utc": "2026-10-07T11:43:04+00:00",
        "source_endpoint": "osm-extract",
        "tags": {
          "HE_ref": "1270698",
          "addr:city": "Manchester",
          "addr:country": "GB",
          "addr:housenumber": "4",
          "addr:postcode": "M3 1SW",
          "addr:street": "Cathedral Gates",
          "amenity": "pub",
          "brand": "Nicholson's",
          "brand:wikidata": "Q113130666",
          "building": "yes",
          "building:levels": "3",
          "camra": "yes",
          "check_date": "2024-12-22",
          "eh:inscription_date": "1952-02-25",
          "food": "yes",
          "heritage": "2",
          "heritage:operator": "Historic England",
          "historic": "heritage",
          "indoor_seating": "yes",
          "level": "0",
          "listed_status": "Grade II",
          "microbrewery": "no",
          "name": "The Old Wellington Inn",
          "outdoor_seating": "yes",
          "real_ale": "yes",
          "smoking": "outside",
          "start_date": "1552",
          "takeaway": "no",
          "website": "https://www.nicholsonspubs.co.uk/restaurants/northwest/theoldwellingtonmanchester",
          "wheelchair": "yes",
          "wikidata": "Q7754934",
          "wikipedia": "en:The Old Wellington Inn"
        }
      }
    },
    {
      "type": "Feature",
      "geometry": {
        "type": "Point",
        "coordinates": [
          -2.2536644,
          53.4928901
        ]
      },
      "properties": {
        "name": "The Palatine",
        "osm_type": "node",
        "osm_id": 4084874692,
        "address": "Palatine Inn, 47 Edward Street, Salford, M7 1SP",
        "house_name": "Palatine Inn",
        "house_number": "47",
        "street": "Edward Street",
        "suburb": "",
        "city": "Salford",
        "postcode": "M7 1SP",
        "country": "",
        "operator": "",
        "brewery": "",
        "website": "",
        "phone": "",
        "opening_hours": "",
        "cuisine": "",
        "food": "",
        "drink": "",
        "outdoor_seating": "",
        "indoor_seating": "",
        "internet_access": "",
        "real_ale": "",
        "real_cider": "",
        "live_music": "",
        "dog": "",
        "wheelchair": "",
        "toilets": "",
        "smoking": "",
        "wikidata": "",
        "wikipedia": "",
        "fetched_at_utc": "2026-10-07T11:43:04+00:00",
        "source_endpoint": "osm-extract",
        "tags": {
          "addr:city": "Salford",
          "addr:housename": "Palatine Inn",
          "addr:housenumber": "47",
          "addr:postcode": "M7 1SP",
          "addr:street": "Edward Street",
          "amenity": "pub",
          "fhrs:id": "96428",
          "name": "The Palatine",
          "source:addr": "FHRS Open Data"
        }
      }
    },
    {
      "type": "Feature",
      "geometry": {
        "type": "Point",
        "coordinates": [
          -2.2424955,
          53.476468
        ]
      },
      "properties": {
        "name": "The Paramount",
        "osm_type": "node",
        "osm_id": 347027232,
        "address": "33-35 Oxford Street, Manchester, M1 4BH",
        "house_name": "",
        "house_number": "33-35",
        "street": "Oxford Street",
        "suburb": "",
        "city": "Manchester",
        "postcode": "M1 4BH",
        "country": "GB",
        "operator": "",
        "brewery": "",
        "website": "",
        "phone": "",
        "opening_hours": "Su-Th 08:00-24:00, Fr,Sa 08:00-01:00",
        "cuisine": "",
        "food": "yes",
        "drink": "",
        "outdoor_seating": "",
        "indoor_seating": "",
        "internet_access": "",
        "real_ale": "yes",
        "real_cider": "yes",
        "live_music": "",
        "dog": "no",
        "wheelchair": "yes",
        "toilets": "yes",
        "smoking": "",
        "wikidata": "",
        "wikipedia": "",
        "fetched_at_utc": "2026-10-07T11:43:04+00:00",
        "source_endpoint": "osm-extract",
        "tags": {
          "addr:city": "Manchester",
          "addr:country": "GB",
          "addr:housenumber": "33-35",
          "addr:postcode": "M1 4BH",
          "addr:street": "Oxford Street",
          "amenity": "pub",
          "brand": "Wetherspoon",
          "brand:wikidata": "Q6109362",
          "brand:wikipedia": "en:Wetherspoons",
          "camra": "yes",
          "check_date": "2025-08-16",
          "check_date:opening_hours": "2025-08-16",
          "contact:website": "https://www.jdwetherspoon.com/pubs/all-pubs/england/manchester/the-paramount-manchester",
          "dog": "no",
          "fhrs:id": "1818999",
          "food": "yes",
          "name": "The Paramount",
          "opening_hours": "Su-Th 08:00-24:00, Fr,Sa 08:00-01:00",
          "real_ale": "yes",
          "real_cider": "yes",
          "toilets": "yes",
          "toilets:wheelchair": "yes",
          "website:menu": "https://order.jdwetherspoon.com/venue/jdw/1015/menus",
          "wheelchair": "yes"
        }
      }
    },
    {
      "type": "Feature",
      "geometry": {
        "type": "Point",
        "coordinates": [
          -2.2346761,
          53.4813443
        ]
      },
      "properties": {
        "name": "The Rat & Pigeon",
        "osm_type": "node",
        "osm_id": 6369083764,
        "address": "33 Back Piccadilly, Manchester, M1 1HP",
        "house_name": "",
        "house_number": "33",
        "street": "Back Piccadilly",
        "suburb": "",
        "city": "Manchester",
        "postcode": "M1 1HP",
        "country": "GB",
        "operator": "",
        "brewery": "",
        "website": "https://www.ratandpigeon.co.uk/",
        "phone": "",
        "opening_hours": "",
        "cuisine": "",
        "food": "",
        "drink": "",
        "outdoor_seating": "no",
        "indoor_seating": "yes",
        "internet_access": "",
        "real_ale": "",
        "real_cider": "",
        "live_music": "",
        "dog": "",
        "wheelchair": "",
        "toilets": "",
        "smoking": "",
        "wikidata": "",
        "wikipedia": "",
        "fetched_at_utc": "2026-10-07T11:43:04+00:00",
        "source_endpoint": "osm-extract",
        "tags": {
          "addr:city": "Manchester",
          "addr:country": "GB",
          "addr:housenumber": "33",
          "addr:postcode": "M1 1HP",
          "addr:street": "Back Piccadilly",
          "amenity": "pub",
          "fhrs:id": "1816281",
          "indoor_seating": "yes",
          "name": "The Rat & Pigeon",
          "outdoor_seating": "no",
          "website": "https://www.ratandpigeon.co.uk/"
        }
      }
    },
    {
      "type": "Feature",
      "geometry": {
        "type": "Point",
        "coordinates": [
          -2.2476851666666664,
          53.479441333333334
        ]
      },
      "properties": {
        "name": "The Rising Sun",
        "osm_type": "way",
        "osm_id": 35277309,
        "address": "22 Queen Street, Manchester, M2 5ND",
        "house_name": "",
        "house_number": "22",
        "street": "Queen Street",
        "suburb": "",
        "city": "Manchester",
        "postcode": "M2 5ND",
        "country": "",
        "operator": "",
        "brewery": "",
        "website": "",
        "phone": "",
        "opening_hours": "",
        "cuisine": "",
        "food": "",
        "drink": "",
        "outdoor_seating": "",
        "indoor_seating": "",
        "internet_access": "",
        "real_ale": "yes",
        "real_cider": "",
        "live_music": "",
        "dog": "",
        "wheelchair": "",
        "toilets": "",
        "smoking": "",
        "wikidata": "",
        "wikipedia": "",
        "fetched_at_utc": "2026-10-07T11:43:04+00:00",
        "source_endpoint": "osm-extract",
        "tags": {
          "addr:city": "Manchester",
          "addr:housenumber": "22",
          "addr:postcode": "M2 5ND",
          "addr:street": "Queen Street",
          "amenity": "pub",
          "building": "yes",
          "building:levels": "2",
          "name": "The Rising Sun",
          "real_ale": "yes"
        }
      }
    },
    {
      "type": "Feature",
      "geometry": {
        "type": "Point",
        "coordinates": [
          -2.2343246,
          53.4853483
        ]
      },
      "properties": {
        "name": "The Rose & Monkey Hotel",
        "osm_type": "node",
        "osm_id": 308375623,
        "address": "31 Swan Street, Manchester, M4 5JZ",
        "house_name": "",
        "house_number": "31",
        "street": "Swan Street",
        "suburb": "",
        "city": "Manchester",
        "postcode": "M4 5JZ",
        "country": "",
        "operator": "",
        "brewery": "",
        "website": "",
        "phone": "",
        "opening_hours": "",
        "cuisine": "",
        "food": "",
        "drink": "",
        "outdoor_seating": "",
        "indoor_seating": "",
        "internet_access": "",
        "real_ale": "yes",
        "real_cider": "",
        "live_music": "",
        "dog": "",
        "wheelchair": "",
        "toilets": "",
        "smoking": "",
        "wikidata": "",
        "wikipedia": "",
        "fetched_at_utc": "2026-10-07T11:43:04+00:00",
        "source_endpoint": "osm-extract",
        "tags": {
          "addr:city": "Manchester",
          "addr:housenumber": "31",
          "addr:postcode": "M4 5JZ",
          "addr:street": "Swan Street",
          "amenity": "pub",
          "name": "The Rose & Monkey Hotel",
          "real_ale": "yes"
        }
      }
    },
    {
      "type": "Feature",
      "geometry": {
        "type": "Point",
        "coordinates": [
          -2.239285481818182,
          53.468582690909095
        ]
      },
      "properties": {
        "name": "The Salutation",
        "osm_type": "way",
        "osm_id": 187945509,
        "address": "The Salutation, 12 Higher Chatham Street, Manchester, M15 6ED",
        "house_name": "The Salutation",
        "house_number": "12",
        "street": "Higher Chatham Street",
        "suburb": "",
        "city": "Manchester",
        "postcode": "M15 6ED",
        "country": "",
        "operator": "The Union MMU",
        "brewery": "bollington_brewing_co",
        "website": "https://www.thesalutationpub.com",
        "phone": "+44 161 2476465",
        "opening_hours": "Mo-Sa 12:00-22:00; Su 17:00-22:00",
        "cuisine": "",
        "food": "",
        "drink": "",
        "outdoor_seating": "",
        "indoor_seating": "",
        "internet_access": "",
        "real_ale": "",
        "real_cider": "",
        "live_music": "",
        "dog": "",
        "wheelchair": "",
        "toilets": "",
        "smoking": "no",
        "wikidata": "",
        "wikipedia": "",
        "fetched_at_utc": "2026-10-07T11:43:04+00:00",
        "source_endpoint": "osm-extract",
        "tags": {
          "addr:city": "Manchester",
          "addr:housename": "The Salutation",
          "addr:housenumber": "12",
          "addr:postcode": "M15 6ED",
          "addr:street": "Higher Chatham Street",
          "amenity": "pub",
          "brewery": "bollington_brewing_co",
          "building": "yes",
          "email": "d.odea@mmu.ac.uk",
          "fhrs:id": "1818709",
          "name": "The Salutation",
          "opening_hours": "Mo-Sa 12:00-22:00; Su 17:00-22:00",
          "operator": "The Union MMU",
          "phone": "+44 161 2476465",
          "ref:GB:uprn": "77119002",
          "smoking": "no",
          "website": "https://www.thesalutationpub.com"
        }
      }
    },
    {
      "type": "Feature",
      "geometry": {
        "type": "Point",
        "coordinates": [
          -2.2409382,
          53.4789342
        ]
      },
      "properties": {
        "name": "The Seven Oaks",
        "osm_type": "node",
        "osm_id": 2690872373,
        "address": "5 Nicholas Street, Manchester, M1 4HL",
        "house_name": "",
        "house_number": "5",
        "street": "Nicholas Street",
        "suburb": "",
        "city": "Manchester",
        "postcode": "M1 4HL",
        "country": "GB",
        "operator": "",
        "brewery": "",
        "website": "",
        "phone": "",
        "opening_hours": "",
        "cuisine": "",
        "food": "",
        "drink": "",
        "outdoor_seating": "",
        "indoor_seating": "",
        "internet_access": "",
        "real_ale": "",
        "real_cider": "",
        "live_music": "",
        "dog": "",
        "wheelchair": "no",
        "toilets": "",
        "smoking": "",
        "wikidata": "",
        "wikipedia": "",
        "fetched_at_utc": "2026-10-07T11:43:04+00:00",
        "source_endpoint": "osm-extract",
        "tags": {
          "addr:city": "Manchester",
          "addr:country": "GB",
          "addr:housenumber": "5",
          "addr:postcode": "M1 4HL",
          "addr:street": "Nicholas Street",
          "amenity": "pub",
          "check_date": "2025-01-11",
          "fhrs:id": "1818736",
          "microbrewery": "no",
          "name": "The Seven Oaks",
          "takeaway": "no",
          "wheelchair": "no"
        }
      }
    },
    {
      "type": "Feature",
      "geometry": {
        "type": "Point",
        "coordinates": [
          -2.2402171,
          53.485066
        ]
      },
      "properties": {
        "name": "The Seven Stars",
        "osm_type": "node",
        "osm_id": 11094210662,
        "address": "The Printworks, 27 Withy Grove, Manchester, M4 2BS",
        "house_name": "The Printworks",
        "house_number": "27",
        "street": "Withy Grove",
        "suburb": "",
        "city": "Manchester",
        "postcode": "M4 2BS",
        "country": "",
        "operator": "",
        "brewery": "",
        "website": "",
        "phone": "",
        "opening_hours": "",
        "cuisine": "",
        "food": "yes",
        "drink": "",
        "outdoor_seating": "",
        "indoor_seating": "",
        "internet_access": "",
        "real_ale": "yes",
        "real_cider": "",
        "live_music": "",
        "dog": "no",
        "wheelchair": "yes",
        "toilets": "yes",
        "smoking": "",
        "wikidata": "",
        "wikipedia": "",
        "fetched_at_utc": "2026-10-07T11:43:04+00:00",
        "source_endpoint": "osm-extract",
        "tags": {
          "addr:city": "Manchester",
          "addr:county": "Manchester",
          "addr:housename": "The Printworks",
          "addr:housenumber": "27",
          "addr:postcode": "M4 2BS",
          "addr:street": "Withy Grove",
          "amenity": "pub",
          "brand": "Wetherspoon",
          "brand:wikidata": "Q6109362",
          "brand:wikipedia": "en:Wetherspoons",
          "changing_table": "yes",
          "contact:phone": "+44 161 817 2980",
          "contact:website": "https://www.jdwetherspoon.com/pubs/all-pubs/england/manchester/the-seven-stars-manchester",
          "diet:vegan": "yes",
          "diet:vegetarian": "yes",
          "dog": "no",
          "fhrs:id": "1818967",
          "food": "yes",
          "name": "The Seven Stars",
          "note": "Has TV screens",
          "payment:debit_cards": "yes",
          "payment:mastercard": "yes",
          "payment:visa": "yes",
          "real_ale": "yes",
          "toilets": "yes",
          "toilets:access": "customers",
          "website:menu": "https://order.jdwetherspoon.com/venue/jdw/2099/menus",
          "wheelchair": "yes"
        }
      }
    },
    {
      "type": "Feature",
      "geometry": {
        "type": "Point",
        "coordinates": [
          -2.2400419,
          53.4817242
        ]
      },
      "properties": {
        "name": "The Shakespeare",
        "osm_type": "node",
        "osm_id": 1944550240,
        "address": "16 Fountain Street, Manchester, M2 2AA",
        "house_name": "",
        "house_number": "16",
        "street": "Fountain Street",
        "suburb": "",
        "city": "Manchester",
        "postcode": "M2 2AA",
        "country": "GB",
        "operator": "",
        "brewery": "",
        "website": "https://www.greeneking.co.uk/pubs/lancashire/shakespeare",
        "phone": "",
        "opening_hours": "",
        "cuisine": "",
        "food": "",
        "drink": "",
        "outdoor_seating": "",
        "indoor_seating": "",
        "internet_access": "",
        "real_ale": "",
        "real_cider": "",
        "live_music": "",
        "dog": "",
        "wheelchair": "",
        "toilets": "",
        "smoking": "",
        "wikidata": "",
        "wikipedia": "",
        "fetched_at_utc": "2026-10-07T11:43:04+00:00",
        "source_endpoint": "osm-extract",
        "tags": {
          "addr:city": "Manchester",
          "addr:country": "GB",
          "addr:housenumber": "16",
          "addr:postcode": "M2 2AA",
          "addr:street": "Fountain Street",
          "amenity": "pub",
          "brand": "Greene King",
          "brand:wikidata": "Q5564162",
          "check_date": "2023-08-14",
          "check_date:opening_hours": "2023-07-30",
          "fhrs:id": "1819600",
          "level": "0",
          "name": "The Shakespeare",
          "opening_hours:signed": "no",
          "source": "survey",
          "website": "https://www.greeneking.co.uk/pubs/lancashire/shakespeare"
        }
      }
    },
    {
      "type": "Feature",
      "geometry": {
        "type": "Point",
        "coordinates": [
          -2.2344242,
          53.4853915
        ]
      },
      "properties": {
        "name": "The Smithfield Market Tavern",
        "osm_type": "node",
        "osm_id": 308375621,
        "address": "33-37 Swan Street, Manchester, M4 5JZ",
        "house_name": "",
        "house_number": "33-37",
        "street": "Swan Street",
        "suburb": "",
        "city": "Manchester",
        "postcode": "M4 5JZ",
        "country": "GB",
        "operator": "",
        "brewery": "Blackjack",
        "website": "",
        "phone": "",
        "opening_hours": "Su 12:00-23:00; Mo 16:00-23:00; Tu-Fr 14:00-24:00; Sa 12:00-24:00",
        "cuisine": "",
        "food": "",
        "drink": "",
        "outdoor_seating": "",
        "indoor_seating": "",
        "internet_access": "",
        "real_ale": "yes",
        "real_cider": "yes",
        "live_music": "",
        "dog": "",
        "wheelchair": "",
        "toilets": "",
        "smoking": "",
        "wikidata": "",
        "wikipedia": "",
        "fetched_at_utc": "2026-10-07T11:43:04+00:00",
        "source_endpoint": "osm-extract",
        "tags": {
          "addr:city": "Manchester",
          "addr:country": "GB",
          "addr:housenumber": "33-37",
          "addr:postcode": "M4 5JZ",
          "addr:street": "Swan Street",
          "addr:subdistrict": "Ancoats",
          "amenity": "pub",
          "brewery": "Blackjack",
          "craft_beer": "yes",
          "fhrs:id": "1819003",
          "name": "The Smithfield Market Tavern",
          "note": "Brewery tap of Blackjack Brewery",
          "opening_hours": "Su 12:00-23:00; Mo 16:00-23:00; Tu-Fr 14:00-24:00; Sa 12:00-24:00",
          "real_ale": "yes",
          "real_cider": "yes"
        }
      }
    },
    {
      "type": "Feature",
      "geometry": {
        "type": "Point",
        "coordinates": [
          -2.2274529,
          53.4760324
        ]
      },
      "properties": {
        "name": "The Star & Garter",
        "osm_type": "node",
        "osm_id": 6437164347,
        "address": "18-20 Fairfield Street, Manchester, M1 2QF",
        "house_name": "",
        "house_number": "18-20",
        "street": "Fairfield Street",
        "suburb": "",
        "city": "Manchester",
        "postcode": "M1 2QF",
        "country": "GB",
        "operator": "",
        "brewery": "",
        "website": "",
        "phone": "",
        "opening_hours": "",
        "cuisine": "",
        "food": "",
        "drink": "",
        "outdoor_seating": "",
        "indoor_seating": "",
        "internet_access": "",
        "real_ale": "",
        "real_cider": "",
        "live_music": "",
        "dog": "",
        "wheelchair": "",
        "toilets": "",
        "smoking": "",
        "wikidata": "",
        "wikipedia": "",
        "fetched_at_utc": "2026-10-07T11:43:04+00:00",
        "source_endpoint": "osm-extract",
        "tags": {
          "addr:city": "Manchester",
          "addr:country": "GB",
          "addr:housenumber": "18-20",
          "addr:postcode": "M1 2QF",
          "addr:street": "Fairfield Street",
          "amenity": "pub",
          "name": "The Star & Garter"
        }
      }
    },
    {
      "type": "Feature",
      "geometry": {
        "type": "Point",
        "coordinates": [
          -2.2422677,
          53.4755731
        ]
      },
      "properties": {
        "name": "The Temple",
        "osm_type": "node",
        "osm_id": 1842244652,
        "address": "100 Bridgewater Street, Manchester, M1 5JW",
        "house_name": "",
        "house_number": "100",
        "street": "Bridgewater Street",
        "suburb": "",
        "city": "Manchester",
        "postcode": "M1 5JW",
        "country": "GB",
        "operator": "",
        "brewery": "",
        "website": "",
        "phone": "",
        "opening_hours": "",
        "cuisine": "",
        "food": "",
        "drink": "",
        "outdoor_seating": "yes",
        "indoor_seating": "yes",
        "internet_access": "",
        "real_ale": "",
        "real_cider": "",
        "live_music": "",
        "dog": "",
        "wheelchair": "no",
        "toilets": "",
        "smoking": "",
        "wikidata": "",
        "wikipedia": "",
        "fetched_at_utc": "2026-10-07T11:43:04+00:00",
        "source_endpoint": "osm-extract",
        "tags": {
          "addr:city": "Manchester",
          "addr:country": "GB",
          "addr:housenumber": "100",
          "addr:postcode": "M1 5JW",
          "addr:street": "Bridgewater Street",
          "amenity": "pub",
          "description": "Pub is in a old underground toilet, think Carry on at your Convienience",
          "fhrs:id": "1820339",
          "indoor_seating": "yes",
          "level": "-1",
          "name": "The Temple",
          "outdoor_seating": "yes",
          "was:amenity": "toilet",
          "wheelchair": "no"
        }
      }
    },
    {
      "type": "Feature",
      "geometry": {
        "type": "Point",
        "coordinates": [
          -2.2380219,
          53.4776593
        ]
      },
      "properties": {
        "name": "The Thompsons Arms",
        "osm_type": "node",
        "osm_id": 2653573785,
        "address": "23 Sackville Street, Manchester, M1 3LZ",
        "house_name": "",
        "house_number": "23",
        "street": "Sackville Street",
        "suburb": "",
        "city": "Manchester",
        "postcode": "M1 3LZ",
        "country": "GB",
        "operator": "",
        "brewery": "",
        "website": "https://the-thompsons-arms.business.site/",
        "phone": "+44 161 228 3012",
        "opening_hours": "",
        "cuisine": "",
        "food": "",
        "drink": "",
        "outdoor_seating": "",
        "indoor_seating": "",
        "internet_access": "",
        "real_ale": "",
        "real_cider": "",
        "live_music": "",
        "dog": "",
        "wheelchair": "no",
        "toilets": "",
        "smoking": "",
        "wikidata": "",
        "wikipedia": "",
        "fetched_at_utc": "2026-10-07T11:43:04+00:00",
        "source_endpoint": "osm-extract",
        "tags": {
          "addr:city": "Manchester",
          "addr:country": "GB",
          "addr:housenumber": "23",
          "addr:postcode": "M1 3LZ",
          "addr:street": "Sackville Street",
          "amenity": "pub",
          "check_date": "2026-01-23",
          "lgbtq": "primary",
          "lgbtq:men": "primary",
          "name": "The Thompsons Arms",
          "phone": "+44 161 228 3012",
          "website": "https://the-thompsons-arms.business.site/",
          "wheelchair": "no"
        }
      }
    },
    {
      "type": "Feature",
      "geometry": {
        "type": "Point",
        "coordinates": [
          -2.2760876,
          53.4620383
        ]
      },
      "properties": {
        "name": "The Tollgate",
        "osm_type": "node",
        "osm_id": 1898434277,
        "address": "The Tollgate, Seymour Grove, Manchester, M16 0TG",
        "house_name": "The Tollgate",
        "house_number": "",
        "street": "Seymour Grove",
        "suburb": "",
        "city": "Manchester",
        "postcode": "M16 0TG",
        "country": "",
        "operator": "",
        "brewery": "",
        "website": "",
        "phone": "",
        "opening_hours": "",
        "cuisine": "",
        "food": "",
        "drink": "",
        "outdoor_seating": "",
        "indoor_seating": "",
        "internet_access": "",
        "real_ale": "",
        "real_cider": "",
        "live_music": "",
        "dog": "",
        "wheelchair": "",
        "toilets": "",
        "smoking": "",
        "wikidata": "",
        "wikipedia": "",
        "fetched_at_utc": "2026-10-07T11:43:04+00:00",
        "source_endpoint": "osm-extract",
        "tags": {
          "addr:city": "Manchester",
          "addr:housename": "The Tollgate",
          "addr:postcode": "M16 0TG",
          "addr:street": "Seymour Grove",
          "amenity": "pub",
          "fhrs:id": "456904",
          "name": "The Tollgate"
        }
      }
    },
    {
      "type": "Feature",
      "geometry": {
        "type": "Point",
        "coordinates": [
          -2.2019012230769226,
          53.47929293076923
        ]
      },
      "properties": {
        "name": "The Townley",
        "osm_type": "way",
        "osm_id": 478975778,
        "address": "Townley Hotel, Albert Street, M11 3QW",
        "house_name": "Townley Hotel",
        "house_number": "",
        "street": "Albert Street",
        "suburb": "",
        "city": "",
        "postcode": "M11 3QW",
        "country": "",
        "operator": "",
        "brewery": "",
        "website": "",
        "phone": "",
        "opening_hours": "",
        "cuisine": "",
        "food": "",
        "drink": "",
        "outdoor_seating": "",
        "indoor_seating": "",
        "internet_access": "",
        "real_ale": "",
        "real_cider": "",
        "live_music": "",
        "dog": "",
        "wheelchair": "",
        "toilets": "",
        "smoking": "",
        "wikidata": "",
        "wikipedia": "",
        "fetched_at_utc": "2026-10-07T11:43:04+00:00",
        "source_endpoint": "osm-extract",
        "tags": {
          "addr:housename": "Townley Hotel",
          "addr:postcode": "M11 3QW",
          "addr:street": "Albert Street",
          "amenity": "pub",
          "building": "retail",
          "name": "The Townley",
          "ref:GB:uprn": "10090238662;77156854"
        }
      }
    },
    {
      "type": "Feature",
      "geometry": {
        "type": "Point",
        "coordinates": [
          -2.237608,
          53.4829001
        ]
      },
      "properties": {
        "name": "The Unicorn",
        "osm_type": "node",
        "osm_id": 2866944386,
        "address": "26 Church Street, Manchester, M4 1PN",
        "house_name": "",
        "house_number": "26",
        "street": "Church Street",
        "suburb": "",
        "city": "Manchester",
        "postcode": "M4 1PN",
        "country": "",
        "operator": "",
        "brewery": "",
        "website": "",
        "phone": "",
        "opening_hours": "",
        "cuisine": "",
        "food": "",
        "drink": "",
        "outdoor_seating": "",
        "indoor_seating": "",
        "internet_access": "",
        "real_ale": "",
        "real_cider": "",
        "live_music": "",
        "dog": "",
        "wheelchair": "limited",
        "toilets": "",
        "smoking": "",
        "wikidata": "",
        "wikipedia": "",
        "fetched_at_utc": "2026-10-07T11:43:04+00:00",
        "source_endpoint": "osm-extract",
        "tags": {
          "addr:city": "Manchester",
          "addr:housenumber": "26",
          "addr:postcode": "M4 1PN",
          "addr:street": "Church Street",
          "amenity": "pub",
          "check_date": "2025-02-04",
          "name": "The Unicorn",
          "wheelchair": "limited"
        }
      }
    },
    {
      "type": "Feature",
      "geometry": {
        "type": "Point",
        "coordinates": [
          -2.2430172,
          53.4794355
        ]
      },
      "properties": {
        "name": "The Vine",
        "osm_type": "node",
        "osm_id": 2684183733,
        "address": "42-44 Kennedy Street, Manchester, M2 4BQ",
        "house_name": "",
        "house_number": "42-44",
        "street": "Kennedy Street",
        "suburb": "",
        "city": "Manchester",
        "postcode": "M2 4BQ",
        "country": "",
        "operator": "",
        "brewery": "",
        "website": "",
        "phone": "",
        "opening_hours": "",
        "cuisine": "",
        "food": "",
        "drink": "",
        "outdoor_seating": "",
        "indoor_seating": "",
        "internet_access": "",
        "real_ale": "",
        "real_cider": "",
        "live_music": "",
        "dog": "",
        "wheelchair": "",
        "toilets": "",
        "smoking": "",
        "wikidata": "",
        "wikipedia": "",
        "fetched_at_utc": "2026-10-07T11:43:04+00:00",
        "source_endpoint": "osm-extract",
        "tags": {
          "addr:city": "Manchester",
          "addr:housenumber": "42-44",
          "addr:postcode": "M2 4BQ",
          "addr:street": "Kennedy Street",
          "amenity": "pub",
          "fhrs:id": "1818731",
          "name": "The Vine"
        }
      }
    },
    {
      "type": "Feature",
      "geometry": {
        "type": "Point",
        "coordinates": [
          -2.2339421,
          53.4795818
        ]
      },
      "properties": {
        "name": "The Waldorf",
        "osm_type": "node",
        "osm_id": 308128518,
        "address": "12 Gore Street, Manchester, M1 3AQ",
        "house_name": "",
        "house_number": "12",
        "street": "Gore Street",
        "suburb": "",
        "city": "Manchester",
        "postcode": "M1 3AQ",
        "country": "GB",
        "operator": "",
        "brewery": "",
        "website": "",
        "phone": "",
        "opening_hours": "",
        "cuisine": "",
        "food": "",
        "drink": "",
        "outdoor_seating": "",
        "indoor_seating": "",
        "internet_access": "",
        "real_ale": "",
        "real_cider": "",
        "live_music": "",
        "dog": "",
        "wheelchair": "",
        "toilets": "",
        "smoking": "",
        "wikidata": "",
        "wikipedia": "",
        "fetched_at_utc": "2026-10-07T11:43:04+00:00",
        "source_endpoint": "osm-extract",
        "tags": {
          "addr:city": "Manchester",
          "addr:country": "GB",
          "addr:housenumber": "12",
          "addr:postcode": "M1 3AQ",
          "addr:street": "Gore Street",
          "amenity": "pub",
          "fhrs:id": "1817517",
          "name": "The Waldorf"
        }
      }
    },
    {
      "type": "Feature",
      "geometry": {
        "type": "Point",
        "coordinates": [
          -2.2430296,
          53.4791573
        ]
      },
      "properties": {
        "name": "The Waterhouse",
        "osm_type": "node",
        "osm_id": 9605211185,
        "address": "67-71 Princess Street, Manchester, M2 4EG",
        "house_name": "",
        "house_number": "67-71",
        "street": "Princess Street",
        "suburb": "",
        "city": "Manchester",
        "postcode": "M2 4EG",
        "country": "",
        "operator": "",
        "brewery": "",
        "website": "https://www.jdwetherspoon.com/pubs/all-pubs/england/manchester/the-waterhouse-manchester",
        "phone": "",
        "opening_hours": "Su-Th 08:00-00:00; Fr-Sa 08:00-01:00",
        "cuisine": "",
        "food": "yes",
        "drink": "",
        "outdoor_seating": "",
        "indoor_seating": "",
        "internet_access": "",
        "real_ale": "yes",
        "real_cider": "",
        "live_music": "",
        "dog": "no",
        "wheelchair": "",
        "toilets": "",
        "smoking": "",
        "wikidata": "",
        "wikipedia": "",
        "fetched_at_utc": "2026-10-07T11:43:04+00:00",
        "source_endpoint": "osm-extract",
        "tags": {
          "addr:city": "Manchester",
          "addr:housenumber": "67-71",
          "addr:postcode": "M2 4EG",
          "addr:street": "Princess Street",
          "amenity": "pub",
          "brand": "Wetherspoon",
          "brand:wikidata": "Q6109362",
          "brand:wikipedia": "en:Wetherspoons",
          "dog": "no",
          "fhrs:id": "1819002",
          "food": "yes",
          "name": "The Waterhouse",
          "opening_hours": "Su-Th 08:00-00:00; Fr-Sa 08:00-01:00",
          "real_ale": "yes",
          "website": "https://www.jdwetherspoon.com/pubs/all-pubs/england/manchester/the-waterhouse-manchester",
          "website:menu": "https://order.jdwetherspoon.com/venue/jdw/2103/menus"
        }
      }
    },
    {
      "type": "Feature",
      "geometry": {
        "type": "Point",
        "coordinates": [
          -2.2567865300000003,
          53.47360543
        ]
      },
      "properties": {
        "name": "The Wharf",
        "osm_type": "way",
        "osm_id": 179047353,
        "address": "6 Slate Wharf, Manchester, M15 4ST",
        "house_name": "",
        "house_number": "6",
        "street": "Slate Wharf",
        "suburb": "",
        "city": "Manchester",
        "postcode": "M15 4ST",
        "country": "",
        "operator": "Brunning & Price",
        "brewery": "",
        "website": "https://www.brunningandprice.co.uk/thewharf/",
        "phone": "+44 161 220 2960",
        "opening_hours": "Mo-Th 11:00-23:00;Fr-Sa 11:00-24:00;Su 11:00-22:30",
        "cuisine": "",
        "food": "",
        "drink": "",
        "outdoor_seating": "",
        "indoor_seating": "",
        "internet_access": "",
        "real_ale": "",
        "real_cider": "",
        "live_music": "",
        "dog": "",
        "wheelchair": "yes",
        "toilets": "",
        "smoking": "",
        "wikidata": "",
        "wikipedia": "",
        "fetched_at_utc": "2026-10-07T11:43:04+00:00",
        "source_endpoint": "osm-extract",
        "tags": {
          "addr:city": "Manchester",
          "addr:housenumber": "6",
          "addr:postcode": "M15 4ST",
          "addr:street": "Slate Wharf",
          "amenity": "pub",
          "building": "yes",
          "fhrs:id": "1817902",
          "name": "The Wharf",
          "opening_hours": "Mo-Th 11:00-23:00;Fr-Sa 11:00-24:00;Su 11:00-22:30",
          "operator": "Brunning & Price",
          "phone": "+44 161 220 2960",
          "ref:GB:uprn": "10090668561;77253042",
          "website": "https://www.brunningandprice.co.uk/thewharf/",
          "wheelchair": "yes"
        }
      }
    },
    {
      "type": "Feature",
      "geometry": {
        "type": "Point",
        "coordinates": [
          -2.2347619,
          53.4844336
        ]
      },
      "properties": {
        "name": "The Wheatsheaf",
        "osm_type": "node",
        "osm_id": 12003596216,
        "address": "30 Oak Street, Manchester, M4 5JE",
        "house_name": "",
        "house_number": "30",
        "street": "Oak Street",
        "suburb": "",
        "city": "Manchester",
        "postcode": "M4 5JE",
        "country": "",
        "operator": "",
        "brewery": "",
        "website": "",
        "phone": "",
        "opening_hours": "",
        "cuisine": "",
        "food": "",
        "drink": "",
        "outdoor_seating": "",
        "indoor_seating": "",
        "internet_access": "",
        "real_ale": "yes",
        "real_cider": "",
        "live_music": "",
        "dog": "",
        "wheelchair": "",
        "toilets": "",
        "smoking": "",
        "wikidata": "",
        "wikipedia": "",
        "fetched_at_utc": "2026-10-07T11:43:04+00:00",
        "source_endpoint": "osm-extract",
        "tags": {
          "addr:city": "Manchester",
          "addr:housenumber": "30",
          "addr:postcode": "M4 5JE",
          "addr:street": "Oak Street",
          "amenity": "pub",
          "fhrs:id": "1820723",
          "name": "The Wheatsheaf",
          "real_ale": "yes",
          "source": "survey"
        }
      }
    },
    {
      "type": "Feature",
      "geometry": {
        "type": "Point",
        "coordinates": [
          -2.259422,
          53.4655013
        ]
      },
      "properties": {
        "name": "Three Legs of Man",
        "osm_type": "node",
        "osm_id": 4719963526,
        "address": "",
        "house_name": "",
        "house_number": "",
        "street": "",
        "suburb": "",
        "city": "",
        "postcode": "",
        "country": "",
        "operator": "",
        "brewery": "",
        "website": "",
        "phone": "",
        "opening_hours": "",
        "cuisine": "",
        "food": "",
        "drink": "",
        "outdoor_seating": "",
        "indoor_seating": "",
        "internet_access": "",
        "real_ale": "",
        "real_cider": "",
        "live_music": "",
        "dog": "",
        "wheelchair": "",
        "toilets": "",
        "smoking": "",
        "wikidata": "",
        "wikipedia": "",
        "fetched_at_utc": "2026-10-07T11:43:04+00:00",
        "source_endpoint": "osm-extract",
        "tags": {
          "amenity": "pub",
          "name": "Three Legs of Man"
        }
      }
    },
    {
      "type": "Feature",
      "geometry": {
        "type": "Point",
        "coordinates": [
          -2.2346309,
          53.4837776
        ]
      },
      "properties": {
        "name": "Tib Street Tavern",
        "osm_type": "node",
        "osm_id": 2683750260,
        "address": "74 Tib Street, Manchester, M4 1LG",
        "house_name": "",
        "house_number": "74",
        "street": "Tib Street",
        "suburb": "",
        "city": "Manchester",
        "postcode": "M4 1LG",
        "country": "GB",
        "operator": "",
        "brewery": "",
        "website": "",
        "phone": "",
        "opening_hours": "",
        "cuisine": "",
        "food": "",
        "drink": "",
        "outdoor_seating": "",
        "indoor_seating": "",
        "internet_access": "",
        "real_ale": "",
        "real_cider": "",
        "live_music": "",
        "dog": "",
        "wheelchair": "limited",
        "toilets": "",
        "smoking": "",
        "wikidata": "",
        "wikipedia": "",
        "fetched_at_utc": "2026-10-07T11:43:04+00:00",
        "source_endpoint": "osm-extract",
        "tags": {
          "addr:city": "Manchester",
          "addr:country": "GB",
          "addr:housenumber": "74",
          "addr:postcode": "M4 1LG",
          "addr:street": "Tib Street",
          "amenity": "pub",
          "contact:phone": "+441618341600",
          "contact:website": "http://www.tibstreettavern.co.uk/",
          "fhrs:id": "1816818",
          "name": "Tib Street Tavern",
          "wheelchair": "limited"
        }
      }
    },
    {
      "type": "Feature",
      "geometry": {
        "type": "Point",
        "coordinates": [
          -2.244221,
          53.480413
        ]
      },
      "properties": {
        "name": "Town Hall Tavern",
        "osm_type": "node",
        "osm_id": 9604296152,
        "address": "20 Tib Lane, Manchester, M2 4JA",
        "house_name": "",
        "house_number": "20",
        "street": "Tib Lane",
        "suburb": "",
        "city": "Manchester",
        "postcode": "M2 4JA",
        "country": "",
        "operator": "",
        "brewery": "",
        "website": "",
        "phone": "",
        "opening_hours": "",
        "cuisine": "",
        "food": "",
        "drink": "",
        "outdoor_seating": "",
        "indoor_seating": "",
        "internet_access": "",
        "real_ale": "",
        "real_cider": "",
        "live_music": "",
        "dog": "",
        "wheelchair": "",
        "toilets": "",
        "smoking": "",
        "wikidata": "",
        "wikipedia": "",
        "fetched_at_utc": "2026-10-07T11:43:04+00:00",
        "source_endpoint": "osm-extract",
        "tags": {
          "addr:city": "Manchester",
          "addr:housenumber": "20",
          "addr:postcode": "M2 4JA",
          "addr:street": "Tib Lane",
          "amenity": "pub",
          "fhrs:id": "1817044",
          "name": "Town Hall Tavern"
        }
      }
    },
    {
      "type": "Feature",
      "geometry": {
        "type": "Point",
        "coordinates": [
          -2.237988,
          53.4847938
        ]
      },
      "properties": {
        "name": "Trof",
        "osm_type": "node",
        "osm_id": 11207220018,
        "address": "8 Thomas Street, Manchester, M4 1DH",
        "house_name": "",
        "house_number": "8",
        "street": "Thomas Street",
        "suburb": "",
        "city": "Manchester",
        "postcode": "M4 1DH",
        "country": "",
        "operator": "",
        "brewery": "",
        "website": "https://trofnq.co.uk/",
        "phone": "+44 16 1833 3197",
        "opening_hours": "Mo-Th 16:00-00:00; Fr 16:00-01:00, Sa 10:00-01:00, Su 10:00-00:00",
        "cuisine": "",
        "food": "yes",
        "drink": "",
        "outdoor_seating": "",
        "indoor_seating": "",
        "internet_access": "",
        "real_ale": "",
        "real_cider": "",
        "live_music": "",
        "dog": "",
        "wheelchair": "no",
        "toilets": "",
        "smoking": "",
        "wikidata": "",
        "wikipedia": "",
        "fetched_at_utc": "2026-10-07T11:43:04+00:00",
        "source_endpoint": "osm-extract",
        "tags": {
          "addr:city": "Manchester",
          "addr:housenumber": "8",
          "addr:postcode": "M4 1DH",
          "addr:street": "Thomas Street",
          "amenity": "pub",
          "diet:vegan": "yes",
          "diet:vegetarian": "yes",
          "food": "yes",
          "name": "Trof",
          "opening_hours": "Mo-Th 16:00-00:00; Fr 16:00-01:00, Sa 10:00-01:00, Su 10:00-00:00",
          "phone": "+44 16 1833 3197",
          "reservation": "yes",
          "website": "https://trofnq.co.uk/",
          "wheelchair": "no"
        }
      }
    },
    {
      "type": "Feature",
      "geometry": {
        "type": "Point",
        "coordinates": [
          -2.2293266045454545,
          53.462482454545444
        ]
      },
      "properties": {
        "name": "Turing Tap",
        "osm_type": "way",
        "osm_id": 172944649,
        "address": "",
        "house_name": "",
        "house_number": "",
        "street": "",
        "suburb": "",
        "city": "",
        "postcode": "",
        "country": "",
        "operator": "Stonegate",
        "brewery": "",
        "website": "https://www.crafted-social.co.uk/turing-tap-manchester",
        "phone": "",
        "opening_hours": "",
        "cuisine": "",
        "food": "",
        "drink": "",
        "outdoor_seating": "",
        "indoor_seating": "",
        "internet_access": "",
        "real_ale": "",
        "real_cider": "",
        "live_music": "",
        "dog": "",
        "wheelchair": "limited",
        "toilets": "",
        "smoking": "",
        "wikidata": "",
        "wikipedia": "",
        "fetched_at_utc": "2026-10-07T11:43:04+00:00",
        "source_endpoint": "osm-extract",
        "tags": {
          "amenity": "pub",
          "building": "yes",
          "building:colour": "red",
          "building:material": "brick",
          "name": "Turing Tap",
          "operator": "Stonegate",
          "operator:wikidata": "Q7619176",
          "website": "https://www.crafted-social.co.uk/turing-tap-manchester",
          "wheelchair": "limited"
        }
      }
    },
    {
      "type": "Feature",
      "geometry": {
        "type": "Point",
        "coordinates": [
          -2.272635425,
          53.480421525
        ]
      },
      "properties": {
        "name": "Union Tavern",
        "osm_type": "way",
        "osm_id": 277918179,
        "address": "105-107 Liverpool Street, Salford, M5 4LG",
        "house_name": "",
        "house_number": "105-107",
        "street": "Liverpool Street",
        "suburb": "",
        "city": "Salford",
        "postcode": "M5 4LG",
        "country": "",
        "operator": "",
        "brewery": "",
        "website": "",
        "phone": "",
        "opening_hours": "",
        "cuisine": "",
        "food": "",
        "drink": "",
        "outdoor_seating": "",
        "indoor_seating": "",
        "internet_access": "",
        "real_ale": "",
        "real_cider": "",
        "live_music": "",
        "dog": "",
        "wheelchair": "",
        "toilets": "",
        "smoking": "",
        "wikidata": "",
        "wikipedia": "",
        "fetched_at_utc": "2026-10-07T11:43:04+00:00",
        "source_endpoint": "osm-extract",
        "tags": {
          "addr:city": "Salford",
          "addr:housenumber": "105-107",
          "addr:postcode": "M5 4LG",
          "addr:street": "Liverpool Street",
          "amenity": "pub",
          "building": "yes",
          "fhrs:id": "119654",
          "name": "Union Tavern",
          "source:addr": "FHRS Open Data"
        }
      }
    },
    {
      "type": "Feature",
      "geometry": {
        "type": "Point",
        "coordinates": [
          -2.2367595,
          53.4772069
        ]
      },
      "properties": {
        "name": "Via",
        "osm_type": "node",
        "osm_id": 5833407685,
        "address": "28-30 Canal Street, Manchester, M1 3EZ",
        "house_name": "",
        "house_number": "28-30",
        "street": "Canal Street",
        "suburb": "",
        "city": "Manchester",
        "postcode": "M1 3EZ",
        "country": "",
        "operator": "Stonegate",
        "brewery": "",
        "website": "https://www.viamanchester.co.uk/manchester",
        "phone": "",
        "opening_hours": "",
        "cuisine": "",
        "food": "",
        "drink": "",
        "outdoor_seating": "",
        "indoor_seating": "",
        "internet_access": "",
        "real_ale": "",
        "real_cider": "",
        "live_music": "",
        "dog": "",
        "wheelchair": "limited",
        "toilets": "",
        "smoking": "",
        "wikidata": "",
        "wikipedia": "",
        "fetched_at_utc": "2026-10-07T11:43:04+00:00",
        "source_endpoint": "osm-extract",
        "tags": {
          "addr:city": "Manchester",
          "addr:housenumber": "28-30",
          "addr:postcode": "M1 3EZ",
          "addr:street": "Canal Street",
          "amenity": "pub",
          "fhrs:id": "1819138",
          "lgbtq": "primary",
          "name": "Via",
          "operator": "Stonegate",
          "operator:wikidata": "Q7619176",
          "toilets:female": "no",
          "toilets:unisex": "yes",
          "toilets:wheelchair": "no",
          "website": "https://www.viamanchester.co.uk/manchester",
          "wheelchair": "limited"
        }
      }
    },
    {
      "type": "Feature",
      "geometry": {
        "type": "Point",
        "coordinates": [
          -2.2417054,
          53.4866679
        ]
      },
      "properties": {
        "name": "Victoria Tap",
        "osm_type": "node",
        "osm_id": 12077149669,
        "address": "2 Todd Street, Manchester, M3 1WY",
        "house_name": "",
        "house_number": "2",
        "street": "Todd Street",
        "suburb": "",
        "city": "Manchester",
        "postcode": "M3 1WY",
        "country": "",
        "operator": "",
        "brewery": "",
        "website": "",
        "phone": "",
        "opening_hours": "",
        "cuisine": "",
        "food": "",
        "drink": "",
        "outdoor_seating": "yes",
        "indoor_seating": "yes",
        "internet_access": "wlan",
        "real_ale": "6 or so beers",
        "real_cider": "",
        "live_music": "",
        "dog": "",
        "wheelchair": "yes",
        "toilets": "",
        "smoking": "",
        "wikidata": "",
        "wikipedia": "",
        "fetched_at_utc": "2026-10-07T11:43:04+00:00",
        "source_endpoint": "osm-extract",
        "tags": {
          "addr:city": "Manchester",
          "addr:housenumber": "2",
          "addr:postcode": "M3 1WY",
          "addr:street": "Todd Street",
          "amenity": "pub",
          "contact:instagram": "vic.tap",
          "departures_board": "realtime",
          "fhrs:id": "1821187",
          "floor:material": "lino",
          "indoor_seating": "yes",
          "internet_access": "wlan",
          "name": "Victoria Tap",
          "outdoor_seating": "yes",
          "real_ale": "6 or so beers",
          "source:addr": "FHRS Open Data",
          "wheelchair": "yes",
          "wheelchair:description": "Flat entrance"
        }
      }
    },
    {
      "type": "Feature",
      "geometry": {
        "type": "Point",
        "coordinates": [
          -2.2402134,
          53.485183
        ]
      },
      "properties": {
        "name": "Walkabout",
        "osm_type": "node",
        "osm_id": 11836983648,
        "address": "The Printworks, 27 Withy Grove, Manchester, M4 2BS",
        "house_name": "The Printworks",
        "house_number": "27",
        "street": "Withy Grove",
        "suburb": "",
        "city": "Manchester",
        "postcode": "M4 2BS",
        "country": "",
        "operator": "",
        "brewery": "",
        "website": "",
        "phone": "",
        "opening_hours": "",
        "cuisine": "",
        "food": "",
        "drink": "",
        "outdoor_seating": "",
        "indoor_seating": "",
        "internet_access": "",
        "real_ale": "",
        "real_cider": "",
        "live_music": "",
        "dog": "",
        "wheelchair": "",
        "toilets": "",
        "smoking": "",
        "wikidata": "",
        "wikipedia": "",
        "fetched_at_utc": "2026-10-07T11:43:04+00:00",
        "source_endpoint": "osm-extract",
        "tags": {
          "addr:city": "Manchester",
          "addr:housename": "The Printworks",
          "addr:housenumber": "27",
          "addr:postcode": "M4 2BS",
          "addr:street": "Withy Grove",
          "amenity": "pub",
          "brand": "Walkabout",
          "brand:wikidata": "Q7962149",
          "fhrs:id": "1819629",
          "name": "Walkabout"
        }
      }
    },
    {
      "type": "Feature",
      "geometry": {
        "type": "Point",
        "coordinates": [
          -2.233054444444444,
          53.48465392222223
        ]
      },
      "properties": {
        "name": "Wayfarer",
        "osm_type": "way",
        "osm_id": 198745837,
        "address": "",
        "house_name": "",
        "house_number": "",
        "street": "",
        "suburb": "",
        "city": "",
        "postcode": "",
        "country": "",
        "operator": "",
        "brewery": "",
        "website": "",
        "phone": "",
        "opening_hours": "",
        "cuisine": "",
        "food": "",
        "drink": "",
        "outdoor_seating": "",
        "indoor_seating": "",
        "internet_access": "",
        "real_ale": "",
        "real_cider": "",
        "live_music": "",
        "dog": "",
        "wheelchair": "",
        "toilets": "",
        "smoking": "",
        "wikidata": "",
        "wikipedia": "",
        "fetched_at_utc": "2026-10-07T11:43:04+00:00",
        "source_endpoint": "osm-extract",
        "tags": {
          "amenity": "pub",
          "building": "yes",
          "name": "Wayfarer",
          "source": "bing"
        }
      }
    },
    {
      "type": "Feature",
      "geometry": {
        "type": "Point",
        "coordinates": [
          -2.272118272727273,
          53.47363646363636
        ]
      },
      "properties": {
        "name": "Welcome Inn",
        "osm_type": "way",
        "osm_id": 781943957,
        "address": "Robert Hall Street, Salford, M5 3LT",
        "house_name": "",
        "house_number": "",
        "street": "Robert Hall Street",
        "suburb": "",
        "city": "Salford",
        "postcode": "M5 3LT",
        "country": "",
        "operator": "",
        "brewery": "",
        "website": "",
        "phone": "",
        "opening_hours": "",
        "cuisine": "",
        "food": "",
        "drink": "",
        "outdoor_seating": "",
        "indoor_seating": "",
        "internet_access": "",
        "real_ale": "",
        "real_cider": "",
        "live_music": "",
        "dog": "",
        "wheelchair": "",
        "toilets": "",
        "smoking": "",
        "wikidata": "",
        "wikipedia": "",
        "fetched_at_utc": "2026-10-07T11:43:04+00:00",
        "source_endpoint": "osm-extract",
        "tags": {
          "addr:city": "Salford",
          "addr:postcode": "M5 3LT",
          "addr:street": "Robert Hall Street",
          "amenity": "pub",
          "building": "yes",
          "building:material": "brick",
          "fhrs:id": "134606",
          "name": "Welcome Inn",
          "ref:GB:uprn": "100012716412;10070741853"
        }
      }
    },
    {
      "type": "Feature",
      "geometry": {
        "type": "Point",
        "coordinates": [
          -2.2351651,
          53.4810899
        ]
      },
      "properties": {
        "name": "Wetherspoons",
        "osm_type": "node",
        "osm_id": 6391875966,
        "address": "47 Piccadilly, Manchester, M1 2AP",
        "house_name": "",
        "house_number": "47",
        "street": "Piccadilly",
        "suburb": "",
        "city": "Manchester",
        "postcode": "M1 2AP",
        "country": "GB",
        "operator": "",
        "brewery": "various",
        "website": "https://www.jdwetherspoon.com/pubs/all-pubs/england/manchester/wetherspoons-manchester",
        "phone": "",
        "opening_hours": "Mo-Su 08:00-23:30",
        "cuisine": "",
        "food": "yes",
        "drink": "",
        "outdoor_seating": "no",
        "indoor_seating": "",
        "internet_access": "wlan",
        "real_ale": "yes",
        "real_cider": "",
        "live_music": "",
        "dog": "no",
        "wheelchair": "",
        "toilets": "",
        "smoking": "",
        "wikidata": "",
        "wikipedia": "",
        "fetched_at_utc": "2026-10-07T11:43:04+00:00",
        "source_endpoint": "osm-extract",
        "tags": {
          "addr:city": "Manchester",
          "addr:country": "GB",
          "addr:housenumber": "47",
          "addr:postcode": "M1 2AP",
          "addr:street": "Piccadilly",
          "amenity": "pub",
          "brand": "Wetherspoon",
          "brand:wikidata": "Q6109362",
          "brand:wikipedia": "en:Wetherspoons",
          "brewery": "various",
          "dog": "no",
          "fhrs:id": "1818692",
          "food": "yes",
          "internet_access": "wlan",
          "internet_access:fee": "no",
          "internet_access:ssid": "_The Cloud",
          "name": "Wetherspoons",
          "opening_hours": "Mo-Su 08:00-23:30",
          "outdoor_seating": "no",
          "real_ale": "yes",
          "website": "https://www.jdwetherspoon.com/pubs/all-pubs/england/manchester/wetherspoons-manchester",
          "website:menu": "https://order.jdwetherspoon.com/venue/jdw/192/menus"
        }
      }
    },
    {
      "type": "Feature",
      "geometry": {
        "type": "Point",
        "coordinates": [
          -2.252846892307692,
          53.47600682307692
        ]
      },
      "properties": {
        "name": "White Lion",
        "osm_type": "way",
        "osm_id": 1076403010,
        "address": "43 Liverpool Road, Manchester, M3 4NQ",
        "house_name": "",
        "house_number": "43",
        "street": "Liverpool Road",
        "suburb": "",
        "city": "Manchester",
        "postcode": "M3 4NQ",
        "country": "GB",
        "operator": "Stonegate",
        "brewery": "",
        "website": "https://www.craftunionpubs.com/white-lion-manchester",
        "phone": "",
        "opening_hours": "",
        "cuisine": "",
        "food": "",
        "drink": "",
        "outdoor_seating": "yes",
        "indoor_seating": "yes",
        "internet_access": "",
        "real_ale": "",
        "real_cider": "",
        "live_music": "",
        "dog": "",
        "wheelchair": "no",
        "toilets": "",
        "smoking": "",
        "wikidata": "",
        "wikipedia": "",
        "fetched_at_utc": "2026-10-07T11:43:04+00:00",
        "source_endpoint": "osm-extract",
        "tags": {
          "addr:city": "Manchester",
          "addr:country": "GB",
          "addr:housenumber": "43",
          "addr:postcode": "M3 4NQ",
          "addr:street": "Liverpool Road",
          "amenity": "pub",
          "building": "yes",
          "check_date": "2023-05-27",
          "contact:facebook": "https://www.facebook.com/whitelionmcr/",
          "fhrs:id": "1818733",
          "indoor_seating": "yes",
          "name": "White Lion",
          "operator": "Stonegate",
          "operator:wikidata": "Q7619176",
          "outdoor_seating": "yes",
          "website": "https://www.craftunionpubs.com/white-lion-manchester",
          "wheelchair": "no"
        }
      }
    }
  ]
}