{
  "type": "FeatureCollection",
  "features": [
    {
      "type": "Feature",
      "geometry": {
        "type": "Point",
        "coordinates": [
          -1.2604736959183676,
          51.755491797959195
        ]
      },
      "properties": {
        "id": "osm:relation:1337584",
        "source": "osm",
        "title": "Ashmolean Museum",
        "address": "Beaumont Street, Oxford, OX1 2PH",
        "description": "",
        "categories": [
          "museum",
          "historical",
          "cultural"
        ],
        "primary_category": "museum",
        "interest_score": 100,
        "website": "https://www.ashmolean.org/",
        "wikipedia": "en:Ashmolean Museum",
        "wikidata": "Q636400",
        "source_url": "https://www.openstreetmap.org/relation/1337584",
        "fetched_at_utc": "2026-10-07T11:42:24+00:00",
        "query_key": "museums",
        "tags": {
          "addr:city": "Oxford",
          "addr:postcode": "OX1 2PH",
          "addr:street": "Beaumont Street",
          "alt_name": "Ashmolean Museum of Art and Archaelogy",
          "building": "museum",
          "changing_table": "yes",
          "changing_table:location": "wheelchair_toilet",
          "fee": "no",
          "museum": "archaeological;art",
          "name": "Ashmolean Museum",
          "name:zh": "阿什莫林博物馆",
          "opening_hours": "Mo-Su 10:00-17:00; Fr[-1] 10:00-20:00",
          "operator": "University of Oxford",
          "operator:type": "university",
          "phone": "+44 1865 278000",
          "short_name": "The Ashmolean",
          "start_date": "1841",
          "toilets": "yes",
          "toilets:access": "yes",
          "toilets:wheelchair": "designated",
          "tourism": "museum",
          "website": "https://www.ashmolean.org/",
          "wikidata": "Q636400",
          "wikipedia": "en:Ashmolean Museum"
        },
        "sitelinks": 45
      }
    },
    {
      "type": "Feature",
      "geometry": {
        "type": "Point",
        "coordinates": [
          -1.2638754,
          51.7603285
        ]
      },
      "properties": {
        "id": "osm:node:13052893325",
        "source": "osm",
        "title": "Bate Collection of Musical Instruments",
        "address": "Oxford",
        "description": "",
        "categories": [
          "museum",
          "historical",
          "cultural"
        ],
        "primary_category": "museum",
        "interest_score": 100,
        "website": "https://www.bate.ox.ac.uk/",
        "wikipedia": "en:Bate Collection of Musical Instruments",
        "wikidata": "Q4868742",
        "source_url": "https://www.openstreetmap.org/node/13052893325",
        "fetched_at_utc": "2026-10-07T11:42:24+00:00",
        "query_key": "museums",
        "tags": {
          "addr:city": "Oxford",
          "fee": "no",
          "level": "0",
          "museum": "history",
          "name": "Bate Collection of Musical Instruments",
          "opening_hours": "Mo,Th 14:00-17:00",
          "operator": "University of Oxford",
          "operator:type": "university",
          "start_date": "1968",
          "subject": "music",
          "tourism": "museum",
          "website": "https://www.bate.ox.ac.uk/",
          "wikidata": "Q4868742",
          "wikipedia": "en:Bate Collection of Musical Instruments"
        },
        "sitelinks": 3
      }
    },
    {
      "type": "Feature",
      "geometry": {
        "type": "Point",
        "coordinates": [
          -1.254602256097561,
          51.75012663414634
        ]
      },
      "properties": {
        "id": "osm:way:931780662",
        "source": "osm",
        "title": "Christ Church Cathedral",
        "address": "Oxford, OX1 1DP",
        "description": "",
        "categories": [
          "historical",
          "architecture",
          "religious"
        ],
        "primary_category": "historical",
        "interest_score": 100,
        "website": "https://www.chch.ox.ac.uk/cathedral",
        "wikipedia": "en:Christ Church Cathedral, Oxford",
        "wikidata": "Q1736208",
        "source_url": "https://www.openstreetmap.org/way/931780662",
        "fetched_at_utc": "2026-10-07T11:42:24+00:00",
        "query_key": "heritage_sites",
        "tags": {
          "addr:city": "Oxford",
          "addr:postcode": "OX1 1DP",
          "amenity": "place_of_worship",
          "building": "university",
          "denomination": "anglican",
          "diocese": "Diocese of Oxford",
          "heritage": "2",
          "heritage:operator": "Historic England",
          "heritage:website": "https://historicengland.org.uk/listing/the-list/list-entry/1283787",
          "learning": "oxford_college",
          "listed_status": "Grade I",
          "name": "Christ Church Cathedral",
          "name:cy": "Eglwys Gadeiriol Crist",
          "name:de": "Kathedrale von Oxford",
          "name:fr": "Cathédrale Christ Church d'Oxford",
          "name:it": "Cattedrale di Cristo",
          "operator": "Christ Church",
          "ref:GB:nhle": "1283787",
          "ref:GB:uprn": "10002761405",
          "religion": "christian",
          "source": "local knowledge, Bing",
          "website": "https://www.chch.ox.ac.uk/cathedral",
          "wikidata": "Q1736208",
          "wikipedia": "en:Christ Church Cathedral, Oxford",
          "year_of_construction": "1160–1200"
        },
        "sitelinks": 21
      }
    },
    {
      "type": "Feature",
      "geometry": {
        "type": "Point",
        "coordinates": [
          -1.2571096,
          51.7513841
        ]
      },
      "properties": {
        "id": "osm:node:306285546",
        "source": "osm",
        "title": "Museum of Oxford",
        "address": "St Aldate's, Oxford, OX1 1BX",
        "description": "",
        "categories": [
          "museum",
          "historical",
          "cultural"
        ],
        "primary_category": "museum",
        "interest_score": 100,
        "website": "https://museumofoxford.org/",
        "wikipedia": "en:Museum of Oxford",
        "wikidata": "Q15260377",
        "source_url": "https://www.openstreetmap.org/node/306285546",
        "fetched_at_utc": "2026-10-07T11:42:24+00:00",
        "query_key": "museums",
        "tags": {
          "addr:city": "Oxford",
          "addr:housename": "Oxford Town Hall",
          "addr:postcode": "OX1 1BX",
          "addr:street": "St Aldate's",
          "charge": "4 GBP",
          "fee": "yes",
          "museum": "local",
          "name": "Museum of Oxford",
          "opening_hours": "Mo-Sa 10:00-17:00",
          "operator": "Oxford City Council",
          "operator:type": "council",
          "phone": "+441865252334",
          "short_name": "MOX",
          "start_date": "1975",
          "tourism": "museum",
          "website": "https://museumofoxford.org/",
          "wikidata": "Q15260377",
          "wikipedia": "en:Museum of Oxford"
        },
        "sitelinks": 3
      }
    },
    {
      "type": "Feature",
      "geometry": {
        "type": "Point",
        "coordinates": [
          -1.2554092625000004,
          51.75427355000001
        ]
      },
      "properties": {
        "id": "osm:way:60903336",
        "source": "osm",
        "title": "Museum of the History of Science",
        "address": "Broad Street, Oxford, OX1 3AZ",
        "description": "",
        "categories": [
          "museum",
          "historical",
          "cultural"
        ],
        "primary_category": "museum",
        "interest_score": 100,
        "website": "https://hsm.ox.ac.uk/",
        "wikipedia": "en:History of Science Museum, Oxford",
        "wikidata": "Q6941088",
        "source_url": "https://www.openstreetmap.org/way/60903336",
        "fetched_at_utc": "2026-10-07T11:42:24+00:00",
        "query_key": "museums",
        "tags": {
          "addr:city": "Oxford",
          "addr:postcode": "OX1 3AZ",
          "addr:street": "Broad Street",
          "building": "museum",
          "contact:facebook": "https://www.facebook.com/HSMOxford/",
          "contact:instagram": "https://www.instagram.com/hsmoxford/",
          "contact:twitter": "https://twitter.com/hsmoxford",
          "contact:youtube": "https://www.youtube.com/c/HistoryofScienceMuseum",
          "email": "info@hsm.ox.ac.uk",
          "fee": "no",
          "museum": "science",
          "name": "Museum of the History of Science",
          "old_name": "Old Ashmolean Building",
          "opening_hours": "Tu-Su 12:00-17:00",
          "operator": "University of Oxford",
          "operator:type": "university",
          "phone": "+44 1865 277 293",
          "ref:GB:uprn": "100121294971",
          "source": "local_knowledge;yahoo_imagery;OS_OpenData_StreetView",
          "start_date": "1683",
          "tourism": "museum",
          "website": "https://hsm.ox.ac.uk/",
          "wheelchair": "limited",
          "wikidata": "Q6941088",
          "wikipedia": "en:History of Science Museum, Oxford"
        },
        "sitelinks": 8
      }
    },
    {
      "type": "Feature",
      "geometry": {
        "type": "Point",
        "coordinates": [
          -1.255701727272727,
          51.75863313030304
        ]
      },
      "properties": {
        "id": "osm:way:25999883",
        "source": "osm",
        "title": "Oxford University Museum of Natural History",
        "address": "Parks Road, Oxford, OX1 3PW",
        "description": "",
        "categories": [
          "museum",
          "historical",
          "cultural"
        ],
        "primary_category": "museum",
        "interest_score": 100,
        "website": "https://www.oumnh.ox.ac.uk/",
        "wikipedia": "en:Oxford University Museum of Natural History",
        "wikidata": "Q1760005",
        "source_url": "https://www.openstreetmap.org/way/25999883",
        "fetched_at_utc": "2026-10-07T11:42:24+00:00",
        "query_key": "museums",
        "tags": {
          "addr:city": "Oxford",
          "addr:postcode": "OX1 3PW",
          "addr:street": "Parks Road",
          "building": "museum",
          "fee": "no",
          "learning": "oxford_department",
          "museum": "nature",
          "name": "Oxford University Museum of Natural History",
          "name:ar": "متحف جامعة أكسفورد للتاريخ الطبيعي",
          "name:ca": "Museu d'Història Natural de la Universitat d'Oxford",
          "name:de": "Oxford University Museum of Natural History",
          "name:el": "Μουσείο φυσικής ιστορίας του πανεπιστημίου της Οξφόρδης",
          "name:en": "Oxford University Museum of Natural History",
          "name:es": "Museo de Historia Natural de la Universidad de Oxford",
          "name:fr": "Musée d'histoire naturelle de l'université d'Oxford",
          "name:ga": "Músaem Oxford",
          "name:nl": "Oxford University Museum of Natural History",
          "name:pnb": "آکسفورڈ یونیورسٹی میوزیم",
          "name:pt": "Museu de História Natural da Universidade de Oxford",
          "name:ru": "Музей естественной истории Оксфордского университета",
          "name:sv": "Oxford University Museum of Natural History",
          "name:uk": "Оксфордський музей природничої історії",
          "name:vi": "Bảo tàng Lịch sử Tự nhiên của Đại học Oxford",
          "name:zh": "牛津大學自然史博物館",
          "opening_hours": "Mo-Su 10:00-17:00",
          "operator": "University of Oxford",
          "operator:type": "university",
          "start_date": "1860",
          "tourism": "museum",
          "url": "http://www.oum.ox.ac.uk/",
          "website": "https://www.oumnh.ox.ac.uk/",
          "wheelchair": "yes",
          "wikidata": "Q1760005",
          "wikipedia": "en:Oxford University Museum of Natural History"
        },
        "sitelinks": 24
      }
    },
    {
      "type": "Feature",
      "geometry": {
        "type": "Point",
        "coordinates": [
          -1.2550901727272727,
          51.75869587272727
        ]
      },
      "properties": {
        "id": "osm:way:99873920",
        "source": "osm",
        "title": "Pitt Rivers Museum",
        "address": "3 Parks Road, Oxford, OX1 3PP",
        "description": "",
        "categories": [
          "museum",
          "historical",
          "cultural"
        ],
        "primary_category": "museum",
        "interest_score": 100,
        "website": "https://www.prm.ox.ac.uk/",
        "wikipedia": "en:Pitt Rivers Museum",
        "wikidata": "Q1456119",
        "source_url": "https://www.openstreetmap.org/way/99873920",
        "fetched_at_utc": "2026-10-07T11:42:24+00:00",
        "query_key": "museums",
        "tags": {
          "addr:city": "Oxford",
          "addr:housenumber": "3",
          "addr:postcode": "OX1 3PP",
          "addr:street": "Parks Road",
          "building": "museum",
          "fee": "no",
          "learning": "oxford_department",
          "museum": "ethnography;archaeological",
          "name": "Pitt Rivers Museum",
          "opening_hours": "Mo-Su 10:00-17:00",
          "operator": "University of Oxford",
          "operator:type": "university",
          "phone": "+44 1865 613000",
          "start_date": "1886",
          "tourism": "museum",
          "url": "http://www.prm.ox.ac.uk/",
          "website": "https://www.prm.ox.ac.uk/",
          "wikidata": "Q1456119",
          "wikipedia": "en:Pitt Rivers Museum"
        },
        "sitelinks": 17
      }
    },
    {
      "type": "Feature",
      "geometry": {
        "type": "Point",
        "coordinates": [
          -1.25792872,
          51.75074341000002
        ]
      },
      "properties": {
        "id": "osm:way:486763379",
        "source": "osm",
        "title": "Story Museum",
        "address": "42 Pembroke Street, Oxford, OX1 1BP",
        "description": "",
        "categories": [
          "museum",
          "historical",
          "cultural"
        ],
        "primary_category": "museum",
        "interest_score": 100,
        "website": "https://www.storymuseum.org.uk/",
        "wikipedia": "en:The Story Museum",
        "wikidata": "Q7766718",
        "source_url": "https://www.openstreetmap.org/way/486763379",
        "fetched_at_utc": "2026-10-07T11:42:24+00:00",
        "query_key": "museums",
        "tags": {
          "addr:city": "Oxford",
          "addr:housename": "Rochester House",
          "addr:housenumber": "42",
          "addr:postcode": "OX1 1BP",
          "addr:street": "Pembroke Street",
          "building": "residential",
          "email": "hello@storymuseum.org.uk",
          "fee": "yes",
          "museum": "children",
          "name": "Story Museum",
          "opening_hours": "Tu-Su 10:00-16:30",
          "operator": "The Story Museum",
          "operator:type": "private_non_profit",
          "phone": "+441865807600",
          "ref:GB:uprn": "100121294286",
          "start_date": "2009",
          "tourism": "museum",
          "website": "https://www.storymuseum.org.uk/",
          "wikidata": "Q7766718",
          "wikipedia": "en:The Story Museum"
        },
        "sitelinks": 2
      }
    },
    {
      "type": "Feature",
      "geometry": {
        "type": "Point",
        "coordinates": [
          -1.247488324615385,
          51.75105675384617
        ]
      },
      "properties": {
        "id": "osm:relation:16470745",
        "source": "osm",
        "title": "University of Oxford Botanic Garden",
        "address": "Rose Lane, OX1 4AZ",
        "description": "",
        "categories": [
          "historical",
          "architecture",
          "natural",
          "garden",
          "landmark"
        ],
        "primary_category": "historical",
        "interest_score": 100,
        "website": "https://www.obga.ox.ac.uk/",
        "wikipedia": "en:University of Oxford Botanic Garden",
        "wikidata": "Q2115661",
        "source_url": "https://www.openstreetmap.org/relation/16470745",
        "fetched_at_utc": "2026-10-07T11:42:24+00:00",
        "query_key": "attractions_and_viewpoints",
        "tags": {
          "HE_ref": "1000464",
          "access": "yes",
          "addr:postcode": "OX1 4AZ",
          "addr:street": "Rose Lane",
          "alt_name": "Oxford Botanic Garden",
          "charge": "7 GBP",
          "fee": "yes",
          "garden:type": "botanical",
          "heritage": "2",
          "heritage:operator": "English Heritage",
          "leisure": "garden",
          "listed_status": "Grade I",
          "name": "University of Oxford Botanic Garden",
          "name:ja": "オックスフォード大学 植物園",
          "opening_hours": "10:00-18:00 open, 10:00-17:00 open \"last entry\"",
          "operator": "University of Oxford",
          "phone": "+44 1865 286690",
          "start_date": "1621",
          "tourism": "attraction",
          "url": "http://www.botanic-garden.ox.ac.uk/",
          "website": "https://www.obga.ox.ac.uk/",
          "wikidata": "Q2115661",
          "wikipedia": "en:University of Oxford Botanic Garden"
        },
        "sitelinks": 15
      }
    },
    {
      "type": "Feature",
      "geometry": {
        "type": "Point",
        "coordinates": [
          -1.2544195,
          51.7506471
        ]
      },
      "properties": {
        "id": "osm:way:146508038",
        "source": "osm",
        "title": "Christ Church Picture Gallery",
        "address": "St Aldate's, Oxford, OX1 1DP",
        "description": "",
        "categories": [
          "museum",
          "historical",
          "cultural"
        ],
        "primary_category": "museum",
        "interest_score": 90,
        "website": "https://www.chch.ox.ac.uk/visit/picture-gallery",
        "wikipedia": "",
        "wikidata": "Q3675590",
        "source_url": "https://www.openstreetmap.org/way/146508038",
        "fetched_at_utc": "2026-10-07T11:42:24+00:00",
        "query_key": "museums",
        "tags": {
          "addr:city": "Oxford",
          "addr:postcode": "OX1 1DP",
          "addr:street": "St Aldate's",
          "building": "university",
          "building:levels": "1",
          "fee": "yes",
          "museum": "art",
          "name": "Christ Church Picture Gallery",
          "opening_hours": "Mo,We-Sa 11:00-17:00; Su 14:00-17:00",
          "operator": "Christ Church",
          "operator:type": "university",
          "phone": "+441865276172",
          "start_date": "1968",
          "tourism": "museum",
          "website": "https://www.chch.ox.ac.uk/visit/picture-gallery",
          "wikidata": "Q3675590"
        },
        "sitelinks": 4
      }
    },
    {
      "type": "Feature",
      "geometry": {
        "type": "Point",
        "coordinates": [
          -1.2524494,
          51.7525813
        ]
      },
      "properties": {
        "id": "osm:node:324606232",
        "source": "osm",
        "title": "Shelley Memorial",
        "address": "",
        "description": "",
        "categories": [
          "historical",
          "cultural",
          "art",
          "memorial"
        ],
        "primary_category": "historical",
        "interest_score": 88,
        "website": "",
        "wikipedia": "en:Shelley Memorial",
        "wikidata": "Q7493800",
        "source_url": "https://www.openstreetmap.org/node/324606232",
        "fetched_at_utc": "2026-10-07T11:42:24+00:00",
        "query_key": "galleries_and_arts",
        "tags": {
          "artwork_type": "statue",
          "historic": "memorial",
          "name": "Shelley Memorial",
          "source": "local_knowledgle",
          "tourism": "artwork",
          "wheelchair": "yes",
          "wikidata": "Q7493800",
          "wikipedia": "en:Shelley Memorial"
        },
        "sitelinks": 4
      }
    },
    {
      "type": "Feature",
      "geometry": {
        "type": "Point",
        "coordinates": [
          -1.263618957142857,
          51.75115708571429
        ]
      },
      "properties": {
        "id": "osm:way:569976986",
        "source": "osm",
        "title": "Swan Bridge",
        "address": "",
        "description": "",
        "categories": [
          "historical",
          "architecture"
        ],
        "primary_category": "historical",
        "interest_score": 88,
        "website": "",
        "wikipedia": "en:Swan Bridge",
        "wikidata": "Q7653425",
        "source_url": "https://www.openstreetmap.org/way/569976986",
        "fetched_at_utc": "2026-10-07T11:42:24+00:00",
        "query_key": "heritage_sites",
        "tags": {
          "bridge:structure": "beam",
          "heritage": "yes",
          "layer": "1",
          "man_made": "bridge",
          "name": "Swan Bridge",
          "wikidata": "Q7653425",
          "wikipedia": "en:Swan Bridge"
        },
        "sitelinks": 1
      }
    },
    {
      "type": "Feature",
      "geometry": {
        "type": "Point",
        "coordinates": [
          -1.2567688799999999,
          51.75197288999999
        ]
      },
      "properties": {
        "id": "osm:way:957951010",
        "source": "osm",
        "title": "Oxford Illusion Museum",
        "address": "133 High Street, Oxford, OX1 4DN",
        "description": "",
        "categories": [
          "museum",
          "historical",
          "cultural",
          "architecture"
        ],
        "primary_category": "museum",
        "interest_score": 86,
        "website": "https://oxfordillusionmuseum.com/",
        "wikipedia": "",
        "wikidata": "",
        "source_url": "https://www.openstreetmap.org/way/957951010",
        "fetched_at_utc": "2026-10-07T11:42:24+00:00",
        "query_key": "museums",
        "tags": {
          "addr:city": "Oxford",
          "addr:housenumber": "133",
          "addr:postcode": "OX1 4DN",
          "addr:street": "High Street",
          "building": "yes",
          "check_date": "2025-07-30",
          "check_date:opening_hours": "2025-07-30",
          "name": "Oxford Illusion Museum",
          "opening_hours": "Mo-Su 11:00-18:00",
          "opening_hours:url": "https://oxfordillusionmuseum.com/",
          "ref:GB:uprn": "10012795814;10091825569;200004683373",
          "source:addr": "website",
          "source:opening_hours": "website",
          "source:wheelchair": "website",
          "tourism": "museum",
          "website": "https://oxfordillusionmuseum.com/",
          "wheelchair": "no",
          "wheelchair:url": "https://oxfordillusionmuseum.com/about/"
        }
      }
    },
    {
      "type": "Feature",
      "geometry": {
        "type": "Point",
        "coordinates": [
          -1.237422,
          51.7513487
        ]
      },
      "properties": {
        "id": "osm:node:6355351447",
        "source": "osm",
        "title": "International Brigade Memorial",
        "address": "",
        "description": "In memory of the 31 men and women of Oxfordshire who defended democracy and fought fascism in the Spanish Civil War of 1936 to 1939 and the people of the County who gave them support. Six were killed in action.",
        "categories": [
          "historical",
          "memorial"
        ],
        "primary_category": "historical",
        "interest_score": 81,
        "website": "",
        "wikipedia": "en:Oxford Spanish Civil War memorial",
        "wikidata": "Q104829612",
        "source_url": "https://www.openstreetmap.org/node/6355351447",
        "fetched_at_utc": "2026-10-07T11:42:24+00:00",
        "query_key": "historic_sites",
        "tags": {
          "description": "In memory of the 31 men and women of Oxfordshire who defended democracy and fought fascism in the Spanish Civil War of 1936 to 1939 and the people of the County who gave them support. Six were killed in action.",
          "historic": "memorial",
          "inscription": "Anthony Carritt Edward Cooper Lewis Clive Herbert Fisher Ralph Fox John Rickman",
          "memorial": "war_memorial",
          "memorial:conflict": "Spanish_Civil_War",
          "name": "International Brigade Memorial",
          "start_date": "2017-06-10",
          "wikidata": "Q104829612",
          "wikipedia": "en:Oxford Spanish Civil War memorial"
        },
        "sitelinks": 1
      }
    },
    {
      "type": "Feature",
      "geometry": {
        "type": "Point",
        "coordinates": [
          -1.257726,
          51.7542783
        ]
      },
      "properties": {
        "id": "osm:node:6747028484",
        "source": "osm",
        "title": "Site of the Burning of the Oxford Martyrs",
        "address": "",
        "description": "Small stone cross road marking in Broad Street",
        "categories": [
          "historical",
          "memorial"
        ],
        "primary_category": "historical",
        "interest_score": 81,
        "website": "",
        "wikipedia": "en:Oxford Martyrs",
        "wikidata": "Q7115401",
        "source_url": "https://www.openstreetmap.org/node/6747028484",
        "fetched_at_utc": "2026-10-07T11:42:24+00:00",
        "query_key": "historic_sites",
        "tags": {
          "description": "Small stone cross road marking in Broad Street",
          "historic": "memorial",
          "material": "stone",
          "memorial": "cross",
          "name": "Site of the Burning of the Oxford Martyrs",
          "wikidata": "Q7115401",
          "wikipedia": "en:Oxford Martyrs"
        },
        "sitelinks": 6
      }
    },
    {
      "type": "Feature",
      "geometry": {
        "type": "Point",
        "coordinates": [
          -1.2552135,
          51.755189
        ]
      },
      "properties": {
        "id": "osm:node:12666644939",
        "source": "osm",
        "title": "ST Lee Gallery and Treasury",
        "address": "Broad Street, Oxford, OX1 3BG",
        "description": "Two gallery spaces with rotating temporary exhibitions curated from the library material.",
        "categories": [
          "museum",
          "historical",
          "cultural"
        ],
        "primary_category": "museum",
        "interest_score": 81,
        "website": "https://visit.bodleian.ox.ac.uk/events-exhibitions",
        "wikipedia": "",
        "wikidata": "",
        "source_url": "https://www.openstreetmap.org/node/12666644939",
        "fetched_at_utc": "2026-10-07T11:42:24+00:00",
        "query_key": "museums",
        "tags": {
          "addr:city": "Oxford",
          "addr:housename": "Weston Library",
          "addr:postcode": "OX1 3BG",
          "addr:street": "Broad Street",
          "description": "Two gallery spaces with rotating temporary exhibitions curated from the library material.",
          "fee": "no",
          "level": "0",
          "museum": "history",
          "name": "ST Lee Gallery and Treasury",
          "opening_hours": "Mo-Fr 09:00-17:00; Sa 10:00-17:00; Su 11:00-16:00",
          "operator": "Bodleian Libraries;University of Oxford",
          "operator:type": "university",
          "start_date": "2015",
          "tourism": "museum",
          "website": "https://visit.bodleian.ox.ac.uk/events-exhibitions",
          "wheelchair": "yes"
        }
      }
    },
    {
      "type": "Feature",
      "geometry": {
        "type": "Point",
        "coordinates": [
          -1.2659757,
          51.7511848
        ]
      },
      "properties": {
        "id": "osm:node:9178260843",
        "source": "osm",
        "title": "Olive Gibbs",
        "address": "",
        "description": "OLIVE GIBBS (née Cox) 1918–1995 Lord Mayor of Oxford Chairman of Oxfordshire / County Council Defender of Oxford's urban landscape Tireless champion of social causes Honorary Freeman National Chair of CND was born and lived here 1918–1942",
        "categories": [
          "blue_plaque",
          "historical",
          "memorial"
        ],
        "primary_category": "blue_plaque",
        "interest_score": 80,
        "website": "https://www.oxonblueplaques.org.uk/plaques/gibbs.html",
        "wikipedia": "",
        "wikidata": "",
        "source_url": "https://www.openstreetmap.org/node/9178260843",
        "fetched_at_utc": "2026-10-07T11:42:24+00:00",
        "query_key": "historic_sites",
        "tags": {
          "historic": "memorial",
          "inscription": "OLIVE GIBBS (née Cox) 1918–1995 Lord Mayor of Oxford Chairman of Oxfordshire / County Council Defender of Oxford's urban landscape Tireless champion of social causes Honorary Freeman National Chair of CND was born and lived here 1918–1942",
          "memorial": "blue_plaque",
          "name": "Olive Gibbs",
          "openplaques:id": "40997",
          "subject:wikidata": "Q7087156",
          "subject:wikipedia": "en:Olive Gibbs",
          "website": "https://www.oxonblueplaques.org.uk/plaques/gibbs.html"
        }
      }
    },
    {
      "type": "Feature",
      "geometry": {
        "type": "Point",
        "coordinates": [
          -1.2274382,
          51.7547853
        ]
      },
      "properties": {
        "id": "osm:node:9381863798",
        "source": "osm",
        "title": "Rhoda Broughton",
        "address": "",
        "description": "RHODA BROUGHTON 1840–1920 Popular novelist Independent woman and wit lived here 1900–1920",
        "categories": [
          "blue_plaque",
          "historical",
          "memorial"
        ],
        "primary_category": "blue_plaque",
        "interest_score": 80,
        "website": "https://www.oxonblueplaques.org.uk/plaques/broughton.html",
        "wikipedia": "",
        "wikidata": "",
        "source_url": "https://www.openstreetmap.org/node/9381863798",
        "fetched_at_utc": "2026-10-07T11:42:24+00:00",
        "query_key": "historic_sites",
        "tags": {
          "historic": "memorial",
          "inscription": "RHODA BROUGHTON 1840–1920 Popular novelist Independent woman and wit lived here 1900–1920",
          "memorial": "blue_plaque",
          "name": "Rhoda Broughton",
          "openplaques:id": "87058",
          "operator": "Oxfordshire Blue Plaques Board",
          "website": "https://www.oxonblueplaques.org.uk/plaques/broughton.html"
        }
      }
    },
    {
      "type": "Feature",
      "geometry": {
        "type": "Point",
        "coordinates": [
          -1.2603317,
          51.7549752
        ]
      },
      "properties": {
        "id": "osm:node:9178231454",
        "source": "osm",
        "title": "William Wilkinson",
        "address": "",
        "description": "William Wilkinson 1819‒1901, architect of the Randolph Hotel and designer of North Oxford Victorian suburb, lived and practised here, 1860‒1886",
        "categories": [
          "blue_plaque",
          "historical",
          "memorial"
        ],
        "primary_category": "blue_plaque",
        "interest_score": 80,
        "website": "https://www.oxonblueplaques.org.uk/plaques/wilkinson.html",
        "wikipedia": "",
        "wikidata": "",
        "source_url": "https://www.openstreetmap.org/node/9178231454",
        "fetched_at_utc": "2026-10-07T11:42:24+00:00",
        "query_key": "historic_sites",
        "tags": {
          "direction": "355",
          "historic": "memorial",
          "historic:date": "1860..1886",
          "inscription": "William Wilkinson 1819‒1901, architect of the Randolph Hotel and designer of North Oxford Victorian suburb, lived and practised here, 1860‒1886",
          "memorial": "blue_plaque",
          "name": "William Wilkinson",
          "openplaques:id": "42062",
          "plaque": "here_lived;here_worked",
          "subject:wikidata": "Q15440248",
          "subject:wikipedia": "en:William Wilkinson (architect)",
          "website": "https://www.oxonblueplaques.org.uk/plaques/wilkinson.html"
        }
      }
    },
    {
      "type": "Feature",
      "geometry": {
        "type": "Point",
        "coordinates": [
          -1.2683555,
          51.7543071
        ]
      },
      "properties": {
        "id": "osm:node:298272191",
        "source": "osm",
        "title": "Rewley Abbey",
        "address": "",
        "description": "",
        "categories": [
          "historical",
          "architecture"
        ],
        "primary_category": "historical",
        "interest_score": 78,
        "website": "",
        "wikipedia": "en:Rewley Abbey",
        "wikidata": "Q2147035",
        "source_url": "https://www.openstreetmap.org/node/298272191",
        "fetched_at_utc": "2026-10-07T11:42:24+00:00",
        "query_key": "historic_sites",
        "tags": {
          "historic": "ruins",
          "name": "Rewley Abbey",
          "source": "local_knowledge",
          "wikidata": "Q2147035",
          "wikipedia": "en:Rewley Abbey"
        },
        "sitelinks": 3
      }
    },
    {
      "type": "Feature",
      "geometry": {
        "type": "Point",
        "coordinates": [
          -1.2444335777777777,
          51.75027055555555
        ]
      },
      "properties": {
        "id": "osm:way:1419987150",
        "source": "osm",
        "title": "Victoria Fountain",
        "address": "",
        "description": "",
        "categories": [
          "historical",
          "architecture"
        ],
        "primary_category": "historical",
        "interest_score": 78,
        "website": "",
        "wikipedia": "en:Victoria Fountain (The Plain)",
        "wikidata": "Q26650773",
        "source_url": "https://www.openstreetmap.org/way/1419987150",
        "fetched_at_utc": "2026-10-07T11:42:24+00:00",
        "query_key": "historic_sites",
        "tags": {
          "building": "drinking_fountain",
          "building:colour": "#ffe0a0",
          "contact:website": "https://www.oxfordpreservation.org.uk/victoria-fountain",
          "historic": "building",
          "lit": "yes",
          "name": "Victoria Fountain",
          "wikidata": "Q26650773",
          "wikipedia": "en:Victoria Fountain (The Plain)"
        },
        "sitelinks": 0
      }
    },
    {
      "type": "Feature",
      "geometry": {
        "type": "Point",
        "coordinates": [
          -1.2627164,
          51.7550227
        ]
      },
      "properties": {
        "id": "osm:node:6747072585",
        "source": "osm",
        "title": "Birthplace of Richard I and John",
        "address": "",
        "description": "NEAR TO THIS SITE\nSTOOD THE KING’S HOUSES\nLATER KNOWN AS\nBEAUMONT PALACE\n\nKING RICHARD I\nWAS BORN HERE IN 1157\nAND KING JOHN IN 1167",
        "categories": [
          "historical",
          "memorial"
        ],
        "primary_category": "historical",
        "interest_score": 76,
        "website": "",
        "wikipedia": "en:Beaumont Palace",
        "wikidata": "Q635084",
        "source_url": "https://www.openstreetmap.org/node/6747072585",
        "fetched_at_utc": "2026-10-07T11:42:24+00:00",
        "query_key": "historic_sites",
        "tags": {
          "direction": "180",
          "historic": "memorial",
          "inscription": "NEAR TO THIS SITE\nSTOOD THE KING’S HOUSES\nLATER KNOWN AS\nBEAUMONT PALACE\n\nKING RICHARD I\nWAS BORN HERE IN 1157\nAND KING JOHN IN 1167",
          "material": "stone",
          "memorial": "plaque",
          "name": "Birthplace of Richard I and John",
          "openplaques:id": "2545",
          "wikidata": "Q635084",
          "wikipedia": "en:Beaumont Palace"
        },
        "sitelinks": 16
      }
    },
    {
      "type": "Feature",
      "geometry": {
        "type": "Point",
        "coordinates": [
          -1.2611632419354841,
          51.75538349354839
        ]
      },
      "properties": {
        "id": "osm:way:27183574",
        "source": "osm",
        "title": "Bodleian Art, Archaeology and Ancient World Library & Griffith Institute",
        "address": "1 St John Street, Oxford, OX1 2LG",
        "description": "",
        "categories": [
          "cultural",
          "architecture",
          "literary"
        ],
        "primary_category": "cultural",
        "interest_score": 76,
        "website": "https://www.bodleian.ox.ac.uk/libraries/art",
        "wikipedia": "en:Bodleian Art, Archaeology and Ancient World Library",
        "wikidata": "Q2210813",
        "source_url": "https://www.openstreetmap.org/way/27183574",
        "fetched_at_utc": "2026-10-07T11:42:24+00:00",
        "query_key": "performance_and_literary",
        "tags": {
          "addr:city": "Oxford",
          "addr:housenumber": "1",
          "addr:postcode": "OX1 2LG",
          "addr:street": "St John Street",
          "amenity": "library",
          "building": "yes",
          "name": "Bodleian Art, Archaeology and Ancient World Library & Griffith Institute",
          "old_name": "Sackler Library & Griffith Institute",
          "opening_hours": "Mo-Fr 09:00-21:00; Sa 10:00-18:00; Su 11:00-19:00",
          "operator": "University of Oxford",
          "operator:type": "university",
          "ref:GB:uprn": "10002759845",
          "short_name": "BAAL",
          "source": "Bing;yahoo_imagery;local_knowledge",
          "start_date": "2001",
          "website": "https://www.bodleian.ox.ac.uk/libraries/art",
          "wikidata": "Q2210813",
          "wikipedia": "en:Bodleian Art, Archaeology and Ancient World Library"
        },
        "sitelinks": 9
      }
    },
    {
      "type": "Feature",
      "geometry": {
        "type": "Point",
        "coordinates": [
          -1.2589965,
          51.755087
        ]
      },
      "properties": {
        "id": "osm:node:16252895",
        "source": "osm",
        "title": "Martyrs' Memorial",
        "address": "",
        "description": "",
        "categories": [
          "historical",
          "memorial"
        ],
        "primary_category": "historical",
        "interest_score": 76,
        "website": "",
        "wikipedia": "en:Martyrs' Memorial, Oxford",
        "wikidata": "Q11125244",
        "source_url": "https://www.openstreetmap.org/node/16252895",
        "fetched_at_utc": "2026-10-07T11:42:24+00:00",
        "query_key": "historic_sites",
        "tags": {
          "historic": "monument",
          "loc_name": "Sunken Cathedral",
          "name": "Martyrs' Memorial",
          "wikidata": "Q11125244",
          "wikipedia": "en:Martyrs' Memorial, Oxford"
        },
        "sitelinks": 4
      }
    },
    {
      "type": "Feature",
      "geometry": {
        "type": "Point",
        "coordinates": [
          -1.2803361,
          51.7637953
        ]
      },
      "properties": {
        "id": "osm:node:11491953545",
        "source": "osm",
        "title": "This bridge was erected by public subsription through the exertion and during th",
        "address": "",
        "description": "This bridge was erected by public subsription through the exertion and during the shrievalty of Henry Grant Esquire A.D.1865.",
        "categories": [
          "historical",
          "memorial"
        ],
        "primary_category": "historical",
        "interest_score": 76,
        "website": "",
        "wikipedia": "en:Medley Footbridge",
        "wikidata": "Q6807222",
        "source_url": "https://www.openstreetmap.org/node/11491953545",
        "fetched_at_utc": "2026-10-07T11:42:24+00:00",
        "query_key": "historic_sites",
        "tags": {
          "historic": "memorial",
          "inscription": "This bridge was erected by public subsription through the exertion and during the shrievalty of Henry Grant Esquire A.D.1865.",
          "material": "metal",
          "memorial": "plaque",
          "note:inscription": "\"Subsription\" is not a typo. Verbatim from the inscription itself.",
          "start_date": "1865",
          "wikidata": "Q6807222",
          "wikipedia": "en:Medley Footbridge"
        },
        "sitelinks": 1
      }
    },
    {
      "type": "Feature",
      "geometry": {
        "type": "Point",
        "coordinates": [
          -1.2577419,
          51.7518282
        ]
      },
      "properties": {
        "id": "osm:node:4786012540",
        "source": "osm",
        "title": "This was the site of the Swindlestock Tavern 1250-1709",
        "address": "",
        "description": "This was the site of the Swindlestock Tavern 1250-1709",
        "categories": [
          "historical",
          "memorial"
        ],
        "primary_category": "historical",
        "interest_score": 76,
        "website": "",
        "wikipedia": "en:St Scholastica Day riot",
        "wikidata": "Q4366914",
        "source_url": "https://www.openstreetmap.org/node/4786012540",
        "fetched_at_utc": "2026-10-07T11:42:24+00:00",
        "query_key": "historic_sites",
        "tags": {
          "historic": "memorial",
          "inscription": "This was the site of the Swindlestock Tavern 1250-1709",
          "memorial": "plaque",
          "openplaques:id": "8542",
          "wikidata": "Q4366914",
          "wikipedia": "en:St Scholastica Day riot"
        },
        "sitelinks": 12
      }
    },
    {
      "type": "Feature",
      "geometry": {
        "type": "Point",
        "coordinates": [
          -1.2600009,
          51.7517423
        ]
      },
      "properties": {
        "id": "osm:node:322850769",
        "source": "osm",
        "title": "Tirah Memorial",
        "address": "",
        "description": "",
        "categories": [
          "historical",
          "memorial"
        ],
        "primary_category": "historical",
        "interest_score": 76,
        "website": "",
        "wikipedia": "en:Tirah Memorial",
        "wikidata": "Q7809085",
        "source_url": "https://www.openstreetmap.org/node/322850769",
        "fetched_at_utc": "2026-10-07T11:42:24+00:00",
        "query_key": "historic_sites",
        "tags": {
          "historic": "memorial",
          "man_made": "obelisk",
          "memorial": "war_memorial",
          "name": "Tirah Memorial",
          "wikidata": "Q7809085",
          "wikipedia": "en:Tirah Memorial"
        },
        "sitelinks": 1
      }
    },
    {
      "type": "Feature",
      "geometry": {
        "type": "Point",
        "coordinates": [
          -1.2656055,
          51.7537836
        ]
      },
      "properties": {
        "id": "osm:node:13286418262",
        "source": "osm",
        "title": "Abel Beesley",
        "address": "",
        "description": "ABEL BEESLEY 1851-1921 Waterman Invincible Punting Champion of England who popularised the punt as a leisure craft Lived here 1899-1921",
        "categories": [
          "blue_plaque",
          "historical",
          "memorial"
        ],
        "primary_category": "blue_plaque",
        "interest_score": 74,
        "website": "",
        "wikipedia": "",
        "wikidata": "",
        "source_url": "https://www.openstreetmap.org/node/13286418262",
        "fetched_at_utc": "2026-10-07T11:42:24+00:00",
        "query_key": "historic_sites",
        "tags": {
          "direction": "45",
          "historic": "memorial",
          "inscription": "ABEL BEESLEY 1851-1921 Waterman Invincible Punting Champion of England who popularised the punt as a leisure craft Lived here 1899-1921",
          "memorial": "blue_plaque",
          "name": "Abel Beesley",
          "openplaques:id": "55449"
        }
      }
    },
    {
      "type": "Feature",
      "geometry": {
        "type": "Point",
        "coordinates": [
          -1.2518891,
          51.7514477
        ]
      },
      "properties": {
        "id": "osm:node:10975193268",
        "source": "osm",
        "title": "Anthony à Wood",
        "address": "",
        "description": "Anthony à Wood\n1632-1695\nAntiquary\nwas born lived and died at Postmasters' Hall",
        "categories": [
          "blue_plaque",
          "historical",
          "memorial"
        ],
        "primary_category": "blue_plaque",
        "interest_score": 74,
        "website": "",
        "wikipedia": "",
        "wikidata": "",
        "source_url": "https://www.openstreetmap.org/node/10975193268",
        "fetched_at_utc": "2026-10-07T11:42:24+00:00",
        "query_key": "historic_sites",
        "tags": {
          "historic": "memorial",
          "inscription": "Anthony à Wood\n1632-1695\nAntiquary\nwas born lived and died at Postmasters' Hall",
          "material": "metal",
          "memorial": "blue_plaque",
          "name": "Anthony à Wood",
          "openplaques:id": "996",
          "operator": "Oxfordshire Blue Plaques Board",
          "plaque": "here_was_born;here_died",
          "start_date": "2008-04-28",
          "subject:wikidata": "Q691873",
          "subject:wikipedia": "en:Anthony Wood (antiquary)"
        }
      }
    },
    {
      "type": "Feature",
      "geometry": {
        "type": "Point",
        "coordinates": [
          -1.2656894,
          51.7596394
        ]
      },
      "properties": {
        "id": "osm:node:13983351003",
        "source": "osm",
        "title": "Beatrice Mary Blackwood",
        "address": "",
        "description": "Beatrice Mary Blackwood, 1889‒1975, anthropologist, pioneering field researcher, museum creator, lived here 1930‒1962",
        "categories": [
          "blue_plaque",
          "historical",
          "memorial"
        ],
        "primary_category": "blue_plaque",
        "interest_score": 74,
        "website": "",
        "wikipedia": "",
        "wikidata": "",
        "source_url": "https://www.openstreetmap.org/node/13983351003",
        "fetched_at_utc": "2026-10-07T11:42:24+00:00",
        "query_key": "historic_sites",
        "tags": {
          "direction": "50",
          "historic": "memorial",
          "historic:date": "1930..1962",
          "inscription": "Beatrice Mary Blackwood, 1889‒1975, anthropologist, pioneering field researcher, museum creator, lived here 1930‒1962",
          "memorial": "blue_plaque",
          "name": "Beatrice Mary Blackwood",
          "openplaques:id": "87091",
          "operator": "Oxfordshire Blue Plaques Board",
          "plaque": "here_lived",
          "start_date": "2026-05-29",
          "subject:wikidata": "Q4877120",
          "subject:wikipedia": "en:Beatrice Blackwood"
        }
      }
    },
    {
      "type": "Feature",
      "geometry": {
        "type": "Point",
        "coordinates": [
          -1.2447401,
          51.7497936
        ]
      },
      "properties": {
        "id": "osm:node:11194339438",
        "source": "osm",
        "title": "Captain Noel Chavasse",
        "address": "",
        "description": "CAPTAIN NOEL CHAVASSE Royal Army Medical Corps\nV.C. and BAR 1884–1917 was born in Oxford and\nattended this school",
        "categories": [
          "blue_plaque",
          "historical",
          "memorial"
        ],
        "primary_category": "blue_plaque",
        "interest_score": 74,
        "website": "",
        "wikipedia": "",
        "wikidata": "",
        "source_url": "https://www.openstreetmap.org/node/11194339438",
        "fetched_at_utc": "2026-10-07T11:42:24+00:00",
        "query_key": "historic_sites",
        "tags": {
          "historic": "memorial",
          "inscription": "CAPTAIN NOEL CHAVASSE Royal Army Medical Corps\nV.C. and BAR 1884–1917 was born in Oxford and\nattended this school",
          "material": "metal",
          "memorial": "blue_plaque",
          "name": "Captain Noel Chavasse",
          "openplaques:id": "1016"
        }
      }
    },
    {
      "type": "Feature",
      "geometry": {
        "type": "Point",
        "coordinates": [
          -1.2572477,
          51.7541705
        ]
      },
      "properties": {
        "id": "osm:node:9135047265",
        "source": "osm",
        "title": "Cecil Jackson-Cole",
        "address": "",
        "description": "",
        "categories": [
          "blue_plaque",
          "historical",
          "memorial"
        ],
        "primary_category": "blue_plaque",
        "interest_score": 74,
        "website": "",
        "wikipedia": "",
        "wikidata": "",
        "source_url": "https://www.openstreetmap.org/node/9135047265",
        "fetched_at_utc": "2026-10-07T11:42:24+00:00",
        "query_key": "historic_sites",
        "tags": {
          "historic": "memorial",
          "memorial": "blue_plaque",
          "name": "Cecil Jackson-Cole",
          "openplaques:id": "1020"
        }
      }
    },
    {
      "type": "Feature",
      "geometry": {
        "type": "Point",
        "coordinates": [
          -1.2568565,
          51.7670904
        ]
      },
      "properties": {
        "id": "osm:node:14081052891",
        "source": "osm",
        "title": "Charles Elton & E. J. Scovell",
        "address": "",
        "description": "CHARLES ELTON FRS 1900–1991 Father of animal ecology Conservationist E. J. SCOVELL 1907–1999 Poet and wife Lived here 1949–1992",
        "categories": [
          "blue_plaque",
          "historical",
          "memorial"
        ],
        "primary_category": "blue_plaque",
        "interest_score": 74,
        "website": "",
        "wikipedia": "",
        "wikidata": "",
        "source_url": "https://www.openstreetmap.org/node/14081052891",
        "fetched_at_utc": "2026-10-07T11:42:24+00:00",
        "query_key": "historic_sites",
        "tags": {
          "historic": "memorial",
          "historic:date": "1949..1992",
          "inscription": "CHARLES ELTON FRS 1900–1991 Father of animal ecology Conservationist E. J. SCOVELL 1907–1999 Poet and wife Lived here 1949–1992",
          "memorial": "blue_plaque",
          "name": "Charles Elton & E. J. Scovell",
          "openplaques:id": "89599",
          "operator": "Oxfordshire Blue Plaques Board;Department of Biology, University of Oxford",
          "plaque": "here_lived",
          "start_date": "2024-06-08",
          "subject:wikidata": "Q1066200",
          "subject:wikipedia": "en:Charles Sutherland Elton"
        }
      }
    },
    {
      "type": "Feature",
      "geometry": {
        "type": "Point",
        "coordinates": [
          -1.2564389,
          51.7594188
        ]
      },
      "properties": {
        "id": "osm:node:3109309727",
        "source": "osm",
        "title": "Clarendon Laboratory",
        "address": "",
        "description": "Clarendon Laboratory where H. G. J. Moseley (1887-1915) completed his pioneering studies on the frequencies of X-rays emitted from the elements. His work established the concept of atomic number and helped reveal the structure of the atom. [...]",
        "categories": [
          "blue_plaque",
          "historical",
          "memorial"
        ],
        "primary_category": "blue_plaque",
        "interest_score": 74,
        "website": "",
        "wikipedia": "",
        "wikidata": "",
        "source_url": "https://www.openstreetmap.org/node/3109309727",
        "fetched_at_utc": "2026-10-07T11:42:24+00:00",
        "query_key": "historic_sites",
        "tags": {
          "historic": "memorial",
          "inscription": "Clarendon Laboratory where H. G. J. Moseley (1887-1915) completed his pioneering studies on the frequencies of X-rays emitted from the elements. His work established the concept of atomic number and helped reveal the structure of the atom. [...]",
          "memorial": "blue_plaque",
          "name": "Clarendon Laboratory",
          "openplaques:id": "4698",
          "operator": "Royal Society of Chemistry",
          "start_date": "2007-09-24",
          "subject:wikidata": "Q310759",
          "subject:wikipedia": "en:Henry Moseley"
        }
      }
    },
    {
      "type": "Feature",
      "geometry": {
        "type": "Point",
        "coordinates": [
          -1.2549142,
          51.7580498
        ]
      },
      "properties": {
        "id": "osm:node:7480341511",
        "source": "osm",
        "title": "Dorothy Crowfoot Hodgkin",
        "address": "",
        "description": "",
        "categories": [
          "blue_plaque",
          "historical",
          "memorial"
        ],
        "primary_category": "blue_plaque",
        "interest_score": 74,
        "website": "",
        "wikipedia": "",
        "wikidata": "",
        "source_url": "https://www.openstreetmap.org/node/7480341511",
        "fetched_at_utc": "2026-10-07T11:42:24+00:00",
        "query_key": "historic_sites",
        "tags": {
          "historic": "memorial",
          "historic:date": "1956..1972",
          "inscription:1": "Dorothy Crowfoot Hodgkin OM FRS (1910-1994) led pioneering work in this building from 1956-1972 and elsewhere in Oxford on the structures of antibiotics, vitamins and proteins including penicillin, vitamin B12 and insulin, using",
          "inscription:2": "X-ray diffraction techniques for which she received the Nobel Prize in Chemistry in 1964.",
          "memorial": "blue_plaque",
          "name": "Dorothy Crowfoot Hodgkin",
          "openplaques:id": "39544",
          "operator": "Royal Society of Chemistry",
          "plaque": "here_worked",
          "start_date": "2014-05-06",
          "subject:wikidata": "Q7487",
          "wikimedia_commons": "File:Dorothy Crowfoot Hodgkin (29640285806).jpg"
        }
      }
    },
    {
      "type": "Feature",
      "geometry": {
        "type": "Point",
        "coordinates": [
          -1.253599,
          51.7584268
        ]
      },
      "properties": {
        "id": "osm:node:3109297337",
        "source": "osm",
        "title": "Dyson Perrins Laboratory",
        "address": "",
        "description": "",
        "categories": [
          "blue_plaque",
          "historical",
          "memorial"
        ],
        "primary_category": "blue_plaque",
        "interest_score": 74,
        "website": "",
        "wikipedia": "",
        "wikidata": "",
        "source_url": "https://www.openstreetmap.org/node/3109297337",
        "fetched_at_utc": "2026-10-07T11:42:24+00:00",
        "query_key": "historic_sites",
        "tags": {
          "fixme": "please confrim exact location",
          "historic": "memorial",
          "memorial": "blue_plaque",
          "name": "Dyson Perrins Laboratory",
          "openplaques:id": "30602",
          "operator": "Royal Society of Chemistry",
          "start_date": "24 September 2004"
        }
      }
    },
    {
      "type": "Feature",
      "geometry": {
        "type": "Point",
        "coordinates": [
          -1.2549207,
          51.7580481
        ]
      },
      "properties": {
        "id": "osm:node:2456281989",
        "source": "osm",
        "title": "Glucose Sensor",
        "address": "",
        "description": "Glucose Sensor. In this laboratory on 20th July 1982, Allen Hill, Tony Cass and Graham Davis made the crucial discovery which led to the development of a unique electronic blood glucose sensor now used by millions of diabetics worldwide.",
        "categories": [
          "blue_plaque",
          "historical",
          "memorial"
        ],
        "primary_category": "blue_plaque",
        "interest_score": 74,
        "website": "",
        "wikipedia": "",
        "wikidata": "",
        "source_url": "https://www.openstreetmap.org/node/2456281989",
        "fetched_at_utc": "2026-10-07T11:42:24+00:00",
        "query_key": "historic_sites",
        "tags": {
          "historic": "memorial",
          "inscription": "Glucose Sensor. In this laboratory on 20th July 1982, Allen Hill, Tony Cass and Graham Davis made the crucial discovery which led to the development of a unique electronic blood glucose sensor now used by millions of diabetics worldwide.",
          "memorial": "blue_plaque",
          "name": "Glucose Sensor",
          "openplaques:id": "11892",
          "operator": "Royal Society of Chemistry",
          "start_date": "2012-07-16",
          "subject:wikidata": "Q842840",
          "wikimedia_commons": "File:Glucose-sensor-plaque.jpg"
        }
      }
    },
    {
      "type": "Feature",
      "geometry": {
        "type": "Point",
        "coordinates": [
          -1.254927,
          51.7580466
        ]
      },
      "properties": {
        "id": "osm:node:2456281988",
        "source": "osm",
        "title": "Inorganic Chemistry Laboratory",
        "address": "",
        "description": "",
        "categories": [
          "blue_plaque",
          "historical",
          "memorial"
        ],
        "primary_category": "blue_plaque",
        "interest_score": 74,
        "website": "",
        "wikipedia": "",
        "wikidata": "",
        "source_url": "https://www.openstreetmap.org/node/2456281988",
        "fetched_at_utc": "2026-10-07T11:42:24+00:00",
        "query_key": "historic_sites",
        "tags": {
          "historic": "memorial",
          "inscription:1": "Inorganic Chemistry Laboratory where in 1980, John B. Goodenough with Koichi Mizushima, Philip C. Jones and Philip J. Wiseman identified the cathode material that enabled the development of the rechargeable lithium-ion battery.",
          "inscription:2": "This breakthrough ushered in the age of the portable electronic devices.",
          "memorial": "blue_plaque",
          "name": "Inorganic Chemistry Laboratory",
          "openplaques:id": "27928",
          "start_date": "2010-11-30",
          "subject:wikidata": "Q26650770",
          "wikimedia_commons": "File:Inorganic-chemistry-lab-Oxford-plaque.jpg"
        }
      }
    },
    {
      "type": "Feature",
      "geometry": {
        "type": "Point",
        "coordinates": [
          -1.2591959,
          51.7719786
        ]
      },
      "properties": {
        "id": "osm:node:13981570100",
        "source": "osm",
        "title": "Iris Murdoch",
        "address": "",
        "description": "Dame Iris Murdoch 1919-1999 novelist moral philosopher lived here 1989-1999",
        "categories": [
          "blue_plaque",
          "historical",
          "memorial"
        ],
        "primary_category": "blue_plaque",
        "interest_score": 74,
        "website": "",
        "wikipedia": "",
        "wikidata": "",
        "source_url": "https://www.openstreetmap.org/node/13981570100",
        "fetched_at_utc": "2026-10-07T11:42:24+00:00",
        "query_key": "historic_sites",
        "tags": {
          "historic": "memorial",
          "historic:date": "1989..1999",
          "inscription": "Dame Iris Murdoch 1919-1999 novelist moral philosopher lived here 1989-1999",
          "memorial": "blue_plaque",
          "name": "Iris Murdoch",
          "openplaques:id": "58701",
          "operator": "Oxfordshire Blue Plaques Board",
          "plaque": "here_lived",
          "subject:wikidata": "Q217495",
          "subject:wikipedia": "en:Iris Murdoch"
        }
      }
    },
    {
      "type": "Feature",
      "geometry": {
        "type": "Point",
        "coordinates": [
          -1.2545991,
          51.7520391
        ]
      },
      "properties": {
        "id": "osm:node:7951037465",
        "source": "osm",
        "title": "Ivy Williams",
        "address": "",
        "description": "Ivy Williams DCL (1877-1966), first woman to be called to the English Bar and to teach law at Oxford, lived here 1887-1904",
        "categories": [
          "blue_plaque",
          "historical",
          "memorial"
        ],
        "primary_category": "blue_plaque",
        "interest_score": 74,
        "website": "",
        "wikipedia": "",
        "wikidata": "",
        "source_url": "https://www.openstreetmap.org/node/7951037465",
        "fetched_at_utc": "2026-10-07T11:42:24+00:00",
        "query_key": "historic_sites",
        "tags": {
          "historic": "memorial",
          "historic:date": "1887..1904",
          "inscription": "Ivy Williams DCL (1877-1966), first woman to be called to the English Bar and to teach law at Oxford, lived here 1887-1904",
          "material": "metal",
          "memorial": "blue_plaque",
          "name": "Ivy Williams",
          "openplaques:id": "54217",
          "operator": "Oxfordshire Blue Plaques Board;University of Oxford",
          "plaque": "here_lived",
          "start_date": "2020-09-21",
          "subject:wikidata": "Q15487646",
          "subject:wikipedia": "en:Ivy Williams"
        }
      }
    },
    {
      "type": "Feature",
      "geometry": {
        "type": "Point",
        "coordinates": [
          -1.2602266,
          51.771051
        ]
      },
      "properties": {
        "id": "osm:node:2383701916",
        "source": "osm",
        "title": "J.R.R. Tolkien",
        "address": "",
        "description": "J.R.R. TOLKIEN Author of The Lord of the Rings Lived here 1930-1947",
        "categories": [
          "blue_plaque",
          "historical",
          "memorial"
        ],
        "primary_category": "blue_plaque",
        "interest_score": 74,
        "website": "",
        "wikipedia": "",
        "wikidata": "",
        "source_url": "https://www.openstreetmap.org/node/2383701916",
        "fetched_at_utc": "2026-10-07T11:42:24+00:00",
        "query_key": "historic_sites",
        "tags": {
          "historic": "memorial",
          "historic:date": "1930..1947",
          "inscription": "J.R.R. TOLKIEN Author of The Lord of the Rings Lived here 1930-1947",
          "memorial": "blue_plaque",
          "name": "J.R.R. Tolkien",
          "openplaques:id": "1017",
          "operator": "Oxfordshire Blue Plaques Board",
          "plaque": "here_lived",
          "subject:wikidata": "Q892",
          "subject:wikipedia": "en:J. R. R. Tolkien"
        }
      }
    },
    {
      "type": "Feature",
      "geometry": {
        "type": "Point",
        "coordinates": [
          -1.2589205,
          51.7595682
        ]
      },
      "properties": {
        "id": "osm:node:12346150473",
        "source": "osm",
        "title": "James Legge",
        "address": "",
        "description": "Professor JAMES LEGGE 1815-1897 Missionary and Sinologist Translator of the Chinese classics lived here 1876-1897",
        "categories": [
          "blue_plaque",
          "historical",
          "memorial"
        ],
        "primary_category": "blue_plaque",
        "interest_score": 74,
        "website": "",
        "wikipedia": "",
        "wikidata": "",
        "source_url": "https://www.openstreetmap.org/node/12346150473",
        "fetched_at_utc": "2026-10-07T11:42:24+00:00",
        "query_key": "historic_sites",
        "tags": {
          "historic": "memorial",
          "historic:date": "1876..1897",
          "inscription": "Professor JAMES LEGGE 1815-1897 Missionary and Sinologist Translator of the Chinese classics lived here 1876-1897",
          "material": "metal",
          "memorial": "blue_plaque",
          "name": "James Legge",
          "openplaques:id": "49388",
          "plaque": "here_lived",
          "subject:wikidata": "Q1287990",
          "subject:wikipedia": "en:James Legge"
        }
      }
    },
    {
      "type": "Feature",
      "geometry": {
        "type": "Point",
        "coordinates": [
          -1.2532851,
          51.7546925
        ]
      },
      "properties": {
        "id": "osm:node:2456302569",
        "source": "osm",
        "title": "Jane Burden",
        "address": "",
        "description": "Jane Burden, Mrs William Morris, 1839-1914, Pre-Raphaelite muse and embroiderer was born in a dwelling in this passage 19th October 1839",
        "categories": [
          "blue_plaque",
          "historical",
          "memorial"
        ],
        "primary_category": "blue_plaque",
        "interest_score": 74,
        "website": "",
        "wikipedia": "",
        "wikidata": "",
        "source_url": "https://www.openstreetmap.org/node/2456302569",
        "fetched_at_utc": "2026-10-07T11:42:24+00:00",
        "query_key": "historic_sites",
        "tags": {
          "historic": "memorial",
          "historic:date": "1839-10-19",
          "inscription": "Jane Burden, Mrs William Morris, 1839-1914, Pre-Raphaelite muse and embroiderer was born in a dwelling in this passage 19th October 1839",
          "memorial": "blue_plaque",
          "name": "Jane Burden",
          "openplaques:id": "1010",
          "plaque": "here_was_born",
          "subject:wikidata": "Q269360",
          "subject:wikipedia": "en:Jane Morris"
        }
      }
    },
    {
      "type": "Feature",
      "geometry": {
        "type": "Point",
        "coordinates": [
          -1.2634217,
          51.7686559
        ]
      },
      "properties": {
        "id": "osm:node:13984073691",
        "source": "osm",
        "title": "Margery Perham",
        "address": "",
        "description": "Dame Margery Perham 1895‒1982, historian, key writer and adviser on African affairs, lived here 1963‒1982",
        "categories": [
          "blue_plaque",
          "historical",
          "memorial"
        ],
        "primary_category": "blue_plaque",
        "interest_score": 74,
        "website": "",
        "wikipedia": "",
        "wikidata": "",
        "source_url": "https://www.openstreetmap.org/node/13984073691",
        "fetched_at_utc": "2026-10-07T11:42:24+00:00",
        "query_key": "historic_sites",
        "tags": {
          "direction": "350",
          "historic": "memorial",
          "historic:date": "1963..1982",
          "inscription": "Dame Margery Perham 1895‒1982, historian, key writer and adviser on African affairs, lived here 1963‒1982",
          "memorial": "blue_plaque",
          "name": "Margery Perham",
          "openplaques:id": "51758",
          "operator": "Oxfordshire Blue Plaques Board",
          "plaque": "here_lived",
          "start_date": "2019-06-01",
          "subject:wikidata": "Q6760312",
          "subject:wikipedia": "en:Margery Perham"
        }
      }
    },
    {
      "type": "Feature",
      "geometry": {
        "type": "Point",
        "coordinates": [
          -1.2596774,
          51.7665142
        ]
      },
      "properties": {
        "id": "osm:node:14081052888",
        "source": "osm",
        "title": "Mary Sophia Merivale",
        "address": "",
        "description": "MARY SOPHIA MERIVALE 1853–1928 First woman councillor elected in Oxford 1907 Social activist Lived here 1894–1928",
        "categories": [
          "blue_plaque",
          "historical",
          "memorial"
        ],
        "primary_category": "blue_plaque",
        "interest_score": 74,
        "website": "",
        "wikipedia": "",
        "wikidata": "",
        "source_url": "https://www.openstreetmap.org/node/14081052888",
        "fetched_at_utc": "2026-10-07T11:42:24+00:00",
        "query_key": "historic_sites",
        "tags": {
          "historic": "memorial",
          "historic:date": "1894..1928",
          "inscription": "MARY SOPHIA MERIVALE 1853–1928 First woman councillor elected in Oxford 1907 Social activist Lived here 1894–1928",
          "memorial": "blue_plaque",
          "name": "Mary Sophia Merivale",
          "openplaques:id": "89567",
          "operator": "Oxfordshire Blue Plaques Board;Oxford City Council",
          "plaque": "here_lived",
          "start_date": "2026-07-31",
          "subject": "Mary Sophia Merivale"
        }
      }
    },
    {
      "type": "Feature",
      "geometry": {
        "type": "Point",
        "coordinates": [
          -1.2657186,
          51.7725127
        ]
      },
      "properties": {
        "id": "osm:node:2383701917",
        "source": "osm",
        "title": "Nirad C. Chaudhuri",
        "address": "",
        "description": "NIRAD C. CHAUDHURI 1897-1999 Writer lived here 1982-1999",
        "categories": [
          "blue_plaque",
          "historical",
          "memorial"
        ],
        "primary_category": "blue_plaque",
        "interest_score": 74,
        "website": "",
        "wikipedia": "",
        "wikidata": "",
        "source_url": "https://www.openstreetmap.org/node/2383701917",
        "fetched_at_utc": "2026-10-07T11:42:24+00:00",
        "query_key": "historic_sites",
        "tags": {
          "historic": "memorial",
          "historic:date": "1982..1999",
          "inscription": "NIRAD C. CHAUDHURI 1897-1999 Writer lived here 1982-1999",
          "memorial": "blue_plaque",
          "name": "Nirad C. Chaudhuri",
          "openplaques:id": "2857",
          "operator": "Oxfordshire Blue Plaques Board",
          "plaque": "here_lived",
          "subject:wikidata": "Q982828",
          "subject:wikipedia": "en:Nirad C. Chaudhuri"
        }
      }
    },
    {
      "type": "Feature",
      "geometry": {
        "type": "Point",
        "coordinates": [
          -1.2620362,
          51.7704346
        ]
      },
      "properties": {
        "id": "osm:node:2383701918",
        "source": "osm",
        "title": "Paul Nash",
        "address": "",
        "description": "PAUL NASH 1889-1946 Artist lived here 1940-1946",
        "categories": [
          "blue_plaque",
          "historical",
          "memorial"
        ],
        "primary_category": "blue_plaque",
        "interest_score": 74,
        "website": "",
        "wikipedia": "",
        "wikidata": "",
        "source_url": "https://www.openstreetmap.org/node/2383701918",
        "fetched_at_utc": "2026-10-07T11:42:24+00:00",
        "query_key": "historic_sites",
        "tags": {
          "historic": "memorial",
          "historic:date": "1940..1946",
          "inscription": "PAUL NASH 1889-1946 Artist lived here 1940-1946",
          "memorial": "blue_plaque",
          "name": "Paul Nash",
          "openplaques:id": "1013",
          "operator": "Oxfordshire Blue Plaques Board",
          "plaque": "here_lived",
          "subject:wikidata": "Q727643",
          "subject:wikipedia": "en:Paul Nash (artist)"
        }
      }
    },
    {
      "type": "Feature",
      "geometry": {
        "type": "Point",
        "coordinates": [
          -1.2616295,
          51.7601747
        ]
      },
      "properties": {
        "id": "osm:node:13987525646",
        "source": "osm",
        "title": "Penicillin",
        "address": "",
        "description": "Penicillin. The first antibiotic was first used to treat infection here at the Outpatients building of the former Radcliffe Infirmary on 12 February 1941",
        "categories": [
          "blue_plaque",
          "historical",
          "memorial"
        ],
        "primary_category": "blue_plaque",
        "interest_score": 74,
        "website": "",
        "wikipedia": "",
        "wikidata": "",
        "source_url": "https://www.openstreetmap.org/node/13987525646",
        "fetched_at_utc": "2026-10-07T11:42:24+00:00",
        "query_key": "historic_sites",
        "tags": {
          "historic": "memorial",
          "inscription": "Penicillin. The first antibiotic was first used to treat infection here at the Outpatients building of the former Radcliffe Infirmary on 12 February 1941",
          "memorial": "blue_plaque",
          "name": "Penicillin",
          "openplaques:id": "49593",
          "operator": "Oxfordshire Blue Plaques Board"
        }
      }
    },
    {
      "type": "Feature",
      "geometry": {
        "type": "Point",
        "coordinates": [
          -1.2581654,
          51.7597573
        ]
      },
      "properties": {
        "id": "osm:node:12346141621",
        "source": "osm",
        "title": "Revd W. A. Spooner",
        "address": "",
        "description": "The Revd W. A. SPOONER 1844-1930 Warden of New College Eponymous word transposer Lived here 1882-1903 \"KINQUERING CONGS THEIR TITLES TAKE\"",
        "categories": [
          "blue_plaque",
          "historical",
          "memorial"
        ],
        "primary_category": "blue_plaque",
        "interest_score": 74,
        "website": "",
        "wikipedia": "",
        "wikidata": "",
        "source_url": "https://www.openstreetmap.org/node/12346141621",
        "fetched_at_utc": "2026-10-07T11:42:24+00:00",
        "query_key": "historic_sites",
        "tags": {
          "historic": "memorial",
          "historic:date": "1882..1903",
          "inscription": "The Revd W. A. SPOONER 1844-1930 Warden of New College Eponymous word transposer Lived here 1882-1903 \"KINQUERING CONGS THEIR TITLES TAKE\"",
          "material": "metal",
          "memorial": "blue_plaque",
          "name": "Revd W. A. Spooner",
          "openplaques:id": "79997",
          "plaque": "here_lived",
          "subject:wikidata": "Q1605890",
          "subject:wikipedia": "en:William Archibald Spooner"
        }
      }
    },
    {
      "type": "Feature",
      "geometry": {
        "type": "Point",
        "coordinates": [
          -1.2393599,
          51.7472619
        ]
      },
      "properties": {
        "id": "osm:node:13986957072",
        "source": "osm",
        "title": "Richard Meux Benson",
        "address": "",
        "description": "Richard Meux Benson, 1824‒1915, Vicar of Cowley and benefactor, founder of the Society of St John the Evangelist in 1866, lived at this former Mission House",
        "categories": [
          "blue_plaque",
          "historical",
          "memorial"
        ],
        "primary_category": "blue_plaque",
        "interest_score": 74,
        "website": "",
        "wikipedia": "",
        "wikidata": "",
        "source_url": "https://www.openstreetmap.org/node/13986957072",
        "fetched_at_utc": "2026-10-07T11:42:24+00:00",
        "query_key": "historic_sites",
        "tags": {
          "historic": "memorial",
          "inscription": "Richard Meux Benson, 1824‒1915, Vicar of Cowley and benefactor, founder of the Society of St John the Evangelist in 1866, lived at this former Mission House",
          "memorial": "blue_plaque",
          "name": "Richard Meux Benson",
          "openplaques:id": "12538",
          "operator": "Oxfordshire Blue Plaques Board",
          "start_date": "2013-05-09",
          "subject:wikidata": "Q7327793",
          "subject:wikipedia": "en:Richard Meux Benson"
        }
      }
    },
    {
      "type": "Feature",
      "geometry": {
        "type": "Point",
        "coordinates": [
          -1.2416385,
          51.7470889
        ]
      },
      "properties": {
        "id": "osm:node:2454833403",
        "source": "osm",
        "title": "Roger Bannister",
        "address": "",
        "description": "",
        "categories": [
          "blue_plaque",
          "historical",
          "memorial"
        ],
        "primary_category": "blue_plaque",
        "interest_score": 74,
        "website": "",
        "wikipedia": "",
        "wikidata": "",
        "source_url": "https://www.openstreetmap.org/node/2454833403",
        "fetched_at_utc": "2026-10-07T11:42:24+00:00",
        "query_key": "historic_sites",
        "tags": {
          "historic": "memorial",
          "memorial": "blue_plaque",
          "name": "Roger Bannister",
          "openplaques:id": "1012"
        }
      }
    },
    {
      "type": "Feature",
      "geometry": {
        "type": "Point",
        "coordinates": [
          -1.2594255,
          51.7661925
        ]
      },
      "properties": {
        "id": "osm:node:14081052889",
        "source": "osm",
        "title": "Sarah Angelina Acland",
        "address": "",
        "description": "SARAH ANGELINA ACLAND 1849–1930 Pioneer of colour photography lived here 1901–1930",
        "categories": [
          "blue_plaque",
          "historical",
          "memorial"
        ],
        "primary_category": "blue_plaque",
        "interest_score": 74,
        "website": "",
        "wikipedia": "",
        "wikidata": "",
        "source_url": "https://www.openstreetmap.org/node/14081052889",
        "fetched_at_utc": "2026-10-07T11:42:24+00:00",
        "query_key": "historic_sites",
        "tags": {
          "historic": "memorial",
          "historic:date": "1901..1930",
          "inscription": "SARAH ANGELINA ACLAND 1849–1930 Pioneer of colour photography lived here 1901–1930",
          "memorial": "blue_plaque",
          "name": "Sarah Angelina Acland",
          "openplaques:id": "41716",
          "operator": "Oxfordshire Blue Plaques Board",
          "plaque": "here_lived",
          "start_date": "2016-07-24",
          "subject:wikidata": "Q5779293",
          "subject:wikipedia": "en:Sarah Angelina Acland"
        }
      }
    },
    {
      "type": "Feature",
      "geometry": {
        "type": "Point",
        "coordinates": [
          -1.2504146,
          51.7524779
        ]
      },
      "properties": {
        "id": "osm:node:14081679451",
        "source": "osm",
        "title": "Sarah Cooper",
        "address": "",
        "description": "SARAH COOPER 1848–1932 First made Oxford Marmalade here in 1874",
        "categories": [
          "blue_plaque",
          "historical",
          "memorial"
        ],
        "primary_category": "blue_plaque",
        "interest_score": 74,
        "website": "",
        "wikipedia": "",
        "wikidata": "",
        "source_url": "https://www.openstreetmap.org/node/14081679451",
        "fetched_at_utc": "2026-10-07T11:42:24+00:00",
        "query_key": "historic_sites",
        "tags": {
          "historic": "memorial",
          "historic:date": "1874",
          "inscription": "SARAH COOPER 1848–1932 First made Oxford Marmalade here in 1874",
          "level": "1",
          "memorial": "blue_plaque",
          "name": "Sarah Cooper",
          "openplaques:id": "1015",
          "operator": "Oxfordshire Blue Plaques Board;Oxford Civic Society",
          "plaque": "here_worked",
          "subject:wikidata": "Q7422206",
          "subject:wikipedia": "en:Sarah Cooper (marmalade maker)"
        }
      }
    },
    {
      "type": "Feature",
      "geometry": {
        "type": "Point",
        "coordinates": [
          -1.259998,
          51.7722248
        ]
      },
      "properties": {
        "id": "osm:node:2383701919",
        "source": "osm",
        "title": "Sir Francis Simon",
        "address": "",
        "description": "SIR FRANCIS SIMON 1893-1956 Low Temperature Physicist and Philanthropist lived here 1933-1956",
        "categories": [
          "blue_plaque",
          "historical",
          "memorial"
        ],
        "primary_category": "blue_plaque",
        "interest_score": 74,
        "website": "",
        "wikipedia": "",
        "wikidata": "",
        "source_url": "https://www.openstreetmap.org/node/2383701919",
        "fetched_at_utc": "2026-10-07T11:42:24+00:00",
        "query_key": "historic_sites",
        "tags": {
          "historic": "memorial",
          "historic:date": "1933..1956",
          "inscription": "SIR FRANCIS SIMON 1893-1956 Low Temperature Physicist and Philanthropist lived here 1933-1956",
          "memorial": "blue_plaque",
          "name": "Sir Francis Simon",
          "openplaques:id": "1027",
          "operator": "Oxfordshire Blue Plaques Board",
          "plaque": "here_lived",
          "subject:wikidata": "Q72386",
          "subject:wikipedia": "en:Francis Simon"
        }
      }
    },
    {
      "type": "Feature",
      "geometry": {
        "type": "Point",
        "coordinates": [
          -1.2614829,
          51.7676184
        ]
      },
      "properties": {
        "id": "osm:node:2383701920",
        "source": "osm",
        "title": "Sir James Murray",
        "address": "",
        "description": "SIR JAMES MURRAY Editor of the Oxford English Dictionary Lived here 1885-1915",
        "categories": [
          "blue_plaque",
          "historical",
          "memorial"
        ],
        "primary_category": "blue_plaque",
        "interest_score": 74,
        "website": "",
        "wikipedia": "",
        "wikidata": "",
        "source_url": "https://www.openstreetmap.org/node/2383701920",
        "fetched_at_utc": "2026-10-07T11:42:24+00:00",
        "query_key": "historic_sites",
        "tags": {
          "historic": "memorial",
          "historic:date": "1885..1915",
          "inscription": "SIR JAMES MURRAY Editor of the Oxford English Dictionary Lived here 1885-1915",
          "material": "metal",
          "memorial": "blue_plaque",
          "name": "Sir James Murray",
          "openplaques:id": "1031",
          "operator": "Oxfordshire Blue Plaques Board",
          "plaque": "here_lived",
          "subject:wikidata": "Q960207",
          "subject:wikipedia": "en:James Murray (lexicographer)",
          "wikimedia_commons": "File:Sir James Murray blue plaque.jpg"
        }
      }
    },
    {
      "type": "Feature",
      "geometry": {
        "type": "Point",
        "coordinates": [
          -1.2728862,
          51.7480937
        ]
      },
      "properties": {
        "id": "osm:node:2454852280",
        "source": "osm",
        "title": "The First Superconducting Magnet for MRI Scanning",
        "address": "",
        "description": "",
        "categories": [
          "blue_plaque",
          "historical",
          "memorial"
        ],
        "primary_category": "blue_plaque",
        "interest_score": 74,
        "website": "",
        "wikipedia": "",
        "wikidata": "",
        "source_url": "https://www.openstreetmap.org/node/2454852280",
        "fetched_at_utc": "2026-10-07T11:42:24+00:00",
        "query_key": "historic_sites",
        "tags": {
          "historic": "memorial",
          "memorial": "blue_plaque",
          "name": "The First Superconducting Magnet for MRI Scanning",
          "openplaques:id": "998"
        }
      }
    },
    {
      "type": "Feature",
      "geometry": {
        "type": "Point",
        "coordinates": [
          -1.2584746,
          51.7530009
        ]
      },
      "properties": {
        "id": "osm:node:2456306851",
        "source": "osm",
        "title": "The Oxfordshire Yeomanry",
        "address": "",
        "description": "In 1794\nat the Star Inn near this site\nThe Oxfordshire Yeomanry\n(Queen’s Own Oxfordshire Hussars)\nwas formed.",
        "categories": [
          "blue_plaque",
          "historical",
          "memorial"
        ],
        "primary_category": "blue_plaque",
        "interest_score": 74,
        "website": "",
        "wikipedia": "",
        "wikidata": "",
        "source_url": "https://www.openstreetmap.org/node/2456306851",
        "fetched_at_utc": "2026-10-07T11:42:24+00:00",
        "query_key": "historic_sites",
        "tags": {
          "historic": "memorial",
          "inscription": "In 1794\nat the Star Inn near this site\nThe Oxfordshire Yeomanry\n(Queen’s Own Oxfordshire Hussars)\nwas formed.",
          "memorial": "blue_plaque",
          "name": "The Oxfordshire Yeomanry",
          "openplaques:id": "1007"
        }
      }
    },
    {
      "type": "Feature",
      "geometry": {
        "type": "Point",
        "coordinates": [
          -1.2719142,
          51.7523429
        ]
      },
      "properties": {
        "id": "osm:node:12103027122",
        "source": "osm",
        "title": "Thomas Henry Kingerlee",
        "address": "",
        "description": "Thomas Henry Kingerlee 1843 - 1928 Major Oxford builder Twice mayor of Oxford lived here 1889 - 1905",
        "categories": [
          "blue_plaque",
          "historical",
          "memorial"
        ],
        "primary_category": "blue_plaque",
        "interest_score": 74,
        "website": "",
        "wikipedia": "",
        "wikidata": "",
        "source_url": "https://www.openstreetmap.org/node/12103027122",
        "fetched_at_utc": "2026-10-07T11:42:24+00:00",
        "query_key": "historic_sites",
        "tags": {
          "historic": "memorial",
          "inscription": "Thomas Henry Kingerlee 1843 - 1928 Major Oxford builder Twice mayor of Oxford lived here 1889 - 1905",
          "memorial": "blue_plaque",
          "name": "Thomas Henry Kingerlee",
          "openplaques:id": "55448",
          "subject": "Thomas Henry Kingerlee"
        }
      }
    },
    {
      "type": "Feature",
      "geometry": {
        "type": "Point",
        "coordinates": [
          -1.2590638,
          51.763381
        ]
      },
      "properties": {
        "id": "osm:node:13987539842",
        "source": "osm",
        "title": "Walter and Clara Pater",
        "address": "",
        "description": "Walter Pater, 1839‒1894, author and scholar, Clara Pater, 1841‒1910, pioneer of women's education, lived here 1869‒1885",
        "categories": [
          "blue_plaque",
          "historical",
          "memorial"
        ],
        "primary_category": "blue_plaque",
        "interest_score": 74,
        "website": "",
        "wikipedia": "",
        "wikidata": "",
        "source_url": "https://www.openstreetmap.org/node/13987539842",
        "fetched_at_utc": "2026-10-07T11:42:24+00:00",
        "query_key": "historic_sites",
        "tags": {
          "historic": "memorial",
          "historic:date": "1869..1885",
          "inscription": "Walter Pater, 1839‒1894, author and scholar, Clara Pater, 1841‒1910, pioneer of women's education, lived here 1869‒1885",
          "memorial": "blue_plaque",
          "name": "Walter and Clara Pater",
          "openplaques:id": "1029",
          "operator": "Oxfordshire Blue Plaques Board",
          "plaque": "here_lived",
          "subject:wikidata": "Q352528;Q18756630",
          "subject:wikipedia": "en:Walter Pater"
        }
      }
    },
    {
      "type": "Feature",
      "geometry": {
        "type": "Point",
        "coordinates": [
          -1.2575679,
          51.7666885
        ]
      },
      "properties": {
        "id": "osm:node:14081052890",
        "source": "osm",
        "title": "William Morfill",
        "address": "",
        "description": "WILLIAM RICHARD MORFILL 1834–1909 First Professor of\nRussian and Slavonic Languages lived here 1863–1909",
        "categories": [
          "blue_plaque",
          "historical",
          "memorial"
        ],
        "primary_category": "blue_plaque",
        "interest_score": 74,
        "website": "",
        "wikipedia": "",
        "wikidata": "",
        "source_url": "https://www.openstreetmap.org/node/14081052890",
        "fetched_at_utc": "2026-10-07T11:42:24+00:00",
        "query_key": "historic_sites",
        "tags": {
          "historic": "memorial",
          "historic:date": "1863..1909",
          "inscription": "WILLIAM RICHARD MORFILL 1834–1909 First Professor of\nRussian and Slavonic Languages lived here 1863–1909",
          "memorial": "blue_plaque",
          "name": "William Morfill",
          "openplaques:id": "2853",
          "operator": "Oxfordshire Blue Plaques Board;Oxford Civic Society",
          "plaque": "here_lived",
          "subject:wikidata": "Q8015798",
          "subject:wikipedia": "en:William Morfill"
        }
      }
    },
    {
      "type": "Feature",
      "geometry": {
        "type": "Point",
        "coordinates": [
          -1.2390654,
          51.7464442
        ]
      },
      "properties": {
        "id": "osm:node:2454849682",
        "source": "osm",
        "title": "William Morris",
        "address": "",
        "description": "William Morris, later Lord Nuffield, 1877‒1963, carmaker and philanthropist, lived and built bicycles here, 1896‒1903",
        "categories": [
          "blue_plaque",
          "historical",
          "memorial"
        ],
        "primary_category": "blue_plaque",
        "interest_score": 74,
        "website": "",
        "wikipedia": "",
        "wikidata": "",
        "source_url": "https://www.openstreetmap.org/node/2454849682",
        "fetched_at_utc": "2026-10-07T11:42:24+00:00",
        "query_key": "historic_sites",
        "tags": {
          "historic": "memorial",
          "inscription": "William Morris, later Lord Nuffield, 1877‒1963, carmaker and philanthropist, lived and built bicycles here, 1896‒1903",
          "memorial": "blue_plaque",
          "name": "William Morris",
          "openplaques:id": "1008",
          "operator": "Oxfordshire Blue Plaques Board",
          "subject:wikidata": "Q335487",
          "subject:wikipedia": "en:William Morris, 1st Viscount Nuffield"
        }
      }
    },
    {
      "type": "Feature",
      "geometry": {
        "type": "Point",
        "coordinates": [
          -1.2476413947368419,
          51.751519978947364
        ]
      },
      "properties": {
        "id": "osm:way:38255376",
        "source": "osm",
        "title": "Daubeny Building",
        "address": "",
        "description": "",
        "categories": [
          "historical",
          "architecture"
        ],
        "primary_category": "historical",
        "interest_score": 72,
        "website": "",
        "wikipedia": "",
        "wikidata": "Q26299389",
        "source_url": "https://www.openstreetmap.org/way/38255376",
        "fetched_at_utc": "2026-10-07T11:42:24+00:00",
        "query_key": "heritage_sites",
        "tags": {
          "HE_ref": "1047285",
          "building": "university",
          "heritage": "2",
          "heritage:operator": "English Heritage",
          "listed_status": "Grade II",
          "name": "Daubeny Building",
          "nohousenumber": "yes",
          "operator": "Magdalen College",
          "source": "visual survey;bing",
          "wikidata": "Q26299389"
        },
        "sitelinks": 0
      }
    },
    {
      "type": "Feature",
      "geometry": {
        "type": "Point",
        "coordinates": [
          -1.2608738333333331,
          51.754733449999996
        ]
      },
      "properties": {
        "id": "osm:way:318503697",
        "source": "osm",
        "title": "Oxford Playhouse",
        "address": "11-12 Beaumont Street, Oxford, OX1 2LW",
        "description": "Oxford Playhouse is a theatre for everyone.",
        "categories": [
          "cultural",
          "art"
        ],
        "primary_category": "cultural",
        "interest_score": 71,
        "website": "https://www.oxfordplayhouse.com/",
        "wikipedia": "en:Oxford Playhouse",
        "wikidata": "Q7115418",
        "source_url": "https://www.openstreetmap.org/way/318503697",
        "fetched_at_utc": "2026-10-07T11:42:24+00:00",
        "query_key": "performance_and_literary",
        "tags": {
          "addr:city": "Oxford",
          "addr:housenumber": "11-12",
          "addr:postcode": "OX1 2LW",
          "addr:street": "Beaumont Street",
          "amenity": "theatre",
          "building": "theatre",
          "description": "Oxford Playhouse is a theatre for everyone.",
          "food": "yes",
          "loc_name": "The Playhouse",
          "name": "Oxford Playhouse",
          "opening_hours": "unknown",
          "operator": "The Oxford Playhouse Trust",
          "owner": "St John's College",
          "owner:type": "university",
          "phone": "+44 1865 305305",
          "ref:GB:uprn": "200004674956",
          "source": "Bing",
          "start_date": "1938",
          "theatre:genre": "variety",
          "website": "https://www.oxfordplayhouse.com/",
          "wikidata": "Q7115418",
          "wikipedia": "en:Oxford Playhouse"
        },
        "sitelinks": 2
      }
    },
    {
      "type": "Feature",
      "geometry": {
        "type": "Point",
        "coordinates": [
          -1.254906025,
          51.750994674999994
        ]
      },
      "properties": {
        "id": "osm:way:24448698",
        "source": "osm",
        "title": "Christ Church Library",
        "address": "",
        "description": "",
        "categories": [
          "cultural",
          "architecture",
          "literary"
        ],
        "primary_category": "cultural",
        "interest_score": 70,
        "website": "",
        "wikipedia": "en:Christ Church Library",
        "wikidata": "Q5108809",
        "source_url": "https://www.openstreetmap.org/way/24448698",
        "fetched_at_utc": "2026-10-07T11:42:24+00:00",
        "query_key": "performance_and_literary",
        "tags": {
          "amenity": "library",
          "building": "yes",
          "learning": "oxford_college",
          "name": "Christ Church Library",
          "operator": "Christ Church",
          "wikidata": "Q5108809",
          "wikipedia": "en:Christ Church Library"
        },
        "sitelinks": 2
      }
    },
    {
      "type": "Feature",
      "geometry": {
        "type": "Point",
        "coordinates": [
          -1.28975557972973,
          51.743288114864875
        ]
      },
      "properties": {
        "id": "osm:way:38742151",
        "source": "osm",
        "title": "Raleigh Park",
        "address": "",
        "description": "",
        "categories": [
          "natural",
          "park"
        ],
        "primary_category": "natural",
        "interest_score": 70,
        "website": "https://www.raleighpark.org.uk/",
        "wikipedia": "en:Raleigh Park, Oxfordshire",
        "wikidata": "Q7286930",
        "source_url": "https://www.openstreetmap.org/way/38742151",
        "fetched_at_utc": "2026-10-07T11:42:24+00:00",
        "query_key": "parks",
        "tags": {
          "is_in": "Oxfordshire, England, UK",
          "leisure": "park",
          "name": "Raleigh Park",
          "operator": "Oxford City Council",
          "operator:type": "public",
          "website": "https://www.raleighpark.org.uk/",
          "wikidata": "Q7286930",
          "wikipedia": "en:Raleigh Park, Oxfordshire"
        },
        "sitelinks": 1
      }
    },
    {
      "type": "Feature",
      "geometry": {
        "type": "Point",
        "coordinates": [
          -1.2550369588235295,
          51.75433184117646
        ]
      },
      "properties": {
        "id": "osm:way:27582068",
        "source": "osm",
        "title": "Sheldonian Theatre",
        "address": "Broad Street, Oxford, OX1 3AZ",
        "description": "",
        "categories": [
          "cultural",
          "art",
          "landmark"
        ],
        "primary_category": "cultural",
        "interest_score": 70,
        "website": "https://www.sheldonian.ox.ac.uk/",
        "wikipedia": "en:Sheldonian Theatre",
        "wikidata": "Q83874",
        "source_url": "https://www.openstreetmap.org/way/27582068",
        "fetched_at_utc": "2026-10-07T11:42:24+00:00",
        "query_key": "performance_and_literary",
        "tags": {
          "addr:city": "Oxford",
          "addr:housename": "Sheldonian Theatre",
          "addr:postcode": "OX1 3AZ",
          "addr:street": "Broad Street",
          "amenity": "theatre",
          "building": "university",
          "check_date": "2024-04-21",
          "name": "Sheldonian Theatre",
          "name:zh": "谢尔登尼剧院",
          "opening_hours": "unknown",
          "operator": "University of Oxford",
          "operator:type": "university",
          "phone": "+44 1865 277299",
          "ref:GB:uprn": "100121294889",
          "source": "yahoo_imagery;OS_OpenData_StreetView",
          "start_date": "1669",
          "theatre:genre": "variety",
          "tourism": "attraction",
          "website": "https://www.sheldonian.ox.ac.uk/",
          "wikidata": "Q83874",
          "wikipedia": "en:Sheldonian Theatre"
        },
        "sitelinks": 12
      }
    },
    {
      "type": "Feature",
      "geometry": {
        "type": "Point",
        "coordinates": [
          -1.2581326055555555,
          51.7519695
        ]
      },
      "properties": {
        "id": "osm:way:311139684",
        "source": "osm",
        "title": "Carfax Tower",
        "address": "",
        "description": "",
        "categories": [
          "historical",
          "landmark"
        ],
        "primary_category": "historical",
        "interest_score": 68,
        "website": "",
        "wikipedia": "en:Carfax Tower",
        "wikidata": "Q26299460",
        "source_url": "https://www.openstreetmap.org/way/311139684",
        "fetched_at_utc": "2026-10-07T11:42:24+00:00",
        "query_key": "attractions_and_viewpoints",
        "tags": {
          "building": "church",
          "building:levels": "5",
          "building:material": "stone",
          "height": "23",
          "historic": "church",
          "man_made": "tower",
          "name": "Carfax Tower",
          "name:zh": "卡法斯塔",
          "official_name": "St Martin's Tower",
          "opening_hours": "Mo-Su 10:00-17:30",
          "ref:dove": "11850",
          "roof:shape": "flat",
          "tourism": "attraction",
          "tower:type": "bell_tower",
          "wheelchair": "limited",
          "wikidata": "Q26299460",
          "wikipedia": "en:Carfax Tower"
        },
        "sitelinks": 1
      }
    },
    {
      "type": "Feature",
      "geometry": {
        "type": "Point",
        "coordinates": [
          -1.2526480954545454,
          51.751061054545445
        ]
      },
      "properties": {
        "id": "osm:way:39606739",
        "source": "osm",
        "title": "Merton College Chapel",
        "address": "Merton Street",
        "description": "",
        "categories": [
          "architecture",
          "religious",
          "landmark"
        ],
        "primary_category": "architecture",
        "interest_score": 68,
        "website": "",
        "wikipedia": "en:Merton College Chapel",
        "wikidata": "Q6820717",
        "source_url": "https://www.openstreetmap.org/way/39606739",
        "fetched_at_utc": "2026-10-07T11:42:24+00:00",
        "query_key": "attractions_and_viewpoints",
        "tags": {
          "addr:housename": "OX1 4JD",
          "addr:street": "Merton Street",
          "amenity": "place_of_worship",
          "building": "university",
          "denomination": "anglican",
          "learning": "oxford_college",
          "name": "Merton College Chapel",
          "official_name": "Chapel of St Mary and St John",
          "operator": "Merton College",
          "ref:dove": "16203",
          "religion": "christian",
          "source": "Bing",
          "tourism": "attraction",
          "wikidata": "Q6820717",
          "wikipedia": "en:Merton College Chapel"
        },
        "sitelinks": 3
      }
    },
    {
      "type": "Feature",
      "geometry": {
        "type": "Point",
        "coordinates": [
          -1.2841266,
          51.74196796
        ]
      },
      "properties": {
        "id": "osm:way:259218976",
        "source": "osm",
        "title": "North Hinksey Conduit House",
        "address": "",
        "description": "",
        "categories": [
          "historical",
          "architecture"
        ],
        "primary_category": "historical",
        "interest_score": 68,
        "website": "https://www.english-heritage.org.uk/visit/places/north-hinksey-conduit-house/",
        "wikipedia": "",
        "wikidata": "Q17549785",
        "source_url": "https://www.openstreetmap.org/way/259218976",
        "fetched_at_utc": "2026-10-07T11:42:24+00:00",
        "query_key": "historic_sites",
        "tags": {
          "building": "yes",
          "historic": "building",
          "name": "North Hinksey Conduit House",
          "note": "Exterior viewing only, interior open only on special occasions",
          "opening_hours": "Apr-Oct Th-Su,PH 10:00-16:00",
          "source": "Bing",
          "website": "https://www.english-heritage.org.uk/visit/places/north-hinksey-conduit-house/",
          "wikidata": "Q17549785"
        },
        "sitelinks": 0
      }
    },
    {
      "type": "Feature",
      "geometry": {
        "type": "Point",
        "coordinates": [
          -1.2365298,
          51.7519906
        ]
      },
      "properties": {
        "id": "osm:node:4726574417",
        "source": "osm",
        "title": "South Park Commemoration Stone",
        "address": "",
        "description": "This park was / acquired by the / Oxford / Preservation Trust through / the liberality / of the / Pilgrim Trust / and David / and Joanna / Randall-MacIver / 1932.",
        "categories": [
          "historical",
          "memorial"
        ],
        "primary_category": "historical",
        "interest_score": 68,
        "website": "https://historicengland.org.uk/listing/the-list/list-entry/1445102",
        "wikipedia": "en:South Park, Oxford#History",
        "wikidata": "",
        "source_url": "https://www.openstreetmap.org/node/4726574417",
        "fetched_at_utc": "2026-10-07T11:42:24+00:00",
        "query_key": "historic_sites",
        "tags": {
          "artist_name": "Eric Gill",
          "historic": "memorial",
          "inscription": "This park was / acquired by the / Oxford / Preservation Trust through / the liberality / of the / Pilgrim Trust / and David / and Joanna / Randall-MacIver / 1932.",
          "listed_status": "Grade II",
          "material": "stone",
          "memorial": "stone",
          "name": "South Park Commemoration Stone",
          "start_date": "1935",
          "website": "https://historicengland.org.uk/listing/the-list/list-entry/1445102",
          "wikipedia": "en:South Park, Oxford#History"
        }
      }
    },
    {
      "type": "Feature",
      "geometry": {
        "type": "Point",
        "coordinates": [
          -1.26105595,
          51.75460048333333
        ]
      },
      "properties": {
        "id": "osm:way:100294890",
        "source": "osm",
        "title": "Burton Taylor Studio",
        "address": "Gloucester Street, Oxford, OX1 2BN",
        "description": "",
        "categories": [
          "cultural",
          "art"
        ],
        "primary_category": "cultural",
        "interest_score": 66,
        "website": "https://www.oxfordplayhouse.com/about-us/history/burton-taylor-studio",
        "wikipedia": "en:Burton Taylor Studio",
        "wikidata": "Q5000920",
        "source_url": "https://www.openstreetmap.org/way/100294890",
        "fetched_at_utc": "2026-10-07T11:42:24+00:00",
        "query_key": "performance_and_literary",
        "tags": {
          "addr:city": "Oxford",
          "addr:postcode": "OX1 2BN",
          "addr:street": "Gloucester Street",
          "alt_name": "The BT",
          "amenity": "theatre",
          "building": "theatre",
          "name": "Burton Taylor Studio",
          "old_name": "Burton Taylor Theatre",
          "opening_hours": "unknown",
          "operator": "Oxford Playhouse",
          "operator:type": "university",
          "phone": "+44 1865 305350",
          "ref:GB:uprn": "200004683344",
          "short_name": "BT Studio",
          "source": "Bing",
          "start_date": "1966",
          "theatre:genre": "drama",
          "website": "https://www.oxfordplayhouse.com/about-us/history/burton-taylor-studio",
          "wikidata": "Q5000920",
          "wikipedia": "en:Burton Taylor Studio"
        },
        "sitelinks": 1
      }
    },
    {
      "type": "Feature",
      "geometry": {
        "type": "Point",
        "coordinates": [
          -1.259131127777778,
          51.750934461111115
        ]
      },
      "properties": {
        "id": "osm:relation:2016425",
        "source": "osm",
        "title": "Modern Art Oxford",
        "address": "30 Pembroke Street, Oxford, OX1 1BP",
        "description": "",
        "categories": [
          "cultural",
          "art"
        ],
        "primary_category": "cultural",
        "interest_score": 66,
        "website": "https://www.modernartoxford.org.uk/",
        "wikipedia": "en:Modern Art Oxford",
        "wikidata": "Q3859943",
        "source_url": "https://www.openstreetmap.org/relation/2016425",
        "fetched_at_utc": "2026-10-07T11:42:24+00:00",
        "query_key": "galleries_and_arts",
        "tags": {
          "addr:city": "Oxford",
          "addr:country": "GB",
          "addr:housenumber": "30",
          "addr:postcode": "OX1 1BP",
          "addr:street": "Pembroke Street",
          "amenity": "arts_centre",
          "building": "brewery",
          "contact:email": "info@modernartoxford.org.uk",
          "contact:facebook": "https://www.facebook.com/modartoxford/",
          "fee": "no",
          "name": "Modern Art Oxford",
          "opening_hours": "Tu-Sa 11:00-18:00; Su 11:00-16:00",
          "operator": "Museum of Modern Art Ltd.",
          "operator:type": "private_non_profit",
          "phone": "+44 1865 722733",
          "short_name": "MOA",
          "source:geometry": "Bing",
          "start_date": "1965",
          "toilets:wheelchair": "yes",
          "training": "art",
          "website": "https://www.modernartoxford.org.uk/",
          "wheelchair": "yes",
          "wikidata": "Q3859943",
          "wikipedia": "en:Modern Art Oxford"
        },
        "sitelinks": 3
      }
    },
    {
      "type": "Feature",
      "geometry": {
        "type": "Point",
        "coordinates": [
          -1.2598378,
          51.7538627
        ]
      },
      "properties": {
        "id": "osm:node:282540241",
        "source": "osm",
        "title": "New Theatre Oxford",
        "address": "18-20 George Street, Oxford, OX1 2AG",
        "description": "",
        "categories": [
          "cultural",
          "art"
        ],
        "primary_category": "cultural",
        "interest_score": 66,
        "website": "https://www.atgtickets.com/venues/new-theatre-oxford/",
        "wikipedia": "en:New Theatre Oxford",
        "wikidata": "Q15262100",
        "source_url": "https://www.openstreetmap.org/node/282540241",
        "fetched_at_utc": "2026-10-07T11:42:24+00:00",
        "query_key": "performance_and_literary",
        "tags": {
          "addr:city": "Oxford",
          "addr:housename": "The New Theatre",
          "addr:housenumber": "18-20",
          "addr:postcode": "OX1 2AG",
          "addr:street": "George Street",
          "amenity": "theatre",
          "check_date": "2025-06-07",
          "fhrs:id": "268631",
          "food": "yes",
          "name": "New Theatre Oxford",
          "opening_hours": "unknown",
          "operator": "ATG Entertainment",
          "operator:type": "private_for_profit",
          "source:addr": "FHRS Open Data",
          "start_date": "1934",
          "theatre:genre": "variety",
          "website": "https://www.atgtickets.com/venues/new-theatre-oxford/",
          "wheelchair": "yes",
          "wikidata": "Q15262100",
          "wikipedia": "en:New Theatre Oxford"
        },
        "sitelinks": 2
      }
    },
    {
      "type": "Feature",
      "geometry": {
        "type": "Point",
        "coordinates": [
          -1.2621465400000003,
          51.75373889
        ]
      },
      "properties": {
        "id": "osm:way:1327549283",
        "source": "osm",
        "title": "Old Fire Station",
        "address": "40 George Street, Oxford, OX1 2AQ",
        "description": "",
        "categories": [
          "art",
          "cultural"
        ],
        "primary_category": "cultural",
        "interest_score": 66,
        "website": "https://oldfirestation.org.uk/",
        "wikipedia": "en:Arts at the Old Fire Station",
        "wikidata": "Q7072486",
        "source_url": "https://www.openstreetmap.org/way/1327549283",
        "fetched_at_utc": "2026-10-07T11:42:24+00:00",
        "query_key": "galleries_and_arts",
        "tags": {
          "addr:city": "Oxford",
          "addr:housename": "Old Fire Station",
          "addr:housenumber": "40",
          "addr:postcode": "OX1 2AQ",
          "addr:street": "George Street",
          "alt_name": "OFS",
          "amenity": "arts_centre",
          "check_date": "2024-10-23",
          "fee": "no",
          "name": "Old Fire Station",
          "opening_hours": "Tu-Sa 10:00-16:00",
          "operator": "ARTS AT THE OLD FIRE STATION",
          "operator:type": "private_non_profit",
          "phone": "+44 1865 263 990",
          "start_date": "1973",
          "training": "art",
          "website": "https://oldfirestation.org.uk/",
          "wheelchair": "yes",
          "wikidata": "Q7072486",
          "wikipedia": "en:Arts at the Old Fire Station"
        },
        "sitelinks": 1
      }
    },
    {
      "type": "Feature",
      "geometry": {
        "type": "Point",
        "coordinates": [
          -1.2605382,
          51.7514564
        ]
      },
      "properties": {
        "id": "osm:node:5186861861",
        "source": "osm",
        "title": "Oxford Westgate Library",
        "address": "Queen Street, Oxford, OX1 1PE",
        "description": "",
        "categories": [
          "cultural",
          "literary"
        ],
        "primary_category": "cultural",
        "interest_score": 66,
        "website": "https://www.oxfordshire.gov.uk/residents/leisure-and-culture/libraries/find-library/oxfordshire-county-library",
        "wikipedia": "en:Oxford Westgate Library",
        "wikidata": "Q7115264",
        "source_url": "https://www.openstreetmap.org/node/5186861861",
        "fetched_at_utc": "2026-10-07T11:42:24+00:00",
        "query_key": "performance_and_literary",
        "tags": {
          "addr:city": "Oxford",
          "addr:housename": "The Westgate",
          "addr:postcode": "OX1 1PE",
          "addr:street": "Queen Street",
          "addr:unit": "228",
          "amenity": "library",
          "email": "county.library@oxfordshire.gov.uk",
          "internet_access": "wlan",
          "internet_access:fee": "no",
          "internet_access:ssid": "Oxford Free Wifi",
          "level": "2",
          "name": "Oxford Westgate Library",
          "old_name": "Oxford Central Library;Oxfordshire County Library",
          "opening_hours": "Mo-Th 09:00-20:00; Fr-Sa 09:00-17:30; Su off",
          "operator": "Oxfordshire County Council",
          "operator:type": "public",
          "operator:wikidata": "Q6386253",
          "phone": "+44 1865 815509",
          "ref:isil": "GB-UkOxOLS",
          "toilets:wheelchair": "yes",
          "website": "https://www.oxfordshire.gov.uk/residents/leisure-and-culture/libraries/find-library/oxfordshire-county-library",
          "wheelchair": "yes",
          "wikidata": "Q7115264",
          "wikipedia": "en:Oxford Westgate Library"
        },
        "sitelinks": 1
      }
    },
    {
      "type": "Feature",
      "geometry": {
        "type": "Point",
        "coordinates": [
          -1.2466932,
          51.75740622857143
        ]
      },
      "properties": {
        "id": "osm:way:805324026",
        "source": "osm",
        "title": "Social Science Library",
        "address": "Manor Road, Oxford, OX1 3UQ",
        "description": "",
        "categories": [
          "cultural",
          "literary"
        ],
        "primary_category": "cultural",
        "interest_score": 66,
        "website": "https://www.bodleian.ox.ac.uk/ssl/",
        "wikipedia": "en:Social Science Library",
        "wikidata": "Q7550793",
        "source_url": "https://www.openstreetmap.org/way/805324026",
        "fetched_at_utc": "2026-10-07T11:42:24+00:00",
        "query_key": "performance_and_literary",
        "tags": {
          "access": "private",
          "addr:city": "Oxford",
          "addr:housename": "Manor Road Building",
          "addr:postcode": "OX1 3UQ",
          "addr:street": "Manor Road",
          "air_conditioning": "yes",
          "amenity": "library",
          "email": "ssl@bodleian.ox.ac.uk",
          "level": "0",
          "name": "Social Science Library",
          "opening_hours": "Mo-Fr 09:00-22:00, Sa 10:00-18:00, Su 11:00-19:00; SH Mo-Fr 09:00-19:00, Sa 10:00-18:00, Su off; Dec 24-Jan 01 off",
          "operator": "Bodleian Libraries;University of Oxford",
          "operator:type": "university",
          "phone": "+44 1865 271093",
          "private": "members",
          "short_name": "SSL",
          "website": "https://www.bodleian.ox.ac.uk/ssl/",
          "wikidata": "Q7550793",
          "wikipedia": "en:Social Science Library"
        },
        "sitelinks": 2
      }
    },
    {
      "type": "Feature",
      "geometry": {
        "type": "Point",
        "coordinates": [
          -1.2532406153846152,
          51.755340523076924
        ]
      },
      "properties": {
        "id": "osm:way:65237635",
        "source": "osm",
        "title": "Holywell Music Room",
        "address": "Holywell Street, Oxford, OX1 3BN",
        "description": "Oxford's chamber music hall",
        "categories": [
          "cultural",
          "art"
        ],
        "primary_category": "cultural",
        "interest_score": 65,
        "website": "",
        "wikipedia": "en:Holywell Music Room",
        "wikidata": "Q5887192",
        "source_url": "https://www.openstreetmap.org/way/65237635",
        "fetched_at_utc": "2026-10-07T11:42:24+00:00",
        "query_key": "performance_and_literary",
        "tags": {
          "addr:city": "Oxford",
          "addr:postcode": "OX1 3BN",
          "addr:street": "Holywell Street",
          "amenity": "theatre",
          "building": "university",
          "description": "Oxford's chamber music hall",
          "name": "Holywell Music Room",
          "opening_hours": "unknown",
          "operator": "Wadham College",
          "operator:type": "university",
          "owner": "Wadham College",
          "ref:GB:uprn": "200004679521",
          "source": "Bing",
          "start_date": "1748",
          "theatre:genre": "chamber_music",
          "theatre:type": "concert_hall",
          "wikidata": "Q5887192",
          "wikipedia": "en:Holywell Music Room"
        },
        "sitelinks": 4
      }
    },
    {
      "type": "Feature",
      "geometry": {
        "type": "Point",
        "coordinates": [
          -1.2431162979999997,
          51.751665035
        ]
      },
      "properties": {
        "id": "osm:way:38755629",
        "source": "osm",
        "title": "Angel and Greyhound Meadow",
        "address": "",
        "description": "",
        "categories": [
          "natural",
          "park"
        ],
        "primary_category": "natural",
        "interest_score": 64,
        "website": "",
        "wikipedia": "en:Angel & Greyhound Meadow, Oxford",
        "wikidata": "Q4762036",
        "source_url": "https://www.openstreetmap.org/way/38755629",
        "fetched_at_utc": "2026-10-07T11:42:24+00:00",
        "query_key": "parks",
        "tags": {
          "leisure": "park",
          "name": "Angel and Greyhound Meadow",
          "opening_hours": "Mo-Sa 07:30-sunset; Su,PH 10:00-dusk",
          "wikidata": "Q4762036",
          "wikipedia": "en:Angel & Greyhound Meadow, Oxford"
        },
        "sitelinks": 1
      }
    },
    {
      "type": "Feature",
      "geometry": {
        "type": "Point",
        "coordinates": [
          -1.2544511250000001,
          51.754052879999996
        ]
      },
      "properties": {
        "id": "osm:relation:62123",
        "source": "osm",
        "title": "Bodleian Library",
        "address": "",
        "description": "",
        "categories": [
          "cultural",
          "literary",
          "landmark"
        ],
        "primary_category": "cultural",
        "interest_score": 64,
        "website": "",
        "wikipedia": "en:Bodleian Library",
        "wikidata": "Q82133",
        "source_url": "https://www.openstreetmap.org/relation/62123",
        "fetched_at_utc": "2026-10-07T11:42:24+00:00",
        "query_key": "performance_and_literary",
        "tags": {
          "access": "private",
          "addr:housename": "Old Bodleian Library",
          "alt_name": "The Bodleian",
          "amenity": "library",
          "building": "university",
          "name": "Bodleian Library",
          "name:ar": "مكتبة بودلي",
          "name:ba": "Бодли китапханаһы",
          "name:be": "Бадліянская бібліятэка",
          "name:bg": "Бодлиева библиотека",
          "name:bn": "বডলিয়ান গ্রন্থাগার",
          "name:br": "Bodleian Library",
          "name:ca": "Bodleian Library",
          "name:cs": "Bodleyova knihovna",
          "name:cv": "Бодли вулавăшĕ",
          "name:cy": "Llyfrgell Bodley",
          "name:da": "Bodleian Library",
          "name:de": "Bodleian Library",
          "name:el": "Βιβλιοθήκη Μπόντλιαν",
          "name:en": "Bodleian Library",
          "name:es": "Biblioteca Bodleiana",
          "name:et": "Bodley raamatukogu",
          "name:eu": "Bodleiar Liburutegia",
          "name:fa": "کتابخانه بادلین",
          "name:fi": "Bodleian Library",
          "name:fr": "Bibliothèque Bodléienne",
          "name:fy": "Bodleian Library",
          "name:ga": "Bodleian Library",
          "name:gl": "Bodleian Library",
          "name:he": "הספרייה הבודליינית",
          "name:hy": "Բոդլեյան գրադարան",
          "name:id": "Bodleian Library",
          "name:it": "Biblioteca Bodleiana",
          "name:ja": "ボドリアン図書館",
          "name:ko": "보들리 도서관",
          "name:la": "Bibliotheca Bodleiana",
          "name:ms": "Perpustakaan Bodleian",
          "name:my": "ဘော့ဒလီယန် စာကြည့်တိုက်",
          "name:nl": "Bodleian Library",
          "name:no": "Bodleian Library",
          "name:pl": "Biblioteka Bodlejańska",
          "name:pnb": "بوڈلین لائیبریری",
          "name:pt": "Biblioteca Bodleiana",
          "name:ru": "Бодлианская библиотека",
          "name:sl": "Bodleianova knjižnica",
          "name:sr": "Библиотека Бодлеана",
          "name:sv": "Bodleianska biblioteket",
          "name:tr": "Bodleian Kütüphanesi",
          "name:uk": "Бодліанська бібліотека",
          "name:ur": "کتب خانہ بوڈلین",
          "name:vec": "Bodleian",
          "name:vi": "Thư viện Bodleian",
          "name:yi": "באדליען ביבליאטעק",
          "name:zh": "牛津大学博德利图书馆",
          "opening_hours": "Mo-Fr 09:00-21:00; Sa 10:00-16:00; Su 11:00-17:00",
          "source": "yahoo_imagery;Bing",
          "tourism": "attraction",
          "wheelchair": "yes",
          "wikidata": "Q82133",
          "wikipedia": "en:Bodleian Library"
        },
        "sitelinks": 56
      }
    },
    {
      "type": "Feature",
      "geometry": {
        "type": "Point",
        "coordinates": [
          -1.2501400320000002,
          51.75335688799999
        ]
      },
      "properties": {
        "id": "osm:relation:13313359",
        "source": "osm",
        "title": "Gardens of St Peter-in-the-East",
        "address": "",
        "description": "",
        "categories": [
          "natural",
          "garden"
        ],
        "primary_category": "natural",
        "interest_score": 64,
        "website": "",
        "wikipedia": "en:St Peter-in-the-East",
        "wikidata": "Q7595346",
        "source_url": "https://www.openstreetmap.org/relation/13313359",
        "fetched_at_utc": "2026-10-07T11:42:24+00:00",
        "query_key": "gardens",
        "tags": {
          "disused:amenity": "grave_yard",
          "disused:denomination": "anglican",
          "disused:religion": "christian",
          "leisure": "garden",
          "name": "Gardens of St Peter-in-the-East",
          "source": "local_knowledge;Bing",
          "wikidata": "Q7595346",
          "wikipedia": "en:St Peter-in-the-East"
        },
        "sitelinks": 3
      }
    },
    {
      "type": "Feature",
      "geometry": {
        "type": "Point",
        "coordinates": [
          -1.2466035206896549,
          51.76032264827586
        ]
      },
      "properties": {
        "id": "osm:way:3488483",
        "source": "osm",
        "title": "Parson's Pleasure",
        "address": "",
        "description": "",
        "categories": [
          "natural",
          "park"
        ],
        "primary_category": "natural",
        "interest_score": 64,
        "website": "",
        "wikipedia": "en:Parson's Pleasure",
        "wikidata": "Q7140012",
        "source_url": "https://www.openstreetmap.org/way/3488483",
        "fetched_at_utc": "2026-10-07T11:42:24+00:00",
        "query_key": "parks",
        "tags": {
          "leisure": "park",
          "name": "Parson's Pleasure",
          "old_amenity": "bathing_place",
          "old_gender": "male",
          "wikidata": "Q7140012",
          "wikipedia": "en:Parson's Pleasure"
        },
        "sitelinks": 2
      }
    },
    {
      "type": "Feature",
      "geometry": {
        "type": "Point",
        "coordinates": [
          -1.2540007871794872,
          51.753460751282056
        ]
      },
      "properties": {
        "id": "osm:way:4884600",
        "source": "osm",
        "title": "Radcliffe Camera",
        "address": "Radcliffe Square, Oxford, OX1 3BG",
        "description": "",
        "categories": [
          "cultural",
          "literary",
          "landmark"
        ],
        "primary_category": "cultural",
        "interest_score": 64,
        "website": "",
        "wikipedia": "en:Radcliffe Camera",
        "wikidata": "Q1602700",
        "source_url": "https://www.openstreetmap.org/way/4884600",
        "fetched_at_utc": "2026-10-07T11:42:24+00:00",
        "query_key": "performance_and_literary",
        "tags": {
          "access": "private",
          "addr:city": "Oxford",
          "addr:housename": "Radcliffe Camera",
          "addr:postcode": "OX1 3BG",
          "addr:street": "Radcliffe Square",
          "amenity": "library",
          "building": "university",
          "building:levels": "5",
          "layer": "2",
          "loc_name": "Rad Cam",
          "name": "Radcliffe Camera",
          "name:zh": "拉德克里夫图书馆",
          "note": "Wheelchair access to ground floor only",
          "opening_hours": "Mo-Fr 09:00-21:00; Sa 10:00-18:00; Su 11:00-19:00",
          "operator": "University of Oxford",
          "ref:GB:uprn": "10002760821",
          "tourism": "attraction",
          "wheelchair": "limited",
          "wikidata": "Q1602700",
          "wikipedia": "en:Radcliffe Camera"
        },
        "sitelinks": 21
      }
    },
    {
      "type": "Feature",
      "geometry": {
        "type": "Point",
        "coordinates": [
          -1.22919,
          51.75176654252873
        ]
      },
      "properties": {
        "id": "osm:way:23945602",
        "source": "osm",
        "title": "South Park",
        "address": "",
        "description": "",
        "categories": [
          "natural",
          "park"
        ],
        "primary_category": "natural",
        "interest_score": 64,
        "website": "",
        "wikipedia": "en:South Park, Oxford",
        "wikidata": "Q2304561",
        "source_url": "https://www.openstreetmap.org/way/23945602",
        "fetched_at_utc": "2026-10-07T11:42:24+00:00",
        "query_key": "parks",
        "tags": {
          "leisure": "park",
          "name": "South Park",
          "wikidata": "Q2304561",
          "wikipedia": "en:South Park, Oxford"
        },
        "sitelinks": 3
      }
    },
    {
      "type": "Feature",
      "geometry": {
        "type": "Point",
        "coordinates": [
          -1.259678885,
          51.755539959999986
        ]
      },
      "properties": {
        "id": "osm:way:134120759",
        "source": "osm",
        "title": "Taylor Institution",
        "address": "St Giles', Oxford, OX1 3NA",
        "description": "",
        "categories": [
          "cultural",
          "literary",
          "landmark"
        ],
        "primary_category": "cultural",
        "interest_score": 64,
        "website": "",
        "wikipedia": "en:Taylor Institution",
        "wikidata": "Q7690022",
        "source_url": "https://www.openstreetmap.org/way/134120759",
        "fetched_at_utc": "2026-10-07T11:42:24+00:00",
        "query_key": "performance_and_literary",
        "tags": {
          "addr:city": "Oxford",
          "addr:housename": "Taylorian Institute",
          "addr:postcode": "OX1 3NA",
          "addr:street": "St Giles'",
          "alt_name": "Taylorian Institute",
          "amenity": "library",
          "building": "university",
          "building:levels": "2",
          "learning": "oxford_department",
          "name": "Taylor Institution",
          "old_name": "Institutio Tayloriana",
          "opening_hours": "Sep-Jul: Mo-Fr 09:00-19:00, Aug: Mo-Sa 09:00-17:00, Sa 22:00-16:00",
          "operator": "University of Oxford",
          "ref:GB:uprn": "200001115638;200004675059;200004681613",
          "source": "Bing",
          "start_date": "1845",
          "tourism": "attraction",
          "wheelchair": "yes",
          "wikidata": "Q7690022",
          "wikipedia": "en:Taylor Institution"
        },
        "sitelinks": 4
      }
    },
    {
      "type": "Feature",
      "geometry": {
        "type": "Point",
        "coordinates": [
          -1.2465916113924056,
          51.75989700664563
        ]
      },
      "properties": {
        "id": "osm:relation:12532311",
        "source": "osm",
        "title": "University Parks",
        "address": "",
        "description": "",
        "categories": [
          "natural",
          "park"
        ],
        "primary_category": "natural",
        "interest_score": 64,
        "website": "",
        "wikipedia": "en:University Parks",
        "wikidata": "Q7894869",
        "source_url": "https://www.openstreetmap.org/relation/12532311",
        "fetched_at_utc": "2026-10-07T11:42:24+00:00",
        "query_key": "parks",
        "tags": {
          "bicycle": "no",
          "leisure": "park",
          "loc_name": "Uni Parks",
          "name": "University Parks",
          "opening_hours": "sunrise-sunset",
          "operator": "University of Oxford",
          "wikidata": "Q7894869",
          "wikipedia": "en:University Parks"
        },
        "sitelinks": 5
      }
    },
    {
      "type": "Feature",
      "geometry": {
        "type": "Point",
        "coordinates": [
          -1.2556805400000002,
          51.75241252000001
        ]
      },
      "properties": {
        "id": "osm:way:113000687",
        "source": "osm",
        "title": "Lincoln College Library",
        "address": "Oxford, OX1 4AH",
        "description": "",
        "categories": [
          "cultural",
          "literary"
        ],
        "primary_category": "cultural",
        "interest_score": 60,
        "website": "",
        "wikipedia": "en:All Saints' Church, Oxford",
        "wikidata": "Q4729514",
        "source_url": "https://www.openstreetmap.org/way/113000687",
        "fetched_at_utc": "2026-10-07T11:42:24+00:00",
        "query_key": "performance_and_literary",
        "tags": {
          "addr:city": "Oxford",
          "addr:postcode": "OX1 4AH",
          "amenity": "library",
          "building": "church",
          "name": "Lincoln College Library",
          "old_name": "All Saints' Church",
          "operator": "Lincoln College",
          "ref:GB:uprn": "10091102013",
          "ref:dove": "12299",
          "wikidata": "Q4729514",
          "wikipedia": "en:All Saints' Church, Oxford"
        },
        "sitelinks": 7
      }
    },
    {
      "type": "Feature",
      "geometry": {
        "type": "Point",
        "coordinates": [
          -1.2586466,
          51.7586454
        ]
      },
      "properties": {
        "id": "osm:node:7932487759",
        "source": "osm",
        "title": "O'Reilly Theatre",
        "address": "Blackhall Road, Oxford, OX1 3PG",
        "description": "",
        "categories": [
          "cultural",
          "art"
        ],
        "primary_category": "cultural",
        "interest_score": 60,
        "website": "",
        "wikipedia": "en:O'Reilly Theatre",
        "wikidata": "Q7071944",
        "source_url": "https://www.openstreetmap.org/node/7932487759",
        "fetched_at_utc": "2026-10-07T11:42:24+00:00",
        "query_key": "performance_and_literary",
        "tags": {
          "addr:city": "Oxford",
          "addr:postcode": "OX1 3PG",
          "addr:street": "Blackhall Road",
          "amenity": "theatre",
          "name": "O'Reilly Theatre",
          "operator": "Keble College",
          "start_date": "2002",
          "wikidata": "Q7071944",
          "wikipedia": "en:O'Reilly Theatre"
        },
        "sitelinks": 1
      }
    },
    {
      "type": "Feature",
      "geometry": {
        "type": "Point",
        "coordinates": [
          -1.2601264,
          51.7583199
        ]
      },
      "properties": {
        "id": "osm:node:1057697027",
        "source": "osm",
        "title": "Oxford War Memorial",
        "address": "",
        "description": "IN / MEMORY / OF / THOSE WHO / FOUGHT AND / THOSE WHO / FELL / 1914–1918. AND / 1939–1945. AND ALL OTHERS WHO HAVE GIVEN THEIR LIVES / IN THE SERVICE OF THEIR COUNTRY",
        "categories": [
          "historical",
          "memorial"
        ],
        "primary_category": "historical",
        "interest_score": 60,
        "website": "",
        "wikipedia": "",
        "wikidata": "Q66478189",
        "source_url": "https://www.openstreetmap.org/node/1057697027",
        "fetched_at_utc": "2026-10-07T11:42:24+00:00",
        "query_key": "historic_sites",
        "tags": {
          "historic": "memorial",
          "inscription": "IN / MEMORY / OF / THOSE WHO / FOUGHT AND / THOSE WHO / FELL / 1914–1918. AND / 1939–1945. AND ALL OTHERS WHO HAVE GIVEN THEIR LIVES / IN THE SERVICE OF THEIR COUNTRY",
          "memorial": "war_memorial",
          "name": "Oxford War Memorial",
          "source": "local_knowledge;Bing",
          "source_ref": "https://www.historicengland.org.uk/listing/the-list/list-entry/1440081",
          "wikidata": "Q66478189"
        },
        "sitelinks": 1
      }
    },
    {
      "type": "Feature",
      "geometry": {
        "type": "Point",
        "coordinates": [
          -1.2561185,
          51.7580264
        ]
      },
      "properties": {
        "id": "osm:node:8610723573",
        "source": "osm",
        "title": "Radcliffe Science Library",
        "address": "",
        "description": "",
        "categories": [
          "cultural",
          "literary"
        ],
        "primary_category": "cultural",
        "interest_score": 60,
        "website": "",
        "wikipedia": "en:Radcliffe Science Library",
        "wikidata": "Q7280038",
        "source_url": "https://www.openstreetmap.org/node/8610723573",
        "fetched_at_utc": "2026-10-07T11:42:24+00:00",
        "query_key": "performance_and_literary",
        "tags": {
          "amenity": "library",
          "name": "Radcliffe Science Library",
          "operator": "University of Oxford",
          "wikidata": "Q7280038",
          "wikipedia": "en:Radcliffe Science Library"
        },
        "sitelinks": 4
      }
    },
    {
      "type": "Feature",
      "geometry": {
        "type": "Point",
        "coordinates": [
          -1.26310521875,
          51.75936003125
        ]
      },
      "properties": {
        "id": "osm:way:97853782",
        "source": "osm",
        "title": "Somerville College Library",
        "address": "",
        "description": "",
        "categories": [
          "cultural",
          "literary"
        ],
        "primary_category": "cultural",
        "interest_score": 60,
        "website": "",
        "wikipedia": "en:Somerville College Library",
        "wikidata": "Q51915999",
        "source_url": "https://www.openstreetmap.org/way/97853782",
        "fetched_at_utc": "2026-10-07T11:42:24+00:00",
        "query_key": "performance_and_literary",
        "tags": {
          "amenity": "library",
          "building": "university",
          "name": "Somerville College Library",
          "operator": "Somerville College",
          "source": "Bing",
          "wikidata": "Q51915999",
          "wikipedia": "en:Somerville College Library"
        },
        "sitelinks": 3
      }
    },
    {
      "type": "Feature",
      "geometry": {
        "type": "Point",
        "coordinates": [
          -1.2472725777777778,
          51.75138796666667
        ]
      },
      "properties": {
        "id": "osm:way:112185735",
        "source": "osm",
        "title": "Danby Gateway",
        "address": "",
        "description": "",
        "categories": [
          "historical",
          "architecture"
        ],
        "primary_category": "historical",
        "interest_score": 58,
        "website": "",
        "wikipedia": "",
        "wikidata": "",
        "source_url": "https://www.openstreetmap.org/way/112185735",
        "fetched_at_utc": "2026-10-07T11:42:24+00:00",
        "query_key": "heritage_sites",
        "tags": {
          "HE_ref": "1320345",
          "alt_name": "Danby Arch",
          "building": "yes",
          "heritage": "2",
          "heritage:operator": "English Heritage",
          "listed_status": "Grade I",
          "name": "Danby Gateway",
          "source": "visual survey;bing",
          "wikimedia_commons": "Category:Oxford_Botanic_Garden_Main_Gate"
        }
      }
    },
    {
      "type": "Feature",
      "geometry": {
        "type": "Point",
        "coordinates": [
          -1.2514518903225809,
          51.751255125806466
        ]
      },
      "properties": {
        "id": "osm:relation:4007477",
        "source": "osm",
        "title": "Merton College",
        "address": "",
        "description": "",
        "categories": [
          "landmark"
        ],
        "primary_category": "landmark",
        "interest_score": 58,
        "website": "https://www.merton.ox.ac.uk/",
        "wikipedia": "en:Merton College, Oxford",
        "wikidata": "Q82513",
        "source_url": "https://www.openstreetmap.org/relation/4007477",
        "fetched_at_utc": "2026-10-07T11:42:24+00:00",
        "query_key": "attractions_and_viewpoints",
        "tags": {
          "amenity": "university",
          "education": "university",
          "learning": "oxford_college",
          "name": "Merton College",
          "name:fr": "College de Merton",
          "name:zh": "莫顿学院",
          "operator": "Merton College",
          "tourism": "attraction",
          "website": "https://www.merton.ox.ac.uk/",
          "wikidata": "Q82513",
          "wikipedia": "en:Merton College, Oxford"
        },
        "sitelinks": 28
      }
    },
    {
      "type": "Feature",
      "geometry": {
        "type": "Point",
        "coordinates": [
          -1.2539537184782612,
          51.751905043478246
        ]
      },
      "properties": {
        "id": "osm:way:23694356",
        "source": "osm",
        "title": "Oriel College",
        "address": "Oriel Square, Oxford, OX1 4EW",
        "description": "",
        "categories": [
          "landmark"
        ],
        "primary_category": "landmark",
        "interest_score": 58,
        "website": "https://www.oriel.ox.ac.uk/",
        "wikipedia": "en:Oriel College, Oxford",
        "wikidata": "Q81170",
        "source_url": "https://www.openstreetmap.org/way/23694356",
        "fetched_at_utc": "2026-10-07T11:42:24+00:00",
        "query_key": "attractions_and_viewpoints",
        "tags": {
          "addr:city": "Oxford",
          "addr:housename": "Oriel College",
          "addr:postcode": "OX1 4EW",
          "addr:street": "Oriel Square",
          "amenity": "university",
          "education": "university",
          "landuse": "education",
          "learning": "oxford_college",
          "name": "Oriel College",
          "tourism": "attraction",
          "website": "https://www.oriel.ox.ac.uk/",
          "wikidata": "Q81170",
          "wikipedia": "en:Oriel College, Oxford"
        },
        "sitelinks": 27
      }
    },
    {
      "type": "Feature",
      "geometry": {
        "type": "Point",
        "coordinates": [
          -1.2515316516666668,
          51.752052895833316
        ]
      },
      "properties": {
        "id": "osm:way:112557739",
        "source": "osm",
        "title": "University College",
        "address": "High Street, Oxford, OX1 4BH",
        "description": "",
        "categories": [
          "landmark"
        ],
        "primary_category": "landmark",
        "interest_score": 58,
        "website": "https://www.univ.ox.ac.uk/",
        "wikipedia": "en:University College, Oxford",
        "wikidata": "Q81087",
        "source_url": "https://www.openstreetmap.org/way/112557739",
        "fetched_at_utc": "2026-10-07T11:42:24+00:00",
        "query_key": "attractions_and_viewpoints",
        "tags": {
          "addr:city": "Oxford",
          "addr:postcode": "OX1 4BH",
          "addr:street": "High Street",
          "amenity": "university",
          "education": "university",
          "landuse": "education",
          "learning": "oxford_college",
          "loc_name": "Univ",
          "name": "University College",
          "opening_hours": "Mo-Su 09:00-17:00",
          "source": "yahoo_imagery",
          "tourism": "attraction",
          "website": "https://www.univ.ox.ac.uk/",
          "wheelchair": "limited",
          "wikidata": "Q81087",
          "wikipedia": "en:University College, Oxford"
        },
        "sitelinks": 29
      }
    },
    {
      "type": "Feature",
      "geometry": {
        "type": "Point",
        "coordinates": [
          -1.2662844896103898,
          51.755710989610385
        ]
      },
      "properties": {
        "id": "osm:way:23927356",
        "source": "osm",
        "title": "Worcester College",
        "address": "Walton Street",
        "description": "",
        "categories": [
          "landmark"
        ],
        "primary_category": "landmark",
        "interest_score": 58,
        "website": "https://www.worc.ox.ac.uk",
        "wikipedia": "en:Worcester College, Oxford",
        "wikidata": "Q780745",
        "source_url": "https://www.openstreetmap.org/way/23927356",
        "fetched_at_utc": "2026-10-07T11:42:24+00:00",
        "query_key": "attractions_and_viewpoints",
        "tags": {
          "addr:street": "Walton Street",
          "amenity": "university",
          "education": "university",
          "landuse": "education",
          "learning": "oxford_college",
          "name": "Worcester College",
          "opening_hours": "Mo-Su 14:00-16:00",
          "postal_code": "OX1 2HB",
          "tourism": "attraction",
          "website": "https://www.worc.ox.ac.uk",
          "wikidata": "Q780745",
          "wikipedia": "en:Worcester College, Oxford"
        },
        "sitelinks": 21
      }
    },
    {
      "type": "Feature",
      "geometry": {
        "type": "Point",
        "coordinates": [
          -1.2219408,
          51.7510637
        ]
      },
      "properties": {
        "id": "osm:node:4726528969",
        "source": "osm",
        "title": "Samuel Wilson Warneford",
        "address": "",
        "description": "",
        "categories": [
          "historical",
          "cultural",
          "art",
          "memorial"
        ],
        "primary_category": "historical",
        "interest_score": 54,
        "website": "",
        "wikipedia": "",
        "wikidata": "",
        "source_url": "https://www.openstreetmap.org/node/4726528969",
        "fetched_at_utc": "2026-10-07T11:42:24+00:00",
        "query_key": "galleries_and_arts",
        "tags": {
          "artist_name": "Peter Hollins",
          "artwork_type": "statue",
          "fixme": "Check exact location",
          "memorial": "statue",
          "name": "Samuel Wilson Warneford",
          "tourism": "artwork"
        }
      }
    },
    {
      "type": "Feature",
      "geometry": {
        "type": "Point",
        "coordinates": [
          -1.2549231346153844,
          51.7529465173077
        ]
      },
      "properties": {
        "id": "osm:way:23680177",
        "source": "osm",
        "title": "Brasenose College",
        "address": "",
        "description": "",
        "categories": [
          "landmark"
        ],
        "primary_category": "landmark",
        "interest_score": 52,
        "website": "",
        "wikipedia": "en:Brasenose College, Oxford",
        "wikidata": "Q899030",
        "source_url": "https://www.openstreetmap.org/way/23680177",
        "fetched_at_utc": "2026-10-07T11:42:24+00:00",
        "query_key": "attractions_and_viewpoints",
        "tags": {
          "amenity": "university",
          "campus": "Brasenose College",
          "education": "university",
          "landuse": "education",
          "learning": "oxford_college",
          "name": "Brasenose College",
          "name:zh": "布拉森诺斯学院",
          "operator": "University of Oxford",
          "source": "yahoo_imagery;OS_OpenData_StreetView;local_knowledge",
          "tourism": "attraction",
          "wikidata": "Q899030",
          "wikipedia": "en:Brasenose College, Oxford"
        },
        "sitelinks": 29
      }
    },
    {
      "type": "Feature",
      "geometry": {
        "type": "Point",
        "coordinates": [
          -1.2553848809815955,
          51.75020023251536
        ]
      },
      "properties": {
        "id": "osm:relation:15595647",
        "source": "osm",
        "title": "Christ Church",
        "address": "",
        "description": "",
        "categories": [
          "landmark"
        ],
        "primary_category": "landmark",
        "interest_score": 52,
        "website": "",
        "wikipedia": "en:Christ Church, Oxford",
        "wikidata": "Q745967",
        "source_url": "https://www.openstreetmap.org/relation/15595647",
        "fetched_at_utc": "2026-10-07T11:42:24+00:00",
        "query_key": "attractions_and_viewpoints",
        "tags": {
          "amenity": "university",
          "education": "university",
          "landuse": "education",
          "learning": "oxford_college",
          "name": "Christ Church",
          "name:en": "Christ Church",
          "name:zh": "基督教会",
          "source": "yahoo_imagery",
          "tourism": "attraction",
          "wheelchair": "limited",
          "wikidata": "Q745967",
          "wikipedia": "en:Christ Church, Oxford"
        },
        "sitelinks": 33
      }
    },
    {
      "type": "Feature",
      "geometry": {
        "type": "Point",
        "coordinates": [
          -1.2520120764367821,
          51.74812789310345
        ]
      },
      "properties": {
        "id": "osm:relation:1102976",
        "source": "osm",
        "title": "Christ Church Meadow",
        "address": "",
        "description": "",
        "categories": [
          "natural",
          "park",
          "landmark"
        ],
        "primary_category": "natural",
        "interest_score": 52,
        "website": "",
        "wikipedia": "",
        "wikidata": "Q5108817",
        "source_url": "https://www.openstreetmap.org/relation/1102976",
        "fetched_at_utc": "2026-10-07T11:42:24+00:00",
        "query_key": "attractions_and_viewpoints",
        "tags": {
          "leisure": "park",
          "name": "Christ Church Meadow",
          "operator": "Christ Church",
          "tourism": "attraction",
          "wikidata": "Q5108817"
        },
        "sitelinks": 4
      }
    },
    {
      "type": "Feature",
      "geometry": {
        "type": "Point",
        "coordinates": [
          -1.2545978076923077,
          51.754587653846166
        ]
      },
      "properties": {
        "id": "osm:way:29387139",
        "source": "osm",
        "title": "Clarendon Building",
        "address": "",
        "description": "",
        "categories": [
          "landmark"
        ],
        "primary_category": "landmark",
        "interest_score": 52,
        "website": "",
        "wikipedia": "en:Clarendon Building",
        "wikidata": "Q115451",
        "source_url": "https://www.openstreetmap.org/way/29387139",
        "fetched_at_utc": "2026-10-07T11:42:24+00:00",
        "query_key": "attractions_and_viewpoints",
        "tags": {
          "addr:housename": "Clarendon Building",
          "building": "university",
          "building:levels": "2",
          "name": "Clarendon Building",
          "ref:GB:uprn": "100121294890",
          "source": "yahoo_imagery;OS_OpenData_StreetView",
          "tourism": "attraction",
          "wikidata": "Q115451",
          "wikipedia": "en:Clarendon Building"
        },
        "sitelinks": 4
      }
    },
    {
      "type": "Feature",
      "geometry": {
        "type": "Point",
        "coordinates": [
          -1.255159618181818,
          51.75394014545455
        ]
      },
      "properties": {
        "id": "osm:way:114575324",
        "source": "osm",
        "title": "Convocation House",
        "address": "",
        "description": "",
        "categories": [
          "landmark"
        ],
        "primary_category": "landmark",
        "interest_score": 52,
        "website": "",
        "wikipedia": "en:Convocation House",
        "wikidata": "Q5166597",
        "source_url": "https://www.openstreetmap.org/way/114575324",
        "fetched_at_utc": "2026-10-07T11:42:24+00:00",
        "query_key": "attractions_and_viewpoints",
        "tags": {
          "addr:housename": "Convocation House and Selden End",
          "building": "university",
          "building:levels": "2",
          "name": "Convocation House",
          "source": "yahoo_imagery;Bing",
          "tourism": "attraction",
          "wikidata": "Q5166597",
          "wikipedia": "en:Convocation House"
        },
        "sitelinks": 2
      }
    },
    {
      "type": "Feature",
      "geometry": {
        "type": "Point",
        "coordinates": [
          -1.2612978,
          51.754091
        ]
      },
      "properties": {
        "id": "osm:node:12050789736",
        "source": "osm",
        "title": "Levellers Memorial",
        "address": "",
        "description": "To the memory of Private Biggs and Private Piggen[,] executed like their Leveller colleagues at Burford by forces loyal to Cromwell. They were shot near this place for their part in the second mutiny of the Oxford Garrison on 18th September 1649",
        "categories": [
          "historical",
          "memorial"
        ],
        "primary_category": "historical",
        "interest_score": 52,
        "website": "http://www.oxfordhistory.org.uk/streets/inscriptions/central/levellers.html",
        "wikipedia": "",
        "wikidata": "",
        "source_url": "https://www.openstreetmap.org/node/12050789736",
        "fetched_at_utc": "2026-10-07T11:42:24+00:00",
        "query_key": "historic_sites",
        "tags": {
          "historic": "memorial",
          "inscription": "To the memory of Private Biggs and Private Piggen[,] executed like their Leveller colleagues at Burford by forces loyal to Cromwell. They were shot near this place for their part in the second mutiny of the Oxford Garrison on 18th September 1649",
          "memorial": "plaque",
          "name": "Levellers Memorial",
          "openplaques:id": "7937",
          "subject": "Private Biggs and Private Piggen",
          "website": "http://www.oxfordhistory.org.uk/streets/inscriptions/central/levellers.html"
        }
      }
    },
    {
      "type": "Feature",
      "geometry": {
        "type": "Point",
        "coordinates": [
          -1.2554386017857146,
          51.752925603571434
        ]
      },
      "properties": {
        "id": "osm:way:23680168",
        "source": "osm",
        "title": "Lincoln College",
        "address": "",
        "description": "",
        "categories": [
          "landmark"
        ],
        "primary_category": "landmark",
        "interest_score": 52,
        "website": "",
        "wikipedia": "en:Lincoln College, Oxford",
        "wikidata": "Q81153",
        "source_url": "https://www.openstreetmap.org/way/23680168",
        "fetched_at_utc": "2026-10-07T11:42:24+00:00",
        "query_key": "attractions_and_viewpoints",
        "tags": {
          "amenity": "university",
          "campus": "Lincoln College",
          "education": "university",
          "landuse": "education",
          "learning": "oxford_college",
          "name": "Lincoln College",
          "opening_hours": "Mo-Fr 14:00-17:00; Sa-Su 11:00-17:00",
          "operator": "University of Oxford",
          "source": "yahoo_imagery",
          "tourism": "attraction",
          "wikidata": "Q81153",
          "wikipedia": "en:Lincoln College, Oxford"
        },
        "sitelinks": 18
      }
    },
    {
      "type": "Feature",
      "geometry": {
        "type": "Point",
        "coordinates": [
          -1.2445263738255028,
          51.75329836073824
        ]
      },
      "properties": {
        "id": "osm:relation:12605258",
        "source": "osm",
        "title": "Magdalen College",
        "address": "",
        "description": "",
        "categories": [
          "landmark"
        ],
        "primary_category": "landmark",
        "interest_score": 52,
        "website": "",
        "wikipedia": "en:Magdalen College, Oxford",
        "wikidata": "Q81162",
        "source_url": "https://www.openstreetmap.org/relation/12605258",
        "fetched_at_utc": "2026-10-07T11:42:24+00:00",
        "query_key": "attractions_and_viewpoints",
        "tags": {
          "amenity": "university",
          "education": "university",
          "landuse": "education",
          "learning": "oxford_college",
          "name": "Magdalen College",
          "name:zh": "莫德林学院",
          "opening_hours": "Mo-Su 12:00-19:00",
          "source": "yahoo_imagery",
          "tourism": "attraction",
          "wikidata": "Q81162",
          "wikipedia": "en:Magdalen College, Oxford"
        },
        "sitelinks": 27
      }
    },
    {
      "type": "Feature",
      "geometry": {
        "type": "Point",
        "coordinates": [
          -1.2586391103448276,
          51.75000323793104
        ]
      },
      "properties": {
        "id": "osm:relation:2894207",
        "source": "osm",
        "title": "Pembroke College",
        "address": "OX1 1DW",
        "description": "",
        "categories": [
          "landmark"
        ],
        "primary_category": "landmark",
        "interest_score": 52,
        "website": "",
        "wikipedia": "en:Pembroke College, Oxford",
        "wikidata": "Q82606",
        "source_url": "https://www.openstreetmap.org/relation/2894207",
        "fetched_at_utc": "2026-10-07T11:42:24+00:00",
        "query_key": "attractions_and_viewpoints",
        "tags": {
          "addr:postcode": "OX1 1DW",
          "amenity": "university",
          "learning": "oxford_college",
          "name": "Pembroke College",
          "source:addr:postcode": "OS Codepoint",
          "tourism": "attraction",
          "wikidata": "Q82606",
          "wikipedia": "en:Pembroke College, Oxford"
        },
        "sitelinks": 21
      }
    },
    {
      "type": "Feature",
      "geometry": {
        "type": "Point",
        "coordinates": [
          -1.2549359701754388,
          51.75762435087719
        ]
      },
      "properties": {
        "id": "osm:way:63101261",
        "source": "osm",
        "title": "Rhodes House",
        "address": "South Parks Road, Oxford, OX1 3RG",
        "description": "",
        "categories": [
          "landmark"
        ],
        "primary_category": "landmark",
        "interest_score": 52,
        "website": "",
        "wikipedia": "en:Rhodes House",
        "wikidata": "Q3429605",
        "source_url": "https://www.openstreetmap.org/way/63101261",
        "fetched_at_utc": "2026-10-07T11:42:24+00:00",
        "query_key": "attractions_and_viewpoints",
        "tags": {
          "addr:city": "Oxford",
          "addr:housename": "Rhodes House",
          "addr:postcode": "OX1 3RG",
          "addr:street": "South Parks Road",
          "building": "university",
          "building:levels": "3",
          "learning": "oxford_department",
          "name": "Rhodes House",
          "operator": "Rhodes House",
          "phone": "+44 1865 270 901",
          "ref:GB:uprn": "200004687981;200004680950;200004685009;100121294802;200004687982",
          "roof:levels": "0",
          "source": "Bing;OS_OpenData_StreetView;yahoo_imagery;local_knowledge",
          "tourism": "attraction",
          "wikidata": "Q3429605",
          "wikipedia": "en:Rhodes House"
        },
        "sitelinks": 6
      }
    },
    {
      "type": "Feature",
      "geometry": {
        "type": "Point",
        "coordinates": [
          -1.2537818857142857,
          51.75447831428572
        ]
      },
      "properties": {
        "id": "osm:way:62333303",
        "source": "osm",
        "title": "The Bridge of Sighs",
        "address": "New College Lane",
        "description": "",
        "categories": [
          "landmark"
        ],
        "primary_category": "landmark",
        "interest_score": 52,
        "website": "",
        "wikipedia": "en:Bridge of Sighs, Oxford",
        "wikidata": "Q3407626",
        "source_url": "https://www.openstreetmap.org/way/62333303",
        "fetched_at_utc": "2026-10-07T11:42:24+00:00",
        "query_key": "attractions_and_viewpoints",
        "tags": {
          "addr:housename": "Bridge of Sighs",
          "addr:street": "New College Lane",
          "bridge": "yes",
          "bridge:structure": "humpback",
          "building": "university",
          "building:levels": "2",
          "building:min_level": "1",
          "layer": "1",
          "learning": "oxford_college",
          "name": "The Bridge of Sighs",
          "note": "this is a humped back bridge with I think some steps but it really mainly focues on the 2nd flor wit some lower suporting projections its based on a design seen in venice and is a fully covered coridoor.",
          "operator": "Hertford College",
          "tourism": "attraction",
          "wheelchair": "yes",
          "wikidata": "Q3407626",
          "wikipedia": "en:Bridge of Sighs, Oxford"
        },
        "sitelinks": 9
      }
    },
    {
      "type": "Feature",
      "geometry": {
        "type": "Point",
        "coordinates": [
          -1.2549478833333334,
          51.75398708333333
        ]
      },
      "properties": {
        "id": "osm:way:114320058",
        "source": "osm",
        "title": "The Divinity School",
        "address": "Oxford, OX1 3BG",
        "description": "",
        "categories": [
          "landmark"
        ],
        "primary_category": "landmark",
        "interest_score": 52,
        "website": "",
        "wikipedia": "en:Divinity School, Oxford",
        "wikidata": "Q5284397",
        "source_url": "https://www.openstreetmap.org/way/114320058",
        "fetched_at_utc": "2026-10-07T11:42:24+00:00",
        "query_key": "attractions_and_viewpoints",
        "tags": {
          "addr:city": "Oxford",
          "addr:housename": "Divinity School and Duke Humfries Reading Room",
          "addr:postcode": "OX1 3BG",
          "building": "university",
          "building:levels": "2",
          "name": "The Divinity School",
          "ref:GB:uprn": "200004681157",
          "source": "yahoo_imagery;Bing",
          "tourism": "attraction",
          "wheelchair": "yes",
          "wikidata": "Q5284397",
          "wikipedia": "en:Divinity School, Oxford"
        },
        "sitelinks": 4
      }
    },
    {
      "type": "Feature",
      "geometry": {
        "type": "Point",
        "coordinates": [
          -1.2560688,
          51.7585681
        ]
      },
      "properties": {
        "id": "osm:node:12020312660",
        "source": "osm",
        "title": "1860 Oxford Evolution Debate",
        "address": "",
        "description": "Stele erected to commemorate the 150th anniversary of the 1860 Evolution Debate",
        "categories": [
          "historical",
          "memorial"
        ],
        "primary_category": "historical",
        "interest_score": 51,
        "website": "",
        "wikipedia": "",
        "wikidata": "",
        "source_url": "https://www.openstreetmap.org/node/12020312660",
        "fetched_at_utc": "2026-10-07T11:42:24+00:00",
        "query_key": "historic_sites",
        "tags": {
          "description": "Stele erected to commemorate the 150th anniversary of the 1860 Evolution Debate",
          "historic": "memorial",
          "inscription": "ON 30 JUNE 1860 THOMAS HENRY HUXLEY SAMUEL WILBERFORCE AND OTHERS DEBATED CHARLES DARWIN'S ORIGIN OF SPECIES IN THE MUSEUM\n\n1860-2010",
          "material": "stone",
          "memorial": "stele",
          "name": "1860 Oxford Evolution Debate",
          "openplaques:id": "39907",
          "start_date": "2010",
          "subject:wikidata": "Q165720",
          "subject:wikipedia": "en:1860 Oxford evolution debate",
          "wikimedia_commons": "File:Plaque to 1860 Oxford evolution debate.JPG"
        }
      }
    },
    {
      "type": "Feature",
      "geometry": {
        "type": "Point",
        "coordinates": [
          -1.2675544,
          51.7469047
        ]
      },
      "properties": {
        "id": "osm:node:374644737",
        "source": "osm",
        "title": "Edgar George Wilson",
        "address": "",
        "description": "In memory of Edgar George Wilson",
        "categories": [
          "historical",
          "memorial"
        ],
        "primary_category": "historical",
        "interest_score": 51,
        "website": "",
        "wikipedia": "",
        "wikidata": "",
        "source_url": "https://www.openstreetmap.org/node/374644737",
        "fetched_at_utc": "2026-10-07T11:42:24+00:00",
        "query_key": "historic_sites",
        "tags": {
          "description": "In memory of Edgar George Wilson",
          "historic": "memorial",
          "inscription": "IN MEMORY OF\nEDGAR GEORGE WILSON\nWHO, IN RESCUING TWO BOYS\nFROM DROWNING, LOST HIS LIFE,\nJUNE 15, 1889, AGED 21 YEARS",
          "man_made": "obelisk",
          "memorial": "obelisk",
          "name": "Edgar George Wilson",
          "source": "photograph",
          "source_ref": "http://www.oxfordhistory.org.uk/streets/inscriptions/south_west/wilson_drowning.html"
        }
      }
    },
    {
      "type": "Feature",
      "geometry": {
        "type": "Point",
        "coordinates": [
          -1.2687582,
          51.7665512
        ]
      },
      "properties": {
        "id": "osm:node:13255840873",
        "source": "osm",
        "title": "First World War Memorial",
        "address": "",
        "description": "Shrine containing a painted cast-iron calvary crucifix on a limestone base, modelled on shrines in Flanders. Two bronze panels bear the names of the 47 men of St Margaret’s parish who died in the First World War.",
        "categories": [
          "historical",
          "memorial"
        ],
        "primary_category": "historical",
        "interest_score": 51,
        "website": "",
        "wikipedia": "",
        "wikidata": "",
        "source_url": "https://www.openstreetmap.org/node/13255840873",
        "fetched_at_utc": "2026-10-07T11:42:24+00:00",
        "query_key": "historic_sites",
        "tags": {
          "description": "Shrine containing a painted cast-iron calvary crucifix on a limestone base, modelled on shrines in Flanders. Two bronze panels bear the names of the 47 men of St Margaret’s parish who died in the First World War.",
          "historic": "memorial",
          "inscription": "JESU MERCY /IN MEMORY OF THOSE WHO DIED IN THE FIRST WORLD WAR AND IN LATER CONFLICTS",
          "listed_status": "Grade II",
          "memorial": "war_memorial",
          "name": "First World War Memorial",
          "wikimedia_commons": "File:Crucifix_outside_St_Margaret's_Church_-_geograph.org.uk_-_1760589.jpg"
        }
      }
    },
    {
      "type": "Feature",
      "geometry": {
        "type": "Point",
        "coordinates": [
          -1.2293943,
          51.7546022
        ]
      },
      "properties": {
        "id": "osm:node:8429556910",
        "source": "osm",
        "title": "Former boundary stone between Headington and Oxford in the 1800s. See http://www",
        "address": "",
        "description": "Former boundary stone between Headington and Oxford in the 1800s. See http://www.headington.org.uk/history/streets/headington_hill/inscribed_stones.htm for more detail.",
        "categories": [
          "historical",
          "memorial"
        ],
        "primary_category": "historical",
        "interest_score": 51,
        "website": "",
        "wikipedia": "",
        "wikidata": "",
        "source_url": "https://www.openstreetmap.org/node/8429556910",
        "fetched_at_utc": "2026-10-07T11:42:24+00:00",
        "query_key": "historic_sites",
        "tags": {
          "description": "Former boundary stone between Headington and Oxford in the 1800s. See http://www.headington.org.uk/history/streets/headington_hill/inscribed_stones.htm for more detail.",
          "historic": "memorial",
          "inscription": "Here Endeth Hedington Hyway ...",
          "memorial": "stone"
        }
      }
    },
    {
      "type": "Feature",
      "geometry": {
        "type": "Point",
        "coordinates": [
          -1.2334178,
          51.7659007
        ]
      },
      "properties": {
        "id": "osm:node:5314660989",
        "source": "osm",
        "title": "World War Remembrance Plaque",
        "address": "",
        "description": "World War Remembrance Plaque",
        "categories": [
          "historical",
          "memorial"
        ],
        "primary_category": "historical",
        "interest_score": 51,
        "website": "",
        "wikipedia": "",
        "wikidata": "",
        "source_url": "https://www.openstreetmap.org/node/5314660989",
        "fetched_at_utc": "2026-10-07T11:42:24+00:00",
        "query_key": "historic_sites",
        "tags": {
          "description": "World War Remembrance Plaque",
          "historic": "memorial",
          "memorial": "plaque"
        }
      }
    },
    {
      "type": "Feature",
      "geometry": {
        "type": "Point",
        "coordinates": [
          -1.2476458,
          51.7571869
        ]
      },
      "properties": {
        "id": "osm:node:4136971335",
        "source": "osm",
        "title": "Bodleian Law Library",
        "address": "Manor Road, Oxford, OX1 3UR",
        "description": "",
        "categories": [
          "cultural",
          "literary"
        ],
        "primary_category": "cultural",
        "interest_score": 50,
        "website": "https://www.bodleian.ox.ac.uk/libraries/law",
        "wikipedia": "",
        "wikidata": "Q4936645",
        "source_url": "https://www.openstreetmap.org/node/4136971335",
        "fetched_at_utc": "2026-10-07T11:42:24+00:00",
        "query_key": "performance_and_literary",
        "tags": {
          "access": "private",
          "addr:city": "Oxford",
          "addr:housename": "St Cross Building",
          "addr:postcode": "OX1 3UR",
          "addr:street": "Manor Road",
          "amenity": "library",
          "email": "law.library@bodleian.ox.ac.uk",
          "name": "Bodleian Law Library",
          "opening_hours": "Mo-Fr 09:00-22:00, Sa-Su 10:00-19:00; SH Mo-Fr 09:00-19:00, Sa 10:00-16:00, Su off; Dec 24-Jan 01 off",
          "operator": "Bodleian Libraries;University of Oxford",
          "operator:type": "university",
          "phone": "+44 1865 271462",
          "private": "members",
          "website": "https://www.bodleian.ox.ac.uk/libraries/law",
          "wheelchair": "yes",
          "wikidata": "Q4936645"
        },
        "sitelinks": 3
      }
    },
    {
      "type": "Feature",
      "geometry": {
        "type": "Point",
        "coordinates": [
          -1.2720408933333331,
          51.76962466
        ]
      },
      "properties": {
        "id": "osm:relation:1534252",
        "source": "osm",
        "title": "Trap Grounds",
        "address": "",
        "description": "",
        "categories": [
          "natural"
        ],
        "primary_category": "natural",
        "interest_score": 50,
        "website": "https://www.trap-grounds.org.uk/",
        "wikipedia": "",
        "wikidata": "Q89426022",
        "source_url": "https://www.openstreetmap.org/relation/1534252",
        "fetched_at_utc": "2026-10-07T11:42:24+00:00",
        "query_key": "nature_reserves",
        "tags": {
          "leisure": "nature_reserve",
          "name": "Trap Grounds",
          "website": "https://www.trap-grounds.org.uk/",
          "wikidata": "Q89426022"
        },
        "sitelinks": 1
      }
    },
    {
      "type": "Feature",
      "geometry": {
        "type": "Point",
        "coordinates": [
          -1.255051042105263,
          51.75488267894737
        ]
      },
      "properties": {
        "id": "osm:way:61538711",
        "source": "osm",
        "title": "Weston Library",
        "address": "Parks Road, Oxford, OX1 3BG",
        "description": "",
        "categories": [
          "cultural",
          "literary"
        ],
        "primary_category": "cultural",
        "interest_score": 50,
        "website": "https://www.bodleian.ox.ac.uk/libraries/weston",
        "wikipedia": "",
        "wikidata": "Q24083412",
        "source_url": "https://www.openstreetmap.org/way/61538711",
        "fetched_at_utc": "2026-10-07T11:42:24+00:00",
        "query_key": "performance_and_literary",
        "tags": {
          "addr:city": "Oxford",
          "addr:housename": "Weston Library",
          "addr:postcode": "OX1 3BG",
          "addr:street": "Parks Road",
          "amenity": "library",
          "building": "university",
          "building:levels": "3",
          "internet_access": "wlan",
          "internet_access:fee": "no",
          "learning": "oxford_department",
          "name": "Weston Library",
          "old_name": "New Bodleian",
          "opening_hours": "Mo-Fr 09:00-19:00; Sa 10:00-16:00",
          "operator": "Bodleian Library",
          "roof:levels": "0",
          "source": "Bing",
          "toilets:wheelchair": "yes",
          "website": "https://www.bodleian.ox.ac.uk/libraries/weston",
          "wheelchair": "yes",
          "wikidata": "Q24083412"
        },
        "sitelinks": 3
      }
    },
    {
      "type": "Feature",
      "geometry": {
        "type": "Point",
        "coordinates": [
          -1.2339395369565218,
          51.75438083260868
        ]
      },
      "properties": {
        "id": "osm:way:25849166",
        "source": "osm",
        "title": "Headington Hill Park",
        "address": "",
        "description": "",
        "categories": [
          "natural",
          "park"
        ],
        "primary_category": "natural",
        "interest_score": 48,
        "website": "",
        "wikipedia": "",
        "wikidata": "Q5689643",
        "source_url": "https://www.openstreetmap.org/way/25849166",
        "fetched_at_utc": "2026-10-07T11:42:24+00:00",
        "query_key": "parks",
        "tags": {
          "leisure": "park",
          "name": "Headington Hill Park",
          "wikidata": "Q5689643"
        },
        "sitelinks": 3
      }
    },
    {
      "type": "Feature",
      "geometry": {
        "type": "Point",
        "coordinates": [
          -1.259992,
          51.7498639
        ]
      },
      "properties": {
        "id": "osm:node:12083265719",
        "source": "osm",
        "title": "8, 9 & 10 Turn Again Lane",
        "address": "",
        "description": "8, 9 & 10 TURN AGAIN LANE\nIn 1971 Oxford Preservation Trust purchased these three\nlisted seventeenth-century houses to save them from demolition. The restored houses received a Civic Trust European Architectural Heritage Year Award in 1975.",
        "categories": [
          "historical",
          "memorial"
        ],
        "primary_category": "historical",
        "interest_score": 46,
        "website": "",
        "wikipedia": "",
        "wikidata": "",
        "source_url": "https://www.openstreetmap.org/node/12083265719",
        "fetched_at_utc": "2026-10-07T11:42:24+00:00",
        "query_key": "historic_sites",
        "tags": {
          "direction": "SSW",
          "historic": "memorial",
          "inscription": "8, 9 & 10 TURN AGAIN LANE\nIn 1971 Oxford Preservation Trust purchased these three\nlisted seventeenth-century houses to save them from demolition. The restored houses received a Civic Trust European Architectural Heritage Year Award in 1975.",
          "memorial": "plaque",
          "name": "8, 9 & 10 Turn Again Lane",
          "openplaques:id": "42799"
        }
      }
    },
    {
      "type": "Feature",
      "geometry": {
        "type": "Point",
        "coordinates": [
          -1.2493503,
          51.741907
        ]
      },
      "properties": {
        "id": "osm:node:9903904099",
        "source": "osm",
        "title": "Acer Nethercott",
        "address": "",
        "description": "In loving memory of Dr Acer Gary Nethercott 28.11.1977 ~ 26.01.2013 Accomplished Academic and Sportsman I am a part of all that I have met",
        "categories": [
          "historical",
          "memorial"
        ],
        "primary_category": "historical",
        "interest_score": 46,
        "website": "",
        "wikipedia": "",
        "wikidata": "",
        "source_url": "https://www.openstreetmap.org/node/9903904099",
        "fetched_at_utc": "2026-10-07T11:42:24+00:00",
        "query_key": "historic_sites",
        "tags": {
          "direction": "45",
          "historic": "memorial",
          "inscription": "In loving memory of Dr Acer Gary Nethercott 28.11.1977 ~ 26.01.2013 Accomplished Academic and Sportsman I am a part of all that I have met",
          "memorial": "plaque",
          "name": "Acer Nethercott",
          "operator": "University College",
          "subject:wikidata": "Q1754999",
          "subject:wikipedia": "en:Acer Nethercott"
        }
      }
    },
    {
      "type": "Feature",
      "geometry": {
        "type": "Point",
        "coordinates": [
          -1.2626442,
          51.7519752
        ]
      },
      "properties": {
        "id": "osm:node:10975208669",
        "source": "osm",
        "title": "Archaeology, the Castle Ditch, and its skeletons",
        "address": "",
        "description": "In 2003 excavations uncovered the Castle Ditch part of the defences of the Norman Castle. 64 human skeletons were found buried here, many dating from the late 16th century.",
        "categories": [
          "historical",
          "memorial"
        ],
        "primary_category": "historical",
        "interest_score": 46,
        "website": "",
        "wikipedia": "",
        "wikidata": "",
        "source_url": "https://www.openstreetmap.org/node/10975208669",
        "fetched_at_utc": "2026-10-07T11:42:24+00:00",
        "query_key": "historic_sites",
        "tags": {
          "historic": "memorial",
          "inscription": "In 2003 excavations uncovered the Castle Ditch part of the defences of the Norman Castle. 64 human skeletons were found buried here, many dating from the late 16th century.",
          "memorial": "plaque",
          "name": "Archaeology, the Castle Ditch, and its skeletons"
        }
      }
    },
    {
      "type": "Feature",
      "geometry": {
        "type": "Point",
        "coordinates": [
          -1.2524427,
          51.7526176
        ]
      },
      "properties": {
        "id": "osm:node:9188008759",
        "source": "osm",
        "title": "Boyle and Hooke",
        "address": "",
        "description": "In a house on this site\nbetween 1655 and 1668 lived\nROBERT BOYLE\nHere he discovered BOYLE'S LAW\nand made experiments with an\nAIR PUMP designed by his assistant\nROBERT HOOKE\nInventor Scientist and Architect\nwho made a MICROSCOPE\n[...]",
        "categories": [
          "historical",
          "memorial"
        ],
        "primary_category": "historical",
        "interest_score": 46,
        "website": "",
        "wikipedia": "",
        "wikidata": "",
        "source_url": "https://www.openstreetmap.org/node/9188008759",
        "fetched_at_utc": "2026-10-07T11:42:24+00:00",
        "query_key": "historic_sites",
        "tags": {
          "historic": "memorial",
          "inscription": "In a house on this site\nbetween 1655 and 1668 lived\nROBERT BOYLE\nHere he discovered BOYLE'S LAW\nand made experiments with an\nAIR PUMP designed by his assistant\nROBERT HOOKE\nInventor Scientist and Architect\nwho made a MICROSCOPE\n[...]",
          "memorial": "plaque",
          "name": "Boyle and Hooke",
          "openplaques:id": "2549",
          "subject:wikidata": "Q43393;Q46830",
          "wikimedia_commons": "File:Boyle-Hooke_plaque,_University_College,_Oxford.JPG"
        }
      }
    },
    {
      "type": "Feature",
      "geometry": {
        "type": "Point",
        "coordinates": [
          -1.2533469,
          51.7555801
        ]
      },
      "properties": {
        "id": "osm:node:8651559966",
        "source": "osm",
        "title": "Bruce Naylor",
        "address": "",
        "description": "Dedicated to the memory of Bruce Naylor (1920-2000) who loved his garden (but preferred his golf) donated by his daughter, Heather (Wadham 1976-79)",
        "categories": [
          "historical",
          "memorial"
        ],
        "primary_category": "historical",
        "interest_score": 46,
        "website": "",
        "wikipedia": "",
        "wikidata": "",
        "source_url": "https://www.openstreetmap.org/node/8651559966",
        "fetched_at_utc": "2026-10-07T11:42:24+00:00",
        "query_key": "historic_sites",
        "tags": {
          "direction": "310",
          "historic": "memorial",
          "inscription": "Dedicated to the memory of Bruce Naylor (1920-2000) who loved his garden (but preferred his golf) donated by his daughter, Heather (Wadham 1976-79)",
          "material": "metal",
          "memorial": "plaque",
          "name": "Bruce Naylor"
        }
      }
    },
    {
      "type": "Feature",
      "geometry": {
        "type": "Point",
        "coordinates": [
          -1.2511788,
          51.7523193
        ]
      },
      "properties": {
        "id": "osm:node:9167075668",
        "source": "osm",
        "title": "Christian Cole",
        "address": "",
        "description": "Christian Cole (d. 1885) / The first black African to be awarded an Oxford degree and to practise law in an English court was made a member of University College Oxford in 1877.",
        "categories": [
          "historical",
          "memorial"
        ],
        "primary_category": "historical",
        "interest_score": 46,
        "website": "",
        "wikipedia": "",
        "wikidata": "",
        "source_url": "https://www.openstreetmap.org/node/9167075668",
        "fetched_at_utc": "2026-10-07T11:42:24+00:00",
        "query_key": "historic_sites",
        "tags": {
          "historic": "memorial",
          "inscription": "Christian Cole (d. 1885) / The first black African to be awarded an Oxford degree and to practise law in an English court was made a member of University College Oxford in 1877.",
          "material": "metal",
          "memorial": "plaque",
          "name": "Christian Cole",
          "openplaques:id": "43897",
          "subject:wikidata": "Q41599306",
          "subject:wikipedia": "en:Christian Cole (barrister)",
          "wikimedia_commons": "File:Christian Cole (23858938218).jpg"
        }
      }
    },
    {
      "type": "Feature",
      "geometry": {
        "type": "Point",
        "coordinates": [
          -1.2537111200000002,
          51.76913486000001
        ]
      },
      "properties": {
        "id": "osm:way:347281843",
        "source": "osm",
        "title": "Dragon School War Memorial",
        "address": "",
        "description": "",
        "categories": [
          "historical",
          "memorial"
        ],
        "primary_category": "historical",
        "interest_score": 46,
        "website": "",
        "wikipedia": "",
        "wikidata": "",
        "source_url": "https://www.openstreetmap.org/way/347281843",
        "fetched_at_utc": "2026-10-07T11:42:24+00:00",
        "query_key": "historic_sites",
        "tags": {
          "historic": "memorial",
          "material": "stone",
          "memorial": "war_memorial",
          "name": "Dragon School War Memorial",
          "source_ref": "https://www.iwm.org.uk/memorials/item/memorial/32033",
          "start_date": "1920-11-12"
        }
      }
    },
    {
      "type": "Feature",
      "geometry": {
        "type": "Point",
        "coordinates": [
          -1.2532554,
          51.7544992
        ]
      },
      "properties": {
        "id": "osm:node:1401063532",
        "source": "osm",
        "title": "Edmond Halley",
        "address": "",
        "description": "EDMOND HALLEY 1656-1742",
        "categories": [
          "historical",
          "memorial"
        ],
        "primary_category": "historical",
        "interest_score": 46,
        "website": "",
        "wikipedia": "",
        "wikidata": "",
        "source_url": "https://www.openstreetmap.org/node/1401063532",
        "fetched_at_utc": "2026-10-07T11:42:24+00:00",
        "query_key": "historic_sites",
        "tags": {
          "direction": "180",
          "historic": "memorial",
          "inscription": "EDMOND HALLEY 1656-1742",
          "material": "stone",
          "memorial": "plaque",
          "name": "Edmond Halley"
        }
      }
    },
    {
      "type": "Feature",
      "geometry": {
        "type": "Point",
        "coordinates": [
          -1.2530224,
          51.7503941
        ]
      },
      "properties": {
        "id": "osm:node:11828710542",
        "source": "osm",
        "title": "Elisabeth Rawson",
        "address": "",
        "description": "",
        "categories": [
          "historical",
          "memorial"
        ],
        "primary_category": "historical",
        "interest_score": 46,
        "website": "",
        "wikipedia": "",
        "wikidata": "",
        "source_url": "https://www.openstreetmap.org/node/11828710542",
        "fetched_at_utc": "2026-10-07T11:42:24+00:00",
        "query_key": "historic_sites",
        "tags": {
          "historic": "memorial",
          "memorial": "plaque",
          "name": "Elisabeth Rawson"
        }
      }
    },
    {
      "type": "Feature",
      "geometry": {
        "type": "Point",
        "coordinates": [
          -1.2605241,
          51.753197
        ]
      },
      "properties": {
        "id": "osm:node:13257366159",
        "source": "osm",
        "title": "Felicia Skene",
        "address": "",
        "description": "Felicia Skene 1821‒1899, prison reformer and friend of the poor, lived here 1869‒1899",
        "categories": [
          "historical",
          "memorial"
        ],
        "primary_category": "historical",
        "interest_score": 46,
        "website": "",
        "wikipedia": "",
        "wikidata": "",
        "source_url": "https://www.openstreetmap.org/node/13257366159",
        "fetched_at_utc": "2026-10-07T11:42:24+00:00",
        "query_key": "historic_sites",
        "tags": {
          "historic": "memorial",
          "inscription": "Felicia Skene 1821‒1899, prison reformer and friend of the poor, lived here 1869‒1899",
          "memorial": "plaque",
          "name": "Felicia Skene",
          "openplaques:id": "1026",
          "subject:wikidata": "Q1403036",
          "subject:wikipedia": "en:Felicia Skene"
        }
      }
    },
    {
      "type": "Feature",
      "geometry": {
        "type": "Point",
        "coordinates": [
          -1.2535017,
          51.7445524
        ]
      },
      "properties": {
        "id": "osm:node:13073860094",
        "source": "osm",
        "title": "Finish Stone for Torpids and Eights",
        "address": "",
        "description": "THE FINISH STONE TORPIDS AND EIGHTS In memory of COLIN COX 1943-1999 Oarsman and Boatman\ndedicated to club and college rowing EN OPTIME FACIET!",
        "categories": [
          "historical",
          "memorial"
        ],
        "primary_category": "historical",
        "interest_score": 46,
        "website": "",
        "wikipedia": "",
        "wikidata": "",
        "source_url": "https://www.openstreetmap.org/node/13073860094",
        "fetched_at_utc": "2026-10-07T11:42:24+00:00",
        "query_key": "historic_sites",
        "tags": {
          "historic": "memorial",
          "inscription": "THE FINISH STONE TORPIDS AND EIGHTS In memory of COLIN COX 1943-1999 Oarsman and Boatman\ndedicated to club and college rowing EN OPTIME FACIET!",
          "material": "stone",
          "memorial": "stele",
          "name": "Finish Stone for Torpids and Eights"
        }
      }
    },
    {
      "type": "Feature",
      "geometry": {
        "type": "Point",
        "coordinates": [
          -1.2584383,
          51.7606852
        ]
      },
      "properties": {
        "id": "osm:node:8668823429",
        "source": "osm",
        "title": "Gandhi Plaque",
        "address": "",
        "description": "THIS TREE\nKoelreuteria Paniculata (Pride of India)\nWAS PLANTED TO COMMEMORATE THE\n125TH ANNIVERSARY OF THE BIRTH\nON 2ND OCTOBER 1869 of M K GANDHI\nAn inspiration to us all",
        "categories": [
          "historical",
          "memorial"
        ],
        "primary_category": "historical",
        "interest_score": 46,
        "website": "",
        "wikipedia": "",
        "wikidata": "",
        "source_url": "https://www.openstreetmap.org/node/8668823429",
        "fetched_at_utc": "2026-10-07T11:42:24+00:00",
        "query_key": "historic_sites",
        "tags": {
          "fixme": "check exact location",
          "historic": "memorial",
          "inscription": "THIS TREE\nKoelreuteria Paniculata (Pride of India)\nWAS PLANTED TO COMMEMORATE THE\n125TH ANNIVERSARY OF THE BIRTH\nON 2ND OCTOBER 1869 of M K GANDHI\nAn inspiration to us all",
          "memorial": "plaque",
          "name": "Gandhi Plaque",
          "subject:wikidata": "Q1001"
        }
      }
    },
    {
      "type": "Feature",
      "geometry": {
        "type": "Point",
        "coordinates": [
          -1.2533333,
          51.7504645
        ]
      },
      "properties": {
        "id": "osm:node:11828710543",
        "source": "osm",
        "title": "George Best",
        "address": "",
        "description": "",
        "categories": [
          "historical",
          "memorial"
        ],
        "primary_category": "historical",
        "interest_score": 46,
        "website": "",
        "wikipedia": "",
        "wikidata": "",
        "source_url": "https://www.openstreetmap.org/node/11828710543",
        "fetched_at_utc": "2026-10-07T11:42:24+00:00",
        "query_key": "historic_sites",
        "tags": {
          "historic": "memorial",
          "memorial": "plaque",
          "name": "George Best"
        }
      }
    },
    {
      "type": "Feature",
      "geometry": {
        "type": "Point",
        "coordinates": [
          -1.2571773,
          51.7513111
        ]
      },
      "properties": {
        "id": "osm:node:14088242013",
        "source": "osm",
        "title": "Great Jewry",
        "address": "",
        "description": "This street known till 1300 as Great Jewry contained many houses of the Jews including the synagogue which lay to the north of Tom Tower 1931",
        "categories": [
          "historical",
          "memorial"
        ],
        "primary_category": "historical",
        "interest_score": 46,
        "website": "",
        "wikipedia": "",
        "wikidata": "",
        "source_url": "https://www.openstreetmap.org/node/14088242013",
        "fetched_at_utc": "2026-10-07T11:42:24+00:00",
        "query_key": "historic_sites",
        "tags": {
          "direction": "255",
          "historic": "memorial",
          "inscription": "This street known till 1300 as Great Jewry contained many houses of the Jews including the synagogue which lay to the north of Tom Tower 1931",
          "memorial": "plaque",
          "name": "Great Jewry",
          "openplaques:id": "8547"
        }
      }
    },
    {
      "type": "Feature",
      "geometry": {
        "type": "Point",
        "coordinates": [
          -1.2518548,
          51.7639742
        ]
      },
      "properties": {
        "id": "osm:node:3186536864",
        "source": "osm",
        "title": "Havel's Place",
        "address": "",
        "description": "Truth and love must prevail over lies and hatred",
        "categories": [
          "historical",
          "memorial"
        ],
        "primary_category": "historical",
        "interest_score": 46,
        "website": "",
        "wikipedia": "",
        "wikidata": "",
        "source_url": "https://www.openstreetmap.org/node/3186536864",
        "fetched_at_utc": "2026-10-07T11:42:24+00:00",
        "query_key": "historic_sites",
        "tags": {
          "amenity": "bench",
          "historic": "memorial",
          "inscription": "Truth and love must prevail over lies and hatred",
          "name": "Havel's Place",
          "name:cs": "Lavička Václava Havla",
          "start_date": "20141106"
        }
      }
    },
    {
      "type": "Feature",
      "geometry": {
        "type": "Point",
        "coordinates": [
          -1.2524447,
          51.7513654
        ]
      },
      "properties": {
        "id": "osm:node:13011766204",
        "source": "osm",
        "title": "Henry Marten",
        "address": "",
        "description": "IN THIS HOUSE WAS BORN Col. HENRY MARTEN GENTLEMAN COMMONER OF UNIVERSITY COLLEGE,\nOXFORD MP FOR BERKSHIRE REPUBLICAN AND WIT.\n1602-1680",
        "categories": [
          "historical",
          "memorial"
        ],
        "primary_category": "historical",
        "interest_score": 46,
        "website": "",
        "wikipedia": "",
        "wikidata": "",
        "source_url": "https://www.openstreetmap.org/node/13011766204",
        "fetched_at_utc": "2026-10-07T11:42:24+00:00",
        "query_key": "historic_sites",
        "tags": {
          "direction": "80",
          "historic": "memorial",
          "historic:date": "1602",
          "inscription": "IN THIS HOUSE WAS BORN Col. HENRY MARTEN GENTLEMAN COMMONER OF UNIVERSITY COLLEGE,\nOXFORD MP FOR BERKSHIRE REPUBLICAN AND WIT.\n1602-1680",
          "memorial": "plaque",
          "name": "Henry Marten",
          "openplaques:id": "8549",
          "plaque": "here_was_born",
          "subject:wikidata": "Q15515717",
          "subject:wikipedia": "en:Henry Marten (regicide)"
        }
      }
    },
    {
      "type": "Feature",
      "geometry": {
        "type": "Point",
        "coordinates": [
          -1.2634997000000001,
          51.76685293333333
        ]
      },
      "properties": {
        "id": "osm:way:33322748",
        "source": "osm",
        "title": "Howard Piper Library",
        "address": "",
        "description": "",
        "categories": [
          "cultural",
          "architecture",
          "literary"
        ],
        "primary_category": "cultural",
        "interest_score": 46,
        "website": "https://www.st-hughs.ox.ac.uk/current-students/library/",
        "wikipedia": "",
        "wikidata": "",
        "source_url": "https://www.openstreetmap.org/way/33322748",
        "fetched_at_utc": "2026-10-07T11:42:24+00:00",
        "query_key": "performance_and_literary",
        "tags": {
          "alt_name": "St Hugh's College Library",
          "amenity": "library",
          "building": "yes",
          "name": "Howard Piper Library",
          "operator": "St Hugh's College",
          "operator:type": "university",
          "website": "https://www.st-hughs.ox.ac.uk/current-students/library/"
        }
      }
    },
    {
      "type": "Feature",
      "geometry": {
        "type": "Point",
        "coordinates": [
          -1.2480377,
          51.7505228
        ]
      },
      "properties": {
        "id": "osm:node:13203463853",
        "source": "osm",
        "title": "In memory of Martin Wills/undergraduate at Magdalen College Oxford/1971 - 1974",
        "address": "",
        "description": "In memory of Martin Wills/undergraduate at Magdalen College Oxford/1971 - 1974",
        "categories": [
          "historical",
          "memorial"
        ],
        "primary_category": "historical",
        "interest_score": 46,
        "website": "",
        "wikipedia": "",
        "wikidata": "",
        "source_url": "https://www.openstreetmap.org/node/13203463853",
        "fetched_at_utc": "2026-10-07T11:42:24+00:00",
        "query_key": "historic_sites",
        "tags": {
          "historic": "memorial",
          "inscription": "In memory of Martin Wills/undergraduate at Magdalen College Oxford/1971 - 1974",
          "memorial": "plaque"
        }
      }
    },
    {
      "type": "Feature",
      "geometry": {
        "type": "Point",
        "coordinates": [
          -1.2562407,
          51.7479889
        ]
      },
      "properties": {
        "id": "osm:node:13984062983",
        "source": "osm",
        "title": "Inspector Morse",
        "address": "",
        "description": "St. Aldate’s is the headquarters of Oxford City Police and where Chief Inspector E. Morse ‘settles cuckoo-like to pursue his unofficial inquiries’. The exterior of this building was used in filming between 1986 and 1995.",
        "categories": [
          "historical",
          "memorial"
        ],
        "primary_category": "historical",
        "interest_score": 46,
        "website": "",
        "wikipedia": "",
        "wikidata": "",
        "source_url": "https://www.openstreetmap.org/node/13984062983",
        "fetched_at_utc": "2026-10-07T11:42:24+00:00",
        "query_key": "historic_sites",
        "tags": {
          "direction": "260",
          "historic": "memorial",
          "inscription": "St. Aldate’s is the headquarters of Oxford City Police and where Chief Inspector E. Morse ‘settles cuckoo-like to pursue his unofficial inquiries’. The exterior of this building was used in filming between 1986 and 1995.",
          "memorial": "plaque",
          "name": "Inspector Morse",
          "openplaques:id": "31719",
          "operator": "The Inspector Morse Society"
        }
      }
    },
    {
      "type": "Feature",
      "geometry": {
        "type": "Point",
        "coordinates": [
          -1.252787,
          51.7504881
        ]
      },
      "properties": {
        "id": "osm:node:10075016276",
        "source": "osm",
        "title": "Irvine Memorial",
        "address": "",
        "description": "ANDREW COMYN IRVINE 1902-1924 PERISHED NEAR THE SUMMIT OF MOUNT EVEREST JUNE 1924",
        "categories": [
          "historical",
          "memorial"
        ],
        "primary_category": "historical",
        "interest_score": 46,
        "website": "",
        "wikipedia": "",
        "wikidata": "",
        "source_url": "https://www.openstreetmap.org/node/10075016276",
        "fetched_at_utc": "2026-10-07T11:42:24+00:00",
        "query_key": "historic_sites",
        "tags": {
          "artist:wikipedia": "en:Eric_Gill",
          "artist_name": "Eric Gill",
          "historic": "memorial",
          "inscription": "ANDREW COMYN IRVINE 1902-1924 PERISHED NEAR THE SUMMIT OF MOUNT EVEREST JUNE 1924",
          "material": "stone",
          "name": "Irvine Memorial",
          "subject:wikidata": "Q451007",
          "subject:wikipedia": "en:Andrew_Irvine_(mountaineer)",
          "wikimedia_commons": "File:Andrew_Irvine_memorial_Merton_College.jpg"
        }
      }
    },
    {
      "type": "Feature",
      "geometry": {
        "type": "Point",
        "coordinates": [
          -1.2493924,
          51.7507756
        ]
      },
      "properties": {
        "id": "osm:node:11203039743",
        "source": "osm",
        "title": "James Sadler",
        "address": "",
        "description": "James Sadler 1753~1828 First English Aeronaut who in a fire balloon made a successful ascent from near this place ~ 4th October 1784 to land near Woodeaton",
        "categories": [
          "historical",
          "memorial"
        ],
        "primary_category": "historical",
        "interest_score": 46,
        "website": "",
        "wikipedia": "",
        "wikidata": "",
        "source_url": "https://www.openstreetmap.org/node/11203039743",
        "fetched_at_utc": "2026-10-07T11:42:24+00:00",
        "query_key": "historic_sites",
        "tags": {
          "direction": "210",
          "historic": "memorial",
          "inscription": "James Sadler 1753~1828 First English Aeronaut who in a fire balloon made a successful ascent from near this place ~ 4th October 1784 to land near Woodeaton",
          "material": "metal",
          "memorial": "plaque",
          "name": "James Sadler",
          "openplaques:id": "8412",
          "subject:wikidata": "Q5935293",
          "subject:wikipedia": "en:James Sadler (balloonist)",
          "wikimedia_commons": "Category:James Sadler plaque, Oxford"
        }
      }
    },
    {
      "type": "Feature",
      "geometry": {
        "type": "Point",
        "coordinates": [
          -1.2472969,
          51.751433
        ]
      },
      "properties": {
        "id": "osm:node:12055635820",
        "source": "osm",
        "title": "Jewish Cemetery",
        "address": "",
        "description": "THIS STONE MARKS THE PLACE\nOF THE JEWISH CEMETERY\nUNTIL 1290",
        "categories": [
          "historical",
          "memorial"
        ],
        "primary_category": "historical",
        "interest_score": 46,
        "website": "",
        "wikipedia": "",
        "wikidata": "",
        "source_url": "https://www.openstreetmap.org/node/12055635820",
        "fetched_at_utc": "2026-10-07T11:42:24+00:00",
        "query_key": "historic_sites",
        "tags": {
          "historic": "memorial",
          "inscription": "THIS STONE MARKS THE PLACE\nOF THE JEWISH CEMETERY\nUNTIL 1290",
          "material": "stone",
          "memorial": "plaque",
          "name": "Jewish Cemetery",
          "start_date": "1931"
        }
      }
    },
    {
      "type": "Feature",
      "geometry": {
        "type": "Point",
        "coordinates": [
          -1.2276797,
          51.7563533
        ]
      },
      "properties": {
        "id": "osm:node:8500322658",
        "source": "osm",
        "title": "Joe Pullen's Tree",
        "address": "",
        "description": "Near this spot stood the famous Elm planted by the Rev Josiah Pullen about 1680 and known as Joe Pullen's Tree Destroyed by Fire on 13 October 1909",
        "categories": [
          "historical",
          "memorial"
        ],
        "primary_category": "historical",
        "interest_score": 46,
        "website": "",
        "wikipedia": "",
        "wikidata": "",
        "source_url": "https://www.openstreetmap.org/node/8500322658",
        "fetched_at_utc": "2026-10-07T11:42:24+00:00",
        "query_key": "historic_sites",
        "tags": {
          "historic": "memorial",
          "inscription": "Near this spot stood the famous Elm planted by the Rev Josiah Pullen about 1680 and known as Joe Pullen's Tree Destroyed by Fire on 13 October 1909",
          "memorial": "plaque",
          "name": "Joe Pullen's Tree",
          "openplaques:id": "5786",
          "subject:wikidata": "Q18762018"
        }
      }
    },
    {
      "type": "Feature",
      "geometry": {
        "type": "Point",
        "coordinates": [
          -1.2767364,
          51.7689439
        ]
      },
      "properties": {
        "id": "osm:node:10130233382",
        "source": "osm",
        "title": "John Thompson Memorial Stone",
        "address": "",
        "description": "John Thompson 1941–2015 He inspired this Nature Reserve and the planting of over 10,000 trees in Oxford",
        "categories": [
          "historical",
          "memorial"
        ],
        "primary_category": "historical",
        "interest_score": 46,
        "website": "",
        "wikipedia": "",
        "wikidata": "",
        "source_url": "https://www.openstreetmap.org/node/10130233382",
        "fetched_at_utc": "2026-10-07T11:42:24+00:00",
        "query_key": "historic_sites",
        "tags": {
          "historic": "memorial",
          "inscription": "John Thompson 1941–2015 He inspired this Nature Reserve and the planting of over 10,000 trees in Oxford",
          "material": "stone",
          "memorial": "stone",
          "name": "John Thompson Memorial Stone",
          "wikimedia_commons": "File:John_Thompson_memorial_stone,_Burgess_Field_Nature_Park.jpg"
        }
      }
    },
    {
      "type": "Feature",
      "geometry": {
        "type": "Point",
        "coordinates": [
          -1.221365,
          51.7626828
        ]
      },
      "properties": {
        "id": "osm:node:8587942462",
        "source": "osm",
        "title": "JRR Tolkien",
        "address": "",
        "description": "JRR Tolkien lived here 1953-1968",
        "categories": [
          "historical",
          "memorial"
        ],
        "primary_category": "historical",
        "interest_score": 46,
        "website": "",
        "wikipedia": "",
        "wikidata": "",
        "source_url": "https://www.openstreetmap.org/node/8587942462",
        "fetched_at_utc": "2026-10-07T11:42:24+00:00",
        "query_key": "historic_sites",
        "tags": {
          "historic": "memorial",
          "historic:date": "1953..1968",
          "inscription": "JRR Tolkien lived here 1953-1968",
          "memorial": "plaque",
          "name": "JRR Tolkien",
          "openplaques:id": "27946",
          "plaque": "here_lived",
          "subject:wikidata": "Q892",
          "subject:wikipedia": "en:J. R. R. Tolkien"
        }
      }
    },
    {
      "type": "Feature",
      "geometry": {
        "type": "Point",
        "coordinates": [
          -1.2486438,
          51.7475206
        ]
      },
      "properties": {
        "id": "osm:node:12566120071",
        "source": "osm",
        "title": "Jubilee Bridge",
        "address": "",
        "description": "",
        "categories": [
          "historical",
          "memorial"
        ],
        "primary_category": "historical",
        "interest_score": 46,
        "website": "",
        "wikipedia": "",
        "wikidata": "",
        "source_url": "https://www.openstreetmap.org/node/12566120071",
        "fetched_at_utc": "2026-10-07T11:42:24+00:00",
        "query_key": "historic_sites",
        "tags": {
          "historic": "memorial",
          "memorial": "plaque",
          "name": "Jubilee Bridge",
          "support": "stele"
        }
      }
    },
    {
      "type": "Feature",
      "geometry": {
        "type": "Point",
        "coordinates": [
          -1.2629768,
          51.7515839
        ]
      },
      "properties": {
        "id": "osm:node:6751026571",
        "source": "osm",
        "title": "Mediaeval Gallows",
        "address": "",
        "description": "Close to this spot lies the site of the mediaeval gallows In 1610 Blessed George Napier, Catholic Priest and Martyr, was executed here.",
        "categories": [
          "historical",
          "memorial"
        ],
        "primary_category": "historical",
        "interest_score": 46,
        "website": "",
        "wikipedia": "",
        "wikidata": "",
        "source_url": "https://www.openstreetmap.org/node/6751026571",
        "fetched_at_utc": "2026-10-07T11:42:24+00:00",
        "query_key": "historic_sites",
        "tags": {
          "direction": "310",
          "historic": "memorial",
          "historic:date": "1610-11-09",
          "inscription": "Close to this spot lies the site of the mediaeval gallows In 1610 Blessed George Napier, Catholic Priest and Martyr, was executed here.",
          "material": "steel",
          "memorial": "plaque",
          "name": "Mediaeval Gallows",
          "openplaques:id": "4758",
          "plaque": "here_died",
          "start_date": "2010-10-23",
          "subject:wikidata": "Q5542795",
          "subject:wikipedia": "en:George Napper"
        }
      }
    },
    {
      "type": "Feature",
      "geometry": {
        "type": "Point",
        "coordinates": [
          -1.2564994,
          51.7490769
        ]
      },
      "properties": {
        "id": "osm:node:12304343502",
        "source": "osm",
        "title": "MY SWORD I GIVE TO HIM THAT SHALL SUCCEED ME IN MY PILGRIMAGE",
        "address": "",
        "description": "MY SWORD I GIVE TO HIM THAT SHALL SUCCEED ME IN MY PILGRIMAGE",
        "categories": [
          "historical",
          "memorial"
        ],
        "primary_category": "historical",
        "interest_score": 46,
        "website": "",
        "wikipedia": "",
        "wikidata": "",
        "source_url": "https://www.openstreetmap.org/node/12304343502",
        "fetched_at_utc": "2026-10-07T11:42:24+00:00",
        "query_key": "historic_sites",
        "tags": {
          "historic": "memorial",
          "inscription": "MY SWORD I GIVE TO HIM THAT SHALL SUCCEED ME IN MY PILGRIMAGE",
          "memorial": "plaque",
          "memorial:conflict": "WW1",
          "support": "ground",
          "war_memorial": "yes"
        }
      }
    },
    {
      "type": "Feature",
      "geometry": {
        "type": "Point",
        "coordinates": [
          -1.2491921,
          51.7546868
        ]
      },
      "properties": {
        "id": "osm:node:6751026570",
        "source": "osm",
        "title": "Near this spot GEORGE NICHOLS RICHARD YAXLEY THOMAS BELSON HUMPHREY PRITCHARD we",
        "address": "",
        "description": "Near this spot GEORGE NICHOLS RICHARD YAXLEY THOMAS BELSON HUMPHREY PRITCHARD were executed for their Catholic Faith 5 July 1589",
        "categories": [
          "historical",
          "memorial"
        ],
        "primary_category": "historical",
        "interest_score": 46,
        "website": "",
        "wikipedia": "",
        "wikidata": "",
        "source_url": "https://www.openstreetmap.org/node/6751026570",
        "fetched_at_utc": "2026-10-07T11:42:24+00:00",
        "query_key": "historic_sites",
        "tags": {
          "direction": "20",
          "historic": "memorial",
          "inscription": "Near this spot GEORGE NICHOLS RICHARD YAXLEY THOMAS BELSON HUMPHREY PRITCHARD were executed for their Catholic Faith 5 July 1589",
          "material": "stone",
          "memorial": "plaque",
          "openplaques:id": "8541",
          "subject:wikidata": "Q5542886",
          "subject:wikipedia": "en:George Nichols (martyr)"
        }
      }
    },
    {
      "type": "Feature",
      "geometry": {
        "type": "Point",
        "coordinates": [
          -1.2356585,
          51.7585101
        ]
      },
      "properties": {
        "id": "osm:node:259304490",
        "source": "osm",
        "title": "New Marston War Memorial",
        "address": "",
        "description": "",
        "categories": [
          "historical",
          "memorial"
        ],
        "primary_category": "historical",
        "interest_score": 46,
        "website": "",
        "wikipedia": "",
        "wikidata": "",
        "source_url": "https://www.openstreetmap.org/node/259304490",
        "fetched_at_utc": "2026-10-07T11:42:24+00:00",
        "query_key": "historic_sites",
        "tags": {
          "historic": "memorial",
          "listed_status": "Grade II",
          "material": "stone",
          "memorial": "war_memorial",
          "memorial:conflict": "WW1;WW2",
          "name": "New Marston War Memorial",
          "ref:GB:nhle": "1440072",
          "source": "photograph",
          "start_date": "1919"
        }
      }
    },
    {
      "type": "Feature",
      "geometry": {
        "type": "Point",
        "coordinates": [
          -1.2380838,
          51.7749333
        ]
      },
      "properties": {
        "id": "osm:node:13983811505",
        "source": "osm",
        "title": "Norman Heatley",
        "address": "",
        "description": "Norman Heatley DM 1911‒2004, biochemist, key member of the Oxford penicillin team 1939‒43, lived here 1946‒2004",
        "categories": [
          "historical",
          "memorial"
        ],
        "primary_category": "historical",
        "interest_score": 46,
        "website": "",
        "wikipedia": "",
        "wikidata": "",
        "source_url": "https://www.openstreetmap.org/node/13983811505",
        "fetched_at_utc": "2026-10-07T11:42:24+00:00",
        "query_key": "historic_sites",
        "tags": {
          "historic": "memorial",
          "inscription": "Norman Heatley DM 1911‒2004, biochemist, key member of the Oxford penicillin team 1939‒43, lived here 1946‒2004",
          "memorial": "plaque",
          "name": "Norman Heatley",
          "openplaques:id": "3620",
          "subject:wikidata": "Q11251652",
          "subject:wikipedia": "en:Norman Heatley"
        }
      }
    },
    {
      "type": "Feature",
      "geometry": {
        "type": "Point",
        "coordinates": [
          -1.2472566,
          51.7515814
        ]
      },
      "properties": {
        "id": "osm:node:3588396398",
        "source": "osm",
        "title": "Penicillin Research",
        "address": "",
        "description": "THIS ROSE GARDEN WAS GIVEN\nIN HONOUR OF THE RESEARCH\nWORKERS IN THIS UNIVERSITY WHO\nDISCOVERED THE CLINICAL\nIMPORTANCE OF PENICILLIN. [...]",
        "categories": [
          "historical",
          "memorial"
        ],
        "primary_category": "historical",
        "interest_score": 46,
        "website": "",
        "wikipedia": "",
        "wikidata": "",
        "source_url": "https://www.openstreetmap.org/node/3588396398",
        "fetched_at_utc": "2026-10-07T11:42:24+00:00",
        "query_key": "historic_sites",
        "tags": {
          "historic": "memorial",
          "inscription": "THIS ROSE GARDEN WAS GIVEN\nIN HONOUR OF THE RESEARCH\nWORKERS IN THIS UNIVERSITY WHO\nDISCOVERED THE CLINICAL\nIMPORTANCE OF PENICILLIN. [...]",
          "material": "stone",
          "memorial": "stele",
          "name": "Penicillin Research",
          "start_date": "1953"
        }
      }
    },
    {
      "type": "Feature",
      "geometry": {
        "type": "Point",
        "coordinates": [
          -1.2279778,
          51.7552601
        ]
      },
      "properties": {
        "id": "osm:node:13255984456",
        "source": "osm",
        "title": "Pergamon Press Strike",
        "address": "",
        "description": "At this site, between May 1989\nand September 1992, 23 members\nof the National Union of Journalists\nmounted a continuous and united\npicket in defence of union rights\nat Robert Maxwell’s Pergamon Press.\n\nHis empire collapsed, the union lives on.",
        "categories": [
          "historical",
          "memorial"
        ],
        "primary_category": "historical",
        "interest_score": 46,
        "website": "",
        "wikipedia": "",
        "wikidata": "",
        "source_url": "https://www.openstreetmap.org/node/13255984456",
        "fetched_at_utc": "2026-10-07T11:42:24+00:00",
        "query_key": "historic_sites",
        "tags": {
          "direction": "S",
          "historic": "memorial",
          "inscription": "At this site, between May 1989\nand September 1992, 23 members\nof the National Union of Journalists\nmounted a continuous and united\npicket in defence of union rights\nat Robert Maxwell’s Pergamon Press.\n\nHis empire collapsed, the union lives on.",
          "material": "metal",
          "memorial": "plaque",
          "name": "Pergamon Press Strike",
          "openplaques:id": "89633",
          "subject:wikidata": "Q3375355",
          "subject:wikipedia": "en:Pergamon Press",
          "wikimedia_commons": "File:Maxwell_press_strike_plaque_1.jpg"
        }
      }
    },
    {
      "type": "Feature",
      "geometry": {
        "type": "Point",
        "coordinates": [
          -1.2475598,
          51.7505025
        ]
      },
      "properties": {
        "id": "osm:node:13203482361",
        "source": "osm",
        "title": "Pinus nigra (Black Pine)/Planted by/HRH The Prince of Wales/Patron, The Oxford B",
        "address": "",
        "description": "Pinus nigra (Black Pine)/Planted by/HRH The Prince of Wales/Patron, The Oxford Botanic Garden/on 8th June 2021/to commemorate the 400th anniversary/of the founding of the Botanic Garden in 1621...",
        "categories": [
          "historical",
          "memorial"
        ],
        "primary_category": "historical",
        "interest_score": 46,
        "website": "",
        "wikipedia": "",
        "wikidata": "",
        "source_url": "https://www.openstreetmap.org/node/13203482361",
        "fetched_at_utc": "2026-10-07T11:42:24+00:00",
        "query_key": "historic_sites",
        "tags": {
          "historic": "memorial",
          "inscription": "Pinus nigra (Black Pine)/Planted by/HRH The Prince of Wales/Patron, The Oxford Botanic Garden/on 8th June 2021/to commemorate the 400th anniversary/of the founding of the Botanic Garden in 1621...",
          "memorial": "plaque"
        }
      }
    },
    {
      "type": "Feature",
      "geometry": {
        "type": "Point",
        "coordinates": [
          -1.2629687,
          51.7515634
        ]
      },
      "properties": {
        "id": "osm:node:10975208666",
        "source": "osm",
        "title": "Prison A Wing",
        "address": "",
        "description": "Prison A Wing (1852-56)\nModelled on Pentonville prison, a central space was surrounded by 150 identical cells each housing a single prisoner, held in isolation. When it closed in 1996 up to 3 men shared a cell. In 2006 it opened as a Hotel.",
        "categories": [
          "historical",
          "memorial"
        ],
        "primary_category": "historical",
        "interest_score": 46,
        "website": "",
        "wikipedia": "",
        "wikidata": "",
        "source_url": "https://www.openstreetmap.org/node/10975208666",
        "fetched_at_utc": "2026-10-07T11:42:24+00:00",
        "query_key": "historic_sites",
        "tags": {
          "historic": "memorial",
          "inscription": "Prison A Wing (1852-56)\nModelled on Pentonville prison, a central space was surrounded by 150 identical cells each housing a single prisoner, held in isolation. When it closed in 1996 up to 3 men shared a cell. In 2006 it opened as a Hotel.",
          "memorial": "plaque",
          "name": "Prison A Wing"
        }
      }
    },
    {
      "type": "Feature",
      "geometry": {
        "type": "Point",
        "coordinates": [
          -1.2629509,
          51.7517174
        ]
      },
      "properties": {
        "id": "osm:node:10975208667",
        "source": "osm",
        "title": "Prison Debtors' Tower",
        "address": "",
        "description": "This tower was built to imprison debtors who owed money. A rare triangular stone staircase leads to four floors divided into cells, some with fireplaces. Prisoners remained in prison until they paid their debts, and long stays were common.",
        "categories": [
          "historical",
          "memorial"
        ],
        "primary_category": "historical",
        "interest_score": 46,
        "website": "",
        "wikipedia": "",
        "wikidata": "",
        "source_url": "https://www.openstreetmap.org/node/10975208667",
        "fetched_at_utc": "2026-10-07T11:42:24+00:00",
        "query_key": "historic_sites",
        "tags": {
          "historic": "memorial",
          "inscription": "This tower was built to imprison debtors who owed money. A rare triangular stone staircase leads to four floors divided into cells, some with fireplaces. Prisoners remained in prison until they paid their debts, and long stays were common.",
          "memorial": "plaque",
          "name": "Prison Debtors' Tower"
        }
      }
    },
    {
      "type": "Feature",
      "geometry": {
        "type": "Point",
        "coordinates": [
          -1.2623716,
          51.7603119
        ]
      },
      "properties": {
        "id": "osm:node:13246206191",
        "source": "osm",
        "title": "Radcliffe Infirmary",
        "address": "",
        "description": "TO HONOUR THE DOCTORS, NURSES AND ALL WHO CARED FOR THE SICK IN THE RADCLIFFE INFIRMARY 1770-1007",
        "categories": [
          "historical",
          "memorial"
        ],
        "primary_category": "historical",
        "interest_score": 46,
        "website": "",
        "wikipedia": "",
        "wikidata": "",
        "source_url": "https://www.openstreetmap.org/node/13246206191",
        "fetched_at_utc": "2026-10-07T11:42:24+00:00",
        "query_key": "historic_sites",
        "tags": {
          "direction": "ENE",
          "historic": "memorial",
          "inscription": "TO HONOUR THE DOCTORS, NURSES AND ALL WHO CARED FOR THE SICK IN THE RADCLIFFE INFIRMARY 1770-1007",
          "memorial": "plaque",
          "name": "Radcliffe Infirmary"
        }
      }
    },
    {
      "type": "Feature",
      "geometry": {
        "type": "Point",
        "coordinates": [
          -1.2701169,
          51.7556143
        ]
      },
      "properties": {
        "id": "osm:node:13286380167",
        "source": "osm",
        "title": "Rewley Road Swing Bridge",
        "address": "",
        "description": "REWLEY ROAD SWING BRIDGE\n\nThe London & North Western Railway opened Rewley Road station in 1851, access over the Sheepwash Channel being by a swing bridge. The bridge was strengthened in 1890, but ceased to be used in 1984.",
        "categories": [
          "historical",
          "memorial"
        ],
        "primary_category": "historical",
        "interest_score": 46,
        "website": "",
        "wikipedia": "",
        "wikidata": "",
        "source_url": "https://www.openstreetmap.org/node/13286380167",
        "fetched_at_utc": "2026-10-07T11:42:24+00:00",
        "query_key": "historic_sites",
        "tags": {
          "direction": "E",
          "historic": "memorial",
          "inscription": "REWLEY ROAD SWING BRIDGE\n\nThe London & North Western Railway opened Rewley Road station in 1851, access over the Sheepwash Channel being by a swing bridge. The bridge was strengthened in 1890, but ceased to be used in 1984.",
          "inscription:2": "The bridge, which is some 22m long, and weighs 85 tons, took two men some 5 minutes to wind openThe bridge is a scheduled monument",
          "memorial": "plaque",
          "name": "Rewley Road Swing Bridge",
          "openplaques:id": "89632",
          "start_date": "2021-08-09"
        }
      }
    },
    {
      "type": "Feature",
      "geometry": {
        "type": "Point",
        "coordinates": [
          -1.2606843,
          51.7501919
        ]
      },
      "properties": {
        "id": "osm:node:12702956488",
        "source": "osm",
        "title": "Roger Bacon",
        "address": "",
        "description": "ROGERUS BACON\nPhilosophus insignis, Doctor Mirabilis\nQui methodo experimentali\nScientiae finas mirifice protulit\nPost vitam longam, strenuam, indefessam\nPrope hunc locum\nInter Franciscanos suos\nIn Christo obdormivit\nA.S. MCCXCII",
        "categories": [
          "historical",
          "memorial"
        ],
        "primary_category": "historical",
        "interest_score": 46,
        "website": "",
        "wikipedia": "",
        "wikidata": "",
        "source_url": "https://www.openstreetmap.org/node/12702956488",
        "fetched_at_utc": "2026-10-07T11:42:24+00:00",
        "query_key": "historic_sites",
        "tags": {
          "historic": "memorial",
          "inscription": "ROGERUS BACON\nPhilosophus insignis, Doctor Mirabilis\nQui methodo experimentali\nScientiae finas mirifice protulit\nPost vitam longam, strenuam, indefessam\nPrope hunc locum\nInter Franciscanos suos\nIn Christo obdormivit\nA.S. MCCXCII",
          "material": "stone",
          "memorial": "plaque",
          "name": "Roger Bacon",
          "openplaques:id": "5818",
          "wikimedia_commons": "File:Roger_Bacon_Westgate_plaque_1.jpg"
        }
      }
    },
    {
      "type": "Feature",
      "geometry": {
        "type": "Point",
        "coordinates": [
          -1.241143,
          51.7465155
        ]
      },
      "properties": {
        "id": "osm:node:12228236301",
        "source": "osm",
        "title": "Roger Bannister World Record Mile",
        "address": "",
        "description": "Here, on 6 May 1954, Roger Bannister set a new World Mile record of 3 minutes 59.4 seconds / The first Mile ever run under 4 minutes",
        "categories": [
          "historical",
          "memorial"
        ],
        "primary_category": "historical",
        "interest_score": 46,
        "website": "",
        "wikipedia": "",
        "wikidata": "",
        "source_url": "https://www.openstreetmap.org/node/12228236301",
        "fetched_at_utc": "2026-10-07T11:42:24+00:00",
        "query_key": "historic_sites",
        "tags": {
          "direction": "65",
          "historic": "memorial",
          "inscription": "Here, on 6 May 1954, Roger Bannister set a new World Mile record of 3 minutes 59.4 seconds / The first Mile ever run under 4 minutes",
          "material": "metal",
          "memorial": "plaque",
          "name": "Roger Bannister World Record Mile"
        }
      }
    },
    {
      "type": "Feature",
      "geometry": {
        "type": "Point",
        "coordinates": [
          -1.2249099,
          51.7503177
        ]
      },
      "properties": {
        "id": "osm:node:12287916077",
        "source": "osm",
        "title": "Simon Greenall",
        "address": "",
        "description": "Born light years away. Writer, Traveller, Chef and full-time Friend. Lived here in Oxford, UK really quite often.",
        "categories": [
          "historical",
          "memorial"
        ],
        "primary_category": "historical",
        "interest_score": 46,
        "website": "",
        "wikipedia": "",
        "wikidata": "",
        "source_url": "https://www.openstreetmap.org/node/12287916077",
        "fetched_at_utc": "2026-10-07T11:42:24+00:00",
        "query_key": "historic_sites",
        "tags": {
          "historic": "memorial",
          "inscription": "Born light years away. Writer, Traveller, Chef and full-time Friend. Lived here in Oxford, UK really quite often.",
          "material": "metal",
          "memorial": "plaque",
          "name": "Simon Greenall",
          "openplaques:id": "87025",
          "source": "osm notes",
          "source:url": "https://www.theguardian.com/education/2018/nov/23/simon-greenall-obituary"
        }
      }
    },
    {
      "type": "Feature",
      "geometry": {
        "type": "Point",
        "coordinates": [
          -1.2370791,
          51.752997
        ]
      },
      "properties": {
        "id": "osm:node:11963109252",
        "source": "osm",
        "title": "St Clement's WW1 Memorial Cross",
        "address": "",
        "description": "To the Glory of God and in honoured and grateful memory of the 108 men from St Clements who gave their lives for their Country in the Great War 1914–1918",
        "categories": [
          "historical",
          "memorial"
        ],
        "primary_category": "historical",
        "interest_score": 46,
        "website": "",
        "wikipedia": "",
        "wikidata": "",
        "source_url": "https://www.openstreetmap.org/node/11963109252",
        "fetched_at_utc": "2026-10-07T11:42:24+00:00",
        "query_key": "historic_sites",
        "tags": {
          "height": "4.5",
          "historic": "memorial",
          "inscription": "To the Glory of God and in honoured and grateful memory of the 108 men from St Clements who gave their lives for their Country in the Great War 1914–1918",
          "material": "stone",
          "memorial": "cross",
          "memorial:conflict": "WW1",
          "name": "St Clement's WW1 Memorial Cross",
          "source": "https://www.oxfordhistory.org.uk/war/stclement/index.html;https://www.iwm.org.uk/memorials/item/memorial/32059;https://historicengland.org.uk/listing/the-list/list-entry/1441516",
          "war_memorial": "yes"
        }
      }
    },
    {
      "type": "Feature",
      "geometry": {
        "type": "Point",
        "coordinates": [
          -1.266686,
          51.7681796
        ]
      },
      "properties": {
        "id": "osm:node:14229508201",
        "source": "osm",
        "title": "T. E. Lawrence",
        "address": "",
        "description": "This house was the home of T. E. Lawrence (Lawrence of Arabia) from 1896-1921",
        "categories": [
          "historical",
          "memorial"
        ],
        "primary_category": "historical",
        "interest_score": 46,
        "website": "",
        "wikipedia": "",
        "wikidata": "",
        "source_url": "https://www.openstreetmap.org/node/14229508201",
        "fetched_at_utc": "2026-10-07T11:42:24+00:00",
        "query_key": "historic_sites",
        "tags": {
          "direction": "170",
          "historic": "memorial",
          "inscription": "This house was the home of T. E. Lawrence (Lawrence of Arabia) from 1896-1921",
          "memorial": "plaque",
          "name": "T. E. Lawrence",
          "openplaques:id": "2869",
          "subject:wikidata": "Q170596",
          "subject:wikipedia": "en:T. E. Lawrence"
        }
      }
    },
    {
      "type": "Feature",
      "geometry": {
        "type": "Point",
        "coordinates": [
          -1.2628952,
          51.7518432
        ]
      },
      "properties": {
        "id": "osm:node:10975208668",
        "source": "osm",
        "title": "The Perimeter Wall at Oxford Prison",
        "address": "",
        "description": "The wall is built close to a stream using large stones with a rubble inner core and smaller loose stones above, and, later razor wire. All this made escape underneath or over the wall very difficult.",
        "categories": [
          "historical",
          "memorial"
        ],
        "primary_category": "historical",
        "interest_score": 46,
        "website": "",
        "wikipedia": "",
        "wikidata": "",
        "source_url": "https://www.openstreetmap.org/node/10975208668",
        "fetched_at_utc": "2026-10-07T11:42:24+00:00",
        "query_key": "historic_sites",
        "tags": {
          "historic": "memorial",
          "inscription": "The wall is built close to a stream using large stones with a rubble inner core and smaller loose stones above, and, later razor wire. All this made escape underneath or over the wall very difficult.",
          "memorial": "plaque",
          "name": "The Perimeter Wall at Oxford Prison"
        }
      }
    },
    {
      "type": "Feature",
      "geometry": {
        "type": "Point",
        "coordinates": [
          -1.2523954,
          51.7513765
        ]
      },
      "properties": {
        "id": "osm:node:13011735899",
        "source": "osm",
        "title": "Thomas Willis",
        "address": "",
        "description": "Thomas Willis 1621-1675 Neurologist and Sedleian Professor of Natural Philosophy lived and worked here 1657-1667 Beam Hall formerly Biham Hall Named for Gilbert de Biham Ninth Chancellor of Oxford [Uni.] (1246) Owner of an earlier building on this site",
        "categories": [
          "historical",
          "memorial"
        ],
        "primary_category": "historical",
        "interest_score": 46,
        "website": "",
        "wikipedia": "",
        "wikidata": "",
        "source_url": "https://www.openstreetmap.org/node/13011735899",
        "fetched_at_utc": "2026-10-07T11:42:24+00:00",
        "query_key": "historic_sites",
        "tags": {
          "direction": "170",
          "historic": "memorial",
          "historic:date": "1657..1667",
          "inscription": "Thomas Willis 1621-1675 Neurologist and Sedleian Professor of Natural Philosophy lived and worked here 1657-1667 Beam Hall formerly Biham Hall Named for Gilbert de Biham Ninth Chancellor of Oxford [Uni.] (1246) Owner of an earlier building on this site",
          "memorial": "plaque",
          "name": "Thomas Willis",
          "openplaques:id": "40256",
          "plaque": "here_lived;here_worked",
          "subject:wikidata": "Q452335",
          "subject:wikipedia": "en:Thomas Willis"
        }
      }
    },
    {
      "type": "Feature",
      "geometry": {
        "type": "Point",
        "coordinates": [
          -1.2629871,
          51.7521509
        ]
      },
      "properties": {
        "id": "osm:node:10975208670",
        "source": "osm",
        "title": "Vaulted Well Chamber",
        "address": "",
        "description": "Vaulted Well Chamber (13th century)\nThe Chamber houses a 54 feet deep brick-faced well which drops to the water level below the Mound. This provided a supply of fresh water to the occupants of the Tower which once stood on the summit of the Mound.",
        "categories": [
          "historical",
          "memorial"
        ],
        "primary_category": "historical",
        "interest_score": 46,
        "website": "",
        "wikipedia": "",
        "wikidata": "",
        "source_url": "https://www.openstreetmap.org/node/10975208670",
        "fetched_at_utc": "2026-10-07T11:42:24+00:00",
        "query_key": "historic_sites",
        "tags": {
          "historic": "memorial",
          "inscription": "Vaulted Well Chamber (13th century)\nThe Chamber houses a 54 feet deep brick-faced well which drops to the water level below the Mound. This provided a supply of fresh water to the occupants of the Tower which once stood on the summit of the Mound.",
          "memorial": "plaque",
          "name": "Vaulted Well Chamber",
          "openplaques:id": "33237"
        }
      }
    },
    {
      "type": "Feature",
      "geometry": {
        "type": "Point",
        "coordinates": [
          -1.2556037,
          51.7711735
        ]
      },
      "properties": {
        "id": "osm:node:2872713248",
        "source": "osm",
        "title": "Whitley V Aircraft Crash Memorial Plaque",
        "address": "",
        "description": "In memory of the crew of the Whitley V aircraft which crashed here on a training flight from RAF Abingdon, on 4 May 1941 Pilot Officer Charles Nairn Small, pilot, aged 23 Pilot Officer William Alexander Munro Halley, observer, aged 19 Sergeant John Alfred",
        "categories": [
          "historical",
          "memorial"
        ],
        "primary_category": "historical",
        "interest_score": 46,
        "website": "",
        "wikipedia": "",
        "wikidata": "",
        "source_url": "https://www.openstreetmap.org/node/2872713248",
        "fetched_at_utc": "2026-10-07T11:42:24+00:00",
        "query_key": "historic_sites",
        "tags": {
          "historic": "memorial",
          "inscription": "In memory of the crew of the Whitley V aircraft which crashed here on a training flight from RAF Abingdon, on 4 May 1941 Pilot Officer Charles Nairn Small, pilot, aged 23 Pilot Officer William Alexander Munro Halley, observer, aged 19 Sergeant John Alfred",
          "inscription:url": "http://openplaques.org/plaques/30803",
          "memorial": "plaque",
          "name": "Whitley V Aircraft Crash Memorial Plaque",
          "openplaques:id": "30803",
          "source": "http://openplaques.org/plaques/30803",
          "start_date": "1941-05-04"
        }
      }
    },
    {
      "type": "Feature",
      "geometry": {
        "type": "Point",
        "coordinates": [
          -1.2566345,
          51.7480413
        ]
      },
      "properties": {
        "id": "osm:node:12971206412",
        "source": "osm",
        "title": "William Morris Viscount Nuffield",
        "address": "",
        "description": "WILLIAM MORRIS VISCOUNT NUFFIELD 1877-1963 MOTOR MANUFACTURER AND GENEROUS BENEFACTOR",
        "categories": [
          "historical",
          "memorial"
        ],
        "primary_category": "historical",
        "interest_score": 46,
        "website": "",
        "wikipedia": "",
        "wikidata": "",
        "source_url": "https://www.openstreetmap.org/node/12971206412",
        "fetched_at_utc": "2026-10-07T11:42:24+00:00",
        "query_key": "historic_sites",
        "tags": {
          "direction": "90",
          "historic": "memorial",
          "inscription": "WILLIAM MORRIS VISCOUNT NUFFIELD 1877-1963 MOTOR MANUFACTURER AND GENEROUS BENEFACTOR",
          "level": "1",
          "material": "stone",
          "memorial": "plaque",
          "name": "William Morris Viscount Nuffield",
          "openplaques:id": "86992",
          "subject:wikidata": "Q335487",
          "subject:wikipedia": "en:William Morris, 1st Viscount Nuffield"
        }
      }
    },
    {
      "type": "Feature",
      "geometry": {
        "type": "Point",
        "coordinates": [
          -1.2616832,
          51.7560462
        ]
      },
      "properties": {
        "id": "osm:node:13983199718",
        "source": "osm",
        "title": "William Turner",
        "address": "",
        "description": "William Turner, artist, lived here 1833‒1862",
        "categories": [
          "historical",
          "memorial"
        ],
        "primary_category": "historical",
        "interest_score": 46,
        "website": "",
        "wikipedia": "",
        "wikidata": "",
        "source_url": "https://www.openstreetmap.org/node/13983199718",
        "fetched_at_utc": "2026-10-07T11:42:24+00:00",
        "query_key": "historic_sites",
        "tags": {
          "direction": "255",
          "historic": "memorial",
          "historic:date": "1833..1862",
          "inscription": "William Turner, artist, lived here 1833‒1862",
          "memorial": "plaque",
          "name": "William Turner",
          "openplaques:id": "56366",
          "operator": "Oxfordshire Blue Plaques Board",
          "plaque": "here_lived",
          "subject:wikidata": "Q8019587",
          "subject:wikipedia": "en:William Turner (painter)"
        }
      }
    },
    {
      "type": "Feature",
      "geometry": {
        "type": "Point",
        "coordinates": [
          -1.2273462600000002,
          51.73969116000001
        ]
      },
      "properties": {
        "id": "osm:way:1496938690",
        "source": "osm",
        "title": "The Children's Allotment",
        "address": "",
        "description": "Community allotment run as the Children's Allotment, also hosting Roots Radical Learning, and Fruit Patch.",
        "categories": [
          "natural",
          "garden"
        ],
        "primary_category": "natural",
        "interest_score": 45,
        "website": "https://www.thechildrensallotment.org/",
        "wikipedia": "",
        "wikidata": "",
        "source_url": "https://www.openstreetmap.org/way/1496938690",
        "fetched_at_utc": "2026-10-07T11:42:24+00:00",
        "query_key": "gardens",
        "tags": {
          "description": "Community allotment run as the Children's Allotment, also hosting Roots Radical Learning, and Fruit Patch.",
          "garden:type": "community",
          "leisure": "garden",
          "name": "The Children's Allotment",
          "website": "https://www.thechildrensallotment.org/"
        }
      }
    },
    {
      "type": "Feature",
      "geometry": {
        "type": "Point",
        "coordinates": [
          -1.2532637923076924,
          51.753803546153854
        ]
      },
      "properties": {
        "id": "osm:way:62118518",
        "source": "osm",
        "title": "All Souls College Library",
        "address": "",
        "description": "",
        "categories": [
          "cultural",
          "literary"
        ],
        "primary_category": "cultural",
        "interest_score": 44,
        "website": "",
        "wikipedia": "",
        "wikidata": "Q5140364",
        "source_url": "https://www.openstreetmap.org/way/62118518",
        "fetched_at_utc": "2026-10-07T11:42:24+00:00",
        "query_key": "performance_and_literary",
        "tags": {
          "amenity": "library",
          "building": "university",
          "name": "All Souls College Library",
          "old_name": "The Codrington Library",
          "operator": "All Souls College",
          "source": "Yahoo;Bing",
          "wikidata": "Q5140364"
        },
        "sitelinks": 4
      }
    },
    {
      "type": "Feature",
      "geometry": {
        "type": "Point",
        "coordinates": [
          -1.2451975437500002,
          51.741228934375
        ]
      },
      "properties": {
        "id": "osm:way:95660523",
        "source": "osm",
        "title": "Aston's Eyot",
        "address": "",
        "description": "",
        "categories": [
          "natural"
        ],
        "primary_category": "natural",
        "interest_score": 44,
        "website": "",
        "wikipedia": "",
        "wikidata": "Q4810927",
        "source_url": "https://www.openstreetmap.org/way/95660523",
        "fetched_at_utc": "2026-10-07T11:42:24+00:00",
        "query_key": "nature_reserves",
        "tags": {
          "leisure": "nature_reserve",
          "name": "Aston's Eyot",
          "operator": "Friends of Aston’s Eyot",
          "owner": "Christ Church",
          "wikidata": "Q4810927"
        },
        "sitelinks": 2
      }
    },
    {
      "type": "Feature",
      "geometry": {
        "type": "Point",
        "coordinates": [
          -1.2788429575,
          51.77271927999999
        ]
      },
      "properties": {
        "id": "osm:way:20871821",
        "source": "osm",
        "title": "Burgess Field",
        "address": "",
        "description": "",
        "categories": [
          "natural"
        ],
        "primary_category": "natural",
        "interest_score": 44,
        "website": "",
        "wikipedia": "",
        "wikidata": "Q81645304",
        "source_url": "https://www.openstreetmap.org/way/20871821",
        "fetched_at_utc": "2026-10-07T11:42:24+00:00",
        "query_key": "nature_reserves",
        "tags": {
          "leisure": "nature_reserve",
          "name": "Burgess Field",
          "natural": "heath",
          "note": "Reclaimed refuse tip, with multiple soil types and kinds of vegetation. Less woody than scrub.",
          "operator": "Oxford City Council",
          "wikidata": "Q81645304"
        },
        "sitelinks": 1
      }
    },
    {
      "type": "Feature",
      "geometry": {
        "type": "Point",
        "coordinates": [
          -1.2601576,
          51.7517911
        ]
      },
      "properties": {
        "id": "osm:node:8608516123",
        "source": "osm",
        "title": "Knowledge and Understanding",
        "address": "",
        "description": "",
        "categories": [
          "cultural",
          "art"
        ],
        "primary_category": "cultural",
        "interest_score": 44,
        "website": "",
        "wikipedia": "",
        "wikidata": "Q62071617",
        "source_url": "https://www.openstreetmap.org/node/8608516123",
        "fetched_at_utc": "2026-10-07T11:42:24+00:00",
        "query_key": "galleries_and_arts",
        "tags": {
          "alt_name": "The Books",
          "artist_name": "Diana Bell",
          "artwork_type": "sculpture",
          "material": "bronze",
          "name": "Knowledge and Understanding",
          "start_date": "2009",
          "tourism": "artwork",
          "wikidata": "Q62071617"
        },
        "sitelinks": 0
      }
    },
    {
      "type": "Feature",
      "geometry": {
        "type": "Point",
        "coordinates": [
          -1.2507963,
          51.7558605
        ]
      },
      "properties": {
        "id": "osm:node:7932487758",
        "source": "osm",
        "title": "Michael Pilch Studio",
        "address": "Jowett Walk, Oxford, OX1 3TS",
        "description": "",
        "categories": [
          "cultural",
          "art"
        ],
        "primary_category": "cultural",
        "interest_score": 44,
        "website": "",
        "wikipedia": "",
        "wikidata": "Q123481580",
        "source_url": "https://www.openstreetmap.org/node/7932487758",
        "fetched_at_utc": "2026-10-07T11:42:24+00:00",
        "query_key": "performance_and_literary",
        "tags": {
          "addr:city": "Oxford",
          "addr:housename": "Jowett Buildings",
          "addr:postcode": "OX1 3TS",
          "addr:street": "Jowett Walk",
          "amenity": "theatre",
          "name": "Michael Pilch Studio",
          "opening_hours": "unknown",
          "operator": "Balliol College",
          "operator:type": "university",
          "start_date": "1997",
          "theatre:genre": "drama",
          "wikidata": "Q123481580"
        },
        "sitelinks": 2
      }
    },
    {
      "type": "Feature",
      "geometry": {
        "type": "Point",
        "coordinates": [
          -1.2364367,
          51.7718956
        ]
      },
      "properties": {
        "id": "osm:node:258716124",
        "source": "osm",
        "title": "Old Marston Library",
        "address": "",
        "description": "",
        "categories": [
          "cultural",
          "literary"
        ],
        "primary_category": "cultural",
        "interest_score": 44,
        "website": "",
        "wikipedia": "",
        "wikidata": "Q55112970",
        "source_url": "https://www.openstreetmap.org/node/258716124",
        "fetched_at_utc": "2026-10-07T11:42:24+00:00",
        "query_key": "performance_and_literary",
        "tags": {
          "amenity": "library",
          "check_date:opening_hours": "2025-06-15",
          "name": "Old Marston Library",
          "opening_hours": "Tu,Th 14:00-17:00,17:30-19:00; Fr 10:00-12:00,14:00-17:00; Sa 09:30-12:30",
          "source": "yahoo_imagery",
          "source:name": "photograph",
          "wheelchair": "yes",
          "wikidata": "Q55112970"
        },
        "sitelinks": 0
      }
    },
    {
      "type": "Feature",
      "geometry": {
        "type": "Point",
        "coordinates": [
          -1.2585952,
          51.75368316
        ]
      },
      "properties": {
        "id": "osm:way:110341979",
        "source": "osm",
        "title": "Saxon Tower",
        "address": "Cornmarket Street",
        "description": "",
        "categories": [
          "historical"
        ],
        "primary_category": "historical",
        "interest_score": 44,
        "website": "https://smng.org.uk/saxon-tower/",
        "wikipedia": "",
        "wikidata": "",
        "source_url": "https://www.openstreetmap.org/way/110341979",
        "fetched_at_utc": "2026-10-07T11:42:24+00:00",
        "query_key": "historic_sites",
        "tags": {
          "addr:street": "Cornmarket Street",
          "alt_name": "St Michael at the North Gate Tower",
          "building": "church",
          "building:material": "limestone",
          "charge": "5 GBP",
          "fee": "yes",
          "height": "18",
          "historic": "tower",
          "listed_status": "Grade I",
          "man_made": "tower",
          "name": "Saxon Tower",
          "opening_hours": "Mo-Sa 09:15-15:15, Su 12:00-16:30; Apr-Oct Mo-Sa 09:15-17:30, Su 12:00-17:30",
          "roof:shape": "flat",
          "start_date": "1040",
          "tower:construction": "freestanding",
          "tower:type": "bell_tower",
          "website": "https://smng.org.uk/saxon-tower/",
          "wheelchair": "no",
          "wikimedia_commons": "File:Cornmarket_StMichael.jpg"
        }
      }
    },
    {
      "type": "Feature",
      "geometry": {
        "type": "Point",
        "coordinates": [
          -1.2502178647058826,
          51.753553070588225
        ]
      },
      "properties": {
        "id": "osm:way:62091706",
        "source": "osm",
        "title": "St Edmund Hall Library",
        "address": "",
        "description": "",
        "categories": [
          "art",
          "cultural",
          "literary"
        ],
        "primary_category": "cultural",
        "interest_score": 44,
        "website": "",
        "wikipedia": "",
        "wikidata": "Q7595346",
        "source_url": "https://www.openstreetmap.org/way/62091706",
        "fetched_at_utc": "2026-10-07T11:42:24+00:00",
        "query_key": "performance_and_literary",
        "tags": {
          "access": "private",
          "amenity": "library",
          "building": "church",
          "name": "St Edmund Hall Library",
          "old_amenity": "place_of_worship",
          "old_denomination": "anglican",
          "old_name": "St Peter-in-the-East",
          "old_religion": "christian",
          "operator": "St Edmund Hall",
          "source": "Bing;local_knowledge",
          "wikidata": "Q7595346"
        },
        "sitelinks": 3
      }
    },
    {
      "type": "Feature",
      "geometry": {
        "type": "Point",
        "coordinates": [
          -1.284337,
          51.7457645
        ]
      },
      "properties": {
        "id": "osm:node:13622484929",
        "source": "osm",
        "title": "Old cross, only the pillar remaining",
        "address": "",
        "description": "Old cross, only the pillar remaining",
        "categories": [
          "historical"
        ],
        "primary_category": "historical",
        "interest_score": 43,
        "website": "",
        "wikipedia": "",
        "wikidata": "",
        "source_url": "https://www.openstreetmap.org/node/13622484929",
        "fetched_at_utc": "2026-10-07T11:42:24+00:00",
        "query_key": "historic_sites",
        "tags": {
          "description": "Old cross, only the pillar remaining",
          "historic": "wayside_cross"
        }
      }
    },
    {
      "type": "Feature",
      "geometry": {
        "type": "Point",
        "coordinates": [
          -1.2579352492537308,
          51.75496321044776
        ]
      },
      "properties": {
        "id": "osm:way:187925177",
        "source": "osm",
        "title": "Balliol College",
        "address": "",
        "description": "",
        "categories": [
          "landmark"
        ],
        "primary_category": "landmark",
        "interest_score": 42,
        "website": "https://www.balliol.ox.ac.uk/",
        "wikipedia": "",
        "wikidata": "Q805285",
        "source_url": "https://www.openstreetmap.org/way/187925177",
        "fetched_at_utc": "2026-10-07T11:42:24+00:00",
        "query_key": "attractions_and_viewpoints",
        "tags": {
          "amenity": "university",
          "education": "university",
          "landuse": "education",
          "learning": "oxford_college",
          "name": "Balliol College",
          "opening_hours": "Mo-Su 10:00-17:00",
          "tourism": "attraction",
          "website": "https://www.balliol.ox.ac.uk/",
          "wheelchair": "limited",
          "wikidata": "Q805285"
        },
        "sitelinks": 32
      }
    },
    {
      "type": "Feature",
      "geometry": {
        "type": "Point",
        "coordinates": [
          -1.2631208642857144,
          51.75223577857143
        ]
      },
      "properties": {
        "id": "osm:relation:12555899",
        "source": "osm",
        "title": "Oxford Castle Motte",
        "address": "",
        "description": "",
        "categories": [
          "historical",
          "landmark"
        ],
        "primary_category": "historical",
        "interest_score": 42,
        "website": "",
        "wikipedia": "",
        "wikidata": "",
        "source_url": "https://www.openstreetmap.org/relation/12555899",
        "fetched_at_utc": "2026-10-07T11:42:24+00:00",
        "query_key": "attractions_and_viewpoints",
        "tags": {
          "archaeological_site": "fortification",
          "historic": "archaeological_site",
          "historic:civilization": "early_medieval",
          "name": "Oxford Castle Motte",
          "name:zh": "牛津城堡",
          "source": "yahoo_imagery;local_knowledge;Bing",
          "tourism": "attraction"
        }
      }
    },
    {
      "type": "Feature",
      "geometry": {
        "type": "Point",
        "coordinates": [
          -1.2515549411764706,
          51.75321838235294
        ]
      },
      "properties": {
        "id": "osm:way:23679234",
        "source": "osm",
        "title": "The Queen's College",
        "address": "High Street, Oxford, OX1 4AW",
        "description": "",
        "categories": [
          "landmark"
        ],
        "primary_category": "landmark",
        "interest_score": 42,
        "website": "https://www.queens.ox.ac.uk/",
        "wikipedia": "",
        "wikidata": "Q73094",
        "source_url": "https://www.openstreetmap.org/way/23679234",
        "fetched_at_utc": "2026-10-07T11:42:24+00:00",
        "query_key": "attractions_and_viewpoints",
        "tags": {
          "addr:city": "Oxford",
          "addr:postcode": "OX1 4AW",
          "addr:street": "High Street",
          "amenity": "university",
          "education": "university",
          "landuse": "education",
          "learning": "oxford_college",
          "name": "The Queen's College",
          "short_name": "Queen's College",
          "source": "Bing",
          "tourism": "attraction",
          "website": "https://www.queens.ox.ac.uk/",
          "wikidata": "Q73094"
        },
        "sitelinks": 22
      }
    },
    {
      "type": "Feature",
      "geometry": {
        "type": "Point",
        "coordinates": [
          -1.2239314,
          51.7550343
        ]
      },
      "properties": {
        "id": "osm:node:13255721976",
        "source": "osm",
        "title": "Assembly",
        "address": "",
        "description": "\"Assembly consists of five bird-like creatures cast in bronze, sitting alongside one another on two perches, in a manner reminiscent of classic graduation portraits. Each of the creatures embodies the character traits of people at the university.\"",
        "categories": [
          "cultural",
          "art"
        ],
        "primary_category": "cultural",
        "interest_score": 41,
        "website": "https://www.brookes.ac.uk/public-art/commissions/central-courtyard",
        "wikipedia": "",
        "wikidata": "",
        "source_url": "https://www.openstreetmap.org/node/13255721976",
        "fetched_at_utc": "2026-10-07T11:42:24+00:00",
        "query_key": "galleries_and_arts",
        "tags": {
          "artist_name": "Saad Qureshi",
          "artwork_type": "sculpture",
          "description": "\"Assembly consists of five bird-like creatures cast in bronze, sitting alongside one another on two perches, in a manner reminiscent of classic graduation portraits. Each of the creatures embodies the character traits of people at the university.\"",
          "material": "bronze",
          "name": "Assembly",
          "start_date": "2018",
          "tourism": "artwork",
          "website": "https://www.brookes.ac.uk/public-art/commissions/central-courtyard",
          "wikimedia_commons": "File:Assembly,_Oxford_Brookes_4.jpg"
        }
      }
    },
    {
      "type": "Feature",
      "geometry": {
        "type": "Point",
        "coordinates": [
          -1.2642375,
          51.7602715
        ]
      },
      "properties": {
        "id": "osm:node:13227477076",
        "source": "osm",
        "title": "Bodleian Humanities Library",
        "address": "Woodstock Road, Oxford, OX2 6GG",
        "description": "It brings together 7 libraries and collections: English language and literature, film studies, history of medicine, music, philosophy, theology and religion, internet studies. It also offers study spaces, a Multimedia Room and film viewing facilities.",
        "categories": [
          "cultural",
          "literary"
        ],
        "primary_category": "cultural",
        "interest_score": 41,
        "website": "https://www.bodleian.ox.ac.uk/libraries/humanities",
        "wikipedia": "",
        "wikidata": "",
        "source_url": "https://www.openstreetmap.org/node/13227477076",
        "fetched_at_utc": "2026-10-07T11:42:24+00:00",
        "query_key": "performance_and_literary",
        "tags": {
          "access": "private",
          "addr:city": "Oxford",
          "addr:housename": "Stephen A. Schwarzman Centre for the Humanities",
          "addr:postcode": "OX2 6GG",
          "addr:street": "Woodstock Road",
          "addr:substreet": "Radcliffe Observatory Quarter",
          "amenity": "library",
          "description": "It brings together 7 libraries and collections: English language and literature, film studies, history of medicine, music, philosophy, theology and religion, internet studies. It also offers study spaces, a Multimedia Room and film viewing facilities.",
          "email": "humlib@bodleian.ox.ac.uk",
          "level": "0;1;2",
          "name": "Bodleian Humanities Library",
          "operator": "Bodleian Libraries;University of Oxford",
          "operator:type": "university",
          "private": "members",
          "website": "https://www.bodleian.ox.ac.uk/libraries/humanities"
        }
      }
    },
    {
      "type": "Feature",
      "geometry": {
        "type": "Point",
        "coordinates": [
          -1.255282,
          51.7544606
        ]
      },
      "properties": {
        "id": "osm:node:13128053505",
        "source": "osm",
        "title": "Heartbeat of the City",
        "address": "",
        "description": "Inspired by Thomas Mudge’s “Queen Charlotte watch\" (1770), representing a lever escapement mechanism.",
        "categories": [
          "cultural",
          "art"
        ],
        "primary_category": "cultural",
        "interest_score": 41,
        "website": "https://www.idawatches.org/sculpture",
        "wikipedia": "",
        "wikidata": "",
        "source_url": "https://www.openstreetmap.org/node/13128053505",
        "fetched_at_utc": "2026-10-07T11:42:24+00:00",
        "query_key": "galleries_and_arts",
        "tags": {
          "artwork_type": "sculpture",
          "description": "Inspired by Thomas Mudge’s “Queen Charlotte watch\" (1770), representing a lever escapement mechanism.",
          "material": "metal",
          "name": "Heartbeat of the City",
          "tourism": "artwork",
          "website": "https://www.idawatches.org/sculpture"
        }
      }
    },
    {
      "type": "Feature",
      "geometry": {
        "type": "Point",
        "coordinates": [
          -1.2566545,
          51.751579
        ]
      },
      "properties": {
        "id": "osm:node:666364677",
        "source": "osm",
        "title": "Main Hall",
        "address": "",
        "description": "Main Hall",
        "categories": [
          "cultural",
          "music"
        ],
        "primary_category": "cultural",
        "interest_score": 41,
        "website": "",
        "wikipedia": "",
        "wikidata": "",
        "source_url": "https://www.openstreetmap.org/node/666364677",
        "fetched_at_utc": "2026-10-07T11:42:24+00:00",
        "query_key": "performance_and_literary",
        "tags": {
          "amenity": "music_venue",
          "description": "Main Hall",
          "leisure": "dance",
          "source": "local_knowledge"
        }
      }
    },
    {
      "type": "Feature",
      "geometry": {
        "type": "Point",
        "coordinates": [
          -1.22498855,
          51.735817985
        ]
      },
      "properties": {
        "id": "osm:way:4492928",
        "source": "osm",
        "title": "Florence Park",
        "address": "",
        "description": "",
        "categories": [
          "natural",
          "park"
        ],
        "primary_category": "natural",
        "interest_score": 40,
        "website": "https://www.oxford.gov.uk/directory_record/362/florence_park",
        "wikipedia": "",
        "wikidata": "",
        "source_url": "https://www.openstreetmap.org/way/4492928",
        "fetched_at_utc": "2026-10-07T11:42:24+00:00",
        "query_key": "parks",
        "tags": {
          "barrier": "fence",
          "check_date:opening_hours": "2025-03-29",
          "leisure": "park",
          "name": "Florence Park",
          "opening_hours": "Jan 08:00-16:30; Feb 08:00-17:30; Mar 08:00-18:00; Apr 08:00-20:00; May-Jul 08:00-21:00; Aug 08:00-20:30; Sep 08:00-19:00; Oct 08:00-17:00; Nov 08:00-16:30; Dec 08:00-16:00",
          "website": "https://www.oxford.gov.uk/directory_record/362/florence_park"
        }
      }
    },
    {
      "type": "Feature",
      "geometry": {
        "type": "Point",
        "coordinates": [
          -1.2541356,
          51.76016824285715
        ]
      },
      "properties": {
        "id": "osm:way:1475233648",
        "source": "osm",
        "title": "Genetic Garden",
        "address": "",
        "description": "",
        "categories": [
          "natural",
          "garden"
        ],
        "primary_category": "natural",
        "interest_score": 40,
        "website": "https://www.parks.ox.ac.uk/genetic-garden",
        "wikipedia": "",
        "wikidata": "",
        "source_url": "https://www.openstreetmap.org/way/1475233648",
        "fetched_at_utc": "2026-10-07T11:42:24+00:00",
        "query_key": "gardens",
        "tags": {
          "access": "permissive",
          "fee": "no",
          "garden:type": "educational",
          "leisure": "garden",
          "name": "Genetic Garden",
          "website": "https://www.parks.ox.ac.uk/genetic-garden"
        }
      }
    },
    {
      "type": "Feature",
      "geometry": {
        "type": "Point",
        "coordinates": [
          -1.2541136499999999,
          51.75363123333333
        ]
      },
      "properties": {
        "id": "osm:way:243977516",
        "source": "osm",
        "title": "Gladstone Link",
        "address": "",
        "description": "",
        "categories": [
          "cultural",
          "architecture",
          "literary"
        ],
        "primary_category": "cultural",
        "interest_score": 40,
        "website": "",
        "wikipedia": "",
        "wikidata": "",
        "source_url": "https://www.openstreetmap.org/way/243977516",
        "fetched_at_utc": "2026-10-07T11:42:24+00:00",
        "query_key": "performance_and_literary",
        "tags": {
          "amenity": "library",
          "building": "yes",
          "building:levels": "0",
          "building:levels:underground": "2",
          "layer": "-1",
          "location": "underground",
          "name": "Gladstone Link",
          "note": "wheelchairs going down to the lower level need to use a frieght lift near camera entrance.",
          "source": "survey",
          "wheelchair": "yes"
        }
      }
    },
    {
      "type": "Feature",
      "geometry": {
        "type": "Point",
        "coordinates": [
          -1.2652893533333334,
          51.742275626666675
        ]
      },
      "properties": {
        "id": "osm:way:32115165",
        "source": "osm",
        "title": "Hogacre Common",
        "address": "",
        "description": "",
        "categories": [
          "natural",
          "park"
        ],
        "primary_category": "natural",
        "interest_score": 40,
        "website": "https://www.hogacrecommon.org.uk/",
        "wikipedia": "",
        "wikidata": "",
        "source_url": "https://www.openstreetmap.org/way/32115165",
        "fetched_at_utc": "2026-10-07T11:42:24+00:00",
        "query_key": "parks",
        "tags": {
          "access": "permissive",
          "alt_name": "Hogacre Common Eco Park",
          "leisure": "park",
          "name": "Hogacre Common",
          "operator": "Hogacre Common Eco Park CIC",
          "website": "https://www.hogacrecommon.org.uk/"
        }
      }
    },
    {
      "type": "Feature",
      "geometry": {
        "type": "Point",
        "coordinates": [
          -1.259305827272727,
          51.75290597272727
        ]
      },
      "properties": {
        "id": "osm:way:293563598",
        "source": "osm",
        "title": "Old Library",
        "address": "",
        "description": "",
        "categories": [
          "cultural",
          "architecture",
          "literary"
        ],
        "primary_category": "cultural",
        "interest_score": 40,
        "website": "",
        "wikipedia": "",
        "wikidata": "",
        "source_url": "https://www.openstreetmap.org/way/293563598",
        "fetched_at_utc": "2026-10-07T11:42:24+00:00",
        "query_key": "performance_and_literary",
        "tags": {
          "access": "private",
          "amenity": "library",
          "building": "yes",
          "name": "Old Library",
          "operator": "Oxford Union"
        }
      }
    },
    {
      "type": "Feature",
      "geometry": {
        "type": "Point",
        "coordinates": [
          -1.2514405599999998,
          51.75160954666667
        ]
      },
      "properties": {
        "id": "osm:way:204275576",
        "source": "osm",
        "title": "Old Warden's Lodgings",
        "address": "7 Merton Street",
        "description": "",
        "categories": [
          "cultural",
          "architecture",
          "literary"
        ],
        "primary_category": "cultural",
        "interest_score": 40,
        "website": "",
        "wikipedia": "",
        "wikidata": "",
        "source_url": "https://www.openstreetmap.org/way/204275576",
        "fetched_at_utc": "2026-10-07T11:42:24+00:00",
        "query_key": "performance_and_literary",
        "tags": {
          "access": "private",
          "addr:housenumber": "7",
          "addr:street": "Merton Street",
          "amenity": "library",
          "building": "yes",
          "name": "Old Warden's Lodgings",
          "operator": "Merton College",
          "operator:type": "university",
          "short_name": "OWL",
          "source": "yahoo_imagery"
        }
      }
    },
    {
      "type": "Feature",
      "geometry": {
        "type": "Point",
        "coordinates": [
          -1.2641409333333333,
          51.742047233333345
        ]
      },
      "properties": {
        "id": "osm:way:307807100",
        "source": "osm",
        "title": "OxGrow",
        "address": "",
        "description": "",
        "categories": [
          "natural",
          "garden"
        ],
        "primary_category": "natural",
        "interest_score": 40,
        "website": "https://oxgrow.org/",
        "wikipedia": "",
        "wikidata": "",
        "source_url": "https://www.openstreetmap.org/way/307807100",
        "fetched_at_utc": "2026-10-07T11:42:24+00:00",
        "query_key": "gardens",
        "tags": {
          "access": "permissive",
          "barrier": "fence",
          "fee": "no",
          "garden:type": "community",
          "leisure": "garden",
          "name": "OxGrow",
          "website": "https://oxgrow.org/"
        }
      }
    },
    {
      "type": "Feature",
      "geometry": {
        "type": "Point",
        "coordinates": [
          -1.2635362416666667,
          51.772772216666674
        ]
      },
      "properties": {
        "id": "osm:way:229621356",
        "source": "osm",
        "title": "St Clare's Library",
        "address": "",
        "description": "",
        "categories": [
          "cultural",
          "architecture",
          "literary"
        ],
        "primary_category": "cultural",
        "interest_score": 40,
        "website": "",
        "wikipedia": "",
        "wikidata": "",
        "source_url": "https://www.openstreetmap.org/way/229621356",
        "fetched_at_utc": "2026-10-07T11:42:24+00:00",
        "query_key": "performance_and_literary",
        "tags": {
          "addr:housename": "Anne Dreydel House",
          "amenity": "library",
          "building": "yes",
          "name": "St Clare's Library",
          "opening_hours": "Mo-Fr 08:30-17:00",
          "source": "Bing",
          "wheelchair": "no"
        }
      }
    },
    {
      "type": "Feature",
      "geometry": {
        "type": "Point",
        "coordinates": [
          -1.2532006500000004,
          51.756010894999996
        ]
      },
      "properties": {
        "id": "osm:relation:12557657",
        "source": "osm",
        "title": "Wadham College Library",
        "address": "",
        "description": "",
        "categories": [
          "cultural",
          "architecture",
          "literary"
        ],
        "primary_category": "cultural",
        "interest_score": 40,
        "website": "",
        "wikipedia": "",
        "wikidata": "",
        "source_url": "https://www.openstreetmap.org/relation/12557657",
        "fetched_at_utc": "2026-10-07T11:42:24+00:00",
        "query_key": "performance_and_literary",
        "tags": {
          "amenity": "library",
          "building": "yes",
          "name": "Wadham College Library",
          "operator": "Wadham College"
        }
      }
    },
    {
      "type": "Feature",
      "geometry": {
        "type": "Point",
        "coordinates": [
          -1.2635460200000002,
          51.7549097
        ]
      },
      "properties": {
        "id": "osm:way:849457928",
        "source": "osm",
        "title": "Worcester College Library",
        "address": "",
        "description": "",
        "categories": [
          "cultural",
          "architecture",
          "literary"
        ],
        "primary_category": "cultural",
        "interest_score": 40,
        "website": "",
        "wikipedia": "",
        "wikidata": "",
        "source_url": "https://www.openstreetmap.org/way/849457928",
        "fetched_at_utc": "2026-10-07T11:42:24+00:00",
        "query_key": "performance_and_literary",
        "tags": {
          "amenity": "library",
          "building": "yes",
          "check_date": "2023-06-28",
          "layer": "1",
          "name": "Worcester College Library"
        }
      }
    },
    {
      "type": "Feature",
      "geometry": {
        "type": "Point",
        "coordinates": [
          -1.256828788888889,
          51.77128176666667
        ]
      },
      "properties": {
        "id": "osm:way:966518943",
        "source": "osm",
        "title": "Bishop's Garden",
        "address": "",
        "description": "A garden constructed in a 20's style. What was originally a pond in the rear garden has been repurposed as a planter and is surrounded by a rock garden. The bishops garden was originally connected to the bishops house, and house the bishop of oxford who w",
        "categories": [
          "natural",
          "garden"
        ],
        "primary_category": "natural",
        "interest_score": 39,
        "website": "",
        "wikipedia": "",
        "wikidata": "",
        "source_url": "https://www.openstreetmap.org/way/966518943",
        "fetched_at_utc": "2026-10-07T11:42:24+00:00",
        "query_key": "gardens",
        "tags": {
          "description": "A garden constructed in a 20's style. What was originally a pond in the rear garden has been repurposed as a planter and is surrounded by a rock garden. The bishops garden was originally connected to the bishops house, and house the bishop of oxford who w",
          "leisure": "garden",
          "name": "Bishop's Garden"
        }
      }
    },
    {
      "type": "Feature",
      "geometry": {
        "type": "Point",
        "coordinates": [
          -1.2538714583333332,
          51.77023245
        ]
      },
      "properties": {
        "id": "osm:way:966510725",
        "source": "osm",
        "title": "Bog Garden",
        "address": "",
        "description": "Designed in 1988 by the head gardener at the time, Walt Sawyer, the bog garden consists of plants specific to wet environments. Walt constructed the bog garden around a small central stone waterfall in the summer of 1988. Water is pumped from the river to",
        "categories": [
          "natural",
          "garden"
        ],
        "primary_category": "natural",
        "interest_score": 39,
        "website": "",
        "wikipedia": "",
        "wikidata": "",
        "source_url": "https://www.openstreetmap.org/way/966510725",
        "fetched_at_utc": "2026-10-07T11:42:24+00:00",
        "query_key": "gardens",
        "tags": {
          "alt_name": "Damp Garden",
          "description": "Designed in 1988 by the head gardener at the time, Walt Sawyer, the bog garden consists of plants specific to wet environments. Walt constructed the bog garden around a small central stone waterfall in the summer of 1988. Water is pumped from the river to",
          "leisure": "garden",
          "name": "Bog Garden"
        }
      }
    },
    {
      "type": "Feature",
      "geometry": {
        "type": "Point",
        "coordinates": [
          -1.2547750125000001,
          51.76985661249999
        ]
      },
      "properties": {
        "id": "osm:way:966514060",
        "source": "osm",
        "title": "Formal Garden",
        "address": "",
        "description": "An asian formal garden with plants from Japan, China and the himalayas. The centre piece is a sundial specifically commissioned for the garden by the second president of the college - Harry Fisher - which is adjusted for 'Oxford time'. The dial is a drago",
        "categories": [
          "natural",
          "garden"
        ],
        "primary_category": "natural",
        "interest_score": 39,
        "website": "",
        "wikipedia": "",
        "wikidata": "",
        "source_url": "https://www.openstreetmap.org/way/966514060",
        "fetched_at_utc": "2026-10-07T11:42:24+00:00",
        "query_key": "gardens",
        "tags": {
          "description": "An asian formal garden with plants from Japan, China and the himalayas. The centre piece is a sundial specifically commissioned for the garden by the second president of the college - Harry Fisher - which is adjusted for 'Oxford time'. The dial is a drago",
          "leisure": "garden",
          "name": "Formal Garden"
        }
      }
    },
    {
      "type": "Feature",
      "geometry": {
        "type": "Point",
        "coordinates": [
          -1.2490931180327876,
          51.759362840983634
        ]
      },
      "properties": {
        "id": "osm:way:296413972",
        "source": "osm",
        "title": "Rom Harre Garden",
        "address": "",
        "description": "Garden",
        "categories": [
          "natural",
          "garden"
        ],
        "primary_category": "natural",
        "interest_score": 39,
        "website": "",
        "wikipedia": "",
        "wikidata": "",
        "source_url": "https://www.openstreetmap.org/way/296413972",
        "fetched_at_utc": "2026-10-07T11:42:24+00:00",
        "query_key": "gardens",
        "tags": {
          "description": "Garden",
          "leisure": "garden",
          "name": "Rom Harre Garden"
        }
      }
    },
    {
      "type": "Feature",
      "geometry": {
        "type": "Point",
        "coordinates": [
          -1.2543350199999999,
          51.77012737
        ]
      },
      "properties": {
        "id": "osm:way:966511620",
        "source": "osm",
        "title": "Winter Garden",
        "address": "",
        "description": "Created to contain plants that flower during the winter months",
        "categories": [
          "natural",
          "garden"
        ],
        "primary_category": "natural",
        "interest_score": 39,
        "website": "",
        "wikipedia": "",
        "wikidata": "",
        "source_url": "https://www.openstreetmap.org/way/966511620",
        "fetched_at_utc": "2026-10-07T11:42:24+00:00",
        "query_key": "gardens",
        "tags": {
          "description": "Created to contain plants that flower during the winter months",
          "leisure": "garden",
          "name": "Winter Garden"
        }
      }
    },
    {
      "type": "Feature",
      "geometry": {
        "type": "Point",
        "coordinates": [
          -1.2822403380952379,
          51.7720830904762
        ]
      },
      "properties": {
        "id": "osm:way:97091572",
        "source": "osm",
        "title": "Round Hill",
        "address": "",
        "description": "",
        "categories": [
          "historical"
        ],
        "primary_category": "historical",
        "interest_score": 38,
        "website": "",
        "wikipedia": "",
        "wikidata": "",
        "source_url": "https://www.openstreetmap.org/way/97091572",
        "fetched_at_utc": "2026-10-07T11:42:24+00:00",
        "query_key": "historic_sites",
        "tags": {
          "archaeological_site": "tumulus",
          "historic": "archaeological_site",
          "historic:civilization": "prehistoric",
          "historic:period": "bronze-age",
          "name": "Round Hill"
        }
      }
    },
    {
      "type": "Feature",
      "geometry": {
        "type": "Point",
        "coordinates": [
          -1.2634580111111111,
          51.75159111111111
        ]
      },
      "properties": {
        "id": "osm:way:30668669",
        "source": "osm",
        "title": "St George's Tower",
        "address": "",
        "description": "",
        "categories": [
          "historical"
        ],
        "primary_category": "historical",
        "interest_score": 38,
        "website": "",
        "wikipedia": "",
        "wikidata": "",
        "source_url": "https://www.openstreetmap.org/way/30668669",
        "fetched_at_utc": "2026-10-07T11:42:24+00:00",
        "query_key": "historic_sites",
        "tags": {
          "building": "castle",
          "height": "24.4",
          "historic": "tower",
          "listed_status": "Grade I",
          "man_made": "tower",
          "name": "St George's Tower",
          "tower:type": "defensive"
        }
      }
    },
    {
      "type": "Feature",
      "geometry": {
        "type": "Point",
        "coordinates": [
          -1.2527802040816323,
          51.75326703061226
        ]
      },
      "properties": {
        "id": "osm:way:113969416",
        "source": "osm",
        "title": "All Souls College",
        "address": "",
        "description": "",
        "categories": [
          "landmark"
        ],
        "primary_category": "landmark",
        "interest_score": 36,
        "website": "",
        "wikipedia": "",
        "wikidata": "Q81092",
        "source_url": "https://www.openstreetmap.org/way/113969416",
        "fetched_at_utc": "2026-10-07T11:42:24+00:00",
        "query_key": "attractions_and_viewpoints",
        "tags": {
          "amenity": "university",
          "education": "university",
          "landuse": "education",
          "learning": "oxford_college",
          "name": "All Souls College",
          "name:zh": "万灵学院",
          "opening_hours": "Mo-Fr 14:00-16:00",
          "source": "yahoo_imagery",
          "tourism": "attraction",
          "wheelchair": "limited",
          "wikidata": "Q81092"
        },
        "sitelinks": 30
      }
    },
    {
      "type": "Feature",
      "geometry": {
        "type": "Point",
        "coordinates": [
          -1.2548667,
          51.7586249
        ]
      },
      "properties": {
        "id": "osm:node:13595948674",
        "source": "osm",
        "title": "Balfour Library",
        "address": "",
        "description": "",
        "categories": [
          "cultural",
          "literary"
        ],
        "primary_category": "cultural",
        "interest_score": 36,
        "website": "https://www.prm.ox.ac.uk/library",
        "wikipedia": "",
        "wikidata": "",
        "source_url": "https://www.openstreetmap.org/node/13595948674",
        "fetched_at_utc": "2026-10-07T11:42:24+00:00",
        "query_key": "performance_and_literary",
        "tags": {
          "amenity": "library",
          "email": "library@prm.ox.ac.uk",
          "name": "Balfour Library",
          "operator": "Pitt Rivers Museum;University of Oxford",
          "operator:type": "university",
          "website": "https://www.prm.ox.ac.uk/library"
        }
      }
    },
    {
      "type": "Feature",
      "geometry": {
        "type": "Point",
        "coordinates": [
          -1.2584802,
          51.7569302
        ]
      },
      "properties": {
        "id": "osm:node:13505349929",
        "source": "osm",
        "title": "Bird Bath",
        "address": "",
        "description": "",
        "categories": [
          "cultural",
          "art"
        ],
        "primary_category": "cultural",
        "interest_score": 36,
        "website": "https://artuk.org/discover/artworks/bird-bath-248840",
        "wikipedia": "",
        "wikidata": "",
        "source_url": "https://www.openstreetmap.org/node/13505349929",
        "fetched_at_utc": "2026-10-07T11:42:24+00:00",
        "query_key": "galleries_and_arts",
        "tags": {
          "artist:wikidata": "Q926308",
          "artist:wikipedia": "en:Henri Gaudier-Brzeska",
          "artist_name": "Henri Gaudier-Brzeska",
          "artwork_type": "sculpture",
          "material": "bronze",
          "name": "Bird Bath",
          "start_date": "1914;1992",
          "tourism": "artwork",
          "website": "https://artuk.org/discover/artworks/bird-bath-248840"
        }
      }
    },
    {
      "type": "Feature",
      "geometry": {
        "type": "Point",
        "coordinates": [
          -1.2302354624999996,
          51.73930473437499
        ]
      },
      "properties": {
        "id": "osm:relation:12537750",
        "source": "osm",
        "title": "Boundary Brook Nature Reserve",
        "address": "",
        "description": "",
        "categories": [
          "natural"
        ],
        "primary_category": "natural",
        "interest_score": 36,
        "website": "https://www.ouwg.org.uk/",
        "wikipedia": "",
        "wikidata": "",
        "source_url": "https://www.openstreetmap.org/relation/12537750",
        "fetched_at_utc": "2026-10-07T11:42:24+00:00",
        "query_key": "nature_reserves",
        "tags": {
          "access": "private",
          "alt_name": "Boundary Brook Nature Park",
          "leisure": "nature_reserve",
          "name": "Boundary Brook Nature Reserve",
          "operator": "Oxford Urban Wildlife Group",
          "operator:type": "private",
          "source": "Bing",
          "website": "https://www.ouwg.org.uk/"
        }
      }
    },
    {
      "type": "Feature",
      "geometry": {
        "type": "Point",
        "coordinates": [
          -1.224480456521739,
          51.772487182608685
        ]
      },
      "properties": {
        "id": "osm:way:875500013",
        "source": "osm",
        "title": "Court Place Farm Nature Park",
        "address": "",
        "description": "",
        "categories": [
          "natural"
        ],
        "primary_category": "natural",
        "interest_score": 36,
        "website": "https://www.oxford.gov.uk/directory-record/687/court-place-farm-nature-park",
        "wikipedia": "",
        "wikidata": "",
        "source_url": "https://www.openstreetmap.org/way/875500013",
        "fetched_at_utc": "2026-10-07T11:42:24+00:00",
        "query_key": "nature_reserves",
        "tags": {
          "leisure": "nature_reserve",
          "name": "Court Place Farm Nature Park",
          "website": "https://www.oxford.gov.uk/directory-record/687/court-place-farm-nature-park"
        }
      }
    },
    {
      "type": "Feature",
      "geometry": {
        "type": "Point",
        "coordinates": [
          -1.2348349272727275,
          51.748253681818184
        ]
      },
      "properties": {
        "id": "osm:way:1372672300",
        "source": "osm",
        "title": "East Oxford Farmers' and Community Market",
        "address": "",
        "description": "",
        "categories": [
          "cultural",
          "market"
        ],
        "primary_category": "cultural",
        "interest_score": 36,
        "website": "",
        "wikipedia": "",
        "wikidata": "",
        "source_url": "https://www.openstreetmap.org/way/1372672300",
        "fetched_at_utc": "2026-10-07T11:42:24+00:00",
        "query_key": "markets",
        "tags": {
          "amenity": "marketplace",
          "contact:website": "https://www.eastoxfordmarket.org.uk/",
          "name": "East Oxford Farmers' and Community Market",
          "opening_hours": "Sa 10:00-13:00",
          "operator": "East Oxford Farmers' and Community Market Limited",
          "source": "Local Knowlegdge"
        }
      }
    },
    {
      "type": "Feature",
      "geometry": {
        "type": "Point",
        "coordinates": [
          -1.2559415,
          51.7636447
        ]
      },
      "properties": {
        "id": "osm:node:13004471821",
        "source": "osm",
        "title": "Education Library",
        "address": "15 Norham Gardens, Oxford, OX2 6PY",
        "description": "",
        "categories": [
          "cultural",
          "literary"
        ],
        "primary_category": "cultural",
        "interest_score": 36,
        "website": "https://www.bodleian.ox.ac.uk/libraries/education",
        "wikipedia": "",
        "wikidata": "",
        "source_url": "https://www.openstreetmap.org/node/13004471821",
        "fetched_at_utc": "2026-10-07T11:42:24+00:00",
        "query_key": "performance_and_literary",
        "tags": {
          "addr:city": "Oxford",
          "addr:housenumber": "15",
          "addr:postcode": "OX2 6PY",
          "addr:street": "Norham Gardens",
          "amenity": "library",
          "name": "Education Library",
          "opening_hours": "Mo-Fr 09:00-17:00",
          "operator": "Bodleian Libraries;University of Oxford",
          "operator:type": "university",
          "website": "https://www.bodleian.ox.ac.uk/libraries/education"
        }
      }
    },
    {
      "type": "Feature",
      "geometry": {
        "type": "Point",
        "coordinates": [
          -1.255587770212766,
          51.75395156170214
        ]
      },
      "properties": {
        "id": "osm:way:23680304",
        "source": "osm",
        "title": "Exeter College",
        "address": "",
        "description": "",
        "categories": [
          "landmark"
        ],
        "primary_category": "landmark",
        "interest_score": 36,
        "website": "",
        "wikipedia": "",
        "wikidata": "Q81173",
        "source_url": "https://www.openstreetmap.org/way/23680304",
        "fetched_at_utc": "2026-10-07T11:42:24+00:00",
        "query_key": "attractions_and_viewpoints",
        "tags": {
          "amenity": "university",
          "education": "university",
          "landuse": "education",
          "learning": "oxford_college",
          "name": "Exeter College",
          "name:zh": "埃克塞特学院",
          "opening_hours": "Mo-Su 14:00-17:00",
          "source": "yahoo_imagery",
          "tourism": "attraction",
          "wheelchair": "limited",
          "wikidata": "Q81173"
        },
        "sitelinks": 26
      }
    },
    {
      "type": "Feature",
      "geometry": {
        "type": "Point",
        "coordinates": [
          -1.2668492,
          51.7528436
        ]
      },
      "properties": {
        "id": "osm:node:12909519744",
        "source": "osm",
        "title": "FusionArts",
        "address": "15 Park End Street, Oxford, OX1 1HH",
        "description": "",
        "categories": [
          "cultural",
          "art"
        ],
        "primary_category": "cultural",
        "interest_score": 36,
        "website": "https://fusion-arts.org/",
        "wikipedia": "",
        "wikidata": "",
        "source_url": "https://www.openstreetmap.org/node/12909519744",
        "fetched_at_utc": "2026-10-07T11:42:24+00:00",
        "query_key": "galleries_and_arts",
        "tags": {
          "addr:city": "Oxford",
          "addr:housenumber": "15",
          "addr:postcode": "OX1 1HH",
          "addr:street": "Park End Street",
          "amenity": "arts_centre",
          "fee": "no",
          "name": "FusionArts",
          "opening_hours": "Th 12:00-17:00; Fr-Su 12:00-18:00",
          "operator": "Fusion Arts",
          "operator:type": "private_non_profit",
          "phone": "+441865245735",
          "start_date": "1977",
          "training": "art",
          "website": "https://fusion-arts.org/",
          "wheelchair": "yes"
        }
      }
    },
    {
      "type": "Feature",
      "geometry": {
        "type": "Point",
        "coordinates": [
          -1.2617175636363636,
          51.75405027272728
        ]
      },
      "properties": {
        "id": "osm:way:717905648",
        "source": "osm",
        "title": "Gloucester Green Market",
        "address": "Gloucester Green, Oxford",
        "description": "",
        "categories": [
          "cultural",
          "market"
        ],
        "primary_category": "cultural",
        "interest_score": 36,
        "website": "",
        "wikipedia": "",
        "wikidata": "",
        "source_url": "https://www.openstreetmap.org/way/717905648",
        "fetched_at_utc": "2026-10-07T11:42:24+00:00",
        "query_key": "markets",
        "tags": {
          "addr:city": "Oxford",
          "addr:street": "Gloucester Green",
          "amenity": "marketplace",
          "name": "Gloucester Green Market",
          "opening_hours": "We 09:00-16:00, Th-Fr 10:00-16:00; Sa 09:00-17:00",
          "operator": "LSD Promotions on behalf of Oxford City Council"
        }
      }
    },
    {
      "type": "Feature",
      "geometry": {
        "type": "Point",
        "coordinates": [
          -1.2519361,
          51.7559753
        ]
      },
      "properties": {
        "id": "osm:node:9276193277",
        "source": "osm",
        "title": "Harris Manchester College Library",
        "address": "Mansfield Road, Oxford, OX1 3TD",
        "description": "",
        "categories": [
          "cultural",
          "literary"
        ],
        "primary_category": "cultural",
        "interest_score": 36,
        "website": "https://www.hmc.ox.ac.uk/library",
        "wikipedia": "",
        "wikidata": "",
        "source_url": "https://www.openstreetmap.org/node/9276193277",
        "fetched_at_utc": "2026-10-07T11:42:24+00:00",
        "query_key": "performance_and_literary",
        "tags": {
          "addr:city": "Oxford",
          "addr:housename": "Harris Manchester College",
          "addr:postcode": "OX1 3TD",
          "addr:street": "Mansfield Road",
          "amenity": "library",
          "email": "library@hmc.ox.ac.uk",
          "internet_access": "wlan",
          "internet_access:fee": "no",
          "name": "Harris Manchester College Library",
          "opening_hours": "Mo-Fr 09:00-13:00,14:00-17:00",
          "operator": "Harris Manchester College",
          "phone": "+44 1865 281472",
          "ref:isil": "GB-UkOxU-HM",
          "website": "https://www.hmc.ox.ac.uk/library"
        }
      }
    },
    {
      "type": "Feature",
      "geometry": {
        "type": "Point",
        "coordinates": [
          -1.2535982903225804,
          51.754467756451625
        ]
      },
      "properties": {
        "id": "osm:way:23678932",
        "source": "osm",
        "title": "Hertford College",
        "address": "",
        "description": "",
        "categories": [
          "landmark"
        ],
        "primary_category": "landmark",
        "interest_score": 36,
        "website": "",
        "wikipedia": "",
        "wikidata": "Q81090",
        "source_url": "https://www.openstreetmap.org/way/23678932",
        "fetched_at_utc": "2026-10-07T11:42:24+00:00",
        "query_key": "attractions_and_viewpoints",
        "tags": {
          "amenity": "university",
          "check_date": "2024-06-21",
          "education": "university",
          "landuse": "education",
          "learning": "oxford_college",
          "name": "Hertford College",
          "name:zh": "赫特福德学院",
          "source": "Bing;OS_OpenData_StreetView",
          "start_date": "1282",
          "tourism": "attraction",
          "wheelchair": "limited",
          "wikidata": "Q81090"
        },
        "sitelinks": 21
      }
    },
    {
      "type": "Feature",
      "geometry": {
        "type": "Point",
        "coordinates": [
          -1.2459968428571426,
          51.74753158571428
        ]
      },
      "properties": {
        "id": "osm:way:89698185",
        "source": "osm",
        "title": "Jacqueline du Pré Music Building",
        "address": "Cowley Place, Oxford, OX4 1DY",
        "description": "",
        "categories": [
          "art",
          "cultural"
        ],
        "primary_category": "cultural",
        "interest_score": 36,
        "website": "https://jdp.st-hildas.ox.ac.uk",
        "wikipedia": "",
        "wikidata": "",
        "source_url": "https://www.openstreetmap.org/way/89698185",
        "fetched_at_utc": "2026-10-07T11:42:24+00:00",
        "query_key": "performance_and_literary",
        "tags": {
          "addr:city": "Oxford",
          "addr:housename": "St Hilda’s College",
          "addr:postcode": "OX4 1DY",
          "addr:street": "Cowley Place",
          "amenity": "theatre",
          "building": "college",
          "check_date": "2024-06-15",
          "name": "Jacqueline du Pré Music Building",
          "opening_hours": "unknown",
          "operator": "St Hilda's College",
          "operator:type": "university",
          "phone": "+441865286668",
          "short_name": "JdP Music Building",
          "source": "Bing",
          "start_date": "1995",
          "theatre:genre": "chamber_music",
          "website": "https://jdp.st-hildas.ox.ac.uk"
        }
      }
    },
    {
      "type": "Feature",
      "geometry": {
        "type": "Point",
        "coordinates": [
          -1.2622938,
          51.7634247
        ]
      },
      "properties": {
        "id": "osm:node:13004480826",
        "source": "osm",
        "title": "Japanese Library",
        "address": "27 Winchester Road, Oxford, OX2 6NA",
        "description": "",
        "categories": [
          "cultural",
          "literary"
        ],
        "primary_category": "cultural",
        "interest_score": 36,
        "website": "https://www.bodleian.ox.ac.uk/libraries/japanese-library",
        "wikipedia": "",
        "wikidata": "",
        "source_url": "https://www.openstreetmap.org/node/13004480826",
        "fetched_at_utc": "2026-10-07T11:42:24+00:00",
        "query_key": "performance_and_literary",
        "tags": {
          "addr:city": "Oxford",
          "addr:floor": "0",
          "addr:housename": "Nissan Institute Building",
          "addr:housenumber": "27",
          "addr:postcode": "OX2 6NA",
          "addr:street": "Winchester Road",
          "amenity": "library",
          "level": "0",
          "name": "Japanese Library",
          "opening_hours": "Mo-Fr 09:00-17:00",
          "operator": "Bodleian Libraries;University of Oxford",
          "operator:type": "university",
          "website": "https://www.bodleian.ox.ac.uk/libraries/japanese-library"
        }
      }
    },
    {
      "type": "Feature",
      "geometry": {
        "type": "Point",
        "coordinates": [
          -1.2574821500000002,
          51.75336716428573
        ]
      },
      "properties": {
        "id": "osm:way:23680440",
        "source": "osm",
        "title": "Jesus College",
        "address": "",
        "description": "",
        "categories": [
          "landmark"
        ],
        "primary_category": "landmark",
        "interest_score": 36,
        "website": "",
        "wikipedia": "",
        "wikidata": "Q81174",
        "source_url": "https://www.openstreetmap.org/way/23680440",
        "fetched_at_utc": "2026-10-07T11:42:24+00:00",
        "query_key": "attractions_and_viewpoints",
        "tags": {
          "amenity": "university",
          "education": "university",
          "landuse": "education",
          "learning": "oxford_college",
          "name": "Jesus College",
          "name:cy": "Coleg yr Iesu",
          "source": "Bing",
          "tourism": "attraction",
          "wikidata": "Q81174"
        },
        "sitelinks": 22
      }
    },
    {
      "type": "Feature",
      "geometry": {
        "type": "Point",
        "coordinates": [
          -1.2451539,
          51.7496026
        ]
      },
      "properties": {
        "id": "osm:node:13017110409",
        "source": "osm",
        "title": "Kathleen Major Library",
        "address": "",
        "description": "",
        "categories": [
          "cultural",
          "literary"
        ],
        "primary_category": "cultural",
        "interest_score": 36,
        "website": "https://www.st-hildas.ox.ac.uk/about-us/our-library",
        "wikipedia": "",
        "wikidata": "",
        "source_url": "https://www.openstreetmap.org/node/13017110409",
        "fetched_at_utc": "2026-10-07T11:42:24+00:00",
        "query_key": "performance_and_literary",
        "tags": {
          "alt_name": "St Hilda's College Library",
          "amenity": "library",
          "name": "Kathleen Major Library",
          "operator": "St Hilda's College",
          "operator:type": "university",
          "website": "https://www.st-hildas.ox.ac.uk/about-us/our-library"
        }
      }
    },
    {
      "type": "Feature",
      "geometry": {
        "type": "Point",
        "coordinates": [
          -1.2625469,
          51.765885
        ]
      },
      "properties": {
        "id": "osm:node:12709667265",
        "source": "osm",
        "title": "KB Chen China Centre Library",
        "address": "Canterbury Road, Oxford, OX2 6LU",
        "description": "",
        "categories": [
          "cultural",
          "literary"
        ],
        "primary_category": "cultural",
        "interest_score": 36,
        "website": "https://www.bodleian.ox.ac.uk/libraries/china",
        "wikipedia": "",
        "wikidata": "",
        "source_url": "https://www.openstreetmap.org/node/12709667265",
        "fetched_at_utc": "2026-10-07T11:42:24+00:00",
        "query_key": "performance_and_literary",
        "tags": {
          "addr:city": "Oxford",
          "addr:housename": "Dickson Poon Building",
          "addr:postcode": "OX2 6LU",
          "addr:street": "Canterbury Road",
          "amenity": "library",
          "email": "ccl@bodleian.ox.ac.uk",
          "name": "KB Chen China Centre Library",
          "name:zh": "牛津大學中國研究圖書館",
          "operator": "Bodleian Libraries;University of Oxford",
          "operator:type": "university",
          "phone": "+44 1865 280430",
          "start_date": "2014-09",
          "website": "https://www.bodleian.ox.ac.uk/libraries/china"
        }
      }
    },
    {
      "type": "Feature",
      "geometry": {
        "type": "Point",
        "coordinates": [
          -1.2365385,
          51.755939
        ]
      },
      "properties": {
        "id": "osm:node:8647241431",
        "source": "osm",
        "title": "Kuwait Library",
        "address": "",
        "description": "",
        "categories": [
          "cultural",
          "literary"
        ],
        "primary_category": "cultural",
        "interest_score": 36,
        "website": "https://www.oxcis.ac.uk/the-kuwait-library",
        "wikipedia": "",
        "wikidata": "",
        "source_url": "https://www.openstreetmap.org/node/8647241431",
        "fetched_at_utc": "2026-10-07T11:42:24+00:00",
        "query_key": "performance_and_literary",
        "tags": {
          "amenity": "library",
          "name": "Kuwait Library",
          "operator": "Oxford Centre for Islamic Studies",
          "website": "https://www.oxcis.ac.uk/the-kuwait-library"
        }
      }
    },
    {
      "type": "Feature",
      "geometry": {
        "type": "Point",
        "coordinates": [
          -1.2634847,
          51.7643575
        ]
      },
      "properties": {
        "id": "osm:node:13004481224",
        "source": "osm",
        "title": "Latin American Centre Library",
        "address": "1 Church Walk, Oxford, OX2 6LY",
        "description": "",
        "categories": [
          "cultural",
          "literary"
        ],
        "primary_category": "cultural",
        "interest_score": 36,
        "website": "https://www.bodleian.ox.ac.uk/libraries/lac",
        "wikipedia": "",
        "wikidata": "",
        "source_url": "https://www.openstreetmap.org/node/13004481224",
        "fetched_at_utc": "2026-10-07T11:42:24+00:00",
        "query_key": "performance_and_literary",
        "tags": {
          "addr:city": "Oxford",
          "addr:housenumber": "1",
          "addr:postcode": "OX2 6LY",
          "addr:street": "Church Walk",
          "amenity": "library",
          "name": "Latin American Centre Library",
          "opening_hours": "Mo-Su 09:00-13:00, 14:00-17:00; PH off",
          "operator": "Bodleian Libraries;University of Oxford",
          "operator:type": "university",
          "website": "https://www.bodleian.ox.ac.uk/libraries/lac"
        }
      }
    },
    {
      "type": "Feature",
      "geometry": {
        "type": "Point",
        "coordinates": [
          -1.2630285,
          51.7565797
        ]
      },
      "properties": {
        "id": "osm:node:12066863208",
        "source": "osm",
        "title": "Leopold Muller Memorial Library",
        "address": "",
        "description": "",
        "categories": [
          "cultural",
          "literary"
        ],
        "primary_category": "cultural",
        "interest_score": 36,
        "website": "https://www.bodleian.ox.ac.uk/libraries/muller",
        "wikipedia": "",
        "wikidata": "",
        "source_url": "https://www.openstreetmap.org/node/12066863208",
        "fetched_at_utc": "2026-10-07T11:42:24+00:00",
        "query_key": "performance_and_literary",
        "tags": {
          "amenity": "library",
          "name": "Leopold Muller Memorial Library",
          "operator": "University of Oxford",
          "operator:type": "university",
          "website": "https://www.bodleian.ox.ac.uk/libraries/muller"
        }
      }
    },
    {
      "type": "Feature",
      "geometry": {
        "type": "Point",
        "coordinates": [
          -1.2523642,
          51.7558104
        ]
      },
      "properties": {
        "id": "osm:node:8651279327",
        "source": "osm",
        "title": "Lord Philip Harris",
        "address": "",
        "description": "",
        "categories": [
          "cultural",
          "art"
        ],
        "primary_category": "cultural",
        "interest_score": 36,
        "website": "https://artuk.org/discover/artworks/lord-philip-harris-b-1942-baron-harris-of-peckham-248603",
        "wikipedia": "",
        "wikidata": "",
        "source_url": "https://www.openstreetmap.org/node/8651279327",
        "fetched_at_utc": "2026-10-07T11:42:24+00:00",
        "query_key": "galleries_and_arts",
        "tags": {
          "artist_name": "Etienne Millner",
          "artwork_type": "statue",
          "name": "Lord Philip Harris",
          "tourism": "artwork",
          "website": "https://artuk.org/discover/artworks/lord-philip-harris-b-1942-baron-harris-of-peckham-248603"
        }
      }
    },
    {
      "type": "Feature",
      "geometry": {
        "type": "Point",
        "coordinates": [
          -1.2519492,
          51.7552839
        ]
      },
      "properties": {
        "id": "osm:node:8651279319",
        "source": "osm",
        "title": "Maevadi Navapan and Karnitha Karnchanachari",
        "address": "",
        "description": "",
        "categories": [
          "cultural",
          "art"
        ],
        "primary_category": "cultural",
        "interest_score": 36,
        "website": "https://artuk.org/discover/artworks/maevadi-karnchanachari-navapan-and-karnitha-karnchanachari-248604",
        "wikipedia": "",
        "wikidata": "",
        "source_url": "https://www.openstreetmap.org/node/8651279319",
        "fetched_at_utc": "2026-10-07T11:42:24+00:00",
        "query_key": "galleries_and_arts",
        "tags": {
          "artist_name": "Etienne Millner",
          "artwork_type": "statue",
          "name": "Maevadi Navapan and Karnitha Karnchanachari",
          "tourism": "artwork",
          "website": "https://artuk.org/discover/artworks/maevadi-karnchanachari-navapan-and-karnitha-karnchanachari-248604"
        }
      }
    },
    {
      "type": "Feature",
      "geometry": {
        "type": "Point",
        "coordinates": [
          -1.2512933824817514,
          51.75405664525549
        ]
      },
      "properties": {
        "id": "osm:way:130536383",
        "source": "osm",
        "title": "New College",
        "address": "",
        "description": "",
        "categories": [
          "landmark"
        ],
        "primary_category": "landmark",
        "interest_score": 36,
        "website": "",
        "wikipedia": "",
        "wikidata": "Q1376987",
        "source_url": "https://www.openstreetmap.org/way/130536383",
        "fetched_at_utc": "2026-10-07T11:42:24+00:00",
        "query_key": "attractions_and_viewpoints",
        "tags": {
          "amenity": "university",
          "education": "university",
          "landuse": "education",
          "learning": "oxford_college",
          "name": "New College",
          "name:zh": "新学院",
          "opening_hours": "Mo-Su 14:00-16:00",
          "source:geometry": "Bing",
          "tourism": "attraction",
          "wikidata": "Q1376987"
        },
        "sitelinks": 26
      }
    },
    {
      "type": "Feature",
      "geometry": {
        "type": "Point",
        "coordinates": [
          -1.2609583,
          51.7557749
        ]
      },
      "properties": {
        "id": "osm:node:12334477427",
        "source": "osm",
        "title": "Nizami Ganjavi Library",
        "address": "1 Pusey Lane, Oxford, OX1 2LE",
        "description": "",
        "categories": [
          "cultural",
          "literary"
        ],
        "primary_category": "cultural",
        "interest_score": 36,
        "website": "https://www.bodleian.ox.ac.uk/libraries/nizami-ganjavi-library",
        "wikipedia": "",
        "wikidata": "",
        "source_url": "https://www.openstreetmap.org/node/12334477427",
        "fetched_at_utc": "2026-10-07T11:42:24+00:00",
        "query_key": "performance_and_literary",
        "tags": {
          "access": "private",
          "addr:city": "Oxford",
          "addr:housenumber": "1",
          "addr:postcode": "OX1 2LE",
          "addr:street": "Pusey Lane",
          "amenity": "library",
          "name": "Nizami Ganjavi Library",
          "opening_hours": "Mo-Fr 09:00-18:00",
          "operator": "Bodleian Libraries;University of Oxford",
          "operator:type": "university",
          "website": "https://www.bodleian.ox.ac.uk/libraries/nizami-ganjavi-library"
        }
      }
    },
    {
      "type": "Feature",
      "geometry": {
        "type": "Point",
        "coordinates": [
          -1.2655215499999999,
          51.75092157
        ]
      },
      "properties": {
        "id": "osm:way:234469878",
        "source": "osm",
        "title": "OVADA",
        "address": "14a Osney Lane, Oxford, OX1 1NJ",
        "description": "",
        "categories": [
          "cultural",
          "art"
        ],
        "primary_category": "cultural",
        "interest_score": 36,
        "website": "https://www.ovada.org.uk/",
        "wikipedia": "",
        "wikidata": "",
        "source_url": "https://www.openstreetmap.org/way/234469878",
        "fetched_at_utc": "2026-10-07T11:42:24+00:00",
        "query_key": "galleries_and_arts",
        "tags": {
          "addr:city": "Oxford",
          "addr:housename": "The Warehouse",
          "addr:housenumber": "14a",
          "addr:postcode": "OX1 1NJ",
          "addr:street": "Osney Lane",
          "alt_name": "Oxfordshire Visual Arts Development Agency",
          "amenity": "arts_centre",
          "building": "industrial",
          "fee": "conditional",
          "name": "OVADA",
          "opening_hours": "unknown",
          "operator": "Ovada",
          "operator:type": "private_non_profit",
          "phone": "+44 1865 200 979",
          "start_date": "2023",
          "training": "art",
          "website": "https://www.ovada.org.uk/"
        }
      }
    },
    {
      "type": "Feature",
      "geometry": {
        "type": "Point",
        "coordinates": [
          -1.2363607499999998,
          51.74149896666666
        ]
      },
      "properties": {
        "id": "osm:way:133913067",
        "source": "osm",
        "title": "Pegasus Theatre",
        "address": "Magdalen Road, Oxford, OX4 1RE",
        "description": "",
        "categories": [
          "cultural",
          "art"
        ],
        "primary_category": "cultural",
        "interest_score": 36,
        "website": "https://pegasustheatre.org.uk/",
        "wikipedia": "",
        "wikidata": "",
        "source_url": "https://www.openstreetmap.org/way/133913067",
        "fetched_at_utc": "2026-10-07T11:42:24+00:00",
        "query_key": "performance_and_literary",
        "tags": {
          "addr:city": "Oxford",
          "addr:housename": "Pegasus Theatre",
          "addr:postcode": "OX4 1RE",
          "addr:street": "Magdalen Road",
          "amenity": "theatre",
          "building": "public",
          "name": "Pegasus Theatre",
          "opening_hours": "unknown",
          "operator": "Pegasus Theatre Trust",
          "operator:type": "private_for_profit",
          "phone": "+44 1865 792209",
          "ref:GB:uprn": "200004683483;200001892100",
          "source": "Bing",
          "start_date": "1975",
          "theatre:genre": "variety",
          "website": "https://pegasustheatre.org.uk/"
        }
      }
    },
    {
      "type": "Feature",
      "geometry": {
        "type": "Point",
        "coordinates": [
          -1.2585622,
          51.7498638
        ]
      },
      "properties": {
        "id": "osm:node:9179970332",
        "source": "osm",
        "title": "Pembroke Art",
        "address": "5 Brewer Street, Oxford, OX1 1QN",
        "description": "",
        "categories": [
          "cultural",
          "art"
        ],
        "primary_category": "cultural",
        "interest_score": 36,
        "website": "https://www.pembrokejcrart.org/",
        "wikipedia": "",
        "wikidata": "",
        "source_url": "https://www.openstreetmap.org/node/9179970332",
        "fetched_at_utc": "2026-10-07T11:42:24+00:00",
        "query_key": "galleries_and_arts",
        "tags": {
          "addr:city": "Oxford",
          "addr:housenumber": "5",
          "addr:postcode": "OX1 1QN",
          "addr:street": "Brewer Street",
          "fee": "no",
          "name": "Pembroke Art",
          "opening_hours": "unknown",
          "operator": "Pembroke College JCR Art Collection Fund",
          "operator:type": "university",
          "short_name": "PMB|ART",
          "start_date": "2005",
          "tourism": "gallery",
          "website": "https://www.pembrokejcrart.org/"
        }
      }
    },
    {
      "type": "Feature",
      "geometry": {
        "type": "Point",
        "coordinates": [
          -1.2255594,
          51.7553263
        ]
      },
      "properties": {
        "id": "osm:node:3829736612",
        "source": "osm",
        "title": "Rain Pavilion",
        "address": "",
        "description": "",
        "categories": [
          "cultural",
          "art"
        ],
        "primary_category": "cultural",
        "interest_score": 36,
        "website": "https://www.brookes.ac.uk/public-art/commissions/rain-pavilion",
        "wikipedia": "",
        "wikidata": "",
        "source_url": "https://www.openstreetmap.org/node/3829736612",
        "fetched_at_utc": "2026-10-07T11:42:24+00:00",
        "query_key": "galleries_and_arts",
        "tags": {
          "artist_name": "Charlotte Birch;Alexandra Horsman;Ricardo Assis Rosa;Tiffany Black;James Palmer;Joel Chappell;Paul Austin;Daniel Brenner",
          "artwork_type": "sculpture",
          "material": "steel",
          "name": "Rain Pavilion",
          "tourism": "artwork",
          "website": "https://www.brookes.ac.uk/public-art/commissions/rain-pavilion",
          "wikimedia_commons": "File:Rain_Pavilion_1.jpg"
        }
      }
    },
    {
      "type": "Feature",
      "geometry": {
        "type": "Point",
        "coordinates": [
          -1.2657506,
          51.7561749
        ]
      },
      "properties": {
        "id": "osm:node:12702912108",
        "source": "osm",
        "title": "Reclining Figure",
        "address": "",
        "description": "",
        "categories": [
          "cultural",
          "art"
        ],
        "primary_category": "cultural",
        "interest_score": 36,
        "website": "https://www.worc.ox.ac.uk/college-life/art/moore",
        "wikipedia": "",
        "wikidata": "",
        "source_url": "https://www.openstreetmap.org/node/12702912108",
        "fetched_at_utc": "2026-10-07T11:42:24+00:00",
        "query_key": "galleries_and_arts",
        "tags": {
          "artist_name": "Henry Moore",
          "artwork_type": "statue",
          "material": "metal",
          "name": "Reclining Figure",
          "start_date": "1982",
          "tourism": "artwork",
          "website": "https://www.worc.ox.ac.uk/college-life/art/moore",
          "wikimedia_commons": "File:Reclining_Figure,_created_by_Henry_Moore_2.jpg"
        }
      }
    },
    {
      "type": "Feature",
      "geometry": {
        "type": "Point",
        "coordinates": [
          -1.2618774,
          51.7571788
        ]
      },
      "properties": {
        "id": "osm:node:13004505111",
        "source": "osm",
        "title": "Rewley House Continuing Education Library",
        "address": "1 Wellington Square, Oxford, OX1 2JA",
        "description": "",
        "categories": [
          "cultural",
          "literary"
        ],
        "primary_category": "cultural",
        "interest_score": 36,
        "website": "https://www.bodleian.ox.ac.uk/libraries/conted",
        "wikipedia": "",
        "wikidata": "",
        "source_url": "https://www.openstreetmap.org/node/13004505111",
        "fetched_at_utc": "2026-10-07T11:42:24+00:00",
        "query_key": "performance_and_literary",
        "tags": {
          "addr:city": "Oxford",
          "addr:housename": "Rewley House",
          "addr:housenumber": "1",
          "addr:postcode": "OX1 2JA",
          "addr:street": "Wellington Square",
          "amenity": "library",
          "name": "Rewley House Continuing Education Library",
          "opening_hours": "Mo-Th 09:00-19:30; Fr 09:00-17:00; Sa 09:30-17:30; Su 09:30-16:30 SH Mo-Fr 09:00-17:00; SH Sa-Su 14:00-17:00",
          "operator": "Bodleian Libraries;University of Oxford",
          "operator:type": "university",
          "website": "https://www.bodleian.ox.ac.uk/libraries/conted"
        }
      }
    },
    {
      "type": "Feature",
      "geometry": {
        "type": "Point",
        "coordinates": [
          -1.2683081,
          51.7532813
        ]
      },
      "properties": {
        "id": "osm:node:12090561900",
        "source": "osm",
        "title": "Sainsbury Library",
        "address": "Park End Street, Oxford, OX1 1HP",
        "description": "",
        "categories": [
          "cultural",
          "literary"
        ],
        "primary_category": "cultural",
        "interest_score": 36,
        "website": "https://www.bodleian.ox.ac.uk/libraries/business",
        "wikipedia": "",
        "wikidata": "",
        "source_url": "https://www.openstreetmap.org/node/12090561900",
        "fetched_at_utc": "2026-10-07T11:42:24+00:00",
        "query_key": "performance_and_literary",
        "tags": {
          "access": "private",
          "addr:city": "Oxford",
          "addr:housename": "Saïd Business School",
          "addr:postcode": "OX1 1HP",
          "addr:street": "Park End Street",
          "amenity": "library",
          "name": "Sainsbury Library",
          "operator": "University of Oxford",
          "operator:type": "university",
          "website": "https://www.bodleian.ox.ac.uk/libraries/business"
        }
      }
    },
    {
      "type": "Feature",
      "geometry": {
        "type": "Point",
        "coordinates": [
          -1.25670424,
          51.739255019999995
        ]
      },
      "properties": {
        "id": "osm:way:717905649",
        "source": "osm",
        "title": "South Oxford Farmers and Community Market",
        "address": "Lake Street, Oxford",
        "description": "",
        "categories": [
          "cultural",
          "market"
        ],
        "primary_category": "cultural",
        "interest_score": 36,
        "website": "",
        "wikipedia": "",
        "wikidata": "",
        "source_url": "https://www.openstreetmap.org/way/717905649",
        "fetched_at_utc": "2026-10-07T11:42:24+00:00",
        "query_key": "markets",
        "tags": {
          "addr:city": "Oxford",
          "addr:street": "Lake Street",
          "amenity": "marketplace",
          "contact:email": "info@southoxfordfarmersmarket.org.uk",
          "contact:website": "http://www.southoxfordfarmersmarket.org.uk",
          "name": "South Oxford Farmers and Community Market",
          "opening_hours": "Su 09:30-12:00",
          "organic": "yes",
          "short_name": "Sofacoma"
        }
      }
    },
    {
      "type": "Feature",
      "geometry": {
        "type": "Point",
        "coordinates": [
          -1.2628701,
          51.7580263
        ]
      },
      "properties": {
        "id": "osm:node:3613563792",
        "source": "osm",
        "title": "The Nest",
        "address": "33-35 Little Clarendon Street, Oxford, OX1 2HU",
        "description": "",
        "categories": [
          "cultural",
          "art"
        ],
        "primary_category": "cultural",
        "interest_score": 36,
        "website": "https://www.ywmp.org.uk/thenest",
        "wikipedia": "",
        "wikidata": "",
        "source_url": "https://www.openstreetmap.org/node/3613563792",
        "fetched_at_utc": "2026-10-07T11:42:24+00:00",
        "query_key": "galleries_and_arts",
        "tags": {
          "addr:city": "Oxford",
          "addr:housenumber": "33-35",
          "addr:postcode": "OX1 2HU",
          "addr:street": "Little Clarendon Street",
          "amenity": "arts_centre",
          "live_music": "yes",
          "name": "The Nest",
          "operator": "Young Women's Music Project",
          "start_date": "2025-09",
          "website": "https://www.ywmp.org.uk/thenest"
        }
      }
    },
    {
      "type": "Feature",
      "geometry": {
        "type": "Point",
        "coordinates": [
          -1.2525143,
          51.7566007
        ]
      },
      "properties": {
        "id": "osm:node:12509907226",
        "source": "osm",
        "title": "The New Space",
        "address": "Mansfield Road, Oxford, OX1 3TZ",
        "description": "",
        "categories": [
          "cultural",
          "art"
        ],
        "primary_category": "cultural",
        "interest_score": 36,
        "website": "https://www.new.ox.ac.uk/recital-hall",
        "wikipedia": "",
        "wikidata": "",
        "source_url": "https://www.openstreetmap.org/node/12509907226",
        "fetched_at_utc": "2026-10-07T11:42:24+00:00",
        "query_key": "performance_and_literary",
        "tags": {
          "addr:city": "Oxford",
          "addr:housename": "Gradel Quadrangles",
          "addr:postcode": "OX1 3TZ",
          "addr:street": "Mansfield Road",
          "alt_name": "New College Recital Hall",
          "amenity": "theatre",
          "name": "The New Space",
          "opening_hours": "unknown",
          "operator": "New College",
          "operator:type": "university",
          "start_date": "2024-04-13",
          "theatre:genre": "chamber_music",
          "website": "https://www.new.ox.ac.uk/recital-hall",
          "wheelchair": "yes"
        }
      }
    },
    {
      "type": "Feature",
      "geometry": {
        "type": "Point",
        "coordinates": [
          -1.2565934834862384,
          51.75514339633027
        ]
      },
      "properties": {
        "id": "osm:way:113575673",
        "source": "osm",
        "title": "Trinity College",
        "address": "",
        "description": "",
        "categories": [
          "landmark"
        ],
        "primary_category": "landmark",
        "interest_score": 36,
        "website": "",
        "wikipedia": "",
        "wikidata": "Q73079",
        "source_url": "https://www.openstreetmap.org/way/113575673",
        "fetched_at_utc": "2026-10-07T11:42:24+00:00",
        "query_key": "attractions_and_viewpoints",
        "tags": {
          "amenity": "university",
          "education": "university",
          "landuse": "education",
          "learning": "oxford_college",
          "name": "Trinity College",
          "name:zh": "圣三一学院",
          "opening_hours": "Sa-Su 10:00-16:00",
          "source": "Bing",
          "tourism": "attraction",
          "wikidata": "Q73079"
        },
        "sitelinks": 27
      }
    },
    {
      "type": "Feature",
      "geometry": {
        "type": "Point",
        "coordinates": [
          -1.2538978,
          51.7575924
        ]
      },
      "properties": {
        "id": "osm:node:12090550564",
        "source": "osm",
        "title": "Vere Harmsworth Library",
        "address": "1a South Parks Road, Oxford, OX1 3UB",
        "description": "",
        "categories": [
          "cultural",
          "literary"
        ],
        "primary_category": "cultural",
        "interest_score": 36,
        "website": "https://www.bodleian.ox.ac.uk/libraries/vhl",
        "wikipedia": "",
        "wikidata": "",
        "source_url": "https://www.openstreetmap.org/node/12090550564",
        "fetched_at_utc": "2026-10-07T11:42:24+00:00",
        "query_key": "performance_and_literary",
        "tags": {
          "access": "private",
          "addr:city": "Oxford",
          "addr:housename": "Rothermere American Institute",
          "addr:housenumber": "1a",
          "addr:postcode": "OX1 3UB",
          "addr:street": "South Parks Road",
          "amenity": "library",
          "name": "Vere Harmsworth Library",
          "operator": "University of Oxford",
          "operator:type": "university",
          "short_name": "VHL",
          "website": "https://www.bodleian.ox.ac.uk/libraries/vhl"
        }
      }
    },
    {
      "type": "Feature",
      "geometry": {
        "type": "Point",
        "coordinates": [
          -1.2537891414285711,
          51.7556428342857
        ]
      },
      "properties": {
        "id": "osm:way:113969414",
        "source": "osm",
        "title": "Wadham College",
        "address": "",
        "description": "",
        "categories": [
          "landmark"
        ],
        "primary_category": "landmark",
        "interest_score": 36,
        "website": "",
        "wikipedia": "",
        "wikidata": "Q2537765",
        "source_url": "https://www.openstreetmap.org/way/113969414",
        "fetched_at_utc": "2026-10-07T11:42:24+00:00",
        "query_key": "attractions_and_viewpoints",
        "tags": {
          "amenity": "university",
          "education": "university",
          "landuse": "education",
          "learning": "oxford_college",
          "name": "Wadham College",
          "source": "yahoo_imagery",
          "tourism": "attraction",
          "wikidata": "Q2537765"
        },
        "sitelinks": 20
      }
    },
    {
      "type": "Feature",
      "geometry": {
        "type": "Point",
        "coordinates": [
          -1.2699357,
          51.7622249
        ]
      },
      "properties": {
        "id": "osm:node:1435646651",
        "source": "osm",
        "title": "Walton Well Drinking Fountain",
        "address": "",
        "description": "Drink and think of him who is the fountain of life",
        "categories": [
          "landmark"
        ],
        "primary_category": "landmark",
        "interest_score": 36,
        "website": "",
        "wikipedia": "",
        "wikidata": "Q26299218",
        "source_url": "https://www.openstreetmap.org/node/1435646651",
        "fetched_at_utc": "2026-10-07T11:42:24+00:00",
        "query_key": "attractions_and_viewpoints",
        "tags": {
          "HE_ref": "1047105",
          "access": "yes",
          "check_date": "2025-02-26",
          "disused:amenity": "drinking_water",
          "drinking_water": "no",
          "inscription": "Drink and think of him who is the fountain of life",
          "inscription:2": "With the consent of the Lords of the Manor, this drinking fountain is erected by Mr. William Ward to mark the site of a celebrated spring known as Walton Well adjacent to the ancient fordway into Port Meadow called Walton Ford",
          "listed_status": "Grade II",
          "name": "Walton Well Drinking Fountain",
          "nickname": "Belmont Drinking Fountain",
          "note": "The \"Brumman's Well\" name was also given to Aristotle's Well, nearby. The name refers to \"Brumman le Rich or de Walton\" (see source). I can't find anything backing up the \"Belmont Drinking Fountain\" name.",
          "old_name": "Bruman's Well",
          "source": "local_knowledge; http://www.oxfordhistory.org.uk/streets/inscriptions/north/drinking_fountain.html",
          "source:old_name": "Robert Charles Hope, _The legendary lore of the holy wells of England: including rivers, lakes, fountains and springs_, 1893 London Elliot Stock, https://archive.org/details/legendaryloreofh00hope/mode/2up (as \"Brumman's Well\")",
          "start_date": "1885",
          "tourism": "attraction",
          "wikidata": "Q26299218"
        },
        "sitelinks": 1
      }
    },
    {
      "type": "Feature",
      "geometry": {
        "type": "Point",
        "coordinates": [
          -1.2556910124999998,
          51.75508328750001
        ]
      },
      "properties": {
        "id": "osm:way:23184424",
        "source": "osm",
        "title": "War Memorial Library",
        "address": "Oxford, OX1 3BH",
        "description": "",
        "categories": [
          "cultural",
          "literary"
        ],
        "primary_category": "cultural",
        "interest_score": 36,
        "website": "https://www.trinity.ox.ac.uk/war-memorial-library",
        "wikipedia": "",
        "wikidata": "",
        "source_url": "https://www.openstreetmap.org/way/23184424",
        "fetched_at_utc": "2026-10-07T11:42:24+00:00",
        "query_key": "performance_and_literary",
        "tags": {
          "access": "private",
          "addr:city": "Oxford",
          "addr:postcode": "OX1 3BH",
          "alt_name": "Trinity College Library",
          "amenity": "library",
          "building": "university",
          "name": "War Memorial Library",
          "operator": "Trinity College",
          "operator:type": "university",
          "ref:GB:uprn": "10093789071",
          "website": "https://www.trinity.ox.ac.uk/war-memorial-library"
        }
      }
    },
    {
      "type": "Feature",
      "geometry": {
        "type": "Point",
        "coordinates": [
          -1.2554449,
          51.7707786
        ]
      },
      "properties": {
        "id": "osm:node:13017136600",
        "source": "osm",
        "title": "Wolfson College Library",
        "address": "",
        "description": "",
        "categories": [
          "cultural",
          "literary"
        ],
        "primary_category": "cultural",
        "interest_score": 36,
        "website": "https://www.wolfson.ox.ac.uk/library/",
        "wikipedia": "",
        "wikidata": "",
        "source_url": "https://www.openstreetmap.org/node/13017136600",
        "fetched_at_utc": "2026-10-07T11:42:24+00:00",
        "query_key": "performance_and_literary",
        "tags": {
          "amenity": "library",
          "name": "Wolfson College Library",
          "operator": "Wolfson College",
          "operator:type": "university",
          "website": "https://www.wolfson.ox.ac.uk/library/"
        }
      }
    },
    {
      "type": "Feature",
      "geometry": {
        "type": "Point",
        "coordinates": [
          -1.2553144,
          51.7560511
        ]
      },
      "properties": {
        "id": "osm:node:12974306798",
        "source": "osm",
        "title": "A Door for the Stuart Gates",
        "address": "",
        "description": "A rusted cast iron door designed by Antony Gormley, featuring the poem 'Hinge' by Simon Armitage",
        "categories": [
          "cultural",
          "art"
        ],
        "primary_category": "cultural",
        "interest_score": 35,
        "website": "",
        "wikipedia": "",
        "wikidata": "",
        "source_url": "https://www.openstreetmap.org/node/12974306798",
        "fetched_at_utc": "2026-10-07T11:42:24+00:00",
        "query_key": "galleries_and_arts",
        "tags": {
          "artist_name": "Antony Gormley",
          "artwork_type": "sculpture",
          "barrier": "gate",
          "description": "A rusted cast iron door designed by Antony Gormley, featuring the poem 'Hinge' by Simon Armitage",
          "inscription:1": "The door by day, a promise / of brightness beyond, this entrance / a framing device, / its sight set on some distal point / where thought and touch seem to coincide, so the glishy light / on the rickety pavement / pries through the eyelet /",
          "inscription:2": "and ogles the ironed baize of the lawn / and the polished laurels and gowned firs / and sharpened spires. / The door as mind.",
          "material": "iron",
          "name": "A Door for the Stuart Gates",
          "tourism": "artwork"
        }
      }
    },
    {
      "type": "Feature",
      "geometry": {
        "type": "Point",
        "coordinates": [
          -1.2580319,
          51.754602
        ]
      },
      "properties": {
        "id": "osm:node:8608371147",
        "source": "osm",
        "title": "About Time",
        "address": "",
        "description": "To celebrate the 30th anniversary of women undergraduates at Balliol.",
        "categories": [
          "cultural",
          "art"
        ],
        "primary_category": "cultural",
        "interest_score": 35,
        "website": "",
        "wikipedia": "",
        "wikidata": "",
        "source_url": "https://www.openstreetmap.org/node/8608371147",
        "fetched_at_utc": "2026-10-07T11:42:24+00:00",
        "query_key": "galleries_and_arts",
        "tags": {
          "alt_name": "Anniversary Sundial",
          "amenity": "clock",
          "artist_name": "David Harber",
          "artwork_type": "sculpture",
          "description": "To celebrate the 30th anniversary of women undergraduates at Balliol.",
          "display": "sundial",
          "material": "steel",
          "name": "About Time",
          "start_date": "2010",
          "support": "pedestal",
          "tourism": "artwork"
        }
      }
    },
    {
      "type": "Feature",
      "geometry": {
        "type": "Point",
        "coordinates": [
          -1.2204230333333332,
          51.74194978333333
        ]
      },
      "properties": {
        "id": "osm:way:52285611",
        "source": "osm",
        "title": "Barracks Lane Meadow",
        "address": "",
        "description": "From old maps this tiny site is the last part of ancient Cowley Common. It would have been rough grazed, then transformed to a mowing regime for the sports field for Cowley Bus Station, which reserved the original species.",
        "categories": [
          "natural"
        ],
        "primary_category": "natural",
        "interest_score": 35,
        "website": "",
        "wikipedia": "",
        "wikidata": "",
        "source_url": "https://www.openstreetmap.org/way/52285611",
        "fetched_at_utc": "2026-10-07T11:42:24+00:00",
        "query_key": "nature_reserves",
        "tags": {
          "description": "From old maps this tiny site is the last part of ancient Cowley Common. It would have been rough grazed, then transformed to a mowing regime for the sports field for Cowley Bus Station, which reserved the original species.",
          "landuse": "meadow",
          "leisure": "nature_reserve",
          "name": "Barracks Lane Meadow",
          "note:cont": "ment that the houses became too disturbed and had to be taken away. originaly the feild was bigger and the original bus storage and maintinace lay to the cowley road side of the reliance way estate plot."
        }
      }
    },
    {
      "type": "Feature",
      "geometry": {
        "type": "Point",
        "coordinates": [
          -1.2570845,
          51.7555756
        ]
      },
      "properties": {
        "id": "osm:node:12702954219",
        "source": "osm",
        "title": "Cambodian Guard Lion",
        "address": "",
        "description": "Sculpture of a lion made of twisted barbed wire, to fundraise in favour of victims of land mines in Cambodia.",
        "categories": [
          "cultural",
          "art"
        ],
        "primary_category": "cultural",
        "interest_score": 35,
        "website": "",
        "wikipedia": "",
        "wikidata": "",
        "source_url": "https://www.openstreetmap.org/node/12702954219",
        "fetched_at_utc": "2026-10-07T11:42:24+00:00",
        "query_key": "galleries_and_arts",
        "tags": {
          "artist_name": "John Buckley",
          "artwork_type": "statue",
          "description": "Sculpture of a lion made of twisted barbed wire, to fundraise in favour of victims of land mines in Cambodia.",
          "material": "metal",
          "name": "Cambodian Guard Lion",
          "tourism": "artwork",
          "wikimedia_commons": "File:Cambodian_Lion_4.jpg"
        }
      }
    },
    {
      "type": "Feature",
      "geometry": {
        "type": "Point",
        "coordinates": [
          -1.247842,
          51.7505772
        ]
      },
      "properties": {
        "id": "osm:node:8608335820",
        "source": "osm",
        "title": "Cheshire Cat",
        "address": "",
        "description": "From Lewis Carroll’s Alice in Wonderland",
        "categories": [
          "cultural",
          "art"
        ],
        "primary_category": "cultural",
        "interest_score": 35,
        "website": "",
        "wikipedia": "",
        "wikidata": "",
        "source_url": "https://www.openstreetmap.org/node/8608335820",
        "fetched_at_utc": "2026-10-07T11:42:24+00:00",
        "query_key": "galleries_and_arts",
        "tags": {
          "artist_name": "Julian P. Warren",
          "artwork_type": "statue",
          "description": "From Lewis Carroll’s Alice in Wonderland",
          "name": "Cheshire Cat",
          "name:ja": "チェシャ猫",
          "tourism": "artwork"
        }
      }
    },
    {
      "type": "Feature",
      "geometry": {
        "type": "Point",
        "coordinates": [
          -1.2332718,
          51.7417787
        ]
      },
      "properties": {
        "id": "osm:node:12735151419",
        "source": "osm",
        "title": "Domestic cat in a space suit, and a rocket taking off",
        "address": "",
        "description": "Domestic cat in a space suit, and a rocket taking off",
        "categories": [
          "cultural",
          "art"
        ],
        "primary_category": "cultural",
        "interest_score": 35,
        "website": "",
        "wikipedia": "",
        "wikidata": "",
        "source_url": "https://www.openstreetmap.org/node/12735151419",
        "fetched_at_utc": "2026-10-07T11:42:24+00:00",
        "query_key": "galleries_and_arts",
        "tags": {
          "artist_name": "_wall2wall_",
          "artwork_type": "mural",
          "description": "Domestic cat in a space suit, and a rocket taking off",
          "tourism": "artwork"
        }
      }
    },
    {
      "type": "Feature",
      "geometry": {
        "type": "Point",
        "coordinates": [
          -1.2545565,
          51.7540351
        ]
      },
      "properties": {
        "id": "osm:node:8608367909",
        "source": "osm",
        "title": "Earl of Pembroke",
        "address": "",
        "description": "The statue of William Herbert, 3rd Earl of Pembroke.",
        "categories": [
          "cultural",
          "art"
        ],
        "primary_category": "cultural",
        "interest_score": 35,
        "website": "",
        "wikipedia": "",
        "wikidata": "",
        "source_url": "https://www.openstreetmap.org/node/8608367909",
        "fetched_at_utc": "2026-10-07T11:42:24+00:00",
        "query_key": "galleries_and_arts",
        "tags": {
          "artist_name": "Hubert Le Sueur",
          "artwork_type": "statue",
          "description": "The statue of William Herbert, 3rd Earl of Pembroke.",
          "material": "bronze",
          "name": "Earl of Pembroke",
          "tourism": "artwork"
        }
      }
    },
    {
      "type": "Feature",
      "geometry": {
        "type": "Point",
        "coordinates": [
          -1.2610399,
          51.752011
        ]
      },
      "properties": {
        "id": "osm:node:11180696791",
        "source": "osm",
        "title": "Evnomia Chambers",
        "address": "",
        "description": "Law Library",
        "categories": [
          "cultural",
          "literary"
        ],
        "primary_category": "cultural",
        "interest_score": 35,
        "website": "",
        "wikipedia": "",
        "wikidata": "",
        "source_url": "https://www.openstreetmap.org/node/11180696791",
        "fetched_at_utc": "2026-10-07T11:42:24+00:00",
        "query_key": "performance_and_literary",
        "tags": {
          "amenity": "library",
          "description": "Law Library",
          "name": "Evnomia Chambers",
          "operator": "St Peter's College",
          "operator:type": "university"
        }
      }
    },
    {
      "type": "Feature",
      "geometry": {
        "type": "Point",
        "coordinates": [
          -1.2498247,
          51.750931
        ]
      },
      "properties": {
        "id": "osm:node:2133555065",
        "source": "osm",
        "title": "Griffin",
        "address": "",
        "description": "Griffin",
        "categories": [
          "cultural",
          "art"
        ],
        "primary_category": "cultural",
        "interest_score": 35,
        "website": "",
        "wikipedia": "",
        "wikidata": "",
        "source_url": "https://www.openstreetmap.org/node/2133555065",
        "fetched_at_utc": "2026-10-07T11:42:24+00:00",
        "query_key": "galleries_and_arts",
        "tags": {
          "artwork_type": "sculpture",
          "description": "Griffin",
          "material": "stone",
          "tourism": "artwork"
        }
      }
    },
    {
      "type": "Feature",
      "geometry": {
        "type": "Point",
        "coordinates": [
          -1.2648378,
          51.7458016
        ]
      },
      "properties": {
        "id": "osm:node:3299422766",
        "source": "osm",
        "title": "Hand of Gaia",
        "address": "",
        "description": "Wooden sculpture of a buried hand, with fingertips rising from the ground",
        "categories": [
          "cultural",
          "art"
        ],
        "primary_category": "cultural",
        "interest_score": 35,
        "website": "",
        "wikipedia": "",
        "wikidata": "",
        "source_url": "https://www.openstreetmap.org/node/3299422766",
        "fetched_at_utc": "2026-10-07T11:42:24+00:00",
        "query_key": "galleries_and_arts",
        "tags": {
          "artwork_type": "sculpture",
          "description": "Wooden sculpture of a buried hand, with fingertips rising from the ground",
          "material": "wood",
          "name": "Hand of Gaia",
          "tourism": "artwork"
        }
      }
    },
    {
      "type": "Feature",
      "geometry": {
        "type": "Point",
        "coordinates": [
          -1.2623169,
          51.7494006
        ]
      },
      "properties": {
        "id": "osm:node:12702959443",
        "source": "osm",
        "title": "Homage to Doctor Mirabilis",
        "address": "",
        "description": "A stainless steel and neon armillary sphere inspired by the statue of Roger Bacon (Dr Mirabilis) in the Oxford University Museum of Natural History.",
        "categories": [
          "cultural",
          "art"
        ],
        "primary_category": "cultural",
        "interest_score": 35,
        "website": "",
        "wikipedia": "",
        "wikidata": "",
        "source_url": "https://www.openstreetmap.org/node/12702959443",
        "fetched_at_utc": "2026-10-07T11:42:24+00:00",
        "query_key": "galleries_and_arts",
        "tags": {
          "artist_name": "David Batchelor",
          "artwork_type": "sculpture",
          "description": "A stainless steel and neon armillary sphere inspired by the statue of Roger Bacon (Dr Mirabilis) in the Oxford University Museum of Natural History.",
          "level": "0",
          "level:ref": "G",
          "material": "steel",
          "name": "Homage to Doctor Mirabilis",
          "tourism": "artwork",
          "wikimedia_commons": "File:Homage_to_Doctor_Mirabilis_3.jpg"
        }
      }
    },
    {
      "type": "Feature",
      "geometry": {
        "type": "Point",
        "coordinates": [
          -1.2499928,
          51.7510405
        ]
      },
      "properties": {
        "id": "osm:node:2133547972",
        "source": "osm",
        "title": "Janus",
        "address": "",
        "description": "Janus",
        "categories": [
          "cultural",
          "art"
        ],
        "primary_category": "cultural",
        "interest_score": 35,
        "website": "",
        "wikipedia": "",
        "wikidata": "",
        "source_url": "https://www.openstreetmap.org/node/2133547972",
        "fetched_at_utc": "2026-10-07T11:42:24+00:00",
        "query_key": "galleries_and_arts",
        "tags": {
          "artwork_type": "bust",
          "description": "Janus",
          "material": "stone",
          "tourism": "artwork"
        }
      }
    },
    {
      "type": "Feature",
      "geometry": {
        "type": "Point",
        "coordinates": [
          -1.2594477,
          51.7582878
        ]
      },
      "properties": {
        "id": "osm:node:13036970725",
        "source": "osm",
        "title": "Kendrew’s Milestone",
        "address": "",
        "description": "A marble stele with an inlaid design in lead and synthetic resin mapping the structure of Myoglobin, first revealed by John Kendrew.",
        "categories": [
          "cultural",
          "art"
        ],
        "primary_category": "cultural",
        "interest_score": 35,
        "website": "",
        "wikipedia": "",
        "wikidata": "",
        "source_url": "https://www.openstreetmap.org/node/13036970725",
        "fetched_at_utc": "2026-10-07T11:42:24+00:00",
        "query_key": "galleries_and_arts",
        "tags": {
          "artist:wikidata": "Q6486180",
          "artist:wikipedia": "en:Langlands & Bell",
          "artist_name": "Langlands & Bell",
          "artwork_type": "sculpture",
          "description": "A marble stele with an inlaid design in lead and synthetic resin mapping the structure of Myoglobin, first revealed by John Kendrew.",
          "material": "marble",
          "name": "Kendrew’s Milestone",
          "start_date": "2010",
          "tourism": "artwork"
        }
      }
    },
    {
      "type": "Feature",
      "geometry": {
        "type": "Point",
        "coordinates": [
          -1.2522311,
          51.7633921
        ]
      },
      "properties": {
        "id": "osm:node:12702645854",
        "source": "osm",
        "title": "Oxford Swift Tower",
        "address": "",
        "description": "Metal sculpture celebrating swifts, while also providing 25 nesting spaces.",
        "categories": [
          "cultural",
          "art"
        ],
        "primary_category": "cultural",
        "interest_score": 35,
        "website": "",
        "wikipedia": "",
        "wikidata": "",
        "source_url": "https://www.openstreetmap.org/node/12702645854",
        "fetched_at_utc": "2026-10-07T11:42:24+00:00",
        "query_key": "galleries_and_arts",
        "tags": {
          "artist_name": "Jonathan Wheeler",
          "artwork_type": "sculpture",
          "description": "Metal sculpture celebrating swifts, while also providing 25 nesting spaces.",
          "material": "metal",
          "name": "Oxford Swift Tower",
          "tourism": "artwork",
          "wikimedia_commons": "File:Oxford_Swift_Tower,_University_Parks_2.jpg"
        }
      }
    },
    {
      "type": "Feature",
      "geometry": {
        "type": "Point",
        "coordinates": [
          -1.2543176,
          51.7703511
        ]
      },
      "properties": {
        "id": "osm:node:8941948944",
        "source": "osm",
        "title": "Pinnacle from Merton College",
        "address": "",
        "description": "A pinnacle from a tower of Merton College gifted to the college after being found in north Oxford stone mason yard by Desmond Kay. After Merton underwent a resurfacing campaign, the pinnacle was removed and replaced, before eventually being gifted to Wolf",
        "categories": [
          "cultural",
          "art"
        ],
        "primary_category": "cultural",
        "interest_score": 35,
        "website": "",
        "wikipedia": "",
        "wikidata": "",
        "source_url": "https://www.openstreetmap.org/node/8941948944",
        "fetched_at_utc": "2026-10-07T11:42:24+00:00",
        "query_key": "galleries_and_arts",
        "tags": {
          "artwork_type": "sculpture",
          "description": "A pinnacle from a tower of Merton College gifted to the college after being found in north Oxford stone mason yard by Desmond Kay. After Merton underwent a resurfacing campaign, the pinnacle was removed and replaced, before eventually being gifted to Wolf",
          "name": "Pinnacle from Merton College",
          "tourism": "artwork"
        }
      }
    },
    {
      "type": "Feature",
      "geometry": {
        "type": "Point",
        "coordinates": [
          -1.2546746,
          51.7697758
        ]
      },
      "properties": {
        "id": "osm:node:8942009936",
        "source": "osm",
        "title": "Tre Fiori",
        "address": "",
        "description": "Tre Fiori (Itailian: Three Flowers ) Plant Sculpture in memory of the Gartons\nA sculpture to remember the founding member Jeff Garton, who kindly left his estate to the college. The three flowers represent him, his first wife Natalie and second wife Kay.",
        "categories": [
          "cultural",
          "art"
        ],
        "primary_category": "cultural",
        "interest_score": 35,
        "website": "",
        "wikipedia": "",
        "wikidata": "",
        "source_url": "https://www.openstreetmap.org/node/8942009936",
        "fetched_at_utc": "2026-10-07T11:42:24+00:00",
        "query_key": "galleries_and_arts",
        "tags": {
          "artist_name": "Rob Ward",
          "artwork_type": "sculpture",
          "description": "Tre Fiori (Itailian: Three Flowers ) Plant Sculpture in memory of the Gartons\nA sculpture to remember the founding member Jeff Garton, who kindly left his estate to the college. The three flowers represent him, his first wife Natalie and second wife Kay.",
          "material": "metal",
          "name": "Tre Fiori",
          "start_date": "2020",
          "tourism": "artwork"
        }
      }
    },
    {
      "type": "Feature",
      "geometry": {
        "type": "Point",
        "coordinates": [
          -1.2394385,
          51.7535368
        ]
      },
      "properties": {
        "id": "osm:node:2164588175",
        "source": "osm",
        "title": "Y",
        "address": "",
        "description": "A sculpture to celebrate the 550th anniversary of Magdalen College in 2008.",
        "categories": [
          "cultural",
          "art"
        ],
        "primary_category": "cultural",
        "interest_score": 35,
        "website": "",
        "wikipedia": "",
        "wikidata": "",
        "source_url": "https://www.openstreetmap.org/node/2164588175",
        "fetched_at_utc": "2026-10-07T11:42:24+00:00",
        "query_key": "galleries_and_arts",
        "tags": {
          "artist_name": "Mark Wallinger",
          "artwork_type": "sculpture",
          "description": "A sculpture to celebrate the 550th anniversary of Magdalen College in 2008.",
          "material": "metal",
          "name": "Y",
          "source": "survery",
          "start_date": "2008",
          "subject:wikidata": "Q130641700",
          "tourism": "artwork",
          "wikimedia_commons": "File:Y,_Magdalen_College,_Oxford_3.jpg"
        }
      }
    },
    {
      "type": "Feature",
      "geometry": {
        "type": "Point",
        "coordinates": [
          -1.2706584923076925,
          51.766596549999996
        ]
      },
      "properties": {
        "id": "osm:way:26423827",
        "source": "osm",
        "title": "Aristotle Lane Recreation Ground",
        "address": "",
        "description": "",
        "categories": [
          "natural",
          "park"
        ],
        "primary_category": "natural",
        "interest_score": 34,
        "website": "",
        "wikipedia": "",
        "wikidata": "",
        "source_url": "https://www.openstreetmap.org/way/26423827",
        "fetched_at_utc": "2026-10-07T11:42:24+00:00",
        "query_key": "parks",
        "tags": {
          "landuse": "recreation_ground",
          "leisure": "park",
          "name": "Aristotle Lane Recreation Ground"
        }
      }
    },
    {
      "type": "Feature",
      "geometry": {
        "type": "Point",
        "coordinates": [
          -1.2540099076923075,
          51.7552749
        ]
      },
      "properties": {
        "id": "osm:way:991781803",
        "source": "osm",
        "title": "Barbara Naylor Garden",
        "address": "",
        "description": "",
        "categories": [
          "natural",
          "garden"
        ],
        "primary_category": "natural",
        "interest_score": 34,
        "website": "",
        "wikipedia": "",
        "wikidata": "",
        "source_url": "https://www.openstreetmap.org/way/991781803",
        "fetched_at_utc": "2026-10-07T11:42:24+00:00",
        "query_key": "gardens",
        "tags": {
          "leisure": "garden",
          "name": "Barbara Naylor Garden"
        }
      }
    },
    {
      "type": "Feature",
      "geometry": {
        "type": "Point",
        "coordinates": [
          -1.22456688,
          51.743363839999994
        ]
      },
      "properties": {
        "id": "osm:way:38595513",
        "source": "osm",
        "title": "Barracks Lane Community Garden",
        "address": "Barracks Lane",
        "description": "",
        "categories": [
          "natural",
          "garden"
        ],
        "primary_category": "natural",
        "interest_score": 34,
        "website": "",
        "wikipedia": "",
        "wikidata": "",
        "source_url": "https://www.openstreetmap.org/way/38595513",
        "fetched_at_utc": "2026-10-07T11:42:24+00:00",
        "query_key": "gardens",
        "tags": {
          "addr:street": "Barracks Lane",
          "leisure": "garden",
          "name": "Barracks Lane Community Garden"
        }
      }
    },
    {
      "type": "Feature",
      "geometry": {
        "type": "Point",
        "coordinates": [
          -1.2500543428571427,
          51.75178750000001
        ]
      },
      "properties": {
        "id": "osm:way:1209335740",
        "source": "osm",
        "title": "Bob Thomas Garden",
        "address": "",
        "description": "",
        "categories": [
          "natural",
          "garden"
        ],
        "primary_category": "natural",
        "interest_score": 34,
        "website": "",
        "wikipedia": "",
        "wikidata": "",
        "source_url": "https://www.openstreetmap.org/way/1209335740",
        "fetched_at_utc": "2026-10-07T11:42:24+00:00",
        "query_key": "gardens",
        "tags": {
          "access": "private",
          "leisure": "garden",
          "name": "Bob Thomas Garden",
          "operator": "University College"
        }
      }
    },
    {
      "type": "Feature",
      "geometry": {
        "type": "Point",
        "coordinates": [
          -1.2765465656249995,
          51.75408011875001
        ]
      },
      "properties": {
        "id": "osm:way:3338916",
        "source": "osm",
        "title": "Botley Park",
        "address": "",
        "description": "",
        "categories": [
          "natural",
          "park"
        ],
        "primary_category": "natural",
        "interest_score": 34,
        "website": "",
        "wikipedia": "",
        "wikidata": "",
        "source_url": "https://www.openstreetmap.org/way/3338916",
        "fetched_at_utc": "2026-10-07T11:42:24+00:00",
        "query_key": "parks",
        "tags": {
          "landuse": "recreation_ground",
          "leisure": "park",
          "name": "Botley Park",
          "note": "Various pitches, paths around edge"
        }
      }
    },
    {
      "type": "Feature",
      "geometry": {
        "type": "Point",
        "coordinates": [
          -1.2501859100000001,
          51.75368352
        ]
      },
      "properties": {
        "id": "osm:relation:13313360",
        "source": "osm",
        "title": "Broadbent Garden",
        "address": "",
        "description": "",
        "categories": [
          "natural",
          "garden"
        ],
        "primary_category": "natural",
        "interest_score": 34,
        "website": "",
        "wikipedia": "",
        "wikidata": "",
        "source_url": "https://www.openstreetmap.org/relation/13313360",
        "fetched_at_utc": "2026-10-07T11:42:24+00:00",
        "query_key": "gardens",
        "tags": {
          "disused:amenity": "grave_yard",
          "disused:denomination": "anglican",
          "disused:religion": "christian",
          "leisure": "garden",
          "name": "Broadbent Garden"
        }
      }
    },
    {
      "type": "Feature",
      "geometry": {
        "type": "Point",
        "coordinates": [
          -1.25333803125,
          51.7555242
        ]
      },
      "properties": {
        "id": "osm:relation:19318609",
        "source": "osm",
        "title": "Bruce Naylor Garden",
        "address": "",
        "description": "",
        "categories": [
          "natural",
          "garden"
        ],
        "primary_category": "natural",
        "interest_score": 34,
        "website": "",
        "wikipedia": "",
        "wikidata": "",
        "source_url": "https://www.openstreetmap.org/relation/19318609",
        "fetched_at_utc": "2026-10-07T11:42:24+00:00",
        "query_key": "gardens",
        "tags": {
          "leisure": "garden",
          "name": "Bruce Naylor Garden"
        }
      }
    },
    {
      "type": "Feature",
      "geometry": {
        "type": "Point",
        "coordinates": [
          -1.2628090314285714,
          51.751294505714284
        ]
      },
      "properties": {
        "id": "osm:relation:12559422",
        "source": "osm",
        "title": "Castle Garden",
        "address": "",
        "description": "",
        "categories": [
          "natural",
          "garden"
        ],
        "primary_category": "natural",
        "interest_score": 34,
        "website": "",
        "wikipedia": "",
        "wikidata": "",
        "source_url": "https://www.openstreetmap.org/relation/12559422",
        "fetched_at_utc": "2026-10-07T11:42:24+00:00",
        "query_key": "gardens",
        "tags": {
          "leisure": "garden",
          "name": "Castle Garden"
        }
      }
    },
    {
      "type": "Feature",
      "geometry": {
        "type": "Point",
        "coordinates": [
          -1.2545307114285718,
          51.750315111428584
        ]
      },
      "properties": {
        "id": "osm:way:359895128",
        "source": "osm",
        "title": "Cathedral Garden",
        "address": "",
        "description": "",
        "categories": [
          "natural",
          "garden"
        ],
        "primary_category": "natural",
        "interest_score": 34,
        "website": "",
        "wikipedia": "",
        "wikidata": "",
        "source_url": "https://www.openstreetmap.org/way/359895128",
        "fetched_at_utc": "2026-10-07T11:42:24+00:00",
        "query_key": "gardens",
        "tags": {
          "leisure": "garden",
          "name": "Cathedral Garden"
        }
      }
    },
    {
      "type": "Feature",
      "geometry": {
        "type": "Point",
        "coordinates": [
          -1.2370800833333333,
          51.74151003333333
        ]
      },
      "properties": {
        "id": "osm:way:1263757721",
        "source": "osm",
        "title": "Cedar Garden",
        "address": "",
        "description": "",
        "categories": [
          "natural",
          "garden"
        ],
        "primary_category": "natural",
        "interest_score": 34,
        "website": "",
        "wikipedia": "",
        "wikidata": "",
        "source_url": "https://www.openstreetmap.org/way/1263757721",
        "fetched_at_utc": "2026-10-07T11:42:24+00:00",
        "query_key": "gardens",
        "tags": {
          "leisure": "garden",
          "name": "Cedar Garden"
        }
      }
    },
    {
      "type": "Feature",
      "geometry": {
        "type": "Point",
        "coordinates": [
          -1.2728475814814817,
          51.75779584814815
        ]
      },
      "properties": {
        "id": "osm:way:551992500",
        "source": "osm",
        "title": "Chancellor Park",
        "address": "",
        "description": "",
        "categories": [
          "natural",
          "garden"
        ],
        "primary_category": "natural",
        "interest_score": 34,
        "website": "",
        "wikipedia": "",
        "wikidata": "",
        "source_url": "https://www.openstreetmap.org/way/551992500",
        "fetched_at_utc": "2026-10-07T11:42:24+00:00",
        "query_key": "gardens",
        "tags": {
          "leisure": "garden",
          "name": "Chancellor Park",
          "surface": "grass"
        }
      }
    },
    {
      "type": "Feature",
      "geometry": {
        "type": "Point",
        "coordinates": [
          -1.23672944,
          51.741625920000004
        ]
      },
      "properties": {
        "id": "osm:way:1263757724",
        "source": "osm",
        "title": "Chapel Garden",
        "address": "",
        "description": "",
        "categories": [
          "natural",
          "garden"
        ],
        "primary_category": "natural",
        "interest_score": 34,
        "website": "",
        "wikipedia": "",
        "wikidata": "",
        "source_url": "https://www.openstreetmap.org/way/1263757724",
        "fetched_at_utc": "2026-10-07T11:42:24+00:00",
        "query_key": "gardens",
        "tags": {
          "leisure": "garden",
          "name": "Chapel Garden"
        }
      }
    },
    {
      "type": "Feature",
      "geometry": {
        "type": "Point",
        "coordinates": [
          -1.237314242857143,
          51.74202948571428
        ]
      },
      "properties": {
        "id": "osm:way:1263757723",
        "source": "osm",
        "title": "Cherry Garden",
        "address": "",
        "description": "",
        "categories": [
          "natural",
          "garden"
        ],
        "primary_category": "natural",
        "interest_score": 34,
        "website": "",
        "wikipedia": "",
        "wikidata": "",
        "source_url": "https://www.openstreetmap.org/way/1263757723",
        "fetched_at_utc": "2026-10-07T11:42:24+00:00",
        "query_key": "gardens",
        "tags": {
          "leisure": "garden",
          "name": "Cherry Garden"
        }
      }
    },
    {
      "type": "Feature",
      "geometry": {
        "type": "Point",
        "coordinates": [
          -1.2562956476190474,
          51.749228890476196
        ]
      },
      "properties": {
        "id": "osm:relation:12589915",
        "source": "osm",
        "title": "Circle Garden",
        "address": "",
        "description": "",
        "categories": [
          "natural",
          "garden"
        ],
        "primary_category": "natural",
        "interest_score": 34,
        "website": "",
        "wikipedia": "",
        "wikidata": "",
        "source_url": "https://www.openstreetmap.org/relation/12589915",
        "fetched_at_utc": "2026-10-07T11:42:24+00:00",
        "query_key": "gardens",
        "tags": {
          "leisure": "garden",
          "name": "Circle Garden"
        }
      }
    },
    {
      "type": "Feature",
      "geometry": {
        "type": "Point",
        "coordinates": [
          -1.253479623529412,
          51.75598006470588
        ]
      },
      "properties": {
        "id": "osm:way:296204752",
        "source": "osm",
        "title": "Cloister Garden",
        "address": "",
        "description": "",
        "categories": [
          "natural",
          "garden"
        ],
        "primary_category": "natural",
        "interest_score": 34,
        "website": "",
        "wikipedia": "",
        "wikidata": "",
        "source_url": "https://www.openstreetmap.org/way/296204752",
        "fetched_at_utc": "2026-10-07T11:42:24+00:00",
        "query_key": "gardens",
        "tags": {
          "alt_name": "Cloisters Garden",
          "leisure": "garden",
          "name": "Cloister Garden"
        }
      }
    },
    {
      "type": "Feature",
      "geometry": {
        "type": "Point",
        "coordinates": [
          -1.25488894,
          51.749909020000004
        ]
      },
      "properties": {
        "id": "osm:relation:12589913",
        "source": "osm",
        "title": "Cloister Garden",
        "address": "",
        "description": "",
        "categories": [
          "natural",
          "garden"
        ],
        "primary_category": "natural",
        "interest_score": 34,
        "website": "",
        "wikipedia": "",
        "wikidata": "",
        "source_url": "https://www.openstreetmap.org/relation/12589913",
        "fetched_at_utc": "2026-10-07T11:42:24+00:00",
        "query_key": "gardens",
        "tags": {
          "leisure": "garden",
          "name": "Cloister Garden"
        }
      }
    },
    {
      "type": "Feature",
      "geometry": {
        "type": "Point",
        "coordinates": [
          -1.2550015761904763,
          51.75075358095238
        ]
      },
      "properties": {
        "id": "osm:way:359895124",
        "source": "osm",
        "title": "Dean's Garden",
        "address": "",
        "description": "",
        "categories": [
          "natural",
          "garden"
        ],
        "primary_category": "natural",
        "interest_score": 34,
        "website": "",
        "wikipedia": "",
        "wikidata": "",
        "source_url": "https://www.openstreetmap.org/way/359895124",
        "fetched_at_utc": "2026-10-07T11:42:24+00:00",
        "query_key": "gardens",
        "tags": {
          "alt_name": "Deanery Garden",
          "leisure": "garden",
          "name": "Dean's Garden"
        }
      }
    },
    {
      "type": "Feature",
      "geometry": {
        "type": "Point",
        "coordinates": [
          -1.2307928909090908,
          51.76482665909091
        ]
      },
      "properties": {
        "id": "osm:way:888234672",
        "source": "osm",
        "title": "Doris Field Memorial Park",
        "address": "",
        "description": "",
        "categories": [
          "natural",
          "park"
        ],
        "primary_category": "natural",
        "interest_score": 34,
        "website": "",
        "wikipedia": "",
        "wikidata": "",
        "source_url": "https://www.openstreetmap.org/way/888234672",
        "fetched_at_utc": "2026-10-07T11:42:24+00:00",
        "query_key": "parks",
        "tags": {
          "leisure": "park",
          "name": "Doris Field Memorial Park",
          "operator": "Doris Field Charitable Trust",
          "start_date": "November 2000"
        }
      }
    },
    {
      "type": "Feature",
      "geometry": {
        "type": "Point",
        "coordinates": [
          -1.251789888888889,
          51.75309353333333
        ]
      },
      "properties": {
        "id": "osm:way:89415161",
        "source": "osm",
        "title": "Drawda Garden",
        "address": "",
        "description": "",
        "categories": [
          "natural",
          "garden"
        ],
        "primary_category": "natural",
        "interest_score": 34,
        "website": "",
        "wikipedia": "",
        "wikidata": "",
        "source_url": "https://www.openstreetmap.org/way/89415161",
        "fetched_at_utc": "2026-10-07T11:42:24+00:00",
        "query_key": "gardens",
        "tags": {
          "access": "private",
          "leisure": "garden",
          "name": "Drawda Garden"
        }
      }
    },
    {
      "type": "Feature",
      "geometry": {
        "type": "Point",
        "coordinates": [
          -1.2513719799999998,
          51.75971452
        ]
      },
      "properties": {
        "id": "osm:way:556632299",
        "source": "osm",
        "title": "Dunn School Japanese Garden",
        "address": "",
        "description": "",
        "categories": [
          "natural",
          "garden"
        ],
        "primary_category": "natural",
        "interest_score": 34,
        "website": "",
        "wikipedia": "",
        "wikidata": "",
        "source_url": "https://www.openstreetmap.org/way/556632299",
        "fetched_at_utc": "2026-10-07T11:42:24+00:00",
        "query_key": "gardens",
        "tags": {
          "leisure": "garden",
          "name": "Dunn School Japanese Garden"
        }
      }
    },
    {
      "type": "Feature",
      "geometry": {
        "type": "Point",
        "coordinates": [
          -1.2329255,
          51.73837542
        ]
      },
      "properties": {
        "id": "osm:way:1388593391",
        "source": "osm",
        "title": "Emily's Garden",
        "address": "",
        "description": "",
        "categories": [
          "natural",
          "garden"
        ],
        "primary_category": "natural",
        "interest_score": 34,
        "website": "",
        "wikipedia": "",
        "wikidata": "",
        "source_url": "https://www.openstreetmap.org/way/1388593391",
        "fetched_at_utc": "2026-10-07T11:42:24+00:00",
        "query_key": "gardens",
        "tags": {
          "garden:type": "community",
          "leisure": "garden",
          "name": "Emily's Garden"
        }
      }
    },
    {
      "type": "Feature",
      "geometry": {
        "type": "Point",
        "coordinates": [
          -1.26298096,
          51.75862511999999
        ]
      },
      "properties": {
        "id": "osm:way:687435719",
        "source": "osm",
        "title": "Fellows Garden",
        "address": "",
        "description": "",
        "categories": [
          "natural",
          "garden"
        ],
        "primary_category": "natural",
        "interest_score": 34,
        "website": "",
        "wikipedia": "",
        "wikidata": "",
        "source_url": "https://www.openstreetmap.org/way/687435719",
        "fetched_at_utc": "2026-10-07T11:42:24+00:00",
        "query_key": "gardens",
        "tags": {
          "leisure": "garden",
          "name": "Fellows Garden",
          "source": "Aivin Gast"
        }
      }
    },
    {
      "type": "Feature",
      "geometry": {
        "type": "Point",
        "coordinates": [
          -1.238221415625,
          51.75506663125001
        ]
      },
      "properties": {
        "id": "osm:way:78411004",
        "source": "osm",
        "title": "Fellows' Garden",
        "address": "",
        "description": "",
        "categories": [
          "natural",
          "garden"
        ],
        "primary_category": "natural",
        "interest_score": 34,
        "website": "",
        "wikipedia": "",
        "wikidata": "",
        "source_url": "https://www.openstreetmap.org/way/78411004",
        "fetched_at_utc": "2026-10-07T11:42:24+00:00",
        "query_key": "gardens",
        "tags": {
          "learning": "oxford_college_annexe",
          "leisure": "garden",
          "name": "Fellows' Garden",
          "operator": "Magdalen College",
          "source": "historical",
          "source_ref": "http://warper.geothings.net/maps/398"
        }
      }
    },
    {
      "type": "Feature",
      "geometry": {
        "type": "Point",
        "coordinates": [
          -1.2540819764705886,
          51.75633662941178
        ]
      },
      "properties": {
        "id": "osm:way:139735432",
        "source": "osm",
        "title": "Fellows' Garden",
        "address": "",
        "description": "",
        "categories": [
          "natural",
          "garden"
        ],
        "primary_category": "natural",
        "interest_score": 34,
        "website": "",
        "wikipedia": "",
        "wikidata": "",
        "source_url": "https://www.openstreetmap.org/way/139735432",
        "fetched_at_utc": "2026-10-07T11:42:24+00:00",
        "query_key": "gardens",
        "tags": {
          "leisure": "garden",
          "name": "Fellows' Garden",
          "source": "Bing"
        }
      }
    },
    {
      "type": "Feature",
      "geometry": {
        "type": "Point",
        "coordinates": [
          -1.2550229124999999,
          51.75377146249999
        ]
      },
      "properties": {
        "id": "osm:way:230240248",
        "source": "osm",
        "title": "Fellows' Garden",
        "address": "",
        "description": "",
        "categories": [
          "natural",
          "garden"
        ],
        "primary_category": "natural",
        "interest_score": 34,
        "website": "",
        "wikipedia": "",
        "wikidata": "",
        "source_url": "https://www.openstreetmap.org/way/230240248",
        "fetched_at_utc": "2026-10-07T11:42:24+00:00",
        "query_key": "gardens",
        "tags": {
          "access": "private",
          "leisure": "garden",
          "name": "Fellows' Garden"
        }
      }
    },
    {
      "type": "Feature",
      "geometry": {
        "type": "Point",
        "coordinates": [
          -1.25755457254902,
          51.754817727450984
        ]
      },
      "properties": {
        "id": "osm:relation:3945258",
        "source": "osm",
        "title": "Fellows' Garden",
        "address": "",
        "description": "",
        "categories": [
          "natural",
          "garden"
        ],
        "primary_category": "natural",
        "interest_score": 34,
        "website": "",
        "wikipedia": "",
        "wikidata": "",
        "source_url": "https://www.openstreetmap.org/relation/3945258",
        "fetched_at_utc": "2026-10-07T11:42:24+00:00",
        "query_key": "gardens",
        "tags": {
          "leisure": "garden",
          "name": "Fellows' Garden"
        }
      }
    },
    {
      "type": "Feature",
      "geometry": {
        "type": "Point",
        "coordinates": [
          -1.2554477307692307,
          51.752937615384624
        ]
      },
      "properties": {
        "id": "osm:relation:10523094",
        "source": "osm",
        "title": "Fellows' Garden",
        "address": "",
        "description": "",
        "categories": [
          "natural",
          "garden"
        ],
        "primary_category": "natural",
        "interest_score": 34,
        "website": "",
        "wikipedia": "",
        "wikidata": "",
        "source_url": "https://www.openstreetmap.org/relation/10523094",
        "fetched_at_utc": "2026-10-07T11:42:24+00:00",
        "query_key": "gardens",
        "tags": {
          "leisure": "garden",
          "name": "Fellows' Garden"
        }
      }
    },
    {
      "type": "Feature",
      "geometry": {
        "type": "Point",
        "coordinates": [
          -1.2522391333333336,
          51.766691288888886
        ]
      },
      "properties": {
        "id": "osm:way:534327215",
        "source": "osm",
        "title": "Fellows' Garden",
        "address": "",
        "description": "",
        "categories": [
          "natural",
          "garden"
        ],
        "primary_category": "natural",
        "interest_score": 34,
        "website": "",
        "wikipedia": "",
        "wikidata": "",
        "source_url": "https://www.openstreetmap.org/way/534327215",
        "fetched_at_utc": "2026-10-07T11:42:24+00:00",
        "query_key": "gardens",
        "tags": {
          "leisure": "garden",
          "name": "Fellows' Garden"
        }
      }
    },
    {
      "type": "Feature",
      "geometry": {
        "type": "Point",
        "coordinates": [
          -1.2590515214285716,
          51.750031421428574
        ]
      },
      "properties": {
        "id": "osm:way:766037613",
        "source": "osm",
        "title": "Fellows' Garden",
        "address": "",
        "description": "",
        "categories": [
          "natural",
          "garden"
        ],
        "primary_category": "natural",
        "interest_score": 34,
        "website": "",
        "wikipedia": "",
        "wikidata": "",
        "source_url": "https://www.openstreetmap.org/way/766037613",
        "fetched_at_utc": "2026-10-07T11:42:24+00:00",
        "query_key": "gardens",
        "tags": {
          "access": "private",
          "leisure": "garden",
          "name": "Fellows' Garden"
        }
      }
    },
    {
      "type": "Feature",
      "geometry": {
        "type": "Point",
        "coordinates": [
          -1.2526256466666665,
          51.75696111333334
        ]
      },
      "properties": {
        "id": "osm:way:850888170",
        "source": "osm",
        "title": "Fellows' Garden",
        "address": "",
        "description": "",
        "categories": [
          "natural",
          "garden"
        ],
        "primary_category": "natural",
        "interest_score": 34,
        "website": "",
        "wikipedia": "",
        "wikidata": "",
        "source_url": "https://www.openstreetmap.org/way/850888170",
        "fetched_at_utc": "2026-10-07T11:42:24+00:00",
        "query_key": "gardens",
        "tags": {
          "leisure": "garden",
          "name": "Fellows' Garden"
        }
      }
    },
    {
      "type": "Feature",
      "geometry": {
        "type": "Point",
        "coordinates": [
          -1.2572421125000002,
          51.755083875
        ]
      },
      "properties": {
        "id": "osm:way:1420448070",
        "source": "osm",
        "title": "Fellows' Garden",
        "address": "",
        "description": "",
        "categories": [
          "natural",
          "garden"
        ],
        "primary_category": "natural",
        "interest_score": 34,
        "website": "",
        "wikipedia": "",
        "wikidata": "",
        "source_url": "https://www.openstreetmap.org/way/1420448070",
        "fetched_at_utc": "2026-10-07T11:42:24+00:00",
        "query_key": "gardens",
        "tags": {
          "access": "private",
          "leisure": "garden",
          "name": "Fellows' Garden"
        }
      }
    },
    {
      "type": "Feature",
      "geometry": {
        "type": "Point",
        "coordinates": [
          -1.2504937333333332,
          51.751131175
        ]
      },
      "properties": {
        "id": "osm:relation:16469305",
        "source": "osm",
        "title": "Fellows' Garden",
        "address": "",
        "description": "",
        "categories": [
          "natural",
          "garden"
        ],
        "primary_category": "natural",
        "interest_score": 34,
        "website": "",
        "wikipedia": "",
        "wikidata": "",
        "source_url": "https://www.openstreetmap.org/relation/16469305",
        "fetched_at_utc": "2026-10-07T11:42:24+00:00",
        "query_key": "gardens",
        "tags": {
          "access": "private",
          "leisure": "garden",
          "name": "Fellows' Garden",
          "name:zh": "默顿学院",
          "opening_hours": "Mo-Fr 14:00-17:00; Sa-Su 10:00-17:00"
        }
      }
    },
    {
      "type": "Feature",
      "geometry": {
        "type": "Point",
        "coordinates": [
          -1.25434475,
          51.75686075714286
        ]
      },
      "properties": {
        "id": "osm:way:148103430",
        "source": "osm",
        "title": "Fellows' Private Garden",
        "address": "",
        "description": "",
        "categories": [
          "natural",
          "garden"
        ],
        "primary_category": "natural",
        "interest_score": 34,
        "website": "",
        "wikipedia": "",
        "wikidata": "",
        "source_url": "https://www.openstreetmap.org/way/148103430",
        "fetched_at_utc": "2026-10-07T11:42:24+00:00",
        "query_key": "gardens",
        "tags": {
          "leisure": "garden",
          "name": "Fellows' Private Garden",
          "source": "Bing"
        }
      }
    },
    {
      "type": "Feature",
      "geometry": {
        "type": "Point",
        "coordinates": [
          -1.2497127368421055,
          51.75286500000001
        ]
      },
      "properties": {
        "id": "osm:relation:21470800",
        "source": "osm",
        "title": "Forum Garden",
        "address": "",
        "description": "",
        "categories": [
          "natural",
          "garden"
        ],
        "primary_category": "natural",
        "interest_score": 34,
        "website": "",
        "wikipedia": "",
        "wikidata": "",
        "source_url": "https://www.openstreetmap.org/relation/21470800",
        "fetched_at_utc": "2026-10-07T11:42:24+00:00",
        "query_key": "gardens",
        "tags": {
          "access": "private",
          "alt_name": "Back Quad",
          "leisure": "garden",
          "name": "Forum Garden"
        }
      }
    },
    {
      "type": "Feature",
      "geometry": {
        "type": "Point",
        "coordinates": [
          -1.2499438235294118,
          51.75372876176469
        ]
      },
      "properties": {
        "id": "osm:way:126369486",
        "source": "osm",
        "title": "Gardens",
        "address": "",
        "description": "",
        "categories": [
          "natural",
          "garden"
        ],
        "primary_category": "natural",
        "interest_score": 34,
        "website": "",
        "wikipedia": "",
        "wikidata": "",
        "source_url": "https://www.openstreetmap.org/way/126369486",
        "fetched_at_utc": "2026-10-07T11:42:24+00:00",
        "query_key": "gardens",
        "tags": {
          "leisure": "garden",
          "name": "Gardens",
          "source:geometry": "Bing",
          "surface": "grass"
        }
      }
    },
    {
      "type": "Feature",
      "geometry": {
        "type": "Point",
        "coordinates": [
          -1.2543862350000001,
          51.77021227499999
        ]
      },
      "properties": {
        "id": "osm:way:295828066",
        "source": "osm",
        "title": "Gardens",
        "address": "",
        "description": "",
        "categories": [
          "natural",
          "garden"
        ],
        "primary_category": "natural",
        "interest_score": 34,
        "website": "",
        "wikipedia": "",
        "wikidata": "",
        "source_url": "https://www.openstreetmap.org/way/295828066",
        "fetched_at_utc": "2026-10-07T11:42:24+00:00",
        "query_key": "gardens",
        "tags": {
          "leisure": "garden",
          "name": "Gardens"
        }
      }
    },
    {
      "type": "Feature",
      "geometry": {
        "type": "Point",
        "coordinates": [
          -1.2577522,
          51.75590825555555
        ]
      },
      "properties": {
        "id": "osm:way:308611952",
        "source": "osm",
        "title": "Gooseberry Garden",
        "address": "",
        "description": "",
        "categories": [
          "natural",
          "garden"
        ],
        "primary_category": "natural",
        "interest_score": 34,
        "website": "",
        "wikipedia": "",
        "wikidata": "",
        "source_url": "https://www.openstreetmap.org/way/308611952",
        "fetched_at_utc": "2026-10-07T11:42:24+00:00",
        "query_key": "gardens",
        "tags": {
          "is_in": "St John's College",
          "leisure": "garden",
          "name": "Gooseberry Garden",
          "source:name": "MT 2014 Staff newsletter and http://beomino.blogspot.co.uk/2010/01/getting-sorted.html"
        }
      }
    },
    {
      "type": "Feature",
      "geometry": {
        "type": "Point",
        "coordinates": [
          -1.2633675433333331,
          51.74570378833331
        ]
      },
      "properties": {
        "id": "osm:way:32115167",
        "source": "osm",
        "title": "Grandpont Nature Park",
        "address": "",
        "description": "",
        "categories": [
          "natural",
          "park"
        ],
        "primary_category": "natural",
        "interest_score": 34,
        "website": "",
        "wikipedia": "",
        "wikidata": "",
        "source_url": "https://www.openstreetmap.org/way/32115167",
        "fetched_at_utc": "2026-10-07T11:42:24+00:00",
        "query_key": "parks",
        "tags": {
          "boundary": "protected_area",
          "leisure": "park",
          "name": "Grandpont Nature Park"
        }
      }
    },
    {
      "type": "Feature",
      "geometry": {
        "type": "Point",
        "coordinates": [
          -1.251006790909091,
          51.76003902727273
        ]
      },
      "properties": {
        "id": "osm:way:1390965306",
        "source": "osm",
        "title": "Hayrick Border",
        "address": "",
        "description": "",
        "categories": [
          "natural",
          "garden"
        ],
        "primary_category": "natural",
        "interest_score": 34,
        "website": "",
        "wikipedia": "",
        "wikidata": "",
        "source_url": "https://www.openstreetmap.org/way/1390965306",
        "fetched_at_utc": "2026-10-07T11:42:24+00:00",
        "query_key": "gardens",
        "tags": {
          "leisure": "garden",
          "name": "Hayrick Border"
        }
      }
    },
    {
      "type": "Feature",
      "geometry": {
        "type": "Point",
        "coordinates": [
          -1.2312922499999999,
          51.754893737500005
        ]
      },
      "properties": {
        "id": "osm:way:479570981",
        "source": "osm",
        "title": "Headington Hill Hall Park",
        "address": "",
        "description": "",
        "categories": [
          "natural",
          "park"
        ],
        "primary_category": "natural",
        "interest_score": 34,
        "website": "",
        "wikipedia": "",
        "wikidata": "",
        "source_url": "https://www.openstreetmap.org/way/479570981",
        "fetched_at_utc": "2026-10-07T11:42:24+00:00",
        "query_key": "parks",
        "tags": {
          "leisure": "park",
          "name": "Headington Hill Hall Park"
        }
      }
    },
    {
      "type": "Feature",
      "geometry": {
        "type": "Point",
        "coordinates": [
          -1.2312976333333334,
          51.755567533333334
        ]
      },
      "properties": {
        "id": "osm:way:479570980",
        "source": "osm",
        "title": "Herb Garden",
        "address": "",
        "description": "",
        "categories": [
          "natural",
          "garden"
        ],
        "primary_category": "natural",
        "interest_score": 34,
        "website": "",
        "wikipedia": "",
        "wikidata": "",
        "source_url": "https://www.openstreetmap.org/way/479570980",
        "fetched_at_utc": "2026-10-07T11:42:24+00:00",
        "query_key": "gardens",
        "tags": {
          "leisure": "garden",
          "name": "Herb Garden"
        }
      }
    },
    {
      "type": "Feature",
      "geometry": {
        "type": "Point",
        "coordinates": [
          -1.2524289833333333,
          51.755747866666674
        ]
      },
      "properties": {
        "id": "osm:way:933286240",
        "source": "osm",
        "title": "Herb Garden",
        "address": "",
        "description": "",
        "categories": [
          "natural",
          "garden"
        ],
        "primary_category": "natural",
        "interest_score": 34,
        "website": "",
        "wikipedia": "",
        "wikidata": "",
        "source_url": "https://www.openstreetmap.org/way/933286240",
        "fetched_at_utc": "2026-10-07T11:42:24+00:00",
        "query_key": "gardens",
        "tags": {
          "leisure": "garden",
          "name": "Herb Garden"
        }
      }
    },
    {
      "type": "Feature",
      "geometry": {
        "type": "Point",
        "coordinates": [
          -1.2570198878787884,
          51.73982508030303
        ]
      },
      "properties": {
        "id": "osm:relation:11647058",
        "source": "osm",
        "title": "Hinksey Park",
        "address": "",
        "description": "",
        "categories": [
          "natural",
          "park"
        ],
        "primary_category": "natural",
        "interest_score": 34,
        "website": "",
        "wikipedia": "",
        "wikidata": "",
        "source_url": "https://www.openstreetmap.org/relation/11647058",
        "fetched_at_utc": "2026-10-07T11:42:24+00:00",
        "query_key": "parks",
        "tags": {
          "leisure": "park",
          "name": "Hinksey Park",
          "operator": "Oxford City Council",
          "source": "Bing"
        }
      }
    },
    {
      "type": "Feature",
      "geometry": {
        "type": "Point",
        "coordinates": [
          -1.2552574999999997,
          51.763839180000005
        ]
      },
      "properties": {
        "id": "osm:way:1564378854",
        "source": "osm",
        "title": "Hirsch Cloister Garden",
        "address": "",
        "description": "",
        "categories": [
          "natural",
          "garden"
        ],
        "primary_category": "natural",
        "interest_score": 34,
        "website": "",
        "wikipedia": "",
        "wikidata": "",
        "source_url": "https://www.openstreetmap.org/way/1564378854",
        "fetched_at_utc": "2026-10-07T11:42:24+00:00",
        "query_key": "gardens",
        "tags": {
          "leisure": "garden",
          "name": "Hirsch Cloister Garden"
        }
      }
    },
    {
      "type": "Feature",
      "geometry": {
        "type": "Point",
        "coordinates": [
          -1.2819427137931034,
          51.7500477275862
        ]
      },
      "properties": {
        "id": "osm:way:329177803",
        "source": "osm",
        "title": "King George's Field",
        "address": "",
        "description": "",
        "categories": [
          "natural",
          "park"
        ],
        "primary_category": "natural",
        "interest_score": 34,
        "website": "",
        "wikipedia": "",
        "wikidata": "",
        "source_url": "https://www.openstreetmap.org/way/329177803",
        "fetched_at_utc": "2026-10-07T11:42:24+00:00",
        "query_key": "parks",
        "tags": {
          "alt_name": "King George's Playing Field",
          "leisure": "park",
          "name": "King George's Field",
          "note": "SW corner needs a proper survey, as not quite as drawn"
        }
      }
    },
    {
      "type": "Feature",
      "geometry": {
        "type": "Point",
        "coordinates": [
          -1.2617985777777778,
          51.75906755555556
        ]
      },
      "properties": {
        "id": "osm:way:687435721",
        "source": "osm",
        "title": "Lisa Monoprio Garden",
        "address": "",
        "description": "",
        "categories": [
          "natural",
          "garden"
        ],
        "primary_category": "natural",
        "interest_score": 34,
        "website": "",
        "wikipedia": "",
        "wikidata": "",
        "source_url": "https://www.openstreetmap.org/way/687435721",
        "fetched_at_utc": "2026-10-07T11:42:24+00:00",
        "query_key": "gardens",
        "tags": {
          "leisure": "garden",
          "name": "Lisa Monoprio Garden",
          "operator": "Somerville College",
          "source": "Aivin Gast"
        }
      }
    },
    {
      "type": "Feature",
      "geometry": {
        "type": "Point",
        "coordinates": [
          -1.25353172,
          51.75035739
        ]
      },
      "properties": {
        "id": "osm:relation:13314924",
        "source": "osm",
        "title": "Main College Garden",
        "address": "",
        "description": "",
        "categories": [
          "natural",
          "garden"
        ],
        "primary_category": "natural",
        "interest_score": 34,
        "website": "",
        "wikipedia": "",
        "wikidata": "",
        "source_url": "https://www.openstreetmap.org/relation/13314924",
        "fetched_at_utc": "2026-10-07T11:42:24+00:00",
        "query_key": "gardens",
        "tags": {
          "leisure": "garden",
          "name": "Main College Garden"
        }
      }
    },
    {
      "type": "Feature",
      "geometry": {
        "type": "Point",
        "coordinates": [
          -1.2325754538461537,
          51.74657073846154
        ]
      },
      "properties": {
        "id": "osm:relation:12655997",
        "source": "osm",
        "title": "Manzil Way Gardens",
        "address": "",
        "description": "",
        "categories": [
          "natural",
          "park"
        ],
        "primary_category": "natural",
        "interest_score": 34,
        "website": "",
        "wikipedia": "",
        "wikidata": "",
        "source_url": "https://www.openstreetmap.org/relation/12655997",
        "fetched_at_utc": "2026-10-07T11:42:24+00:00",
        "query_key": "parks",
        "tags": {
          "access": "yes",
          "leisure": "park",
          "name": "Manzil Way Gardens",
          "operator": "Oxford City Council",
          "operator:type": "public",
          "source": "yahoo_imagery"
        }
      }
    },
    {
      "type": "Feature",
      "geometry": {
        "type": "Point",
        "coordinates": [
          -1.2572987333333332,
          51.75491766
        ]
      },
      "properties": {
        "id": "osm:way:296611867",
        "source": "osm",
        "title": "Master's Garden",
        "address": "",
        "description": "",
        "categories": [
          "natural",
          "garden"
        ],
        "primary_category": "natural",
        "interest_score": 34,
        "website": "",
        "wikipedia": "",
        "wikidata": "",
        "source_url": "https://www.openstreetmap.org/way/296611867",
        "fetched_at_utc": "2026-10-07T11:42:24+00:00",
        "query_key": "gardens",
        "tags": {
          "leisure": "garden",
          "name": "Master's Garden"
        }
      }
    },
    {
      "type": "Feature",
      "geometry": {
        "type": "Point",
        "coordinates": [
          -1.251654554761905,
          51.752065200000004
        ]
      },
      "properties": {
        "id": "osm:relation:12634687",
        "source": "osm",
        "title": "Master's Garden",
        "address": "",
        "description": "",
        "categories": [
          "natural",
          "garden"
        ],
        "primary_category": "natural",
        "interest_score": 34,
        "website": "",
        "wikipedia": "",
        "wikidata": "",
        "source_url": "https://www.openstreetmap.org/relation/12634687",
        "fetched_at_utc": "2026-10-07T11:42:24+00:00",
        "query_key": "gardens",
        "tags": {
          "access": "private",
          "leisure": "garden",
          "name": "Master's Garden"
        }
      }
    },
    {
      "type": "Feature",
      "geometry": {
        "type": "Point",
        "coordinates": [
          -1.25328541,
          51.74983529
        ]
      },
      "properties": {
        "id": "osm:way:146575292",
        "source": "osm",
        "title": "Masters Garden",
        "address": "",
        "description": "",
        "categories": [
          "natural",
          "garden"
        ],
        "primary_category": "natural",
        "interest_score": 34,
        "website": "",
        "wikipedia": "",
        "wikidata": "",
        "source_url": "https://www.openstreetmap.org/way/146575292",
        "fetched_at_utc": "2026-10-07T11:42:24+00:00",
        "query_key": "gardens",
        "tags": {
          "access": "private",
          "leisure": "garden",
          "name": "Masters Garden",
          "source": "Bing, local knowledge"
        }
      }
    },
    {
      "type": "Feature",
      "geometry": {
        "type": "Point",
        "coordinates": [
          -1.2627914600000003,
          51.76101674499999
        ]
      },
      "properties": {
        "id": "osm:way:87344199",
        "source": "osm",
        "title": "McAlpine Quad",
        "address": "",
        "description": "",
        "categories": [
          "natural",
          "garden"
        ],
        "primary_category": "natural",
        "interest_score": 34,
        "website": "",
        "wikipedia": "",
        "wikidata": "",
        "source_url": "https://www.openstreetmap.org/way/87344199",
        "fetched_at_utc": "2026-10-07T11:42:24+00:00",
        "query_key": "gardens",
        "tags": {
          "leisure": "garden",
          "name": "McAlpine Quad",
          "source": "Bing"
        }
      }
    },
    {
      "type": "Feature",
      "geometry": {
        "type": "Point",
        "coordinates": [
          -1.234304824,
          51.761959140000016
        ]
      },
      "properties": {
        "id": "osm:relation:12605914",
        "source": "osm",
        "title": "Milham Ford Nature Park",
        "address": "",
        "description": "",
        "categories": [
          "natural",
          "park"
        ],
        "primary_category": "natural",
        "interest_score": 34,
        "website": "",
        "wikipedia": "",
        "wikidata": "",
        "source_url": "https://www.openstreetmap.org/relation/12605914",
        "fetched_at_utc": "2026-10-07T11:42:24+00:00",
        "query_key": "parks",
        "tags": {
          "barrier": "hedge",
          "leisure": "park",
          "name": "Milham Ford Nature Park",
          "source": "https://www.oxford.gov.uk/directory_record/900/milham_ford_nature_park"
        }
      }
    },
    {
      "type": "Feature",
      "geometry": {
        "type": "Point",
        "coordinates": [
          -1.2724138272727272,
          51.772579345454545
        ]
      },
      "properties": {
        "id": "osm:way:36742677",
        "source": "osm",
        "title": "Mrs Chu's Park",
        "address": "",
        "description": "",
        "categories": [
          "natural",
          "park"
        ],
        "primary_category": "natural",
        "interest_score": 34,
        "website": "",
        "wikipedia": "",
        "wikidata": "",
        "source_url": "https://www.openstreetmap.org/way/36742677",
        "fetched_at_utc": "2026-10-07T11:42:24+00:00",
        "query_key": "parks",
        "tags": {
          "leisure": "park",
          "name": "Mrs Chu's Park"
        }
      }
    },
    {
      "type": "Feature",
      "geometry": {
        "type": "Point",
        "coordinates": [
          -1.22390271,
          51.73721597
        ]
      },
      "properties": {
        "id": "osm:way:37293546",
        "source": "osm",
        "title": "NaturEscape",
        "address": "",
        "description": "",
        "categories": [
          "natural",
          "garden"
        ],
        "primary_category": "natural",
        "interest_score": 34,
        "website": "",
        "wikipedia": "",
        "wikidata": "",
        "source_url": "https://www.openstreetmap.org/way/37293546",
        "fetched_at_utc": "2026-10-07T11:42:24+00:00",
        "query_key": "gardens",
        "tags": {
          "leisure": "garden",
          "name": "NaturEscape"
        }
      }
    },
    {
      "type": "Feature",
      "geometry": {
        "type": "Point",
        "coordinates": [
          -1.28060875,
          51.74403379999999
        ]
      },
      "properties": {
        "id": "osm:way:1026674940",
        "source": "osm",
        "title": "North Hinksey Village Green",
        "address": "",
        "description": "",
        "categories": [
          "natural",
          "park"
        ],
        "primary_category": "natural",
        "interest_score": 34,
        "website": "",
        "wikipedia": "",
        "wikidata": "",
        "source_url": "https://www.openstreetmap.org/way/1026674940",
        "fetched_at_utc": "2026-10-07T11:42:24+00:00",
        "query_key": "parks",
        "tags": {
          "landuse": "village_green",
          "leisure": "park",
          "name": "North Hinksey Village Green"
        }
      }
    },
    {
      "type": "Feature",
      "geometry": {
        "type": "Point",
        "coordinates": [
          -1.264249715217391,
          51.75425587173914
        ]
      },
      "properties": {
        "id": "osm:relation:4008715",
        "source": "osm",
        "title": "Nuffield Lawn",
        "address": "",
        "description": "",
        "categories": [
          "natural",
          "garden"
        ],
        "primary_category": "natural",
        "interest_score": 34,
        "website": "",
        "wikipedia": "",
        "wikidata": "",
        "source_url": "https://www.openstreetmap.org/relation/4008715",
        "fetched_at_utc": "2026-10-07T11:42:24+00:00",
        "query_key": "gardens",
        "tags": {
          "leisure": "garden",
          "name": "Nuffield Lawn"
        }
      }
    },
    {
      "type": "Feature",
      "geometry": {
        "type": "Point",
        "coordinates": [
          -1.2553639749999999,
          51.75684456500001
        ]
      },
      "properties": {
        "id": "osm:way:430874206",
        "source": "osm",
        "title": "Nursery Garden",
        "address": "",
        "description": "",
        "categories": [
          "natural",
          "garden"
        ],
        "primary_category": "natural",
        "interest_score": 34,
        "website": "",
        "wikipedia": "",
        "wikidata": "",
        "source_url": "https://www.openstreetmap.org/way/430874206",
        "fetched_at_utc": "2026-10-07T11:42:24+00:00",
        "query_key": "gardens",
        "tags": {
          "leisure": "garden",
          "name": "Nursery Garden",
          "source": "Bing"
        }
      }
    },
    {
      "type": "Feature",
      "geometry": {
        "type": "Point",
        "coordinates": [
          -1.2799077074074074,
          51.75037324074075
        ]
      },
      "properties": {
        "id": "osm:way:3809032",
        "source": "osm",
        "title": "Oatlands Road Recreation Ground",
        "address": "",
        "description": "",
        "categories": [
          "natural",
          "park"
        ],
        "primary_category": "natural",
        "interest_score": 34,
        "website": "",
        "wikipedia": "",
        "wikidata": "",
        "source_url": "https://www.openstreetmap.org/way/3809032",
        "fetched_at_utc": "2026-10-07T11:42:24+00:00",
        "query_key": "parks",
        "tags": {
          "landuse": "recreation_ground",
          "leisure": "park",
          "name": "Oatlands Road Recreation Ground",
          "note": "Several more footpaths than currently drawn"
        }
      }
    },
    {
      "type": "Feature",
      "geometry": {
        "type": "Point",
        "coordinates": [
          -1.2644368740740741,
          51.7474158962963
        ]
      },
      "properties": {
        "id": "osm:way:109230102",
        "source": "osm",
        "title": "Oxpens Meadow",
        "address": "",
        "description": "",
        "categories": [
          "natural",
          "park"
        ],
        "primary_category": "natural",
        "interest_score": 34,
        "website": "",
        "wikipedia": "",
        "wikidata": "",
        "source_url": "https://www.openstreetmap.org/way/109230102",
        "fetched_at_utc": "2026-10-07T11:42:24+00:00",
        "query_key": "parks",
        "tags": {
          "flood_prone": "yes",
          "leisure": "park",
          "name": "Oxpens Meadow",
          "note": "designed to flood up progressively from the river banks to the south and west without affecting the ice rink in normal floods.",
          "source": "Bing"
        }
      }
    },
    {
      "type": "Feature",
      "geometry": {
        "type": "Point",
        "coordinates": [
          -1.26223868,
          51.75028658
        ]
      },
      "properties": {
        "id": "osm:way:993412213",
        "source": "osm",
        "title": "Paradise Square Gardens",
        "address": "",
        "description": "",
        "categories": [
          "natural",
          "park"
        ],
        "primary_category": "natural",
        "interest_score": 34,
        "website": "",
        "wikipedia": "",
        "wikidata": "",
        "source_url": "https://www.openstreetmap.org/way/993412213",
        "fetched_at_utc": "2026-10-07T11:42:24+00:00",
        "query_key": "parks",
        "tags": {
          "leisure": "park",
          "name": "Paradise Square Gardens"
        }
      }
    },
    {
      "type": "Feature",
      "geometry": {
        "type": "Point",
        "coordinates": [
          -1.254008424137931,
          51.74992953448277
        ]
      },
      "properties": {
        "id": "osm:way:359895127",
        "source": "osm",
        "title": "Pococke Garden",
        "address": "",
        "description": "",
        "categories": [
          "natural",
          "garden"
        ],
        "primary_category": "natural",
        "interest_score": 34,
        "website": "",
        "wikipedia": "",
        "wikidata": "",
        "source_url": "https://www.openstreetmap.org/way/359895127",
        "fetched_at_utc": "2026-10-07T11:42:24+00:00",
        "query_key": "gardens",
        "tags": {
          "leisure": "garden",
          "name": "Pococke Garden"
        }
      }
    },
    {
      "type": "Feature",
      "geometry": {
        "type": "Point",
        "coordinates": [
          -1.2471436714285713,
          51.75266122857143
        ]
      },
      "properties": {
        "id": "osm:way:77881344",
        "source": "osm",
        "title": "President's Garden",
        "address": "",
        "description": "",
        "categories": [
          "natural",
          "garden"
        ],
        "primary_category": "natural",
        "interest_score": 34,
        "website": "",
        "wikipedia": "",
        "wikidata": "",
        "source_url": "https://www.openstreetmap.org/way/77881344",
        "fetched_at_utc": "2026-10-07T11:42:24+00:00",
        "query_key": "gardens",
        "tags": {
          "barrier": "wall",
          "leisure": "garden",
          "name": "President's Garden"
        }
      }
    },
    {
      "type": "Feature",
      "geometry": {
        "type": "Point",
        "coordinates": [
          -1.25813544,
          51.75655212
        ]
      },
      "properties": {
        "id": "osm:way:850871320",
        "source": "osm",
        "title": "President's Garden",
        "address": "",
        "description": "",
        "categories": [
          "natural",
          "garden"
        ],
        "primary_category": "natural",
        "interest_score": 34,
        "website": "",
        "wikipedia": "",
        "wikidata": "",
        "source_url": "https://www.openstreetmap.org/way/850871320",
        "fetched_at_utc": "2026-10-07T11:42:24+00:00",
        "query_key": "gardens",
        "tags": {
          "leisure": "garden",
          "name": "President's Garden",
          "operator": "St John's College"
        }
      }
    },
    {
      "type": "Feature",
      "geometry": {
        "type": "Point",
        "coordinates": [
          -1.25547302,
          51.7699658
        ]
      },
      "properties": {
        "id": "osm:way:1300473460",
        "source": "osm",
        "title": "President's Garden",
        "address": "",
        "description": "",
        "categories": [
          "natural",
          "garden"
        ],
        "primary_category": "natural",
        "interest_score": 34,
        "website": "",
        "wikipedia": "",
        "wikidata": "",
        "source_url": "https://www.openstreetmap.org/way/1300473460",
        "fetched_at_utc": "2026-10-07T11:42:24+00:00",
        "query_key": "gardens",
        "tags": {
          "access": "private",
          "leisure": "garden",
          "name": "President's Garden"
        }
      }
    },
    {
      "type": "Feature",
      "geometry": {
        "type": "Point",
        "coordinates": [
          -1.2567318222222221,
          51.7554673
        ]
      },
      "properties": {
        "id": "osm:way:296495871",
        "source": "osm",
        "title": "President's Gardens",
        "address": "",
        "description": "",
        "categories": [
          "natural",
          "garden"
        ],
        "primary_category": "natural",
        "interest_score": 34,
        "website": "",
        "wikipedia": "",
        "wikidata": "",
        "source_url": "https://www.openstreetmap.org/way/296495871",
        "fetched_at_utc": "2026-10-07T11:42:24+00:00",
        "query_key": "gardens",
        "tags": {
          "access": "private",
          "leisure": "garden",
          "name": "President's Gardens",
          "operator": "Trinity College"
        }
      }
    },
    {
      "type": "Feature",
      "geometry": {
        "type": "Point",
        "coordinates": [
          -1.2568596545454545,
          51.753710718181814
        ]
      },
      "properties": {
        "id": "osm:way:301448863",
        "source": "osm",
        "title": "Principal's Garden",
        "address": "",
        "description": "",
        "categories": [
          "natural",
          "garden"
        ],
        "primary_category": "natural",
        "interest_score": 34,
        "website": "",
        "wikipedia": "",
        "wikidata": "",
        "source_url": "https://www.openstreetmap.org/way/301448863",
        "fetched_at_utc": "2026-10-07T11:42:24+00:00",
        "query_key": "gardens",
        "tags": {
          "leisure": "garden",
          "name": "Principal's Garden"
        }
      }
    },
    {
      "type": "Feature",
      "geometry": {
        "type": "Point",
        "coordinates": [
          -1.263595257142857,
          51.765636328571425
        ]
      },
      "properties": {
        "id": "osm:way:200626776",
        "source": "osm",
        "title": "Principal's Gardens",
        "address": "",
        "description": "",
        "categories": [
          "natural",
          "garden"
        ],
        "primary_category": "natural",
        "interest_score": 34,
        "website": "",
        "wikipedia": "",
        "wikidata": "",
        "source_url": "https://www.openstreetmap.org/way/200626776",
        "fetched_at_utc": "2026-10-07T11:42:24+00:00",
        "query_key": "gardens",
        "tags": {
          "access": "private",
          "leisure": "garden",
          "name": "Principal's Gardens"
        }
      }
    },
    {
      "type": "Feature",
      "geometry": {
        "type": "Point",
        "coordinates": [
          -1.2518508499999998,
          51.75358375833334
        ]
      },
      "properties": {
        "id": "osm:way:89415126",
        "source": "osm",
        "title": "Provost's Garden",
        "address": "",
        "description": "",
        "categories": [
          "natural",
          "garden"
        ],
        "primary_category": "natural",
        "interest_score": 34,
        "website": "",
        "wikipedia": "",
        "wikidata": "",
        "source_url": "https://www.openstreetmap.org/way/89415126",
        "fetched_at_utc": "2026-10-07T11:42:24+00:00",
        "query_key": "gardens",
        "tags": {
          "access": "private",
          "leisure": "garden",
          "name": "Provost's Garden"
        }
      }
    },
    {
      "type": "Feature",
      "geometry": {
        "type": "Point",
        "coordinates": [
          -1.264503488888889,
          51.75491246666666
        ]
      },
      "properties": {
        "id": "osm:way:169617898",
        "source": "osm",
        "title": "Provost's Garden",
        "address": "",
        "description": "",
        "categories": [
          "natural",
          "garden"
        ],
        "primary_category": "natural",
        "interest_score": 34,
        "website": "",
        "wikipedia": "",
        "wikidata": "",
        "source_url": "https://www.openstreetmap.org/way/169617898",
        "fetched_at_utc": "2026-10-07T11:42:24+00:00",
        "query_key": "gardens",
        "tags": {
          "leisure": "garden",
          "name": "Provost's Garden"
        }
      }
    },
    {
      "type": "Feature",
      "geometry": {
        "type": "Point",
        "coordinates": [
          -1.2555920454545457,
          51.752715127272715
        ]
      },
      "properties": {
        "id": "osm:way:301661543",
        "source": "osm",
        "title": "Rector's Garden",
        "address": "",
        "description": "",
        "categories": [
          "natural",
          "garden"
        ],
        "primary_category": "natural",
        "interest_score": 34,
        "website": "",
        "wikipedia": "",
        "wikidata": "",
        "source_url": "https://www.openstreetmap.org/way/301661543",
        "fetched_at_utc": "2026-10-07T11:42:24+00:00",
        "query_key": "gardens",
        "tags": {
          "leisure": "garden",
          "name": "Rector's Garden"
        }
      }
    },
    {
      "type": "Feature",
      "geometry": {
        "type": "Point",
        "coordinates": [
          -1.2555333555555557,
          51.75398526111112
        ]
      },
      "properties": {
        "id": "osm:way:556632296",
        "source": "osm",
        "title": "Rector's Garden",
        "address": "",
        "description": "",
        "categories": [
          "natural",
          "garden"
        ],
        "primary_category": "natural",
        "interest_score": 34,
        "website": "",
        "wikipedia": "",
        "wikidata": "",
        "source_url": "https://www.openstreetmap.org/way/556632296",
        "fetched_at_utc": "2026-10-07T11:42:24+00:00",
        "query_key": "gardens",
        "tags": {
          "access": "private",
          "leisure": "garden",
          "name": "Rector's Garden"
        }
      }
    },
    {
      "type": "Feature",
      "geometry": {
        "type": "Point",
        "coordinates": [
          -1.2597077200000002,
          51.75297176
        ]
      },
      "properties": {
        "id": "osm:way:293563583",
        "source": "osm",
        "title": "Rose Garden",
        "address": "",
        "description": "",
        "categories": [
          "natural",
          "garden"
        ],
        "primary_category": "natural",
        "interest_score": 34,
        "website": "",
        "wikipedia": "",
        "wikidata": "",
        "source_url": "https://www.openstreetmap.org/way/293563583",
        "fetched_at_utc": "2026-10-07T11:42:24+00:00",
        "query_key": "gardens",
        "tags": {
          "leisure": "garden",
          "name": "Rose Garden"
        }
      }
    },
    {
      "type": "Feature",
      "geometry": {
        "type": "Point",
        "coordinates": [
          -1.2475320499999998,
          51.75173882
        ]
      },
      "properties": {
        "id": "osm:way:850057831",
        "source": "osm",
        "title": "Rose Garden",
        "address": "",
        "description": "",
        "categories": [
          "natural",
          "garden"
        ],
        "primary_category": "natural",
        "interest_score": 34,
        "website": "",
        "wikipedia": "",
        "wikidata": "",
        "source_url": "https://www.openstreetmap.org/way/850057831",
        "fetched_at_utc": "2026-10-07T11:42:24+00:00",
        "query_key": "gardens",
        "tags": {
          "garden:type": "rosegarden",
          "leisure": "garden",
          "name": "Rose Garden"
        }
      }
    },
    {
      "type": "Feature",
      "geometry": {
        "type": "Point",
        "coordinates": [
          -1.2467873666666667,
          51.74789956666667
        ]
      },
      "properties": {
        "id": "osm:way:932814022",
        "source": "osm",
        "title": "Rose Garden",
        "address": "",
        "description": "",
        "categories": [
          "natural",
          "garden"
        ],
        "primary_category": "natural",
        "interest_score": 34,
        "website": "",
        "wikipedia": "",
        "wikidata": "",
        "source_url": "https://www.openstreetmap.org/way/932814022",
        "fetched_at_utc": "2026-10-07T11:42:24+00:00",
        "query_key": "gardens",
        "tags": {
          "leisure": "garden",
          "name": "Rose Garden"
        }
      }
    },
    {
      "type": "Feature",
      "geometry": {
        "type": "Point",
        "coordinates": [
          -1.2553791545454545,
          51.74899938181818
        ]
      },
      "properties": {
        "id": "osm:relation:12589914",
        "source": "osm",
        "title": "Rose Garden",
        "address": "",
        "description": "",
        "categories": [
          "natural",
          "garden"
        ],
        "primary_category": "natural",
        "interest_score": 34,
        "website": "",
        "wikipedia": "",
        "wikidata": "",
        "source_url": "https://www.openstreetmap.org/relation/12589914",
        "fetched_at_utc": "2026-10-07T11:42:24+00:00",
        "query_key": "gardens",
        "tags": {
          "leisure": "garden",
          "name": "Rose Garden"
        }
      }
    },
    {
      "type": "Feature",
      "geometry": {
        "type": "Point",
        "coordinates": [
          -1.2642132800000003,
          51.7700033
        ]
      },
      "properties": {
        "id": "osm:way:999028894",
        "source": "osm",
        "title": "Rose Garden",
        "address": "",
        "description": "",
        "categories": [
          "natural",
          "garden"
        ],
        "primary_category": "natural",
        "interest_score": 34,
        "website": "",
        "wikipedia": "",
        "wikidata": "",
        "source_url": "https://www.openstreetmap.org/way/999028894",
        "fetched_at_utc": "2026-10-07T11:42:24+00:00",
        "query_key": "gardens",
        "tags": {
          "leisure": "garden",
          "name": "Rose Garden"
        }
      }
    },
    {
      "type": "Feature",
      "geometry": {
        "type": "Point",
        "coordinates": [
          -1.2228209333333335,
          51.76378370555555
        ]
      },
      "properties": {
        "id": "osm:way:26168163",
        "source": "osm",
        "title": "Sandfield Road Park",
        "address": "",
        "description": "",
        "categories": [
          "natural",
          "park"
        ],
        "primary_category": "natural",
        "interest_score": 34,
        "website": "",
        "wikipedia": "",
        "wikidata": "",
        "source_url": "https://www.openstreetmap.org/way/26168163",
        "fetched_at_utc": "2026-10-07T11:42:24+00:00",
        "query_key": "parks",
        "tags": {
          "barrier": "fence",
          "leisure": "park",
          "name": "Sandfield Road Park"
        }
      }
    },
    {
      "type": "Feature",
      "geometry": {
        "type": "Point",
        "coordinates": [
          -1.244567575,
          51.756566475
        ]
      },
      "properties": {
        "id": "osm:way:1382383313",
        "source": "osm",
        "title": "SCR Garden",
        "address": "",
        "description": "",
        "categories": [
          "natural",
          "garden"
        ],
        "primary_category": "natural",
        "interest_score": 34,
        "website": "",
        "wikipedia": "",
        "wikidata": "",
        "source_url": "https://www.openstreetmap.org/way/1382383313",
        "fetched_at_utc": "2026-10-07T11:42:24+00:00",
        "query_key": "gardens",
        "tags": {
          "leisure": "garden",
          "name": "SCR Garden"
        }
      }
    },
    {
      "type": "Feature",
      "geometry": {
        "type": "Point",
        "coordinates": [
          -1.25374045,
          51.75055091666667
        ]
      },
      "properties": {
        "id": "osm:way:300514936",
        "source": "osm",
        "title": "Small Garden",
        "address": "",
        "description": "",
        "categories": [
          "natural",
          "garden"
        ],
        "primary_category": "natural",
        "interest_score": 34,
        "website": "",
        "wikipedia": "",
        "wikidata": "",
        "source_url": "https://www.openstreetmap.org/way/300514936",
        "fetched_at_utc": "2026-10-07T11:42:24+00:00",
        "query_key": "gardens",
        "tags": {
          "leisure": "garden",
          "name": "Small Garden"
        }
      }
    },
    {
      "type": "Feature",
      "geometry": {
        "type": "Point",
        "coordinates": [
          -1.2370983333333332,
          51.75051579999999
        ]
      },
      "properties": {
        "id": "osm:way:1322293364",
        "source": "osm",
        "title": "St Clement’s Garden",
        "address": "",
        "description": "",
        "categories": [
          "natural",
          "garden"
        ],
        "primary_category": "natural",
        "interest_score": 34,
        "website": "",
        "wikipedia": "",
        "wikidata": "",
        "source_url": "https://www.openstreetmap.org/way/1322293364",
        "fetched_at_utc": "2026-10-07T11:42:24+00:00",
        "query_key": "gardens",
        "tags": {
          "access": "private",
          "garden:type": "community",
          "leisure": "garden",
          "name": "St Clement’s Garden",
          "operator": "St Clement's Community"
        }
      }
    },
    {
      "type": "Feature",
      "geometry": {
        "type": "Point",
        "coordinates": [
          -1.2596596928571429,
          51.75040668571428
        ]
      },
      "properties": {
        "id": "osm:way:255887645",
        "source": "osm",
        "title": "St Ebbe's Church Garden",
        "address": "",
        "description": "",
        "categories": [
          "natural",
          "garden"
        ],
        "primary_category": "natural",
        "interest_score": 34,
        "website": "",
        "wikipedia": "",
        "wikidata": "",
        "source_url": "https://www.openstreetmap.org/way/255887645",
        "fetched_at_utc": "2026-10-07T11:42:24+00:00",
        "query_key": "gardens",
        "tags": {
          "leisure": "garden",
          "name": "St Ebbe's Church Garden",
          "operator": "St Ebbe's Church",
          "source": "Bing"
        }
      }
    },
    {
      "type": "Feature",
      "geometry": {
        "type": "Point",
        "coordinates": [
          -1.253844861111111,
          51.75292062222221
        ]
      },
      "properties": {
        "id": "osm:way:556632295",
        "source": "osm",
        "title": "St Mary the Virgin Grounds",
        "address": "",
        "description": "",
        "categories": [
          "natural",
          "garden"
        ],
        "primary_category": "natural",
        "interest_score": 34,
        "website": "",
        "wikipedia": "",
        "wikidata": "",
        "source_url": "https://www.openstreetmap.org/way/556632295",
        "fetched_at_utc": "2026-10-07T11:42:24+00:00",
        "query_key": "gardens",
        "tags": {
          "leisure": "garden",
          "name": "St Mary the Virgin Grounds"
        }
      }
    },
    {
      "type": "Feature",
      "geometry": {
        "type": "Point",
        "coordinates": [
          -1.2222979333333335,
          51.76203021666666
        ]
      },
      "properties": {
        "id": "osm:way:925348932",
        "source": "osm",
        "title": "Staunton Road Open Space",
        "address": "",
        "description": "",
        "categories": [
          "natural",
          "park"
        ],
        "primary_category": "natural",
        "interest_score": 34,
        "website": "",
        "wikipedia": "",
        "wikidata": "",
        "source_url": "https://www.openstreetmap.org/way/925348932",
        "fetched_at_utc": "2026-10-07T11:42:24+00:00",
        "query_key": "parks",
        "tags": {
          "leisure": "park",
          "name": "Staunton Road Open Space"
        }
      }
    },
    {
      "type": "Feature",
      "geometry": {
        "type": "Point",
        "coordinates": [
          -1.2215890583333333,
          51.76188735833333
        ]
      },
      "properties": {
        "id": "osm:way:925348934",
        "source": "osm",
        "title": "Staunton Road Rest Area",
        "address": "",
        "description": "",
        "categories": [
          "natural",
          "park"
        ],
        "primary_category": "natural",
        "interest_score": 34,
        "website": "",
        "wikipedia": "",
        "wikidata": "",
        "source_url": "https://www.openstreetmap.org/way/925348934",
        "fetched_at_utc": "2026-10-07T11:42:24+00:00",
        "query_key": "parks",
        "tags": {
          "leisure": "park",
          "name": "Staunton Road Rest Area"
        }
      }
    },
    {
      "type": "Feature",
      "geometry": {
        "type": "Point",
        "coordinates": [
          -1.2526192555555553,
          51.76531157222222
        ]
      },
      "properties": {
        "id": "osm:way:182466459",
        "source": "osm",
        "title": "Sunken Garden",
        "address": "",
        "description": "",
        "categories": [
          "natural",
          "garden"
        ],
        "primary_category": "natural",
        "interest_score": 34,
        "website": "",
        "wikipedia": "",
        "wikidata": "",
        "source_url": "https://www.openstreetmap.org/way/182466459",
        "fetched_at_utc": "2026-10-07T11:42:24+00:00",
        "query_key": "gardens",
        "tags": {
          "leisure": "garden",
          "name": "Sunken Garden"
        }
      }
    },
    {
      "type": "Feature",
      "geometry": {
        "type": "Point",
        "coordinates": [
          -1.2517791,
          51.75335217142857
        ]
      },
      "properties": {
        "id": "osm:way:89415143",
        "source": "osm",
        "title": "The Fellows' Garden",
        "address": "",
        "description": "",
        "categories": [
          "natural",
          "garden"
        ],
        "primary_category": "natural",
        "interest_score": 34,
        "website": "",
        "wikipedia": "",
        "wikidata": "",
        "source_url": "https://www.openstreetmap.org/way/89415143",
        "fetched_at_utc": "2026-10-07T11:42:24+00:00",
        "query_key": "gardens",
        "tags": {
          "access": "private",
          "leisure": "garden",
          "name": "The Fellows' Garden"
        }
      }
    },
    {
      "type": "Feature",
      "geometry": {
        "type": "Point",
        "coordinates": [
          -1.2569933758620688,
          51.75673946551723
        ]
      },
      "properties": {
        "id": "osm:relation:18719195",
        "source": "osm",
        "title": "The Gardens",
        "address": "",
        "description": "",
        "categories": [
          "natural",
          "garden"
        ],
        "primary_category": "natural",
        "interest_score": 34,
        "website": "",
        "wikipedia": "",
        "wikidata": "",
        "source_url": "https://www.openstreetmap.org/relation/18719195",
        "fetched_at_utc": "2026-10-07T11:42:24+00:00",
        "query_key": "gardens",
        "tags": {
          "is_in": "St John's College",
          "leisure": "garden",
          "name": "The Gardens"
        }
      }
    },
    {
      "type": "Feature",
      "geometry": {
        "type": "Point",
        "coordinates": [
          -1.258251646153846,
          51.7571195
        ]
      },
      "properties": {
        "id": "osm:way:187908916",
        "source": "osm",
        "title": "Thomas White Quad",
        "address": "",
        "description": "",
        "categories": [
          "natural",
          "garden"
        ],
        "primary_category": "natural",
        "interest_score": 34,
        "website": "",
        "wikipedia": "",
        "wikidata": "",
        "source_url": "https://www.openstreetmap.org/way/187908916",
        "fetched_at_utc": "2026-10-07T11:42:24+00:00",
        "query_key": "gardens",
        "tags": {
          "alt_name": "Tommy White Quad",
          "leisure": "garden",
          "name": "Thomas White Quad",
          "official_name": "Sir Thomas White Quadrangle",
          "operator": "St John's College",
          "source": "Bing"
        }
      }
    },
    {
      "type": "Feature",
      "geometry": {
        "type": "Point",
        "coordinates": [
          -1.2360154931034484,
          51.73688324942527
        ]
      },
      "properties": {
        "id": "osm:relation:13766590",
        "source": "osm",
        "title": "Townsend Square",
        "address": "",
        "description": "",
        "categories": [
          "natural",
          "park"
        ],
        "primary_category": "natural",
        "interest_score": 34,
        "website": "",
        "wikipedia": "",
        "wikidata": "",
        "source_url": "https://www.openstreetmap.org/relation/13766590",
        "fetched_at_utc": "2026-10-07T11:42:24+00:00",
        "query_key": "parks",
        "tags": {
          "leisure": "park",
          "name": "Townsend Square",
          "place": "square"
        }
      }
    },
    {
      "type": "Feature",
      "geometry": {
        "type": "Point",
        "coordinates": [
          -1.2539706625,
          51.75034846249999
        ]
      },
      "properties": {
        "id": "osm:way:300514947",
        "source": "osm",
        "title": "Turner Quad",
        "address": "",
        "description": "",
        "categories": [
          "natural",
          "garden"
        ],
        "primary_category": "natural",
        "interest_score": 34,
        "website": "",
        "wikipedia": "",
        "wikidata": "",
        "source_url": "https://www.openstreetmap.org/way/300514947",
        "fetched_at_utc": "2026-10-07T11:42:24+00:00",
        "query_key": "gardens",
        "tags": {
          "leisure": "garden",
          "name": "Turner Quad"
        }
      }
    },
    {
      "type": "Feature",
      "geometry": {
        "type": "Point",
        "coordinates": [
          -1.2563199392857143,
          51.749117189285705
        ]
      },
      "properties": {
        "id": "osm:relation:18237593",
        "source": "osm",
        "title": "War Memorial Gardens",
        "address": "",
        "description": "",
        "categories": [
          "natural",
          "garden"
        ],
        "primary_category": "natural",
        "interest_score": 34,
        "website": "",
        "wikipedia": "",
        "wikidata": "",
        "source_url": "https://www.openstreetmap.org/relation/18237593",
        "fetched_at_utc": "2026-10-07T11:42:24+00:00",
        "query_key": "gardens",
        "tags": {
          "leisure": "garden",
          "name": "War Memorial Gardens",
          "source": "local_knowledge"
        }
      }
    },
    {
      "type": "Feature",
      "geometry": {
        "type": "Point",
        "coordinates": [
          -1.25504025,
          51.7563858
        ]
      },
      "properties": {
        "id": "osm:way:148103431",
        "source": "osm",
        "title": "Warden's Garden",
        "address": "",
        "description": "",
        "categories": [
          "natural",
          "garden"
        ],
        "primary_category": "natural",
        "interest_score": 34,
        "website": "",
        "wikipedia": "",
        "wikidata": "",
        "source_url": "https://www.openstreetmap.org/way/148103431",
        "fetched_at_utc": "2026-10-07T11:42:24+00:00",
        "query_key": "gardens",
        "tags": {
          "leisure": "garden",
          "name": "Warden's Garden"
        }
      }
    },
    {
      "type": "Feature",
      "geometry": {
        "type": "Point",
        "coordinates": [
          -1.25268868,
          51.753795425
        ]
      },
      "properties": {
        "id": "osm:way:230198044",
        "source": "osm",
        "title": "Warden's Garden",
        "address": "",
        "description": "",
        "categories": [
          "natural",
          "garden"
        ],
        "primary_category": "natural",
        "interest_score": 34,
        "website": "",
        "wikipedia": "",
        "wikidata": "",
        "source_url": "https://www.openstreetmap.org/way/230198044",
        "fetched_at_utc": "2026-10-07T11:42:24+00:00",
        "query_key": "gardens",
        "tags": {
          "leisure": "garden",
          "name": "Warden's Garden"
        }
      }
    },
    {
      "type": "Feature",
      "geometry": {
        "type": "Point",
        "coordinates": [
          -1.2523809933333332,
          51.753031413333325
        ]
      },
      "properties": {
        "id": "osm:way:230314843",
        "source": "osm",
        "title": "Warden's Garden",
        "address": "",
        "description": "",
        "categories": [
          "natural",
          "garden"
        ],
        "primary_category": "natural",
        "interest_score": 34,
        "website": "",
        "wikipedia": "",
        "wikidata": "",
        "source_url": "https://www.openstreetmap.org/way/230314843",
        "fetched_at_utc": "2026-10-07T11:42:24+00:00",
        "query_key": "gardens",
        "tags": {
          "leisure": "garden",
          "name": "Warden's Garden"
        }
      }
    },
    {
      "type": "Feature",
      "geometry": {
        "type": "Point",
        "coordinates": [
          -1.2623416884615384,
          51.757664588461544
        ]
      },
      "properties": {
        "id": "osm:way:27183575",
        "source": "osm",
        "title": "Wellington Square Gardens",
        "address": "",
        "description": "",
        "categories": [
          "natural",
          "park"
        ],
        "primary_category": "natural",
        "interest_score": 34,
        "website": "",
        "wikipedia": "",
        "wikidata": "",
        "source_url": "https://www.openstreetmap.org/way/27183575",
        "fetched_at_utc": "2026-10-07T11:42:24+00:00",
        "query_key": "parks",
        "tags": {
          "barrier": "fence",
          "leisure": "park",
          "name": "Wellington Square Gardens",
          "operator": "University of Oxford",
          "source": "Bing"
        }
      }
    },
    {
      "type": "Feature",
      "geometry": {
        "type": "Point",
        "coordinates": [
          -1.264205,
          51.7666858
        ]
      },
      "properties": {
        "id": "osm:node:2106397026",
        "source": "osm",
        "title": "A Man Picking up Bricks",
        "address": "",
        "description": "",
        "categories": [
          "cultural",
          "art"
        ],
        "primary_category": "cultural",
        "interest_score": 30,
        "website": "",
        "wikipedia": "",
        "wikidata": "",
        "source_url": "https://www.openstreetmap.org/node/2106397026",
        "fetched_at_utc": "2026-10-07T11:42:24+00:00",
        "query_key": "galleries_and_arts",
        "tags": {
          "artist:wikipedia": "en:Marcus_Cornish",
          "artist_name": "Marcus Cornish",
          "artwork_type": "sculpture",
          "material": "brick",
          "name": "A Man Picking up Bricks",
          "official_name": "A Man Picking up Bricks - A Study of the Effort",
          "tourism": "artwork"
        }
      }
    },
    {
      "type": "Feature",
      "geometry": {
        "type": "Point",
        "coordinates": [
          -1.2221528,
          51.7503799
        ]
      },
      "properties": {
        "id": "osm:node:3746183597",
        "source": "osm",
        "title": "Allen Ward and Medical Library",
        "address": "",
        "description": "",
        "categories": [
          "cultural",
          "literary"
        ],
        "primary_category": "cultural",
        "interest_score": 30,
        "website": "",
        "wikipedia": "",
        "wikidata": "",
        "source_url": "https://www.openstreetmap.org/node/3746183597",
        "fetched_at_utc": "2026-10-07T11:42:24+00:00",
        "query_key": "performance_and_literary",
        "tags": {
          "amenity": "library",
          "name": "Allen Ward and Medical Library"
        }
      }
    },
    {
      "type": "Feature",
      "geometry": {
        "type": "Point",
        "coordinates": [
          -1.256192,
          51.7540906
        ]
      },
      "properties": {
        "id": "osm:node:13034659646",
        "source": "osm",
        "title": "Alma Mater",
        "address": "",
        "description": "",
        "categories": [
          "cultural",
          "art"
        ],
        "primary_category": "cultural",
        "interest_score": 30,
        "website": "",
        "wikipedia": "",
        "wikidata": "",
        "source_url": "https://www.openstreetmap.org/node/13034659646",
        "fetched_at_utc": "2026-10-07T11:42:24+00:00",
        "query_key": "galleries_and_arts",
        "tags": {
          "artist_name": "Joxé de Alberdi",
          "artwork_type": "sculpture",
          "material": "marble",
          "name": "Alma Mater",
          "start_date": "1968",
          "tourism": "artwork"
        }
      }
    },
    {
      "type": "Feature",
      "geometry": {
        "type": "Point",
        "coordinates": [
          -1.2632437,
          51.7629707
        ]
      },
      "properties": {
        "id": "osm:node:11186792138",
        "source": "osm",
        "title": "Andrés Bello",
        "address": "",
        "description": "ANDRES BELLO POET JURIST PHILOSOPHER EDUCATOR Born Caracas 1781 Died Santiago de Chile 1865 From 1810 to 1829 he served the cause of South American independence in London",
        "categories": [
          "cultural",
          "art"
        ],
        "primary_category": "cultural",
        "interest_score": 30,
        "website": "",
        "wikipedia": "",
        "wikidata": "",
        "source_url": "https://www.openstreetmap.org/node/11186792138",
        "fetched_at_utc": "2026-10-07T11:42:24+00:00",
        "query_key": "galleries_and_arts",
        "tags": {
          "artist_name": "Santiago Poletto",
          "artwork_type": "bust",
          "inscription": "ANDRES BELLO POET JURIST PHILOSOPHER EDUCATOR Born Caracas 1781 Died Santiago de Chile 1865 From 1810 to 1829 he served the cause of South American independence in London",
          "material": "bronze",
          "name": "Andrés Bello",
          "subject:wikidata": "Q439195",
          "subject:wikipedia": "en:Andrés Bello",
          "tourism": "artwork"
        }
      }
    },
    {
      "type": "Feature",
      "geometry": {
        "type": "Point",
        "coordinates": [
          -1.2565382,
          51.7541953
        ]
      },
      "properties": {
        "id": "osm:node:7636539536",
        "source": "osm",
        "title": "Another Time XI",
        "address": "",
        "description": "",
        "categories": [
          "cultural",
          "art"
        ],
        "primary_category": "cultural",
        "interest_score": 30,
        "website": "",
        "wikipedia": "",
        "wikidata": "",
        "source_url": "https://www.openstreetmap.org/node/7636539536",
        "fetched_at_utc": "2026-10-07T11:42:24+00:00",
        "query_key": "galleries_and_arts",
        "tags": {
          "artist_name": "Antony Gormley",
          "artwork_type": "statue",
          "level": "5",
          "loc_name": "The Iron Man",
          "location": "roof",
          "material": "metal",
          "name": "Another Time XI",
          "start_date": "2009-02",
          "tourism": "artwork",
          "wikimedia_commons": "Category:Another_Time_XI_(Oxford)"
        }
      }
    },
    {
      "type": "Feature",
      "geometry": {
        "type": "Point",
        "coordinates": [
          -1.2577527,
          51.7545486
        ]
      },
      "properties": {
        "id": "osm:node:8554009967",
        "source": "osm",
        "title": "Balliol College Library",
        "address": "",
        "description": "",
        "categories": [
          "cultural",
          "literary"
        ],
        "primary_category": "cultural",
        "interest_score": 30,
        "website": "",
        "wikipedia": "",
        "wikidata": "",
        "source_url": "https://www.openstreetmap.org/node/8554009967",
        "fetched_at_utc": "2026-10-07T11:42:24+00:00",
        "query_key": "performance_and_literary",
        "tags": {
          "amenity": "library",
          "name": "Balliol College Library",
          "operator": "Balliol College"
        }
      }
    },
    {
      "type": "Feature",
      "geometry": {
        "type": "Point",
        "coordinates": [
          -1.2537245,
          51.7524854
        ]
      },
      "properties": {
        "id": "osm:node:7604700112",
        "source": "osm",
        "title": "Cecil Rhodes",
        "address": "",
        "description": "",
        "categories": [
          "cultural",
          "art"
        ],
        "primary_category": "cultural",
        "interest_score": 30,
        "website": "",
        "wikipedia": "",
        "wikidata": "",
        "source_url": "https://www.openstreetmap.org/node/7604700112",
        "fetched_at_utc": "2026-10-07T11:42:24+00:00",
        "query_key": "galleries_and_arts",
        "tags": {
          "artwork_subject": "Cecil Rhodes",
          "artwork_subject:wikidata": "Q19825",
          "artwork_type": "statue",
          "level": "2",
          "material": "stone",
          "name": "Cecil Rhodes",
          "start_date": "1911",
          "tourism": "artwork"
        }
      }
    },
    {
      "type": "Feature",
      "geometry": {
        "type": "Point",
        "coordinates": [
          -1.2523611,
          51.7558768
        ]
      },
      "properties": {
        "id": "osm:node:8651279326",
        "source": "osm",
        "title": "Charles Harris",
        "address": "",
        "description": "",
        "categories": [
          "cultural",
          "art"
        ],
        "primary_category": "cultural",
        "interest_score": 30,
        "website": "",
        "wikipedia": "",
        "wikidata": "",
        "source_url": "https://www.openstreetmap.org/node/8651279326",
        "fetched_at_utc": "2026-10-07T11:42:24+00:00",
        "query_key": "galleries_and_arts",
        "tags": {
          "artist_name": "Etienne Millner",
          "artwork_type": "statue",
          "name": "Charles Harris",
          "tourism": "artwork"
        }
      }
    },
    {
      "type": "Feature",
      "geometry": {
        "type": "Point",
        "coordinates": [
          -1.2467209,
          51.7518335
        ]
      },
      "properties": {
        "id": "osm:node:12055612799",
        "source": "osm",
        "title": "Christ and Mary Magdalen",
        "address": "",
        "description": "",
        "categories": [
          "cultural",
          "art"
        ],
        "primary_category": "cultural",
        "interest_score": 30,
        "website": "",
        "wikipedia": "",
        "wikidata": "",
        "source_url": "https://www.openstreetmap.org/node/12055612799",
        "fetched_at_utc": "2026-10-07T11:42:24+00:00",
        "query_key": "galleries_and_arts",
        "tags": {
          "artist_name": "David Wynne",
          "artwork_type": "statue",
          "material": "bronze",
          "name": "Christ and Mary Magdalen",
          "tourism": "artwork"
        }
      }
    },
    {
      "type": "Feature",
      "geometry": {
        "type": "Point",
        "coordinates": [
          -1.2348132,
          51.7391392
        ]
      },
      "properties": {
        "id": "osm:way:1281826497",
        "source": "osm",
        "title": "Co-op Corner",
        "address": "",
        "description": "",
        "categories": [
          "cultural",
          "art"
        ],
        "primary_category": "cultural",
        "interest_score": 30,
        "website": "",
        "wikipedia": "",
        "wikidata": "",
        "source_url": "https://www.openstreetmap.org/way/1281826497",
        "fetched_at_utc": "2026-10-07T11:42:24+00:00",
        "query_key": "galleries_and_arts",
        "tags": {
          "artist_name": "Lisa Curtis",
          "artwork_type": "mural",
          "name": "Co-op Corner",
          "start_date": "2024",
          "tourism": "artwork"
        }
      }
    },
    {
      "type": "Feature",
      "geometry": {
        "type": "Point",
        "coordinates": [
          -1.2496399,
          51.7594302
        ]
      },
      "properties": {
        "id": "osm:node:11186756804",
        "source": "osm",
        "title": "Dancing Phoenix",
        "address": "",
        "description": "",
        "categories": [
          "cultural",
          "art"
        ],
        "primary_category": "cultural",
        "interest_score": 30,
        "website": "",
        "wikipedia": "",
        "wikidata": "",
        "source_url": "https://www.openstreetmap.org/node/11186756804",
        "fetched_at_utc": "2026-10-07T11:42:24+00:00",
        "query_key": "galleries_and_arts",
        "tags": {
          "artist_name": "Hugo Powell",
          "artwork_type": "sculpture",
          "material": "bronze",
          "name": "Dancing Phoenix",
          "tourism": "artwork"
        }
      }
    },
    {
      "type": "Feature",
      "geometry": {
        "type": "Point",
        "coordinates": [
          -1.2485078,
          51.7564118
        ]
      },
      "properties": {
        "id": "osm:node:13188390174",
        "source": "osm",
        "title": "Dervorguilla of Galloway",
        "address": "",
        "description": "",
        "categories": [
          "cultural",
          "art"
        ],
        "primary_category": "cultural",
        "interest_score": 30,
        "website": "",
        "wikipedia": "",
        "wikidata": "",
        "source_url": "https://www.openstreetmap.org/node/13188390174",
        "fetched_at_utc": "2026-10-07T11:42:24+00:00",
        "query_key": "galleries_and_arts",
        "tags": {
          "artist_name": "Alex Wenham",
          "artwork_type": "statue",
          "material": "limestone",
          "name": "Dervorguilla of Galloway",
          "start_date": "2025-09-20",
          "subject:wikidata": "Q2004866",
          "subject:wikipedia": "en:Dervorguilla of Galloway",
          "tourism": "artwork"
        }
      }
    },
    {
      "type": "Feature",
      "geometry": {
        "type": "Point",
        "coordinates": [
          -1.2531413,
          51.7571507
        ]
      },
      "properties": {
        "id": "osm:node:12702899667",
        "source": "osm",
        "title": "Eleanor Roosevelt",
        "address": "",
        "description": "",
        "categories": [
          "cultural",
          "art"
        ],
        "primary_category": "cultural",
        "interest_score": 30,
        "website": "",
        "wikipedia": "",
        "wikidata": "",
        "source_url": "https://www.openstreetmap.org/node/12702899667",
        "fetched_at_utc": "2026-10-07T11:42:24+00:00",
        "query_key": "galleries_and_arts",
        "tags": {
          "artist_name": "Penelope Jencks",
          "artwork_type": "statue",
          "material": "bronze",
          "name": "Eleanor Roosevelt",
          "start_date": "2018",
          "subject:wikidata": "Q83396",
          "subject:wikipedia": "en:Eleanor Roosevelt",
          "tourism": "artwork",
          "wikimedia_commons": "File:Eleanor_Roosevelt_statue_Oxford_5.jpg"
        }
      }
    },
    {
      "type": "Feature",
      "geometry": {
        "type": "Point",
        "coordinates": [
          -1.2626754,
          51.7593642
        ]
      },
      "properties": {
        "id": "osm:node:11185782265",
        "source": "osm",
        "title": "Elipsodrome",
        "address": "",
        "description": "",
        "categories": [
          "cultural",
          "art"
        ],
        "primary_category": "cultural",
        "interest_score": 30,
        "website": "",
        "wikipedia": "",
        "wikidata": "",
        "source_url": "https://www.openstreetmap.org/node/11185782265",
        "fetched_at_utc": "2026-10-07T11:42:24+00:00",
        "query_key": "galleries_and_arts",
        "tags": {
          "artist:wikipedia": "de:Friederich_Werthmann",
          "artist_name": "Friederich Werthmann",
          "artwork_type": "sculpture",
          "material": "bronze",
          "name": "Elipsodrome",
          "tourism": "artwork"
        }
      }
    },
    {
      "type": "Feature",
      "geometry": {
        "type": "Point",
        "coordinates": [
          -1.2449451,
          51.7560205
        ]
      },
      "properties": {
        "id": "osm:node:11186785835",
        "source": "osm",
        "title": "Figure (Archaean)",
        "address": "",
        "description": "",
        "categories": [
          "cultural",
          "art"
        ],
        "primary_category": "cultural",
        "interest_score": 30,
        "website": "",
        "wikipedia": "",
        "wikidata": "",
        "source_url": "https://www.openstreetmap.org/node/11186785835",
        "fetched_at_utc": "2026-10-07T11:42:24+00:00",
        "query_key": "galleries_and_arts",
        "tags": {
          "artist:wikipedia": "en:Barbara_Hepworth",
          "artist_name": "Barbara Hepworth",
          "artwork_type": "sculpture",
          "material": "bronze",
          "name": "Figure (Archaean)",
          "tourism": "artwork"
        }
      }
    },
    {
      "type": "Feature",
      "geometry": {
        "type": "Point",
        "coordinates": [
          -1.2623374,
          51.7528516
        ]
      },
      "properties": {
        "id": "osm:node:7922339023",
        "source": "osm",
        "title": "Flayed Stone IV",
        "address": "",
        "description": "",
        "categories": [
          "cultural",
          "art"
        ],
        "primary_category": "cultural",
        "interest_score": 30,
        "website": "",
        "wikipedia": "",
        "wikidata": "",
        "source_url": "https://www.openstreetmap.org/node/7922339023",
        "fetched_at_utc": "2026-10-07T11:42:24+00:00",
        "query_key": "galleries_and_arts",
        "tags": {
          "artist_name": "Peter Randall-Page",
          "artwork_type": "sculpture",
          "name": "Flayed Stone IV",
          "tourism": "artwork"
        }
      }
    },
    {
      "type": "Feature",
      "geometry": {
        "type": "Point",
        "coordinates": [
          -1.2703743,
          51.7615751
        ]
      },
      "properties": {
        "id": "osm:node:2035651199",
        "source": "osm",
        "title": "Flight of the Eagles",
        "address": "",
        "description": "",
        "categories": [
          "cultural",
          "art"
        ],
        "primary_category": "cultural",
        "interest_score": 30,
        "website": "",
        "wikipedia": "",
        "wikidata": "",
        "source_url": "https://www.openstreetmap.org/node/2035651199",
        "fetched_at_utc": "2026-10-07T11:42:24+00:00",
        "query_key": "galleries_and_arts",
        "tags": {
          "alt_name": "William Lucy Ironworks Memorial",
          "artist_name": "Jon Mills",
          "artwork_type": "sculpture",
          "material": "metal",
          "name": "Flight of the Eagles",
          "start_date": "2008",
          "tourism": "artwork",
          "wikimedia_commons": "File:Eagle_Ironworks_monument_2.jpg"
        }
      }
    },
    {
      "type": "Feature",
      "geometry": {
        "type": "Point",
        "coordinates": [
          -1.2592333,
          51.7655255
        ]
      },
      "properties": {
        "id": "osm:node:3087836590",
        "source": "osm",
        "title": "Flore",
        "address": "",
        "description": "",
        "categories": [
          "cultural",
          "art"
        ],
        "primary_category": "cultural",
        "interest_score": 30,
        "website": "",
        "wikipedia": "",
        "wikidata": "",
        "source_url": "https://www.openstreetmap.org/node/3087836590",
        "fetched_at_utc": "2026-10-07T11:42:24+00:00",
        "query_key": "galleries_and_arts",
        "tags": {
          "artist_name": "Aristide Maillol",
          "artwork_type": "statue",
          "material": "bronze",
          "name": "Flore",
          "tourism": "artwork"
        }
      }
    },
    {
      "type": "Feature",
      "geometry": {
        "type": "Point",
        "coordinates": [
          -1.2647096,
          51.7592414
        ]
      },
      "properties": {
        "id": "osm:node:12068600710",
        "source": "osm",
        "title": "Fountain Pen",
        "address": "",
        "description": "",
        "categories": [
          "cultural",
          "art"
        ],
        "primary_category": "cultural",
        "interest_score": 30,
        "website": "",
        "wikipedia": "",
        "wikidata": "",
        "source_url": "https://www.openstreetmap.org/node/12068600710",
        "fetched_at_utc": "2026-10-07T11:42:24+00:00",
        "query_key": "galleries_and_arts",
        "tags": {
          "artist_name": "Michael Craig-Martin",
          "artwork_type": "sculpture",
          "colour": "pink",
          "material": "steel",
          "name": "Fountain Pen",
          "start_date": "2019",
          "tourism": "artwork"
        }
      }
    },
    {
      "type": "Feature",
      "geometry": {
        "type": "Point",
        "coordinates": [
          -1.248891,
          51.7538942
        ]
      },
      "properties": {
        "id": "osm:node:11255217334",
        "source": "osm",
        "title": "Garden Sculpture (Model for 'Meridian')",
        "address": "",
        "description": "",
        "categories": [
          "cultural",
          "art"
        ],
        "primary_category": "cultural",
        "interest_score": 30,
        "website": "",
        "wikipedia": "",
        "wikidata": "",
        "source_url": "https://www.openstreetmap.org/node/11255217334",
        "fetched_at_utc": "2026-10-07T11:42:24+00:00",
        "query_key": "galleries_and_arts",
        "tags": {
          "artist_name": "Barbara Hepworth",
          "artwork_type": "sculpture",
          "material": "bronze",
          "name": "Garden Sculpture (Model for 'Meridian')",
          "tourism": "artwork"
        }
      }
    },
    {
      "type": "Feature",
      "geometry": {
        "type": "Point",
        "coordinates": [
          -1.2591887,
          51.7532218
        ]
      },
      "properties": {
        "id": "osm:node:11183002816",
        "source": "osm",
        "title": "Goodman Library",
        "address": "",
        "description": "",
        "categories": [
          "cultural",
          "literary"
        ],
        "primary_category": "cultural",
        "interest_score": 30,
        "website": "",
        "wikipedia": "",
        "wikidata": "",
        "source_url": "https://www.openstreetmap.org/node/11183002816",
        "fetched_at_utc": "2026-10-07T11:42:24+00:00",
        "query_key": "performance_and_literary",
        "tags": {
          "access": "private",
          "amenity": "library",
          "name": "Goodman Library",
          "operator": "Oxford Union"
        }
      }
    },
    {
      "type": "Feature",
      "geometry": {
        "type": "Point",
        "coordinates": [
          -1.25344128,
          51.75392959999999
        ]
      },
      "properties": {
        "id": "osm:way:227630578",
        "source": "osm",
        "title": "Hertford College Library",
        "address": "",
        "description": "",
        "categories": [
          "cultural",
          "literary"
        ],
        "primary_category": "cultural",
        "interest_score": 30,
        "website": "",
        "wikipedia": "",
        "wikidata": "",
        "source_url": "https://www.openstreetmap.org/way/227630578",
        "fetched_at_utc": "2026-10-07T11:42:24+00:00",
        "query_key": "performance_and_literary",
        "tags": {
          "access": "private",
          "amenity": "library",
          "building": "university",
          "learning": "oxford_college",
          "name": "Hertford College Library",
          "operator": "Hertford College",
          "operator:type": "university",
          "source": "Bing;local_knowledge"
        }
      }
    },
    {
      "type": "Feature",
      "geometry": {
        "type": "Point",
        "coordinates": [
          -1.2579151286885246,
          51.73550287540983
        ]
      },
      "properties": {
        "id": "osm:relation:16637441",
        "source": "osm",
        "title": "Hinksey Ponds",
        "address": "",
        "description": "",
        "categories": [
          "natural"
        ],
        "primary_category": "natural",
        "interest_score": 30,
        "website": "",
        "wikipedia": "",
        "wikidata": "",
        "source_url": "https://www.openstreetmap.org/relation/16637441",
        "fetched_at_utc": "2026-10-07T11:42:24+00:00",
        "query_key": "nature_reserves",
        "tags": {
          "leisure": "nature_reserve",
          "name": "Hinksey Ponds"
        }
      }
    },
    {
      "type": "Feature",
      "geometry": {
        "type": "Point",
        "coordinates": [
          -1.2587848428571426,
          51.75842481428571
        ]
      },
      "properties": {
        "id": "osm:relation:11662914",
        "source": "osm",
        "title": "Holdsworth Law Library",
        "address": "",
        "description": "",
        "categories": [
          "cultural",
          "literary"
        ],
        "primary_category": "cultural",
        "interest_score": 30,
        "website": "",
        "wikipedia": "",
        "wikidata": "",
        "source_url": "https://www.openstreetmap.org/relation/11662914",
        "fetched_at_utc": "2026-10-07T11:42:24+00:00",
        "query_key": "performance_and_literary",
        "tags": {
          "amenity": "library",
          "building": "university",
          "name": "Holdsworth Law Library",
          "operator": "St John's College"
        }
      }
    },
    {
      "type": "Feature",
      "geometry": {
        "type": "Point",
        "coordinates": [
          -1.2618972,
          51.7513864
        ]
      },
      "properties": {
        "id": "osm:node:8608531042",
        "source": "osm",
        "title": "Inspire",
        "address": "",
        "description": "",
        "categories": [
          "cultural",
          "art"
        ],
        "primary_category": "cultural",
        "interest_score": 30,
        "website": "",
        "wikipedia": "",
        "wikidata": "",
        "source_url": "https://www.openstreetmap.org/node/8608531042",
        "fetched_at_utc": "2026-10-07T11:42:24+00:00",
        "query_key": "galleries_and_arts",
        "tags": {
          "artist_name": "Alan Wilson",
          "height": "4",
          "man_made": "obelisk",
          "material": "metal",
          "name": "Inspire",
          "start_date": "2006",
          "tourism": "artwork"
        }
      }
    },
    {
      "type": "Feature",
      "geometry": {
        "type": "Point",
        "coordinates": [
          -1.25536545,
          51.75390908333333
        ]
      },
      "properties": {
        "id": "osm:way:114575323",
        "source": "osm",
        "title": "Jackson Library",
        "address": "",
        "description": "",
        "categories": [
          "cultural",
          "literary"
        ],
        "primary_category": "cultural",
        "interest_score": 30,
        "website": "",
        "wikipedia": "",
        "wikidata": "",
        "source_url": "https://www.openstreetmap.org/way/114575323",
        "fetched_at_utc": "2026-10-07T11:42:24+00:00",
        "query_key": "performance_and_literary",
        "tags": {
          "alt_name": "Exeter College Library",
          "amenity": "library",
          "building": "university",
          "name": "Jackson Library",
          "operator": "Exeter College",
          "operator:type": "university",
          "wheelchair": "yes"
        }
      }
    },
    {
      "type": "Feature",
      "geometry": {
        "type": "Point",
        "coordinates": [
          -1.2611479,
          51.7562956
        ]
      },
      "properties": {
        "id": "osm:node:8647533913",
        "source": "osm",
        "title": "John Moussouris Library",
        "address": "",
        "description": "",
        "categories": [
          "cultural",
          "literary"
        ],
        "primary_category": "cultural",
        "interest_score": 30,
        "website": "",
        "wikipedia": "",
        "wikidata": "",
        "source_url": "https://www.openstreetmap.org/node/8647533913",
        "fetched_at_utc": "2026-10-07T11:42:24+00:00",
        "query_key": "performance_and_literary",
        "tags": {
          "amenity": "library",
          "name": "John Moussouris Library",
          "operator": "St Cross College"
        }
      }
    },
    {
      "type": "Feature",
      "geometry": {
        "type": "Point",
        "coordinates": [
          -1.257245,
          51.755784
        ]
      },
      "properties": {
        "id": "osm:node:12702946608",
        "source": "osm",
        "title": "John Newman",
        "address": "",
        "description": "",
        "categories": [
          "cultural",
          "art"
        ],
        "primary_category": "cultural",
        "interest_score": 30,
        "website": "",
        "wikipedia": "",
        "wikidata": "",
        "source_url": "https://www.openstreetmap.org/node/12702946608",
        "fetched_at_utc": "2026-10-07T11:42:24+00:00",
        "query_key": "galleries_and_arts",
        "tags": {
          "artwork_type": "bust",
          "material": "bronze",
          "name": "John Newman",
          "subject:wikidata": "Q44490",
          "subject:wikipedia": "en:John Henry Newman",
          "tourism": "artwork"
        }
      }
    },
    {
      "type": "Feature",
      "geometry": {
        "type": "Point",
        "coordinates": [
          -1.2514898,
          51.7525387
        ]
      },
      "properties": {
        "id": "osm:node:3014191863",
        "source": "osm",
        "title": "John Radcliffe",
        "address": "",
        "description": "",
        "categories": [
          "cultural",
          "art"
        ],
        "primary_category": "cultural",
        "interest_score": 30,
        "website": "",
        "wikipedia": "",
        "wikidata": "",
        "source_url": "https://www.openstreetmap.org/node/3014191863",
        "fetched_at_utc": "2026-10-07T11:42:24+00:00",
        "query_key": "galleries_and_arts",
        "tags": {
          "artist_name": "Francis Bird",
          "artwork_type": "statue",
          "level": "2",
          "name": "John Radcliffe",
          "subject:wikidata": "Q922508",
          "subject:wikipedia": "en:John Radcliffe (physician, born 1650)",
          "tourism": "artwork",
          "wikimedia_commons": "File:Univ._Coll._Radcliffe_Quad.JPG"
        }
      }
    },
    {
      "type": "Feature",
      "geometry": {
        "type": "Point",
        "coordinates": [
          -1.2637684,
          51.7606997
        ]
      },
      "properties": {
        "id": "osm:node:11128954040",
        "source": "osm",
        "title": "John Radcliffe",
        "address": "",
        "description": "",
        "categories": [
          "cultural",
          "art"
        ],
        "primary_category": "cultural",
        "interest_score": 30,
        "website": "",
        "wikipedia": "",
        "wikidata": "",
        "source_url": "https://www.openstreetmap.org/node/11128954040",
        "fetched_at_utc": "2026-10-07T11:42:24+00:00",
        "query_key": "galleries_and_arts",
        "tags": {
          "artist:wikipedia": "en:Martin_Jennings",
          "artist_name": "Martin Jennings",
          "artwork_type": "statue",
          "material": "bronze",
          "name": "John Radcliffe",
          "start_date": "2018-09",
          "subject:wikipedia": "en:John_Radcliffe_(physician)",
          "tourism": "artwork",
          "wikimedia_commons": "File:John_Radcliffe_statue_3.jpg"
        }
      }
    },
    {
      "type": "Feature",
      "geometry": {
        "type": "Point",
        "coordinates": [
          -1.2576534,
          51.7587616
        ]
      },
      "properties": {
        "id": "osm:node:8554009970",
        "source": "osm",
        "title": "Keble College Library",
        "address": "",
        "description": "",
        "categories": [
          "cultural",
          "literary"
        ],
        "primary_category": "cultural",
        "interest_score": 30,
        "website": "",
        "wikipedia": "",
        "wikidata": "",
        "source_url": "https://www.openstreetmap.org/node/8554009970",
        "fetched_at_utc": "2026-10-07T11:42:24+00:00",
        "query_key": "performance_and_literary",
        "tags": {
          "amenity": "library",
          "name": "Keble College Library",
          "operator": "Keble College"
        }
      }
    },
    {
      "type": "Feature",
      "geometry": {
        "type": "Point",
        "coordinates": [
          -1.2784796833333332,
          51.75423703333334
        ]
      },
      "properties": {
        "id": "osm:way:268582108",
        "source": "osm",
        "title": "Kingfisher Corner",
        "address": "",
        "description": "",
        "categories": [
          "natural"
        ],
        "primary_category": "natural",
        "interest_score": 30,
        "website": "",
        "wikipedia": "",
        "wikidata": "",
        "source_url": "https://www.openstreetmap.org/way/268582108",
        "fetched_at_utc": "2026-10-07T11:42:24+00:00",
        "query_key": "nature_reserves",
        "tags": {
          "leisure": "nature_reserve",
          "name": "Kingfisher Corner",
          "natural": "scrub"
        }
      }
    },
    {
      "type": "Feature",
      "geometry": {
        "type": "Point",
        "coordinates": [
          -1.2482508,
          51.7499003
        ]
      },
      "properties": {
        "id": "osm:node:7366516814",
        "source": "osm",
        "title": "Kirjava & Pantalaimon",
        "address": "",
        "description": "",
        "categories": [
          "cultural",
          "art"
        ],
        "primary_category": "cultural",
        "interest_score": 30,
        "website": "",
        "wikipedia": "",
        "wikidata": "",
        "source_url": "https://www.openstreetmap.org/node/7366516814",
        "fetched_at_utc": "2026-10-07T11:42:24+00:00",
        "query_key": "galleries_and_arts",
        "tags": {
          "artist_name": "Julian Warren",
          "artwork_type": "statue",
          "material": "steel",
          "name": "Kirjava & Pantalaimon",
          "source": "https://www.obga.ox.ac.uk/daemon-sculpture-lower-garden",
          "start_date": "2019-05-22",
          "tourism": "artwork"
        }
      }
    },
    {
      "type": "Feature",
      "geometry": {
        "type": "Point",
        "coordinates": [
          -1.257708635714286,
          51.75619470714287
        ]
      },
      "properties": {
        "id": "osm:way:296656206",
        "source": "osm",
        "title": "Laudian Library",
        "address": "",
        "description": "",
        "categories": [
          "cultural",
          "literary"
        ],
        "primary_category": "cultural",
        "interest_score": 30,
        "website": "",
        "wikipedia": "",
        "wikidata": "",
        "source_url": "https://www.openstreetmap.org/way/296656206",
        "fetched_at_utc": "2026-10-07T11:42:24+00:00",
        "query_key": "performance_and_literary",
        "tags": {
          "amenity": "library",
          "building": "university",
          "name": "Laudian Library",
          "operator": "St John's College"
        }
      }
    },
    {
      "type": "Feature",
      "geometry": {
        "type": "Point",
        "coordinates": [
          -1.2317387,
          51.7457534
        ]
      },
      "properties": {
        "id": "osm:node:12735368230",
        "source": "osm",
        "title": "Leopold Street Mural",
        "address": "",
        "description": "",
        "categories": [
          "cultural",
          "art"
        ],
        "primary_category": "cultural",
        "interest_score": 30,
        "website": "",
        "wikipedia": "",
        "wikidata": "",
        "source_url": "https://www.openstreetmap.org/node/12735368230",
        "fetched_at_utc": "2026-10-07T11:42:24+00:00",
        "query_key": "galleries_and_arts",
        "tags": {
          "artist_name": "Mani;Steve Larkin",
          "artwork_type": "mural",
          "name": "Leopold Street Mural",
          "tourism": "artwork"
        }
      }
    },
    {
      "type": "Feature",
      "geometry": {
        "type": "Point",
        "coordinates": [
          -1.25409555,
          51.76503768333333
        ]
      },
      "properties": {
        "id": "osm:way:182189297",
        "source": "osm",
        "title": "Library",
        "address": "Oxford, OX2 6QA",
        "description": "",
        "categories": [
          "cultural",
          "literary"
        ],
        "primary_category": "cultural",
        "interest_score": 30,
        "website": "",
        "wikipedia": "",
        "wikidata": "",
        "source_url": "https://www.openstreetmap.org/way/182189297",
        "fetched_at_utc": "2026-10-07T11:42:24+00:00",
        "query_key": "performance_and_literary",
        "tags": {
          "addr:city": "Oxford",
          "addr:postcode": "OX2 6QA",
          "amenity": "library",
          "building": "university",
          "name": "Library",
          "opening_hours": "PH,Mo-Su 00:00-24:00+",
          "ref:GB:uprn": "10093788462"
        }
      }
    },
    {
      "type": "Feature",
      "geometry": {
        "type": "Point",
        "coordinates": [
          -1.2578383684210526,
          51.756614589473685
        ]
      },
      "properties": {
        "id": "osm:way:850871319",
        "source": "osm",
        "title": "Library & Study Centre",
        "address": "",
        "description": "",
        "categories": [
          "cultural",
          "literary"
        ],
        "primary_category": "cultural",
        "interest_score": 30,
        "website": "",
        "wikipedia": "",
        "wikidata": "",
        "source_url": "https://www.openstreetmap.org/way/850871319",
        "fetched_at_utc": "2026-10-07T11:42:24+00:00",
        "query_key": "performance_and_literary",
        "tags": {
          "amenity": "library",
          "building": "university",
          "name": "Library & Study Centre",
          "operator": "St John's College"
        }
      }
    },
    {
      "type": "Feature",
      "geometry": {
        "type": "Point",
        "coordinates": [
          -1.23411265,
          51.7425948
        ]
      },
      "properties": {
        "id": "osm:way:1281827561",
        "source": "osm",
        "title": "Lion",
        "address": "",
        "description": "",
        "categories": [
          "cultural",
          "art"
        ],
        "primary_category": "cultural",
        "interest_score": 30,
        "website": "",
        "wikipedia": "",
        "wikidata": "",
        "source_url": "https://www.openstreetmap.org/way/1281827561",
        "fetched_at_utc": "2026-10-07T11:42:24+00:00",
        "query_key": "galleries_and_arts",
        "tags": {
          "artist_name": "Syd (Luke Hollingworth, The Stencil Shed))",
          "artwork_type": "mural",
          "name": "Lion",
          "start_date": "2016",
          "tourism": "artwork"
        }
      }
    },
    {
      "type": "Feature",
      "geometry": {
        "type": "Point",
        "coordinates": [
          -1.2448371056338032,
          51.73718235211269
        ]
      },
      "properties": {
        "id": "osm:relation:11950511",
        "source": "osm",
        "title": "Longbridges Nature Park",
        "address": "",
        "description": "",
        "categories": [
          "natural"
        ],
        "primary_category": "natural",
        "interest_score": 30,
        "website": "",
        "wikipedia": "",
        "wikidata": "",
        "source_url": "https://www.openstreetmap.org/relation/11950511",
        "fetched_at_utc": "2026-10-07T11:42:24+00:00",
        "query_key": "nature_reserves",
        "tags": {
          "alt_name": "Long Bridges Nature Park",
          "leisure": "nature_reserve",
          "name": "Longbridges Nature Park",
          "note": "The southern section is protected as part of Iffley Meadows SSSI."
        }
      }
    },
    {
      "type": "Feature",
      "geometry": {
        "type": "Point",
        "coordinates": [
          -1.2484382366666666,
          51.75263506333334
        ]
      },
      "properties": {
        "id": "osm:relation:12631180",
        "source": "osm",
        "title": "Longwall Library",
        "address": "",
        "description": "",
        "categories": [
          "cultural",
          "literary"
        ],
        "primary_category": "cultural",
        "interest_score": 30,
        "website": "",
        "wikipedia": "",
        "wikidata": "",
        "source_url": "https://www.openstreetmap.org/relation/12631180",
        "fetched_at_utc": "2026-10-07T11:42:24+00:00",
        "query_key": "performance_and_literary",
        "tags": {
          "amenity": "library",
          "name": "Longwall Library",
          "operator": "Magdalen College"
        }
      }
    },
    {
      "type": "Feature",
      "geometry": {
        "type": "Point",
        "coordinates": [
          -1.2533953,
          51.7560159
        ]
      },
      "properties": {
        "id": "osm:node:11186806396",
        "source": "osm",
        "title": "Maurice Bowra",
        "address": "",
        "description": "",
        "categories": [
          "cultural",
          "art"
        ],
        "primary_category": "cultural",
        "interest_score": 30,
        "website": "",
        "wikipedia": "",
        "wikidata": "",
        "source_url": "https://www.openstreetmap.org/node/11186806396",
        "fetched_at_utc": "2026-10-07T11:42:24+00:00",
        "query_key": "galleries_and_arts",
        "tags": {
          "artist:wikipedia": "en:John_Doubleday_(sculptor)",
          "artist_name": "John Doubleday",
          "artwork_type": "statue",
          "material": "bronze",
          "name": "Maurice Bowra",
          "subject:wikipedia": "Maurice_Bowra",
          "tourism": "artwork"
        }
      }
    },
    {
      "type": "Feature",
      "geometry": {
        "type": "Point",
        "coordinates": [
          -1.2574239666666667,
          51.74990003333334
        ]
      },
      "properties": {
        "id": "osm:way:295213013",
        "source": "osm",
        "title": "McGowin Library",
        "address": "",
        "description": "",
        "categories": [
          "cultural",
          "literary"
        ],
        "primary_category": "cultural",
        "interest_score": 30,
        "website": "",
        "wikipedia": "",
        "wikidata": "",
        "source_url": "https://www.openstreetmap.org/way/295213013",
        "fetched_at_utc": "2026-10-07T11:42:24+00:00",
        "query_key": "performance_and_literary",
        "tags": {
          "access": "private",
          "amenity": "library",
          "building": "university",
          "learning": "oxford_college",
          "name": "McGowin Library",
          "operator": "Pembroke College",
          "operator:type": "university"
        }
      }
    },
    {
      "type": "Feature",
      "geometry": {
        "type": "Point",
        "coordinates": [
          -1.2558757,
          51.7502362
        ]
      },
      "properties": {
        "id": "osm:node:13081944718",
        "source": "osm",
        "title": "Mercury",
        "address": "",
        "description": "",
        "categories": [
          "cultural",
          "art"
        ],
        "primary_category": "cultural",
        "interest_score": 30,
        "website": "",
        "wikipedia": "",
        "wikidata": "",
        "source_url": "https://www.openstreetmap.org/node/13081944718",
        "fetched_at_utc": "2026-10-07T11:42:24+00:00",
        "query_key": "galleries_and_arts",
        "tags": {
          "artwork_type": "statue",
          "material": "lead",
          "name": "Mercury",
          "tourism": "artwork",
          "wikimedia_commons": "File:Oxford_400_03.jpg"
        }
      }
    },
    {
      "type": "Feature",
      "geometry": {
        "type": "Point",
        "coordinates": [
          -1.259967,
          51.7527582
        ]
      },
      "properties": {
        "id": "osm:node:11180702703",
        "source": "osm",
        "title": "Messenger",
        "address": "",
        "description": "",
        "categories": [
          "cultural",
          "art"
        ],
        "primary_category": "cultural",
        "interest_score": 30,
        "website": "",
        "wikipedia": "",
        "wikidata": "",
        "source_url": "https://www.openstreetmap.org/node/11180702703",
        "fetched_at_utc": "2026-10-07T11:42:24+00:00",
        "query_key": "galleries_and_arts",
        "tags": {
          "artist:wikipedia": "en:William_G._Tucker",
          "artist_name": "William Tucker",
          "artwork_type": "sculpture",
          "material": "metal",
          "name": "Messenger",
          "tourism": "artwork"
        }
      }
    },
    {
      "type": "Feature",
      "geometry": {
        "type": "Point",
        "coordinates": [
          -1.2523170318181818,
          51.754750804545445
        ]
      },
      "properties": {
        "id": "osm:way:23762467",
        "source": "osm",
        "title": "New College Library",
        "address": "",
        "description": "",
        "categories": [
          "cultural",
          "literary"
        ],
        "primary_category": "cultural",
        "interest_score": 30,
        "website": "",
        "wikipedia": "",
        "wikidata": "",
        "source_url": "https://www.openstreetmap.org/way/23762467",
        "fetched_at_utc": "2026-10-07T11:42:24+00:00",
        "query_key": "performance_and_literary",
        "tags": {
          "amenity": "library",
          "building": "library",
          "name": "New College Library",
          "operator": "New College",
          "operator:type": "university",
          "source:geometry": "Bing"
        }
      }
    },
    {
      "type": "Feature",
      "geometry": {
        "type": "Point",
        "coordinates": [
          -1.2508718740740739,
          51.75167858148148
        ]
      },
      "properties": {
        "id": "osm:way:60860866",
        "source": "osm",
        "title": "New Library, 10 Merton St.",
        "address": "10 Merton Street",
        "description": "",
        "categories": [
          "cultural",
          "literary"
        ],
        "primary_category": "cultural",
        "interest_score": 30,
        "website": "",
        "wikipedia": "",
        "wikidata": "",
        "source_url": "https://www.openstreetmap.org/way/60860866",
        "fetched_at_utc": "2026-10-07T11:42:24+00:00",
        "query_key": "performance_and_literary",
        "tags": {
          "addr:housenumber": "10",
          "addr:street": "Merton Street",
          "amenity": "library",
          "building": "university",
          "learning": "oxford_college",
          "name": "New Library, 10 Merton St.",
          "operator": "University College"
        }
      }
    },
    {
      "type": "Feature",
      "geometry": {
        "type": "Point",
        "coordinates": [
          -1.2479330737373737,
          51.764280371212095
        ]
      },
      "properties": {
        "id": "osm:relation:11651419",
        "source": "osm",
        "title": "New Marston Meadows",
        "address": "",
        "description": "",
        "categories": [
          "natural"
        ],
        "primary_category": "natural",
        "interest_score": 30,
        "website": "",
        "wikipedia": "",
        "wikidata": "",
        "source_url": "https://www.openstreetmap.org/relation/11651419",
        "fetched_at_utc": "2026-10-07T11:42:24+00:00",
        "query_key": "nature_reserves",
        "tags": {
          "boundary": "protected_area",
          "leisure": "nature_reserve",
          "name": "New Marston Meadows",
          "official_name": "New Marston Meadows SSSI",
          "protect_class": "4",
          "protection_title": "Site of Special Scientific Interest"
        }
      }
    },
    {
      "type": "Feature",
      "geometry": {
        "type": "Point",
        "coordinates": [
          -1.2624151375000001,
          51.75254615
        ]
      },
      "properties": {
        "id": "osm:way:310062039",
        "source": "osm",
        "title": "Nuffield College Library",
        "address": "",
        "description": "",
        "categories": [
          "cultural",
          "literary"
        ],
        "primary_category": "cultural",
        "interest_score": 30,
        "website": "",
        "wikipedia": "",
        "wikidata": "",
        "source_url": "https://www.openstreetmap.org/way/310062039",
        "fetched_at_utc": "2026-10-07T11:42:24+00:00",
        "query_key": "performance_and_literary",
        "tags": {
          "amenity": "library",
          "building": "university",
          "name": "Nuffield College Library"
        }
      }
    },
    {
      "type": "Feature",
      "geometry": {
        "type": "Point",
        "coordinates": [
          -1.2578252499999998,
          51.755981937499996
        ]
      },
      "properties": {
        "id": "osm:way:1360712364",
        "source": "osm",
        "title": "Old Library",
        "address": "",
        "description": "",
        "categories": [
          "cultural",
          "literary"
        ],
        "primary_category": "cultural",
        "interest_score": 30,
        "website": "",
        "wikipedia": "",
        "wikidata": "",
        "source_url": "https://www.openstreetmap.org/way/1360712364",
        "fetched_at_utc": "2026-10-07T11:42:24+00:00",
        "query_key": "performance_and_literary",
        "tags": {
          "amenity": "library",
          "building": "university",
          "name": "Old Library",
          "operator": "St John's College"
        }
      }
    },
    {
      "type": "Feature",
      "geometry": {
        "type": "Point",
        "coordinates": [
          -1.2535168461538464,
          51.75206633076924
        ]
      },
      "properties": {
        "id": "osm:way:62124682",
        "source": "osm",
        "title": "Oriel College Library",
        "address": "",
        "description": "",
        "categories": [
          "cultural",
          "literary"
        ],
        "primary_category": "cultural",
        "interest_score": 30,
        "website": "",
        "wikipedia": "",
        "wikidata": "",
        "source_url": "https://www.openstreetmap.org/way/62124682",
        "fetched_at_utc": "2026-10-07T11:42:24+00:00",
        "query_key": "performance_and_literary",
        "tags": {
          "amenity": "library",
          "building": "university",
          "learning": "oxford_college",
          "name": "Oriel College Library",
          "operator": "Oriel College"
        }
      }
    },
    {
      "type": "Feature",
      "geometry": {
        "type": "Point",
        "coordinates": [
          -1.2548198,
          51.7698498
        ]
      },
      "properties": {
        "id": "osm:node:12045655324",
        "source": "osm",
        "title": "Oxford Sundial",
        "address": "",
        "description": "",
        "categories": [
          "cultural",
          "art"
        ],
        "primary_category": "cultural",
        "interest_score": 30,
        "website": "",
        "wikipedia": "",
        "wikidata": "",
        "source_url": "https://www.openstreetmap.org/node/12045655324",
        "fetched_at_utc": "2026-10-07T11:42:24+00:00",
        "query_key": "galleries_and_arts",
        "tags": {
          "amenity": "clock",
          "display": "sundial",
          "name": "Oxford Sundial",
          "support": "pedestal",
          "tourism": "artwork"
        }
      }
    },
    {
      "type": "Feature",
      "geometry": {
        "type": "Point",
        "coordinates": [
          -1.260316,
          51.7500443
        ]
      },
      "properties": {
        "id": "osm:node:11207391472",
        "source": "osm",
        "title": "Paradise Garden",
        "address": "",
        "description": "",
        "categories": [
          "cultural",
          "art"
        ],
        "primary_category": "cultural",
        "interest_score": 30,
        "website": "",
        "wikipedia": "",
        "wikidata": "",
        "source_url": "https://www.openstreetmap.org/node/11207391472",
        "fetched_at_utc": "2026-10-07T11:42:24+00:00",
        "query_key": "galleries_and_arts",
        "tags": {
          "artist_name": "William Cobbing",
          "artwork_type": "sculpture",
          "material": "stone",
          "name": "Paradise Garden",
          "tourism": "artwork"
        }
      }
    },
    {
      "type": "Feature",
      "geometry": {
        "type": "Point",
        "coordinates": [
          -1.227422188888889,
          51.76978066666667
        ]
      },
      "properties": {
        "id": "osm:relation:16630804",
        "source": "osm",
        "title": "Peasmoor Piece",
        "address": "",
        "description": "",
        "categories": [
          "natural"
        ],
        "primary_category": "natural",
        "interest_score": 30,
        "website": "",
        "wikipedia": "",
        "wikidata": "",
        "source_url": "https://www.openstreetmap.org/relation/16630804",
        "fetched_at_utc": "2026-10-07T11:42:24+00:00",
        "query_key": "nature_reserves",
        "tags": {
          "alt_name": "Peasmore Piece Nature Park",
          "leisure": "nature_reserve",
          "name": "Peasmoor Piece",
          "source": "https://www.oxford.gov.uk/directory_record/901/peasmore_piece_nature_park"
        }
      }
    },
    {
      "type": "Feature",
      "geometry": {
        "type": "Point",
        "coordinates": [
          -1.2537373,
          51.7508763
        ]
      },
      "properties": {
        "id": "osm:node:3045870645",
        "source": "osm",
        "title": "Pelican Sundial",
        "address": "",
        "description": "",
        "categories": [
          "cultural",
          "art"
        ],
        "primary_category": "cultural",
        "interest_score": 30,
        "website": "",
        "wikipedia": "",
        "wikidata": "",
        "source_url": "https://www.openstreetmap.org/node/3045870645",
        "fetched_at_utc": "2026-10-07T11:42:24+00:00",
        "query_key": "galleries_and_arts",
        "tags": {
          "amenity": "clock",
          "display": "sundial",
          "name": "Pelican Sundial",
          "start_date": "1581",
          "support": "column",
          "tourism": "artwork"
        }
      }
    },
    {
      "type": "Feature",
      "geometry": {
        "type": "Point",
        "coordinates": [
          -1.2626255,
          51.7600499
        ]
      },
      "properties": {
        "id": "osm:node:13246221609",
        "source": "osm",
        "title": "Plosion 1 (Yellow)",
        "address": "",
        "description": "",
        "categories": [
          "cultural",
          "art"
        ],
        "primary_category": "cultural",
        "interest_score": 30,
        "website": "",
        "wikipedia": "",
        "wikidata": "",
        "source_url": "https://www.openstreetmap.org/node/13246221609",
        "fetched_at_utc": "2026-10-07T11:42:24+00:00",
        "query_key": "galleries_and_arts",
        "tags": {
          "artist_name": "Conrad Shawcross",
          "artwork_type": "sculpture",
          "material": "metal;glass",
          "name": "Plosion 1 (Yellow)",
          "tourism": "artwork"
        }
      }
    },
    {
      "type": "Feature",
      "geometry": {
        "type": "Point",
        "coordinates": [
          -1.2305674,
          51.7351623
        ]
      },
      "properties": {
        "id": "osm:node:7712997345",
        "source": "osm",
        "title": "Positive Touch",
        "address": "",
        "description": "",
        "categories": [
          "cultural",
          "art"
        ],
        "primary_category": "cultural",
        "interest_score": 30,
        "website": "",
        "wikipedia": "",
        "wikidata": "",
        "source_url": "https://www.openstreetmap.org/node/7712997345",
        "fetched_at_utc": "2026-10-07T11:42:24+00:00",
        "query_key": "galleries_and_arts",
        "tags": {
          "artist_name": "Helen Jacobs and Wez Jacobs",
          "artwork_type": "sculpture",
          "name": "Positive Touch",
          "tourism": "artwork"
        }
      }
    },
    {
      "type": "Feature",
      "geometry": {
        "type": "Point",
        "coordinates": [
          -1.2528229,
          51.7573839
        ]
      },
      "properties": {
        "id": "osm:node:8651080985",
        "source": "osm",
        "title": "Present Time",
        "address": "",
        "description": "",
        "categories": [
          "cultural",
          "art"
        ],
        "primary_category": "cultural",
        "interest_score": 30,
        "website": "",
        "wikipedia": "",
        "wikidata": "",
        "source_url": "https://www.openstreetmap.org/node/8651080985",
        "fetched_at_utc": "2026-10-07T11:42:24+00:00",
        "query_key": "galleries_and_arts",
        "tags": {
          "artist_name": "Antony Gormley",
          "artwork_type": "sculpture",
          "material": "iron",
          "name": "Present Time",
          "tourism": "artwork",
          "wikimedia_commons": "File:Present_Time,_Mansfield_College_4.jpg"
        }
      }
    },
    {
      "type": "Feature",
      "geometry": {
        "type": "Point",
        "coordinates": [
          -1.2606212777777777,
          51.75661855555555
        ]
      },
      "properties": {
        "id": "osm:way:93768161",
        "source": "osm",
        "title": "Pusey House Library",
        "address": "Oxford, OX1 3LZ",
        "description": "",
        "categories": [
          "cultural",
          "literary"
        ],
        "primary_category": "cultural",
        "interest_score": 30,
        "website": "",
        "wikipedia": "",
        "wikidata": "",
        "source_url": "https://www.openstreetmap.org/way/93768161",
        "fetched_at_utc": "2026-10-07T11:42:24+00:00",
        "query_key": "performance_and_literary",
        "tags": {
          "addr:city": "Oxford",
          "addr:postcode": "OX1 3LZ",
          "amenity": "library",
          "building": "university",
          "name": "Pusey House Library",
          "ref:GB:uprn": "10093786047;10093788677;10093786049;10093786048;10093786050;10093786052;10093786051;10093786053;100121367388;100121367387",
          "source": "Bing"
        }
      }
    },
    {
      "type": "Feature",
      "geometry": {
        "type": "Point",
        "coordinates": [
          -1.26139,
          51.756739
        ]
      },
      "properties": {
        "id": "osm:node:10151290098",
        "source": "osm",
        "title": "Regent's Park College Library",
        "address": "",
        "description": "",
        "categories": [
          "cultural",
          "literary"
        ],
        "primary_category": "cultural",
        "interest_score": 30,
        "website": "",
        "wikipedia": "",
        "wikidata": "",
        "source_url": "https://www.openstreetmap.org/node/10151290098",
        "fetched_at_utc": "2026-10-07T11:42:24+00:00",
        "query_key": "performance_and_literary",
        "tags": {
          "access": "private",
          "amenity": "library",
          "name": "Regent's Park College Library",
          "operator": "Regent's Park College",
          "operator:type": "university"
        }
      }
    },
    {
      "type": "Feature",
      "geometry": {
        "type": "Point",
        "coordinates": [
          -1.2896415499999998,
          51.75182715937499
        ]
      },
      "properties": {
        "id": "osm:relation:12686963",
        "source": "osm",
        "title": "Seacourt Nature Park",
        "address": "",
        "description": "",
        "categories": [
          "natural"
        ],
        "primary_category": "natural",
        "interest_score": 30,
        "website": "",
        "wikipedia": "",
        "wikidata": "",
        "source_url": "https://www.openstreetmap.org/relation/12686963",
        "fetched_at_utc": "2026-10-07T11:42:24+00:00",
        "query_key": "nature_reserves",
        "tags": {
          "leisure": "nature_reserve",
          "name": "Seacourt Nature Park",
          "operator": "Oxford City Council"
        }
      }
    },
    {
      "type": "Feature",
      "geometry": {
        "type": "Point",
        "coordinates": [
          -1.2524298,
          51.7590373
        ]
      },
      "properties": {
        "id": "osm:node:8387681911",
        "source": "osm",
        "title": "Sherardian Library of Plant Taxonomy",
        "address": "South Parks Road, Oxford, OX1 3RB",
        "description": "",
        "categories": [
          "cultural",
          "literary"
        ],
        "primary_category": "cultural",
        "interest_score": 30,
        "website": "",
        "wikipedia": "",
        "wikidata": "",
        "source_url": "https://www.openstreetmap.org/node/8387681911",
        "fetched_at_utc": "2026-10-07T11:42:24+00:00",
        "query_key": "performance_and_literary",
        "tags": {
          "addr:city": "Oxford",
          "addr:housename": "Department of Plant Sciences, University of Oxford",
          "addr:postcode": "OX1 3RB",
          "addr:street": "South Parks Road",
          "amenity": "library",
          "name": "Sherardian Library of Plant Taxonomy",
          "operator": "Bodleian Libraries",
          "operator:type": "private_non_profit"
        }
      }
    },
    {
      "type": "Feature",
      "geometry": {
        "type": "Point",
        "coordinates": [
          -1.2695463260869568,
          51.75569030869565
        ]
      },
      "properties": {
        "id": "osm:way:329191619",
        "source": "osm",
        "title": "Snakes Island",
        "address": "",
        "description": "",
        "categories": [
          "natural"
        ],
        "primary_category": "natural",
        "interest_score": 30,
        "website": "",
        "wikipedia": "",
        "wikidata": "",
        "source_url": "https://www.openstreetmap.org/way/329191619",
        "fetched_at_utc": "2026-10-07T11:42:24+00:00",
        "query_key": "nature_reserves",
        "tags": {
          "access": "no",
          "leisure": "nature_reserve",
          "name": "Snakes Island",
          "natural": "wood",
          "operator": "Rewley Park Management Co. Ltd"
        }
      }
    },
    {
      "type": "Feature",
      "geometry": {
        "type": "Point",
        "coordinates": [
          -1.2635599,
          51.7600217
        ]
      },
      "properties": {
        "id": "osm:node:13052333250",
        "source": "osm",
        "title": "Sohmen Concert Hall",
        "address": "",
        "description": "",
        "categories": [
          "cultural",
          "art"
        ],
        "primary_category": "cultural",
        "interest_score": 30,
        "website": "",
        "wikipedia": "",
        "wikidata": "",
        "source_url": "https://www.openstreetmap.org/node/13052333250",
        "fetched_at_utc": "2026-10-07T11:42:24+00:00",
        "query_key": "performance_and_literary",
        "tags": {
          "amenity": "theatre",
          "level": "-2",
          "name": "Sohmen Concert Hall",
          "operator": "University of Oxford",
          "start_date": "2025-Q4",
          "theatre:genre": "chamber_music",
          "theatre:type": "concert_hall"
        }
      }
    },
    {
      "type": "Feature",
      "geometry": {
        "type": "Point",
        "coordinates": [
          -1.2634111,
          51.7631687
        ]
      },
      "properties": {
        "id": "osm:node:11186792137",
        "source": "osm",
        "title": "Solidarity",
        "address": "",
        "description": "",
        "categories": [
          "cultural",
          "art"
        ],
        "primary_category": "cultural",
        "interest_score": 30,
        "website": "",
        "wikipedia": "",
        "wikidata": "",
        "source_url": "https://www.openstreetmap.org/node/11186792137",
        "fetched_at_utc": "2026-10-07T11:42:24+00:00",
        "query_key": "galleries_and_arts",
        "tags": {
          "artist:wikipedia": "en:Naomi_Blake",
          "artist_name": "Naomi Blake",
          "artwork_type": "sculpture",
          "material": "bronze",
          "name": "Solidarity",
          "tourism": "artwork"
        }
      }
    },
    {
      "type": "Feature",
      "geometry": {
        "type": "Point",
        "coordinates": [
          -1.2628296,
          51.7628904
        ]
      },
      "properties": {
        "id": "osm:node:8895480846",
        "source": "osm",
        "title": "St Antony's College Library",
        "address": "",
        "description": "",
        "categories": [
          "cultural",
          "literary"
        ],
        "primary_category": "cultural",
        "interest_score": 30,
        "website": "",
        "wikipedia": "",
        "wikidata": "",
        "source_url": "https://www.openstreetmap.org/node/8895480846",
        "fetched_at_utc": "2026-10-07T11:42:24+00:00",
        "query_key": "performance_and_literary",
        "tags": {
          "amenity": "library",
          "name": "St Antony's College Library",
          "operator": "St Antony's College",
          "source": "Bing;local knowledge"
        }
      }
    },
    {
      "type": "Feature",
      "geometry": {
        "type": "Point",
        "coordinates": [
          -1.2543223166666666,
          51.75303948333333
        ]
      },
      "properties": {
        "id": "osm:way:293724016",
        "source": "osm",
        "title": "Staircase 7/VII",
        "address": "",
        "description": "",
        "categories": [
          "cultural",
          "literary"
        ],
        "primary_category": "cultural",
        "interest_score": 30,
        "website": "",
        "wikipedia": "",
        "wikidata": "",
        "source_url": "https://www.openstreetmap.org/way/293724016",
        "fetched_at_utc": "2026-10-07T11:42:24+00:00",
        "query_key": "performance_and_literary",
        "tags": {
          "amenity": "library",
          "building": "university",
          "building:levels": "2",
          "name": "Staircase 7/VII",
          "operator": "Brasenose College",
          "roof:levels": "1"
        }
      }
    },
    {
      "type": "Feature",
      "geometry": {
        "type": "Point",
        "coordinates": [
          -1.2579084,
          51.756656
        ]
      },
      "properties": {
        "id": "osm:node:11186790886",
        "source": "osm",
        "title": "Stone Drawing",
        "address": "",
        "description": "",
        "categories": [
          "cultural",
          "art"
        ],
        "primary_category": "cultural",
        "interest_score": 30,
        "website": "",
        "wikipedia": "",
        "wikidata": "",
        "source_url": "https://www.openstreetmap.org/node/11186790886",
        "fetched_at_utc": "2026-10-07T11:42:24+00:00",
        "query_key": "galleries_and_arts",
        "tags": {
          "artist:wikipedia": "en:Susanna_Heron",
          "artist_name": "Susanna Heron",
          "artwork_type": "relief",
          "name": "Stone Drawing",
          "tourism": "artwork"
        }
      }
    },
    {
      "type": "Feature",
      "geometry": {
        "type": "Point",
        "coordinates": [
          -1.26335,
          51.7604528
        ]
      },
      "properties": {
        "id": "osm:node:11128954039",
        "source": "osm",
        "title": "The Alchemical Tree",
        "address": "",
        "description": "",
        "categories": [
          "cultural",
          "art"
        ],
        "primary_category": "cultural",
        "interest_score": 30,
        "website": "",
        "wikipedia": "",
        "wikidata": "",
        "source_url": "https://www.openstreetmap.org/node/11128954039",
        "fetched_at_utc": "2026-10-07T11:42:24+00:00",
        "query_key": "galleries_and_arts",
        "tags": {
          "artist_name": "Simon Periton",
          "artwork_subject": "figurative",
          "artwork_type": "sculpture",
          "material": "fibreglass",
          "name": "The Alchemical Tree",
          "start_date": "2015",
          "tourism": "artwork",
          "wikimedia_commons": "File:Alchemical_Tree,_Oxford_3.jpg"
        }
      }
    },
    {
      "type": "Feature",
      "geometry": {
        "type": "Point",
        "coordinates": [
          -1.2623856,
          51.7525701
        ]
      },
      "properties": {
        "id": "osm:node:11186760305",
        "source": "osm",
        "title": "The Apparition",
        "address": "",
        "description": "",
        "categories": [
          "cultural",
          "art"
        ],
        "primary_category": "cultural",
        "interest_score": 30,
        "website": "",
        "wikipedia": "",
        "wikidata": "",
        "source_url": "https://www.openstreetmap.org/node/11186760305",
        "fetched_at_utc": "2026-10-07T11:42:24+00:00",
        "query_key": "galleries_and_arts",
        "tags": {
          "artist:wikipedia": "en:Fred_Kormis",
          "artist_name": "Fred Kormis",
          "artwork_type": "relief",
          "material": "bronze",
          "name": "The Apparition",
          "tourism": "artwork"
        }
      }
    },
    {
      "type": "Feature",
      "geometry": {
        "type": "Point",
        "coordinates": [
          -1.2597189333333334,
          51.758505050000004
        ]
      },
      "properties": {
        "id": "osm:way:134119348",
        "source": "osm",
        "title": "The Barn",
        "address": "22 St Giles', Oxford, OX1 3JP",
        "description": "",
        "categories": [
          "cultural",
          "art"
        ],
        "primary_category": "cultural",
        "interest_score": 30,
        "website": "",
        "wikipedia": "",
        "wikidata": "",
        "source_url": "https://www.openstreetmap.org/way/134119348",
        "fetched_at_utc": "2026-10-07T11:42:24+00:00",
        "query_key": "galleries_and_arts",
        "tags": {
          "addr:city": "Oxford",
          "addr:country": "GB",
          "addr:housename": "St John’s College",
          "addr:housenumber": "22",
          "addr:postcode": "OX1 3JP",
          "addr:street": "St Giles'",
          "alt_name": "The Kendrew Barn Gallery",
          "building": "college",
          "building:levels": "2",
          "fee": "no",
          "name": "The Barn",
          "opening_hours": "unknown",
          "operator": "St John's College;University of Oxford",
          "operator:type": "university",
          "roof:levels": "1",
          "roof:shape": "gabled",
          "source": "Bing",
          "start_date": "2010",
          "tourism": "gallery"
        }
      }
    },
    {
      "type": "Feature",
      "geometry": {
        "type": "Point",
        "coordinates": [
          -1.2570172,
          51.7526329
        ]
      },
      "properties": {
        "id": "osm:node:10967538106",
        "source": "osm",
        "title": "The Gnome",
        "address": "",
        "description": "",
        "categories": [
          "cultural",
          "art"
        ],
        "primary_category": "cultural",
        "interest_score": 30,
        "website": "",
        "wikipedia": "",
        "wikidata": "",
        "source_url": "https://www.openstreetmap.org/node/10967538106",
        "fetched_at_utc": "2026-10-07T11:42:24+00:00",
        "query_key": "galleries_and_arts",
        "tags": {
          "name": "The Gnome",
          "tourism": "artwork"
        }
      }
    },
    {
      "type": "Feature",
      "geometry": {
        "type": "Point",
        "coordinates": [
          -1.242883215384615,
          51.738859188461525
        ]
      },
      "properties": {
        "id": "osm:way:95656844",
        "source": "osm",
        "title": "The Kidneys",
        "address": "",
        "description": "",
        "categories": [
          "natural"
        ],
        "primary_category": "natural",
        "interest_score": 30,
        "website": "",
        "wikipedia": "",
        "wikidata": "",
        "source_url": "https://www.openstreetmap.org/way/95656844",
        "fetched_at_utc": "2026-10-07T11:42:24+00:00",
        "query_key": "nature_reserves",
        "tags": {
          "leisure": "nature_reserve",
          "name": "The Kidneys",
          "note": "The southern tip is protected as part of Iffley Meadows SSSI."
        }
      }
    },
    {
      "type": "Feature",
      "geometry": {
        "type": "Point",
        "coordinates": [
          -1.2690721,
          51.7535465
        ]
      },
      "properties": {
        "id": "osm:node:8191017611",
        "source": "osm",
        "title": "The Ox",
        "address": "",
        "description": "",
        "categories": [
          "cultural",
          "art"
        ],
        "primary_category": "cultural",
        "interest_score": 30,
        "website": "",
        "wikipedia": "",
        "wikidata": "",
        "source_url": "https://www.openstreetmap.org/node/8191017611",
        "fetched_at_utc": "2026-10-07T11:42:24+00:00",
        "query_key": "galleries_and_arts",
        "tags": {
          "artist_name": "Olivia Musgrave",
          "artwork_type": "statue",
          "material": "bronze",
          "name": "The Ox",
          "tourism": "artwork"
        }
      }
    },
    {
      "type": "Feature",
      "geometry": {
        "type": "Point",
        "coordinates": [
          -1.2513558,
          51.753548
        ]
      },
      "properties": {
        "id": "osm:node:8554009965",
        "source": "osm",
        "title": "The Queen's College Library",
        "address": "",
        "description": "",
        "categories": [
          "cultural",
          "literary"
        ],
        "primary_category": "cultural",
        "interest_score": 30,
        "website": "",
        "wikipedia": "",
        "wikidata": "",
        "source_url": "https://www.openstreetmap.org/node/8554009965",
        "fetched_at_utc": "2026-10-07T11:42:24+00:00",
        "query_key": "performance_and_literary",
        "tags": {
          "amenity": "library",
          "name": "The Queen's College Library",
          "operator": "The Queen's  College"
        }
      }
    },
    {
      "type": "Feature",
      "geometry": {
        "type": "Point",
        "coordinates": [
          -1.2541773,
          51.7703442
        ]
      },
      "properties": {
        "id": "osm:node:11737370161",
        "source": "osm",
        "title": "The Transformed Triangle",
        "address": "",
        "description": "",
        "categories": [
          "cultural",
          "art"
        ],
        "primary_category": "cultural",
        "interest_score": 30,
        "website": "",
        "wikipedia": "",
        "wikidata": "",
        "source_url": "https://www.openstreetmap.org/node/11737370161",
        "fetched_at_utc": "2026-10-07T11:42:24+00:00",
        "query_key": "galleries_and_arts",
        "tags": {
          "artist_name": "Roger Cheney",
          "artwork_type": "sculpture",
          "fixme": "Approximate location",
          "material": "concrete",
          "name": "The Transformed Triangle",
          "start_date": "1974",
          "tourism": "artwork"
        }
      }
    },
    {
      "type": "Feature",
      "geometry": {
        "type": "Point",
        "coordinates": [
          -1.2573168,
          51.7598474
        ]
      },
      "properties": {
        "id": "osm:node:13255880438",
        "source": "osm",
        "title": "Thinking Light",
        "address": "",
        "description": "Bridget Smith / Thinking Light, 2018 / Milled, anodised and powder coated aluminum / Courtesy of the artist and Frith Street Gallery, London / Fabricated by the Mechanical Engineering workshop, Department of Physics",
        "categories": [
          "cultural",
          "art"
        ],
        "primary_category": "cultural",
        "interest_score": 30,
        "website": "",
        "wikipedia": "",
        "wikidata": "",
        "source_url": "https://www.openstreetmap.org/node/13255880438",
        "fetched_at_utc": "2026-10-07T11:42:24+00:00",
        "query_key": "galleries_and_arts",
        "tags": {
          "artist_name": "Bridget Smith",
          "artwork_type": "mural",
          "inscription": "Bridget Smith / Thinking Light, 2018 / Milled, anodised and powder coated aluminum / Courtesy of the artist and Frith Street Gallery, London / Fabricated by the Mechanical Engineering workshop, Department of Physics",
          "level": "0",
          "material": "aluminium",
          "name": "Thinking Light",
          "start_date": "2018",
          "tourism": "artwork",
          "wikimedia_commons": "File:Thinking_Light_1.jpg"
        }
      }
    },
    {
      "type": "Feature",
      "geometry": {
        "type": "Point",
        "coordinates": [
          -1.2624166,
          51.7590218
        ]
      },
      "properties": {
        "id": "osm:node:11185782264",
        "source": "osm",
        "title": "Triad",
        "address": "",
        "description": "",
        "categories": [
          "cultural",
          "art"
        ],
        "primary_category": "cultural",
        "interest_score": 30,
        "website": "",
        "wikipedia": "",
        "wikidata": "",
        "source_url": "https://www.openstreetmap.org/node/11185782264",
        "fetched_at_utc": "2026-10-07T11:42:24+00:00",
        "query_key": "galleries_and_arts",
        "tags": {
          "artist:wikipedia": "en:Wendy_Taylor",
          "artist_name": "Wendy Taylor",
          "artwork_type": "sculpture",
          "material": "metal",
          "name": "Triad",
          "tourism": "artwork"
        }
      }
    },
    {
      "type": "Feature",
      "geometry": {
        "type": "Point",
        "coordinates": [
          -1.2470401,
          51.7563866
        ]
      },
      "properties": {
        "id": "osm:node:13252215053",
        "source": "osm",
        "title": "Two Planes Vertical Horizontal II",
        "address": "",
        "description": "",
        "categories": [
          "cultural",
          "art"
        ],
        "primary_category": "cultural",
        "interest_score": 30,
        "website": "",
        "wikipedia": "",
        "wikidata": "",
        "source_url": "https://www.openstreetmap.org/node/13252215053",
        "fetched_at_utc": "2026-10-07T11:42:24+00:00",
        "query_key": "galleries_and_arts",
        "tags": {
          "alt_name": "Two Planes Vertical Horizontal - Variation II",
          "artist:wikidata": "Q632656",
          "artist:wikipedia": "en:George_Rickey",
          "artist_name": "George Rickey",
          "artwork_type": "sculpture",
          "material": "metal",
          "name": "Two Planes Vertical Horizontal II",
          "start_date": "1969",
          "tourism": "artwork",
          "wikimedia_commons": "File:Sculpture_at_Holywell_Manor_2003-10.jpg"
        }
      }
    },
    {
      "type": "Feature",
      "geometry": {
        "type": "Point",
        "coordinates": [
          -1.2448646,
          51.7570445
        ]
      },
      "properties": {
        "id": "osm:node:11186785815",
        "source": "osm",
        "title": "Unbroken Taichi Flow",
        "address": "",
        "description": "",
        "categories": [
          "cultural",
          "art"
        ],
        "primary_category": "cultural",
        "interest_score": 30,
        "website": "",
        "wikipedia": "",
        "wikidata": "",
        "source_url": "https://www.openstreetmap.org/node/11186785815",
        "fetched_at_utc": "2026-10-07T11:42:24+00:00",
        "query_key": "galleries_and_arts",
        "tags": {
          "artist:wikipedia": "en:Ju_Ming",
          "artist_name": "Ju Ming",
          "artwork_type": "sculpture",
          "material": "metal",
          "name": "Unbroken Taichi Flow",
          "tourism": "artwork"
        }
      }
    },
    {
      "type": "Feature",
      "geometry": {
        "type": "Point",
        "coordinates": [
          -1.2525028111111114,
          51.75207479444445
        ]
      },
      "properties": {
        "id": "osm:way:297525329",
        "source": "osm",
        "title": "University College Library",
        "address": "",
        "description": "",
        "categories": [
          "cultural",
          "literary"
        ],
        "primary_category": "cultural",
        "interest_score": 30,
        "website": "",
        "wikipedia": "",
        "wikidata": "",
        "source_url": "https://www.openstreetmap.org/way/297525329",
        "fetched_at_utc": "2026-10-07T11:42:24+00:00",
        "query_key": "performance_and_literary",
        "tags": {
          "amenity": "library",
          "building": "university",
          "learning": "oxford_college",
          "name": "University College Library",
          "operator": "University College"
        }
      }
    },
    {
      "type": "Feature",
      "geometry": {
        "type": "Point",
        "coordinates": [
          -1.2524519285714286,
          51.75072487142857
        ]
      },
      "properties": {
        "id": "osm:way:228196820",
        "source": "osm",
        "title": "Upper and Lower Libraries",
        "address": "",
        "description": "",
        "categories": [
          "cultural",
          "literary"
        ],
        "primary_category": "cultural",
        "interest_score": 30,
        "website": "",
        "wikipedia": "",
        "wikidata": "",
        "source_url": "https://www.openstreetmap.org/way/228196820",
        "fetched_at_utc": "2026-10-07T11:42:24+00:00",
        "query_key": "performance_and_literary",
        "tags": {
          "alt_name": "Mob Quad Staircase 3 and 4",
          "amenity": "library",
          "building": "university",
          "learning": "oxford_college",
          "name": "Upper and Lower Libraries",
          "operator": "Merton College",
          "operator:type": "university",
          "short_name": "Mob 3 and 4"
        }
      }
    },
    {
      "type": "Feature",
      "geometry": {
        "type": "Point",
        "coordinates": [
          -1.2695472,
          51.7735327
        ]
      },
      "properties": {
        "id": "osm:node:2657852683",
        "source": "osm",
        "title": "View Through the Window",
        "address": "",
        "description": "",
        "categories": [
          "cultural",
          "art"
        ],
        "primary_category": "cultural",
        "interest_score": 30,
        "website": "",
        "wikipedia": "",
        "wikidata": "",
        "source_url": "https://www.openstreetmap.org/node/2657852683",
        "fetched_at_utc": "2026-10-07T11:42:24+00:00",
        "query_key": "galleries_and_arts",
        "tags": {
          "artist_name": "Timothy Shutter",
          "artwork_type": "sculpture",
          "material": "stone",
          "name": "View Through the Window",
          "tourism": "artwork",
          "wikimedia_commons": "File:View_Through_the_Window,_Oxford_3.jpg"
        }
      }
    },
    {
      "type": "Feature",
      "geometry": {
        "type": "Point",
        "coordinates": [
          -1.2394474,
          51.7467963
        ]
      },
      "properties": {
        "id": "osm:node:11186806395",
        "source": "osm",
        "title": "Winged Head",
        "address": "",
        "description": "",
        "categories": [
          "cultural",
          "art"
        ],
        "primary_category": "cultural",
        "interest_score": 30,
        "website": "",
        "wikipedia": "",
        "wikidata": "",
        "source_url": "https://www.openstreetmap.org/node/11186806395",
        "fetched_at_utc": "2026-10-07T11:42:24+00:00",
        "query_key": "galleries_and_arts",
        "tags": {
          "artist:wikipedia": "en:Paul_Vanstone",
          "artist_name": "Paul Vanstone",
          "artwork_type": "bust",
          "material": "marble",
          "name": "Winged Head",
          "tourism": "artwork"
        }
      }
    },
    {
      "type": "Feature",
      "geometry": {
        "type": "Point",
        "coordinates": [
          -1.244195757142857,
          51.755827328571435
        ]
      },
      "properties": {
        "id": "osm:way:21309632",
        "source": "osm",
        "title": "Wolfson Library",
        "address": "Oxford, OX1 3UJ",
        "description": "",
        "categories": [
          "cultural",
          "literary"
        ],
        "primary_category": "cultural",
        "interest_score": 30,
        "website": "",
        "wikipedia": "",
        "wikidata": "",
        "source_url": "https://www.openstreetmap.org/way/21309632",
        "fetched_at_utc": "2026-10-07T11:42:24+00:00",
        "query_key": "performance_and_literary",
        "tags": {
          "addr:city": "Oxford",
          "addr:postcode": "OX1 3UJ",
          "amenity": "library",
          "building": "university",
          "check_date": "2023-09-04",
          "name": "Wolfson Library",
          "operator": "St Catherine's College",
          "operator:type": "university",
          "ref:GB:uprn": "100120847916",
          "source": "yahoo_imagery"
        }
      }
    },
    {
      "type": "Feature",
      "geometry": {
        "type": "Point",
        "coordinates": [
          -1.2600927,
          51.7626155
        ]
      },
      "properties": {
        "id": "osm:node:12055211945",
        "source": "osm",
        "title": "Wycliffe Hall Library",
        "address": "",
        "description": "",
        "categories": [
          "cultural",
          "literary"
        ],
        "primary_category": "cultural",
        "interest_score": 30,
        "website": "",
        "wikipedia": "",
        "wikidata": "",
        "source_url": "https://www.openstreetmap.org/node/12055211945",
        "fetched_at_utc": "2026-10-07T11:42:24+00:00",
        "query_key": "performance_and_literary",
        "tags": {
          "amenity": "library",
          "name": "Wycliffe Hall Library",
          "operator": "Wycliffe Hall",
          "operator:type": "university"
        }
      }
    },
    {
      "type": "Feature",
      "geometry": {
        "type": "Point",
        "coordinates": [
          -1.2533846399999997,
          51.75098043764706
        ]
      },
      "properties": {
        "id": "osm:relation:3995827",
        "source": "osm",
        "title": "Corpus Christi College",
        "address": "",
        "description": "",
        "categories": [
          "landmark"
        ],
        "primary_category": "landmark",
        "interest_score": 28,
        "website": "https://www.ccc.ox.ac.uk/",
        "wikipedia": "",
        "wikidata": "",
        "source_url": "https://www.openstreetmap.org/relation/3995827",
        "fetched_at_utc": "2026-10-07T11:42:24+00:00",
        "query_key": "attractions_and_viewpoints",
        "tags": {
          "amenity": "university",
          "education": "university",
          "landuse": "education",
          "learning": "oxford_college",
          "name": "Corpus Christi College",
          "name:zh": "圣体学院",
          "opening_hours": "Mo-Su 13:00-16:30",
          "short_name": "Corpus",
          "tourism": "attraction",
          "website": "https://www.ccc.ox.ac.uk/"
        }
      }
    },
    {
      "type": "Feature",
      "geometry": {
        "type": "Point",
        "coordinates": [
          -1.2629832534883718,
          51.751618099999995
        ]
      },
      "properties": {
        "id": "osm:way:1076393657",
        "source": "osm",
        "title": "Oxford Castle and Prison",
        "address": "",
        "description": "",
        "categories": [
          "landmark"
        ],
        "primary_category": "landmark",
        "interest_score": 28,
        "website": "https://www.oxfordcastleandprison.co.uk/",
        "wikipedia": "",
        "wikidata": "",
        "source_url": "https://www.openstreetmap.org/way/1076393657",
        "fetched_at_utc": "2026-10-07T11:42:24+00:00",
        "query_key": "attractions_and_viewpoints",
        "tags": {
          "access": "customers",
          "area": "yes",
          "name": "Oxford Castle and Prison",
          "official_name": "Oxford Castle & Prison",
          "old_name": "Oxford Castle Unlocked",
          "tourism": "attraction",
          "website": "https://www.oxfordcastleandprison.co.uk/"
        }
      }
    },
    {
      "type": "Feature",
      "geometry": {
        "type": "Point",
        "coordinates": [
          -1.2576376,
          51.7523094
        ]
      },
      "properties": {
        "id": "osm:node:7757087015",
        "source": "osm",
        "title": "The Painted Room",
        "address": "3 Cornmarket, Oxford",
        "description": "",
        "categories": [
          "landmark"
        ],
        "primary_category": "landmark",
        "interest_score": 28,
        "website": "https://www.oxfordpreservation.org.uk/painted-room",
        "wikipedia": "",
        "wikidata": "",
        "source_url": "https://www.openstreetmap.org/node/7757087015",
        "fetched_at_utc": "2026-10-07T11:42:24+00:00",
        "query_key": "attractions_and_viewpoints",
        "tags": {
          "addr:city": "Oxford",
          "addr:housenumber": "3",
          "addr:street": "Cornmarket",
          "name": "The Painted Room",
          "operator": "Oxford Preservation Trust",
          "owner": "Oxford Preservation Trust",
          "tourism": "attraction",
          "website": "https://www.oxfordpreservation.org.uk/painted-room"
        }
      }
    },
    {
      "type": "Feature",
      "geometry": {
        "type": "Point",
        "coordinates": [
          -1.247947,
          51.7420762
        ]
      },
      "properties": {
        "id": "osm:node:524160799",
        "source": "osm",
        "title": "Boathouse Corner",
        "address": "",
        "description": "",
        "categories": [
          "scenic",
          "landmark"
        ],
        "primary_category": "scenic",
        "interest_score": 22,
        "website": "",
        "wikipedia": "",
        "wikidata": "",
        "source_url": "https://www.openstreetmap.org/node/524160799",
        "fetched_at_utc": "2026-10-07T11:42:24+00:00",
        "query_key": "attractions_and_viewpoints",
        "tags": {
          "direction": "270",
          "name": "Boathouse Corner",
          "tourism": "viewpoint"
        }
      }
    },
    {
      "type": "Feature",
      "geometry": {
        "type": "Point",
        "coordinates": [
          -1.2540648,
          51.7541058
        ]
      },
      "properties": {
        "id": "osm:node:2515211761",
        "source": "osm",
        "title": "Bodleian Library Ticket office",
        "address": "",
        "description": "",
        "categories": [
          "landmark"
        ],
        "primary_category": "landmark",
        "interest_score": 22,
        "website": "",
        "wikipedia": "",
        "wikidata": "",
        "source_url": "https://www.openstreetmap.org/node/2515211761",
        "fetched_at_utc": "2026-10-07T11:42:24+00:00",
        "query_key": "attractions_and_viewpoints",
        "tags": {
          "name": "Bodleian Library Ticket office",
          "operator": "Bodleian Library, Oxford University",
          "tourism": "attraction"
        }
      }
    },
    {
      "type": "Feature",
      "geometry": {
        "type": "Point",
        "coordinates": [
          -1.2468878,
          51.7439835
        ]
      },
      "properties": {
        "id": "osm:node:524160913",
        "source": "osm",
        "title": "Kingfisher Point",
        "address": "",
        "description": "",
        "categories": [
          "scenic",
          "landmark"
        ],
        "primary_category": "scenic",
        "interest_score": 22,
        "website": "",
        "wikipedia": "",
        "wikidata": "",
        "source_url": "https://www.openstreetmap.org/node/524160913",
        "fetched_at_utc": "2026-10-07T11:42:24+00:00",
        "query_key": "attractions_and_viewpoints",
        "tags": {
          "direction": "340",
          "name": "Kingfisher Point",
          "tourism": "viewpoint"
        }
      }
    },
    {
      "type": "Feature",
      "geometry": {
        "type": "Point",
        "coordinates": [
          -1.2443927,
          51.7387013
        ]
      },
      "properties": {
        "id": "osm:node:8146212423",
        "source": "osm",
        "title": "Muntjac Point",
        "address": "",
        "description": "",
        "categories": [
          "scenic",
          "landmark"
        ],
        "primary_category": "scenic",
        "interest_score": 22,
        "website": "",
        "wikipedia": "",
        "wikidata": "",
        "source_url": "https://www.openstreetmap.org/node/8146212423",
        "fetched_at_utc": "2026-10-07T11:42:24+00:00",
        "query_key": "attractions_and_viewpoints",
        "tags": {
          "direction": "225",
          "name": "Muntjac Point",
          "tourism": "viewpoint"
        }
      }
    },
    {
      "type": "Feature",
      "geometry": {
        "type": "Point",
        "coordinates": [
          -1.248955,
          51.7545295
        ]
      },
      "properties": {
        "id": "osm:node:320608439",
        "source": "osm",
        "title": "Site of the Morris Longwall Garage",
        "address": "Longwall Street",
        "description": "",
        "categories": [
          "landmark"
        ],
        "primary_category": "landmark",
        "interest_score": 22,
        "website": "",
        "wikipedia": "",
        "wikidata": "",
        "source_url": "https://www.openstreetmap.org/node/320608439",
        "fetched_at_utc": "2026-10-07T11:42:24+00:00",
        "query_key": "attractions_and_viewpoints",
        "tags": {
          "addr:street": "Longwall Street",
          "building": "apartments",
          "name": "Site of the Morris Longwall Garage",
          "tourism": "attraction"
        }
      }
    },
    {
      "type": "Feature",
      "geometry": {
        "type": "Point",
        "coordinates": [
          -1.279014,
          51.7625431
        ]
      },
      "properties": {
        "id": "osm:node:10951784007",
        "source": "osm",
        "title": "Tank Bridge",
        "address": "",
        "description": "",
        "categories": [
          "scenic",
          "landmark"
        ],
        "primary_category": "scenic",
        "interest_score": 22,
        "website": "",
        "wikipedia": "",
        "wikidata": "",
        "source_url": "https://www.openstreetmap.org/node/10951784007",
        "fetched_at_utc": "2026-10-07T11:42:24+00:00",
        "query_key": "attractions_and_viewpoints",
        "tags": {
          "name": "Tank Bridge",
          "tourism": "viewpoint"
        }
      }
    },
    {
      "type": "Feature",
      "geometry": {
        "type": "Point",
        "coordinates": [
          -1.2507526,
          51.7507536
        ]
      },
      "properties": {
        "id": "osm:node:6800613010",
        "source": "osm",
        "title": "Tolkien's Table",
        "address": "",
        "description": "",
        "categories": [
          "landmark"
        ],
        "primary_category": "landmark",
        "interest_score": 22,
        "website": "",
        "wikipedia": "",
        "wikidata": "",
        "source_url": "https://www.openstreetmap.org/node/6800613010",
        "fetched_at_utc": "2026-10-07T11:42:24+00:00",
        "query_key": "attractions_and_viewpoints",
        "tags": {
          "name": "Tolkien's Table",
          "tourism": "attraction"
        }
      }
    },
    {
      "type": "Feature",
      "geometry": {
        "type": "Point",
        "coordinates": [
          -1.2540762,
          51.7540982
        ]
      },
      "properties": {
        "id": "osm:node:1297497307",
        "source": "osm",
        "title": "Tower of the Five Orders",
        "address": "",
        "description": "",
        "categories": [
          "landmark"
        ],
        "primary_category": "landmark",
        "interest_score": 22,
        "website": "",
        "wikipedia": "",
        "wikidata": "",
        "source_url": "https://www.openstreetmap.org/node/1297497307",
        "fetched_at_utc": "2026-10-07T11:42:24+00:00",
        "query_key": "attractions_and_viewpoints",
        "tags": {
          "man_made": "tower",
          "name": "Tower of the Five Orders",
          "source": "yahoo_imagery",
          "tourism": "attraction",
          "wheelchair": "no"
        }
      }
    }
  ]
}