{
  "type": "FeatureCollection",
  "features": [
    {
      "type": "Feature",
      "geometry": {
        "type": "Point",
        "coordinates": [
          -1.0911805,
          53.9553835
        ]
      },
      "properties": {
        "id": "osm:node:732346765",
        "source": "osm",
        "title": "Bar Convent Museum",
        "address": "17 Blossom Street, York, YO24 1AQ",
        "description": "Oldest surviving Roman Catholic convent in England, established in 1686. (Source: Wikipedia:en)",
        "categories": [
          "museum",
          "historical",
          "cultural"
        ],
        "primary_category": "museum",
        "interest_score": 100,
        "website": "https://www.bar-convent.org.uk/",
        "wikipedia": "en:Bar Convent",
        "wikidata": "Q4857921",
        "source_url": "https://www.openstreetmap.org/node/732346765",
        "fetched_at_utc": "2026-10-07T09:50:34+00:00",
        "query_key": "museums",
        "tags": {
          "addr:city": "York",
          "addr:housenumber": "17",
          "addr:postcode": "YO24 1AQ",
          "addr:street": "Blossom Street",
          "check_date": "2025-10-20",
          "description": "Oldest surviving Roman Catholic convent in England, established in 1686. (Source: Wikipedia:en)",
          "fee": "yes",
          "name": "Bar Convent Museum",
          "opening_hours": "Mo-Sa 10:00-17:00",
          "phone": "+44 1904 643238",
          "tourism": "museum",
          "website": "https://www.bar-convent.org.uk/",
          "wikidata": "Q4857921",
          "wikipedia": "en:Bar Convent"
        },
        "sitelinks": 3
      }
    },
    {
      "type": "Feature",
      "geometry": {
        "type": "Point",
        "coordinates": [
          -1.0825952,
          53.96091
        ]
      },
      "properties": {
        "id": "osm:node:457713424",
        "source": "osm",
        "title": "Barley Hall",
        "address": "Coffee Yard, York, YO1 8AR",
        "description": "",
        "categories": [
          "museum",
          "historical",
          "cultural"
        ],
        "primary_category": "museum",
        "interest_score": 100,
        "website": "https://barleyhall.co.uk/",
        "wikipedia": "en:Barley Hall",
        "wikidata": "Q4861158",
        "source_url": "https://www.openstreetmap.org/node/457713424",
        "fetched_at_utc": "2026-10-07T09:50:34+00:00",
        "query_key": "museums",
        "tags": {
          "addr:city": "York",
          "addr:housename": "Barley Hall",
          "addr:postcode": "YO1 8AR",
          "addr:street": "Coffee Yard",
          "fee": "yes",
          "name": "Barley Hall",
          "opening_hours": "Apr-Oct 10:00-17:00; Nov-Mar 10:00-16:00",
          "operator": "York Archaelogical Trust (Yorvik)",
          "phone": "+44 1904 615505",
          "source": "Own GPS track & own observation",
          "tourism": "museum",
          "website": "https://barleyhall.co.uk/",
          "wheelchair": "no",
          "wikidata": "Q4861158",
          "wikipedia": "en:Barley Hall"
        },
        "sitelinks": 2
      }
    },
    {
      "type": "Feature",
      "geometry": {
        "type": "Point",
        "coordinates": [
          -1.05295,
          53.94702
        ]
      },
      "properties": {
        "id": "osm:wikidata:56479453",
        "source": "osm",
        "title": "Central Hall, University of York",
        "address": "York",
        "description": "",
        "categories": [
          "historical",
          "cultural",
          "architecture",
          "music"
        ],
        "primary_category": "historical",
        "interest_score": 100,
        "website": "",
        "wikipedia": "en:Central Hall, University of York",
        "wikidata": "Q56479453",
        "source_url": "https://www.wikidata.org/wiki/Q56479453",
        "fetched_at_utc": "2026-10-07T09:50:34+00:00",
        "query_key": "heritage_sites",
        "tags": {
          "name": "Central Hall, University of York",
          "wikidata": "Q56479453",
          "amenity": "music_venue",
          "heritage": "2",
          "historic": "building",
          "listed_status": "grade ii",
          "wikipedia": "en:Central Hall, University of York",
          "addr:city": "York"
        },
        "sitelinks": 1
      }
    },
    {
      "type": "Feature",
      "geometry": {
        "type": "Point",
        "coordinates": [
          -1.10405,
          53.9403
        ]
      },
      "properties": {
        "id": "osm:wikidata:17530540",
        "source": "osm",
        "title": "Goddards",
        "address": "27 Tadcaster Road, York YO24 1GG, York",
        "description": "",
        "categories": [
          "museum",
          "historical",
          "cultural",
          "architecture"
        ],
        "primary_category": "museum",
        "interest_score": 100,
        "website": "",
        "wikipedia": "en:Goddards House and Garden",
        "wikidata": "Q17530540",
        "source_url": "https://www.wikidata.org/wiki/Q17530540",
        "fetched_at_utc": "2026-10-07T09:50:34+00:00",
        "query_key": "heritage_sites",
        "tags": {
          "name": "Goddards",
          "wikidata": "Q17530540",
          "tourism": "museum",
          "heritage": "2",
          "historic": "building",
          "listed_status": "grade i",
          "wikipedia": "en:Goddards House and Garden",
          "addr:street": "27 Tadcaster Road, York YO24 1GG",
          "addr:city": "York"
        },
        "sitelinks": 1
      }
    },
    {
      "type": "Feature",
      "geometry": {
        "type": "Point",
        "coordinates": [
          -1.08186,
          53.9573
        ]
      },
      "properties": {
        "id": "osm:wikidata:5594856",
        "source": "osm",
        "title": "Grand Opera House",
        "address": "Cumberland Street, York, North Yorkshire, YO1 9SW, England, York",
        "description": "",
        "categories": [
          "historical",
          "cultural",
          "architecture",
          "art"
        ],
        "primary_category": "historical",
        "interest_score": 100,
        "website": "",
        "wikipedia": "en:Grand Opera House, York",
        "wikidata": "Q5594856",
        "source_url": "https://www.wikidata.org/wiki/Q5594856",
        "fetched_at_utc": "2026-10-07T09:50:34+00:00",
        "query_key": "heritage_sites",
        "tags": {
          "name": "Grand Opera House",
          "wikidata": "Q5594856",
          "amenity": "theatre",
          "heritage": "2",
          "historic": "building",
          "listed_status": "grade ii",
          "wikipedia": "en:Grand Opera House, York",
          "addr:street": "Cumberland Street, York, North Yorkshire, YO1 9SW, England",
          "addr:city": "York"
        },
        "sitelinks": 3
      }
    },
    {
      "type": "Feature",
      "geometry": {
        "type": "Point",
        "coordinates": [
          -1.0802935,
          53.9573926
        ]
      },
      "properties": {
        "id": "osm:node:316106165",
        "source": "osm",
        "title": "Jorvik Viking Centre",
        "address": "Coppergate, York, YO1 9WT",
        "description": "",
        "categories": [
          "museum",
          "historical",
          "cultural"
        ],
        "primary_category": "museum",
        "interest_score": 100,
        "website": "https://www.jorvikvikingcentre.co.uk/",
        "wikipedia": "en:Jorvik Viking Centre",
        "wikidata": "Q1704043",
        "source_url": "https://www.openstreetmap.org/node/316106165",
        "fetched_at_utc": "2026-10-07T09:50:34+00:00",
        "query_key": "museums",
        "tags": {
          "addr:city": "York",
          "addr:postcode": "YO1 9WT",
          "addr:street": "Coppergate",
          "alt_name": "Jorvik Centre",
          "email": "jorvik@yorkat.co.uk",
          "fee": "yes",
          "name": "Jorvik Viking Centre",
          "opening_hours": "Apr-Oct 10:00-17:00; Nov-Mar 10:00-16:00",
          "phone": "+44 1904 615505",
          "toilets:wheelchair": "yes",
          "tourism": "museum",
          "website": "https://www.jorvikvikingcentre.co.uk/",
          "wheelchair": "yes",
          "wikidata": "Q1704043",
          "wikipedia": "en:Jorvik Viking Centre"
        },
        "sitelinks": 8
      }
    },
    {
      "type": "Feature",
      "geometry": {
        "type": "Point",
        "coordinates": [
          -1.075586,
          53.974723
        ]
      },
      "properties": {
        "id": "osm:wikidata:26388451",
        "source": "osm",
        "title": "Joseph Rowntree Theatre",
        "address": "The Joseph Rowntree Theatre, Haxby Road, York YO31 8TA, York",
        "description": "",
        "categories": [
          "historical",
          "cultural",
          "architecture",
          "art"
        ],
        "primary_category": "historical",
        "interest_score": 100,
        "website": "",
        "wikipedia": "en:Joseph Rowntree Theatre",
        "wikidata": "Q26388451",
        "source_url": "https://www.wikidata.org/wiki/Q26388451",
        "fetched_at_utc": "2026-10-07T09:50:34+00:00",
        "query_key": "heritage_sites",
        "tags": {
          "name": "Joseph Rowntree Theatre",
          "wikidata": "Q26388451",
          "amenity": "theatre",
          "heritage": "2",
          "historic": "building",
          "listed_status": "grade ii",
          "wikipedia": "en:Joseph Rowntree Theatre",
          "addr:street": "The Joseph Rowntree Theatre, Haxby Road, York YO31 8TA",
          "addr:city": "York"
        },
        "sitelinks": 1
      }
    },
    {
      "type": "Feature",
      "geometry": {
        "type": "Point",
        "coordinates": [
          -1.090889,
          53.9558521
        ]
      },
      "properties": {
        "id": "osm:node:1843446913",
        "source": "osm",
        "title": "Micklegate Bar Museum",
        "address": "Micklegate, York, YO1 6JX",
        "description": "York in the time of Henry VII.",
        "categories": [
          "museum",
          "historical",
          "cultural"
        ],
        "primary_category": "museum",
        "interest_score": 100,
        "website": "",
        "wikipedia": "en:City Walls Experience at Micklegate Bar",
        "wikidata": "Q28232884",
        "source_url": "https://www.openstreetmap.org/node/1843446913",
        "fetched_at_utc": "2026-10-07T09:50:34+00:00",
        "query_key": "museums",
        "tags": {
          "addr:city": "York",
          "addr:housename": "Micklegate Bar",
          "addr:postcode": "YO1 6JX",
          "addr:street": "Micklegate",
          "alt_name": "Henry VII Experience",
          "check_date": "2026-08-01",
          "description": "York in the time of Henry VII.",
          "fee": "yes",
          "name": "Micklegate Bar Museum",
          "opening_hours": "Apr-Oct: 10:00-16:00; Nov-Mar: 10:00-15:00",
          "tourism": "museum",
          "wheelchair": "no",
          "wikidata": "Q28232884",
          "wikipedia": "en:City Walls Experience at Micklegate Bar"
        },
        "sitelinks": 1
      }
    },
    {
      "type": "Feature",
      "geometry": {
        "type": "Point",
        "coordinates": [
          -1.0977301,
          53.9599002
        ]
      },
      "properties": {
        "id": "osm:relation:14999691",
        "source": "osm",
        "title": "National Railway Museum",
        "address": "Leeman Road, York, YO26 4XJ",
        "description": "",
        "categories": [
          "museum",
          "historical",
          "cultural"
        ],
        "primary_category": "museum",
        "interest_score": 100,
        "website": "http://www.nrm.org.uk",
        "wikipedia": "en:National Railway Museum",
        "wikidata": "Q579958",
        "source_url": "https://www.openstreetmap.org/relation/14999691",
        "fetched_at_utc": "2026-10-07T09:50:34+00:00",
        "query_key": "museums",
        "tags": {
          "addr:city": "York",
          "addr:postcode": "YO26 4XJ",
          "addr:street": "Leeman Road",
          "email": "nrm@nrm.org.uk",
          "fee": "yes",
          "museum": "railway",
          "name": "National Railway Museum",
          "name:de": "National Railway Museum",
          "name:en": "National Railway Museum",
          "name:et": "Briti Riiklik Raudteemuuseum",
          "name:fa": "موزه ملی راه‌آهن",
          "name:fi": "National Railway Museum",
          "name:fr": "British National Railway Museum",
          "name:hu": "National Railway Museum",
          "name:it": "National Railway Museum",
          "name:ja": "イギリス国立鉄道博物館",
          "name:ko": "영국 국립 철도박물관",
          "name:nl": "National Railway Museum",
          "name:no": "National Railway Museum",
          "name:pl": "National Railway Museum",
          "name:ru": "Национальный железнодорожный музей",
          "name:sv": "National Railway Museum, Storbritannien",
          "name:zh": "大英鐵路博物館",
          "opening_hours": "Mo-Su 10:00-17:00; Dec 24-Dec 26 off",
          "phone": "+44 844 8153139",
          "source": "OS_opendata_StreetView",
          "toilets:wheelchair": "yes",
          "tourism": "museum",
          "type": "multipolygon",
          "website": "http://www.nrm.org.uk",
          "wheelchair": "yes",
          "wikidata": "Q579958",
          "wikipedia": "en:National Railway Museum"
        },
        "sitelinks": 22
      }
    },
    {
      "type": "Feature",
      "geometry": {
        "type": "Point",
        "coordinates": [
          -1.0825,
          53.9472
        ]
      },
      "properties": {
        "id": "osm:wikidata:7372266",
        "source": "osm",
        "title": "Rowntree Park",
        "address": "York",
        "description": "",
        "categories": [
          "historical",
          "architecture",
          "natural",
          "park"
        ],
        "primary_category": "historical",
        "interest_score": 100,
        "website": "",
        "wikipedia": "en:Rowntree Park",
        "wikidata": "Q7372266",
        "source_url": "https://www.wikidata.org/wiki/Q7372266",
        "fetched_at_utc": "2026-10-07T09:50:34+00:00",
        "query_key": "heritage_sites",
        "tags": {
          "name": "Rowntree Park",
          "wikidata": "Q7372266",
          "leisure": "park",
          "heritage": "2",
          "historic": "building",
          "wikipedia": "en:Rowntree Park",
          "addr:city": "York"
        },
        "sitelinks": 2
      }
    },
    {
      "type": "Feature",
      "geometry": {
        "type": "Point",
        "coordinates": [
          -1.086388888,
          53.963055555
        ]
      },
      "properties": {
        "id": "osm:wikidata:8055361",
        "source": "osm",
        "title": "York Art Gallery",
        "address": "Exhibition Square, York YO1 7EW, York",
        "description": "",
        "categories": [
          "museum",
          "historical",
          "cultural",
          "architecture"
        ],
        "primary_category": "museum",
        "interest_score": 100,
        "website": "",
        "wikipedia": "en:York Art Gallery",
        "wikidata": "Q8055361",
        "source_url": "https://www.wikidata.org/wiki/Q8055361",
        "fetched_at_utc": "2026-10-07T09:50:34+00:00",
        "query_key": "heritage_sites",
        "tags": {
          "name": "York Art Gallery",
          "wikidata": "Q8055361",
          "tourism": "museum",
          "heritage": "2",
          "historic": "building",
          "listed_status": "grade ii",
          "wikipedia": "en:York Art Gallery",
          "start_date": "1892",
          "addr:street": "Exhibition Square, York YO1 7EW",
          "addr:city": "York"
        },
        "sitelinks": 9
      }
    },
    {
      "type": "Feature",
      "geometry": {
        "type": "Point",
        "coordinates": [
          -1.0784997,
          53.955176
        ]
      },
      "properties": {
        "id": "osm:way:1125235305",
        "source": "osm",
        "title": "York Castle Museum",
        "address": "Eye of York, York, YO1 9RY",
        "description": "",
        "categories": [
          "museum",
          "historical",
          "cultural"
        ],
        "primary_category": "museum",
        "interest_score": 100,
        "website": "https://www.yorkcastlemuseum.org.uk/",
        "wikipedia": "en:York Castle Museum",
        "wikidata": "Q2024016",
        "source_url": "https://www.openstreetmap.org/way/1125235305",
        "fetched_at_utc": "2026-10-07T09:50:34+00:00",
        "query_key": "museums",
        "tags": {
          "addr:city": "York",
          "addr:postcode": "YO1 9RY",
          "addr:street": "Eye of York",
          "fee": "yes",
          "fhrs:id": "244923",
          "name": "York Castle Museum",
          "phone": "+44 1904 687687",
          "tourism": "museum",
          "website": "https://www.yorkcastlemuseum.org.uk/",
          "wheelchair": "limited",
          "wikidata": "Q2024016",
          "wikipedia": "en:York Castle Museum"
        },
        "sitelinks": 8
      }
    },
    {
      "type": "Feature",
      "geometry": {
        "type": "Point",
        "coordinates": [
          -1.07108,
          53.95001
        ]
      },
      "properties": {
        "id": "osm:wikidata:13528974",
        "source": "osm",
        "title": "York Cemetery",
        "address": "York",
        "description": "",
        "categories": [
          "architecture",
          "historical",
          "memorial",
          "natural",
          "park",
          "religious"
        ],
        "primary_category": "historical",
        "interest_score": 100,
        "website": "",
        "wikipedia": "en:York Cemetery, York",
        "wikidata": "Q13528974",
        "source_url": "https://www.wikidata.org/wiki/Q13528974",
        "fetched_at_utc": "2026-10-07T09:50:34+00:00",
        "query_key": "heritage_sites",
        "tags": {
          "name": "York Cemetery",
          "wikidata": "Q13528974",
          "leisure": "park",
          "heritage": "2",
          "historic": "building",
          "wikipedia": "en:York Cemetery, York",
          "start_date": "1837",
          "addr:city": "York"
        },
        "sitelinks": 3
      }
    },
    {
      "type": "Feature",
      "geometry": {
        "type": "Point",
        "coordinates": [
          -1.0820775,
          53.962344
        ]
      },
      "properties": {
        "id": "osm:way:28750371",
        "source": "osm",
        "title": "York Minster",
        "address": "Minster Yard, York, YO1 7HH",
        "description": "Cathedral and seat of the Archbishop of York. Mostly build during the 1200s - 1300s in Gothic style.",
        "categories": [
          "historical",
          "architecture",
          "religious",
          "landmark"
        ],
        "primary_category": "historical",
        "interest_score": 100,
        "website": "https://www.yorkminster.org/",
        "wikipedia": "en:York Minster",
        "wikidata": "Q252575",
        "source_url": "https://www.openstreetmap.org/way/28750371",
        "fetched_at_utc": "2026-10-07T09:50:34+00:00",
        "query_key": "attractions_and_viewpoints",
        "tags": {
          "addr:city": "York",
          "addr:country": "GB",
          "addr:postcode": "YO1 7HH",
          "addr:street": "Minster Yard",
          "alt_name": "St Peters Cathedral",
          "amenity": "place_of_worship",
          "attraction": "historic",
          "building": "cathedral",
          "building:architecture": "gothic",
          "building:colour": "#D2BE8E",
          "denomination": "anglican",
          "description": "Cathedral and seat of the Archbishop of York. Mostly build during the 1200s - 1300s in Gothic style.",
          "diocese": "Diocese of York",
          "fhrs:id": "668110",
          "height": "12",
          "heritage": "2",
          "heritage:operator": "he",
          "heritage:website": "https://historicengland.org.uk/listing/the-list/list-entry/1257222",
          "historic": "cathedral",
          "listed_status": "Grade I",
          "name": "York Minster",
          "name:en": "York Minster",
          "name:es": "Catedral de York",
          "name:fr": "Cathédrale d'York",
          "name:he": "קתדרלת יורק",
          "name:it": "Cattedrale di York",
          "name:la": "Ecclesia cathedralis Eboracensis",
          "name:ru": "Йоркский собор",
          "official_name": "The Cathedral and Metropolitical Church of Saint Peter",
          "ref:GB:nhle": "1257222",
          "ref:GB:uprn": "200004778770",
          "religion": "christian",
          "source": "OS StreetView",
          "source:addr": "FHRS Open Data",
          "tourism": "attraction",
          "website": "https://www.yorkminster.org/",
          "wheelchair": "yes",
          "wikidata": "Q252575",
          "wikipedia": "en:York Minster",
          "year_of_construction": "c. 1230–1472"
        },
        "sitelinks": 41
      }
    },
    {
      "type": "Feature",
      "geometry": {
        "type": "Point",
        "coordinates": [
          -1.08806,
          53.9614
        ]
      },
      "properties": {
        "id": "osm:wikidata:2883914",
        "source": "osm",
        "title": "York Museum Gardens",
        "address": "York",
        "description": "",
        "categories": [
          "historical",
          "architecture",
          "natural",
          "garden"
        ],
        "primary_category": "historical",
        "interest_score": 100,
        "website": "",
        "wikipedia": "en:York Museum Gardens",
        "wikidata": "Q2883914",
        "source_url": "https://www.wikidata.org/wiki/Q2883914",
        "fetched_at_utc": "2026-10-07T09:50:34+00:00",
        "query_key": "heritage_sites",
        "tags": {
          "name": "York Museum Gardens",
          "wikidata": "Q2883914",
          "leisure": "garden",
          "heritage": "2",
          "historic": "building",
          "wikipedia": "en:York Museum Gardens",
          "start_date": "1835",
          "addr:city": "York"
        },
        "sitelinks": 5
      }
    },
    {
      "type": "Feature",
      "geometry": {
        "type": "Point",
        "coordinates": [
          -1.0804129,
          53.9571809
        ]
      },
      "properties": {
        "id": "osm:way:59096551",
        "source": "osm",
        "title": "York Saint Mary's",
        "address": "Castlegate, York, YO1 9RN",
        "description": "",
        "categories": [
          "museum",
          "historical",
          "cultural"
        ],
        "primary_category": "museum",
        "interest_score": 100,
        "website": "https://www.yorkstmarys.org.uk/",
        "wikipedia": "en:St Mary's Church, Castlegate, York",
        "wikidata": "Q17530659",
        "source_url": "https://www.openstreetmap.org/way/59096551",
        "fetched_at_utc": "2026-10-07T09:50:34+00:00",
        "query_key": "museums",
        "tags": {
          "addr:city": "York",
          "addr:postcode": "YO1 9RN",
          "addr:street": "Castlegate",
          "alt_name": "York St Marys",
          "building": "church",
          "fee": "yes",
          "listed_status": "Grade I",
          "name": "York Saint Mary's",
          "operator": "York Museums Trust",
          "ref:GB:uprn": "100052211492",
          "source": "OS StreetView",
          "tourism": "museum",
          "website": "https://www.yorkstmarys.org.uk/",
          "wheelchair": "limited",
          "wikidata": "Q17530659",
          "wikipedia": "en:St Mary's Church, Castlegate, York"
        },
        "sitelinks": 1
      }
    },
    {
      "type": "Feature",
      "geometry": {
        "type": "Point",
        "coordinates": [
          -1.0853,
          53.962
        ]
      },
      "properties": {
        "id": "osm:wikidata:3572609",
        "source": "osm",
        "title": "York Theatre Royal",
        "address": "St Leonard’s Place, York, North Yorkshire, YO1 7HD, England, York",
        "description": "",
        "categories": [
          "historical",
          "cultural",
          "architecture",
          "art"
        ],
        "primary_category": "historical",
        "interest_score": 100,
        "website": "",
        "wikipedia": "en:York Theatre Royal",
        "wikidata": "Q3572609",
        "source_url": "https://www.wikidata.org/wiki/Q3572609",
        "fetched_at_utc": "2026-10-07T09:50:34+00:00",
        "query_key": "heritage_sites",
        "tags": {
          "name": "York Theatre Royal",
          "wikidata": "Q3572609",
          "amenity": "theatre",
          "heritage": "2",
          "historic": "building",
          "listed_status": "grade ii*",
          "wikipedia": "en:York Theatre Royal",
          "addr:street": "St Leonard’s Place, York, North Yorkshire, YO1 7HD, England",
          "addr:city": "York"
        },
        "sitelinks": 4
      }
    },
    {
      "type": "Feature",
      "geometry": {
        "type": "Point",
        "coordinates": [
          -1.0803513,
          53.9600198
        ]
      },
      "properties": {
        "id": "osm:node:4792387396",
        "source": "osm",
        "title": "York's Chocolate Story",
        "address": "Kings Square, York, YO1 7LD",
        "description": "",
        "categories": [
          "museum",
          "historical",
          "cultural"
        ],
        "primary_category": "museum",
        "interest_score": 100,
        "website": "https://www.yorkschocolatestory.com/",
        "wikipedia": "en:York's Chocolate Story",
        "wikidata": "Q41235388",
        "source_url": "https://www.openstreetmap.org/node/4792387396",
        "fetched_at_utc": "2026-10-07T09:50:34+00:00",
        "query_key": "museums",
        "tags": {
          "addr:city": "York",
          "addr:postcode": "YO1 7LD",
          "addr:street": "Kings Square",
          "fee": "yes",
          "name": "York's Chocolate Story",
          "opening_hours": "Mo-Su 10:00-16:00",
          "tourism": "museum",
          "website": "https://www.yorkschocolatestory.com/",
          "wheelchair": "yes",
          "wheelchair:description": "lift to all floors",
          "wikidata": "Q41235388",
          "wikipedia": "en:York's Chocolate Story"
        },
        "sitelinks": 1
      }
    },
    {
      "type": "Feature",
      "geometry": {
        "type": "Point",
        "coordinates": [
          -1.0875706,
          53.9618088
        ]
      },
      "properties": {
        "id": "osm:node:13063082814",
        "source": "osm",
        "title": "Yorkshire Museum",
        "address": "Museum Street, York, YO1 7DR",
        "description": "",
        "categories": [
          "museum",
          "historical",
          "cultural"
        ],
        "primary_category": "museum",
        "interest_score": 100,
        "website": "https://www.yorkshiremuseum.org.uk/",
        "wikipedia": "en:Yorkshire Museum",
        "wikidata": "Q2086562",
        "source_url": "https://www.openstreetmap.org/node/13063082814",
        "fetched_at_utc": "2026-10-07T09:50:34+00:00",
        "query_key": "museums",
        "tags": {
          "addr:city": "York",
          "addr:housename": "Yorkshire Museum",
          "addr:postcode": "YO1 7DR",
          "addr:street": "Museum Street",
          "fee": "yes",
          "fhrs:id": "244619",
          "name": "Yorkshire Museum",
          "operator": "York Museums Trust",
          "tourism": "museum",
          "website": "https://www.yorkshiremuseum.org.uk/",
          "wheelchair": "yes",
          "wikidata": "Q2086562",
          "wikipedia": "en:Yorkshire Museum"
        },
        "sitelinks": 14
      }
    },
    {
      "type": "Feature",
      "geometry": {
        "type": "Point",
        "coordinates": [
          -1.08372,
          53.9617
        ]
      },
      "properties": {
        "id": "osm:wikidata:111936599",
        "source": "osm",
        "title": "Second Boer War Memorial",
        "address": "York",
        "description": "",
        "categories": [
          "architecture",
          "historical",
          "memorial"
        ],
        "primary_category": "historical",
        "interest_score": 96,
        "website": "",
        "wikipedia": "en:Second Boer War Memorial, York",
        "wikidata": "Q111936599",
        "source_url": "https://www.wikidata.org/wiki/Q111936599",
        "fetched_at_utc": "2026-10-07T09:50:34+00:00",
        "query_key": "heritage_sites",
        "tags": {
          "name": "Second Boer War Memorial",
          "wikidata": "Q111936599",
          "historic": "memorial",
          "heritage": "2",
          "listed_status": "grade ii*",
          "wikipedia": "en:Second Boer War Memorial, York",
          "start_date": "1905",
          "addr:city": "York"
        },
        "sitelinks": 1
      }
    },
    {
      "type": "Feature",
      "geometry": {
        "type": "Point",
        "coordinates": [
          -1.089555555,
          53.959916666
        ]
      },
      "properties": {
        "id": "osm:wikidata:22919983",
        "source": "osm",
        "title": "York City War Memorial",
        "address": "York",
        "description": "",
        "categories": [
          "architecture",
          "historical",
          "memorial"
        ],
        "primary_category": "historical",
        "interest_score": 96,
        "website": "",
        "wikipedia": "en:York City War Memorial",
        "wikidata": "Q22919983",
        "source_url": "https://www.wikidata.org/wiki/Q22919983",
        "fetched_at_utc": "2026-10-07T09:50:34+00:00",
        "query_key": "heritage_sites",
        "tags": {
          "name": "York City War Memorial",
          "wikidata": "Q22919983",
          "historic": "memorial",
          "heritage": "2",
          "listed_status": "grade ii*",
          "wikipedia": "en:York City War Memorial",
          "start_date": "1925",
          "addr:city": "York"
        },
        "sitelinks": 3
      }
    },
    {
      "type": "Feature",
      "geometry": {
        "type": "Point",
        "coordinates": [
          -1.08627,
          53.9584
        ]
      },
      "properties": {
        "id": "osm:wikidata:2647818",
        "source": "osm",
        "title": "All Saints' Church",
        "address": "York",
        "description": "",
        "categories": [
          "historical",
          "architecture",
          "religious"
        ],
        "primary_category": "historical",
        "interest_score": 94,
        "website": "",
        "wikipedia": "en:All Saints' Church, North Street, York",
        "wikidata": "Q2647818",
        "source_url": "https://www.wikidata.org/wiki/Q2647818",
        "fetched_at_utc": "2026-10-07T09:50:34+00:00",
        "query_key": "heritage_sites",
        "tags": {
          "name": "All Saints' Church",
          "wikidata": "Q2647818",
          "amenity": "place_of_worship",
          "historic": "building",
          "heritage": "2",
          "listed_status": "grade i",
          "wikipedia": "en:All Saints' Church, North Street, York",
          "start_date": "1150",
          "addr:city": "York"
        },
        "sitelinks": 3
      }
    },
    {
      "type": "Feature",
      "geometry": {
        "type": "Point",
        "coordinates": [
          -1.08069,
          53.9581
        ]
      },
      "properties": {
        "id": "osm:wikidata:2647826",
        "source": "osm",
        "title": "All Saints, Pavement",
        "address": "York",
        "description": "",
        "categories": [
          "historical",
          "architecture",
          "religious"
        ],
        "primary_category": "historical",
        "interest_score": 94,
        "website": "",
        "wikipedia": "en:All Saints' Church, Pavement, York",
        "wikidata": "Q2647826",
        "source_url": "https://www.wikidata.org/wiki/Q2647826",
        "fetched_at_utc": "2026-10-07T09:50:34+00:00",
        "query_key": "heritage_sites",
        "tags": {
          "name": "All Saints, Pavement",
          "wikidata": "Q2647826",
          "amenity": "place_of_worship",
          "historic": "building",
          "heritage": "2",
          "listed_status": "grade i",
          "wikipedia": "en:All Saints' Church, Pavement, York",
          "start_date": "1301",
          "addr:city": "York"
        },
        "sitelinks": 2
      }
    },
    {
      "type": "Feature",
      "geometry": {
        "type": "Point",
        "coordinates": [
          -1.0918,
          53.9549
        ]
      },
      "properties": {
        "id": "osm:wikidata:4857921",
        "source": "osm",
        "title": "Bar Convent",
        "address": "York",
        "description": "",
        "categories": [
          "historical",
          "architecture",
          "religious"
        ],
        "primary_category": "historical",
        "interest_score": 94,
        "website": "",
        "wikipedia": "en:Bar Convent",
        "wikidata": "Q4857921",
        "source_url": "https://www.wikidata.org/wiki/Q4857921",
        "fetched_at_utc": "2026-10-07T09:50:34+00:00",
        "query_key": "heritage_sites",
        "tags": {
          "name": "Bar Convent",
          "wikidata": "Q4857921",
          "amenity": "place_of_worship",
          "historic": "building",
          "heritage": "2",
          "listed_status": "grade i",
          "wikipedia": "en:Bar Convent",
          "start_date": "1786",
          "addr:city": "York"
        },
        "sitelinks": 3
      }
    },
    {
      "type": "Feature",
      "geometry": {
        "type": "Point",
        "coordinates": [
          -1.07882,
          53.9596
        ]
      },
      "properties": {
        "id": "osm:wikidata:107490245",
        "source": "osm",
        "title": "Central Methodist Church",
        "address": "York",
        "description": "",
        "categories": [
          "historical",
          "architecture",
          "religious"
        ],
        "primary_category": "historical",
        "interest_score": 94,
        "website": "",
        "wikipedia": "en:Central Methodist Church, York",
        "wikidata": "Q107490245",
        "source_url": "https://www.wikidata.org/wiki/Q107490245",
        "fetched_at_utc": "2026-10-07T09:50:34+00:00",
        "query_key": "heritage_sites",
        "tags": {
          "name": "Central Methodist Church",
          "wikidata": "Q107490245",
          "amenity": "place_of_worship",
          "historic": "building",
          "heritage": "2",
          "listed_status": "grade ii*",
          "wikipedia": "en:Central Methodist Church, York",
          "addr:city": "York"
        },
        "sitelinks": 1
      }
    },
    {
      "type": "Feature",
      "geometry": {
        "type": "Point",
        "coordinates": [
          -1.154531,
          53.979474
        ]
      },
      "properties": {
        "id": "osm:wikidata:26619571",
        "source": "osm",
        "title": "Church of All Saints",
        "address": "York",
        "description": "",
        "categories": [
          "historical",
          "architecture",
          "religious"
        ],
        "primary_category": "historical",
        "interest_score": 94,
        "website": "",
        "wikipedia": "en:All Saints' Church, Upper Poppleton",
        "wikidata": "Q26619571",
        "source_url": "https://www.wikidata.org/wiki/Q26619571",
        "fetched_at_utc": "2026-10-07T09:50:34+00:00",
        "query_key": "heritage_sites",
        "tags": {
          "name": "Church of All Saints",
          "wikidata": "Q26619571",
          "amenity": "place_of_worship",
          "historic": "building",
          "heritage": "2",
          "listed_status": "grade ii",
          "wikipedia": "en:All Saints' Church, Upper Poppleton",
          "addr:city": "York"
        },
        "sitelinks": 1
      }
    },
    {
      "type": "Feature",
      "geometry": {
        "type": "Point",
        "coordinates": [
          -1.08039,
          53.961
        ]
      },
      "properties": {
        "id": "osm:wikidata:17530619",
        "source": "osm",
        "title": "Church of Holy Trinity",
        "address": "York",
        "description": "",
        "categories": [
          "historical",
          "architecture",
          "religious"
        ],
        "primary_category": "historical",
        "interest_score": 94,
        "website": "",
        "wikipedia": "en:Holy Trinity Church, Goodramgate, York",
        "wikidata": "Q17530619",
        "source_url": "https://www.wikidata.org/wiki/Q17530619",
        "fetched_at_utc": "2026-10-07T09:50:34+00:00",
        "query_key": "heritage_sites",
        "tags": {
          "name": "Church of Holy Trinity",
          "wikidata": "Q17530619",
          "amenity": "place_of_worship",
          "historic": "building",
          "heritage": "2",
          "listed_status": "grade i",
          "wikipedia": "en:Holy Trinity Church, Goodramgate, York",
          "start_date": "1150",
          "addr:city": "York"
        },
        "sitelinks": 3
      }
    },
    {
      "type": "Feature",
      "geometry": {
        "type": "Point",
        "coordinates": [
          -1.090786,
          53.943485
        ]
      },
      "properties": {
        "id": "osm:wikidata:26670547",
        "source": "osm",
        "title": "Church of St Chad on the Knavesmire",
        "address": "York",
        "description": "",
        "categories": [
          "historical",
          "architecture",
          "religious"
        ],
        "primary_category": "historical",
        "interest_score": 94,
        "website": "",
        "wikipedia": "en:St Chad's Church, York",
        "wikidata": "Q26670547",
        "source_url": "https://www.wikidata.org/wiki/Q26670547",
        "fetched_at_utc": "2026-10-07T09:50:34+00:00",
        "query_key": "heritage_sites",
        "tags": {
          "name": "Church of St Chad on the Knavesmire",
          "wikidata": "Q26670547",
          "amenity": "place_of_worship",
          "historic": "building",
          "heritage": "2",
          "listed_status": "grade ii",
          "wikipedia": "en:St Chad's Church, York",
          "addr:city": "York"
        },
        "sitelinks": 1
      }
    },
    {
      "type": "Feature",
      "geometry": {
        "type": "Point",
        "coordinates": [
          -1.07529,
          53.9608
        ]
      },
      "properties": {
        "id": "osm:wikidata:17530561",
        "source": "osm",
        "title": "Church of St Cuthbert",
        "address": "Peasholme Green, York, York",
        "description": "",
        "categories": [
          "historical",
          "architecture",
          "religious"
        ],
        "primary_category": "historical",
        "interest_score": 94,
        "website": "",
        "wikipedia": "en:St Cuthbert's Church, York",
        "wikidata": "Q17530561",
        "source_url": "https://www.wikidata.org/wiki/Q17530561",
        "fetched_at_utc": "2026-10-07T09:50:34+00:00",
        "query_key": "heritage_sites",
        "tags": {
          "name": "Church of St Cuthbert",
          "wikidata": "Q17530561",
          "amenity": "place_of_worship",
          "historic": "building",
          "heritage": "2",
          "listed_status": "grade i",
          "wikipedia": "en:St Cuthbert's Church, York",
          "start_date": "1050",
          "addr:street": "Peasholme Green, York",
          "addr:city": "York"
        },
        "sitelinks": 2
      }
    },
    {
      "type": "Feature",
      "geometry": {
        "type": "Point",
        "coordinates": [
          -1.08391,
          53.9603
        ]
      },
      "properties": {
        "id": "osm:wikidata:17549551",
        "source": "osm",
        "title": "Church of St Helen",
        "address": "York",
        "description": "",
        "categories": [
          "historical",
          "architecture",
          "religious"
        ],
        "primary_category": "historical",
        "interest_score": 94,
        "website": "",
        "wikipedia": "en:St Helen's Church, Stonegate, York",
        "wikidata": "Q17549551",
        "source_url": "https://www.wikidata.org/wiki/Q17549551",
        "fetched_at_utc": "2026-10-07T09:50:34+00:00",
        "query_key": "heritage_sites",
        "tags": {
          "name": "Church of St Helen",
          "wikidata": "Q17549551",
          "amenity": "place_of_worship",
          "historic": "building",
          "heritage": "2",
          "listed_status": "grade ii*",
          "wikipedia": "en:St Helen's Church, Stonegate, York",
          "addr:city": "York"
        },
        "sitelinks": 1
      }
    },
    {
      "type": "Feature",
      "geometry": {
        "type": "Point",
        "coordinates": [
          -1.08459,
          53.9593
        ]
      },
      "properties": {
        "id": "osm:wikidata:17549993",
        "source": "osm",
        "title": "Church of St Martin Le Grand",
        "address": "York",
        "description": "",
        "categories": [
          "historical",
          "architecture",
          "religious"
        ],
        "primary_category": "historical",
        "interest_score": 94,
        "website": "",
        "wikipedia": "en:St Martin le Grand, York",
        "wikidata": "Q17549993",
        "source_url": "https://www.wikidata.org/wiki/Q17549993",
        "fetched_at_utc": "2026-10-07T09:50:34+00:00",
        "query_key": "heritage_sites",
        "tags": {
          "name": "Church of St Martin Le Grand",
          "wikidata": "Q17549993",
          "amenity": "place_of_worship",
          "historic": "building",
          "heritage": "2",
          "listed_status": "grade ii*",
          "wikipedia": "en:St Martin le Grand, York",
          "addr:city": "York"
        },
        "sitelinks": 1
      }
    },
    {
      "type": "Feature",
      "geometry": {
        "type": "Point",
        "coordinates": [
          -1.08719,
          53.9559
        ]
      },
      "properties": {
        "id": "osm:wikidata:514750",
        "source": "osm",
        "title": "Church of St Mary Bishophill Junior",
        "address": "York",
        "description": "",
        "categories": [
          "historical",
          "architecture",
          "religious"
        ],
        "primary_category": "historical",
        "interest_score": 94,
        "website": "",
        "wikipedia": "en:St Mary Bishophill Junior, York",
        "wikidata": "Q514750",
        "source_url": "https://www.wikidata.org/wiki/Q514750",
        "fetched_at_utc": "2026-10-07T09:50:34+00:00",
        "query_key": "heritage_sites",
        "tags": {
          "name": "Church of St Mary Bishophill Junior",
          "wikidata": "Q514750",
          "amenity": "place_of_worship",
          "historic": "building",
          "heritage": "2",
          "listed_status": "grade i",
          "wikipedia": "en:St Mary Bishophill Junior, York",
          "start_date": "0950",
          "addr:city": "York"
        },
        "sitelinks": 4
      }
    },
    {
      "type": "Feature",
      "geometry": {
        "type": "Point",
        "coordinates": [
          -1.08261,
          53.9578
        ]
      },
      "properties": {
        "id": "osm:wikidata:17530545",
        "source": "osm",
        "title": "Church of St Michael",
        "address": "York",
        "description": "",
        "categories": [
          "historical",
          "architecture",
          "religious"
        ],
        "primary_category": "historical",
        "interest_score": 94,
        "website": "",
        "wikipedia": "en:St Michael's Church, Spurriergate, York",
        "wikidata": "Q17530545",
        "source_url": "https://www.wikidata.org/wiki/Q17530545",
        "fetched_at_utc": "2026-10-07T09:50:34+00:00",
        "query_key": "heritage_sites",
        "tags": {
          "name": "Church of St Michael",
          "wikidata": "Q17530545",
          "amenity": "place_of_worship",
          "historic": "building",
          "heritage": "2",
          "listed_status": "grade i",
          "wikipedia": "en:St Michael's Church, Spurriergate, York",
          "start_date": "1150",
          "addr:city": "York"
        },
        "sitelinks": 2
      }
    },
    {
      "type": "Feature",
      "geometry": {
        "type": "Point",
        "coordinates": [
          -1.15807,
          53.9294
        ]
      },
      "properties": {
        "id": "osm:wikidata:17530528",
        "source": "osm",
        "title": "Church of St Nicholas",
        "address": "York",
        "description": "",
        "categories": [
          "historical",
          "architecture",
          "religious"
        ],
        "primary_category": "historical",
        "interest_score": 94,
        "website": "",
        "wikipedia": "en:St Nicholas' Church, Askham Bryan",
        "wikidata": "Q17530528",
        "source_url": "https://www.wikidata.org/wiki/Q17530528",
        "fetched_at_utc": "2026-10-07T09:50:34+00:00",
        "query_key": "heritage_sites",
        "tags": {
          "name": "Church of St Nicholas",
          "wikidata": "Q17530528",
          "amenity": "place_of_worship",
          "historic": "building",
          "heritage": "2",
          "listed_status": "grade i",
          "wikipedia": "en:St Nicholas' Church, Askham Bryan",
          "start_date": "1150",
          "addr:city": "York"
        },
        "sitelinks": 1
      }
    },
    {
      "type": "Feature",
      "geometry": {
        "type": "Point",
        "coordinates": [
          -1.099791,
          53.953964
        ]
      },
      "properties": {
        "id": "osm:wikidata:26548886",
        "source": "osm",
        "title": "Church of St Paul",
        "address": "York",
        "description": "",
        "categories": [
          "historical",
          "architecture",
          "religious"
        ],
        "primary_category": "historical",
        "interest_score": 94,
        "website": "",
        "wikipedia": "en:St Paul's Church, Holgate",
        "wikidata": "Q26548886",
        "source_url": "https://www.wikidata.org/wiki/Q26548886",
        "fetched_at_utc": "2026-10-07T09:50:34+00:00",
        "query_key": "heritage_sites",
        "tags": {
          "name": "Church of St Paul",
          "wikidata": "Q26548886",
          "amenity": "place_of_worship",
          "historic": "building",
          "heritage": "2",
          "listed_status": "grade ii",
          "wikipedia": "en:St Paul's Church, Holgate",
          "addr:city": "York"
        },
        "sitelinks": 1
      }
    },
    {
      "type": "Feature",
      "geometry": {
        "type": "Point",
        "coordinates": [
          -1.097341,
          53.970735
        ]
      },
      "properties": {
        "id": "osm:wikidata:26550367",
        "source": "osm",
        "title": "Church of St Philip and St James",
        "address": "York",
        "description": "",
        "categories": [
          "historical",
          "architecture",
          "religious"
        ],
        "primary_category": "historical",
        "interest_score": 94,
        "website": "",
        "wikipedia": "en:St Philip and St James' Church, Clifton",
        "wikidata": "Q26550367",
        "source_url": "https://www.wikidata.org/wiki/Q26550367",
        "fetched_at_utc": "2026-10-07T09:50:34+00:00",
        "query_key": "heritage_sites",
        "tags": {
          "name": "Church of St Philip and St James",
          "wikidata": "Q26550367",
          "amenity": "place_of_worship",
          "historic": "building",
          "heritage": "2",
          "listed_status": "grade ii",
          "wikipedia": "en:St Philip and St James' Church, Clifton",
          "addr:city": "York"
        },
        "sitelinks": 1
      }
    },
    {
      "type": "Feature",
      "geometry": {
        "type": "Point",
        "coordinates": [
          -1.128963,
          53.955931
        ]
      },
      "properties": {
        "id": "osm:wikidata:26547771",
        "source": "osm",
        "title": "Church of St Stephen",
        "address": "York",
        "description": "",
        "categories": [
          "historical",
          "architecture",
          "religious"
        ],
        "primary_category": "historical",
        "interest_score": 94,
        "website": "",
        "wikipedia": "en:St Stephen's Church, Acomb",
        "wikidata": "Q26547771",
        "source_url": "https://www.wikidata.org/wiki/Q26547771",
        "fetched_at_utc": "2026-10-07T09:50:34+00:00",
        "query_key": "heritage_sites",
        "tags": {
          "name": "Church of St Stephen",
          "wikidata": "Q26547771",
          "amenity": "place_of_worship",
          "historic": "building",
          "heritage": "2",
          "listed_status": "grade ii",
          "wikipedia": "en:St Stephen's Church, Acomb",
          "addr:city": "York"
        },
        "sitelinks": 1
      }
    },
    {
      "type": "Feature",
      "geometry": {
        "type": "Point",
        "coordinates": [
          -1.03369,
          53.959005
        ]
      },
      "properties": {
        "id": "osm:wikidata:26468496",
        "source": "osm",
        "title": "Church of St Thomas",
        "address": "York",
        "description": "",
        "categories": [
          "historical",
          "architecture",
          "religious"
        ],
        "primary_category": "historical",
        "interest_score": 94,
        "website": "",
        "wikipedia": "en:St Thomas' Church, Osbaldwick",
        "wikidata": "Q26468496",
        "source_url": "https://www.wikidata.org/wiki/Q26468496",
        "fetched_at_utc": "2026-10-07T09:50:34+00:00",
        "query_key": "heritage_sites",
        "tags": {
          "name": "Church of St Thomas",
          "wikidata": "Q26468496",
          "amenity": "place_of_worship",
          "historic": "building",
          "heritage": "2",
          "listed_status": "grade ii",
          "wikipedia": "en:St Thomas' Church, Osbaldwick",
          "addr:city": "York"
        },
        "sitelinks": 1
      }
    },
    {
      "type": "Feature",
      "geometry": {
        "type": "Point",
        "coordinates": [
          -1.079478,
          53.967786
        ]
      },
      "properties": {
        "id": "osm:wikidata:26548760",
        "source": "osm",
        "title": "Church of St Thomas",
        "address": "York",
        "description": "",
        "categories": [
          "historical",
          "architecture",
          "religious"
        ],
        "primary_category": "historical",
        "interest_score": 94,
        "website": "",
        "wikipedia": "en:St Thomas' Church, York",
        "wikidata": "Q26548760",
        "source_url": "https://www.wikidata.org/wiki/Q26548760",
        "fetched_at_utc": "2026-10-07T09:50:34+00:00",
        "query_key": "heritage_sites",
        "tags": {
          "name": "Church of St Thomas",
          "wikidata": "Q26548760",
          "amenity": "place_of_worship",
          "historic": "building",
          "heritage": "2",
          "listed_status": "grade ii",
          "wikipedia": "en:St Thomas' Church, York",
          "addr:city": "York"
        },
        "sitelinks": 1
      }
    },
    {
      "type": "Feature",
      "geometry": {
        "type": "Point",
        "coordinates": [
          -1.124537,
          53.966112
        ]
      },
      "properties": {
        "id": "osm:wikidata:26657146",
        "source": "osm",
        "title": "Church of the Holy Redeemer",
        "address": "York",
        "description": "",
        "categories": [
          "historical",
          "architecture",
          "religious"
        ],
        "primary_category": "historical",
        "interest_score": 94,
        "website": "",
        "wikipedia": "en:Holy Redeemer Church, York",
        "wikidata": "Q26657146",
        "source_url": "https://www.wikidata.org/wiki/Q26657146",
        "fetched_at_utc": "2026-10-07T09:50:34+00:00",
        "query_key": "heritage_sites",
        "tags": {
          "name": "Church of the Holy Redeemer",
          "wikidata": "Q26657146",
          "amenity": "place_of_worship",
          "historic": "building",
          "heritage": "2",
          "listed_status": "grade ii",
          "wikipedia": "en:Holy Redeemer Church, York",
          "addr:city": "York"
        },
        "sitelinks": 1
      }
    },
    {
      "type": "Feature",
      "geometry": {
        "type": "Point",
        "coordinates": [
          -1.044595,
          53.947336
        ]
      },
      "properties": {
        "id": "osm:wikidata:5745745",
        "source": "osm",
        "title": "Heslington Church",
        "address": "York",
        "description": "",
        "categories": [
          "historical",
          "architecture",
          "religious"
        ],
        "primary_category": "historical",
        "interest_score": 94,
        "website": "",
        "wikipedia": "en:Heslington Church",
        "wikidata": "Q5745745",
        "source_url": "https://www.wikidata.org/wiki/Q5745745",
        "fetched_at_utc": "2026-10-07T09:50:34+00:00",
        "query_key": "heritage_sites",
        "tags": {
          "name": "Heslington Church",
          "wikidata": "Q5745745",
          "amenity": "place_of_worship",
          "historic": "building",
          "heritage": "2",
          "listed_status": "grade ii",
          "wikipedia": "en:Heslington Church",
          "addr:city": "York"
        },
        "sitelinks": 1
      }
    },
    {
      "type": "Feature",
      "geometry": {
        "type": "Point",
        "coordinates": [
          -1.0824,
          53.9635
        ]
      },
      "properties": {
        "id": "osm:wikidata:7084690",
        "source": "osm",
        "title": "Old Palace",
        "address": "York",
        "description": "",
        "categories": [
          "historical",
          "architecture",
          "religious"
        ],
        "primary_category": "historical",
        "interest_score": 94,
        "website": "",
        "wikipedia": "en:Old Palace, York",
        "wikidata": "Q7084690",
        "source_url": "https://www.wikidata.org/wiki/Q7084690",
        "fetched_at_utc": "2026-10-07T09:50:34+00:00",
        "query_key": "heritage_sites",
        "tags": {
          "name": "Old Palace",
          "wikidata": "Q7084690",
          "amenity": "place_of_worship",
          "historic": "building",
          "heritage": "2",
          "listed_status": "grade i",
          "wikipedia": "en:Old Palace, York",
          "addr:city": "York"
        },
        "sitelinks": 1
      }
    },
    {
      "type": "Feature",
      "geometry": {
        "type": "Point",
        "coordinates": [
          -1.07838,
          53.9609
        ]
      },
      "properties": {
        "id": "osm:wikidata:15129917",
        "source": "osm",
        "title": "St Andrew's church, St Andrewgate",
        "address": "York",
        "description": "",
        "categories": [
          "historical",
          "architecture",
          "religious"
        ],
        "primary_category": "historical",
        "interest_score": 94,
        "website": "",
        "wikipedia": "en:St Andrew's Church, York",
        "wikidata": "Q15129917",
        "source_url": "https://www.wikidata.org/wiki/Q15129917",
        "fetched_at_utc": "2026-10-07T09:50:34+00:00",
        "query_key": "heritage_sites",
        "tags": {
          "name": "St Andrew's church, St Andrewgate",
          "wikidata": "Q15129917",
          "amenity": "place_of_worship",
          "historic": "building",
          "heritage": "2",
          "listed_status": "grade ii*",
          "wikipedia": "en:St Andrew's Church, York",
          "addr:city": "York"
        },
        "sitelinks": 2
      }
    },
    {
      "type": "Feature",
      "geometry": {
        "type": "Point",
        "coordinates": [
          -1.0762,
          53.9567
        ]
      },
      "properties": {
        "id": "osm:wikidata:7592955",
        "source": "osm",
        "title": "St Denys's Church",
        "address": "York",
        "description": "",
        "categories": [
          "historical",
          "architecture",
          "religious"
        ],
        "primary_category": "historical",
        "interest_score": 94,
        "website": "",
        "wikipedia": "en:St Denys's Church, York",
        "wikidata": "Q7592955",
        "source_url": "https://www.wikidata.org/wiki/Q7592955",
        "fetched_at_utc": "2026-10-07T09:50:34+00:00",
        "query_key": "heritage_sites",
        "tags": {
          "name": "St Denys's Church",
          "wikidata": "Q7592955",
          "amenity": "place_of_worship",
          "historic": "building",
          "heritage": "2",
          "listed_status": "grade i",
          "wikipedia": "en:St Denys's Church, York",
          "start_date": "1350",
          "addr:city": "York"
        },
        "sitelinks": 2
      }
    },
    {
      "type": "Feature",
      "geometry": {
        "type": "Point",
        "coordinates": [
          -1.106201,
          53.93999
        ]
      },
      "properties": {
        "id": "osm:wikidata:26547978",
        "source": "osm",
        "title": "St Edward the Confessor's Church, Dringhouses",
        "address": "York",
        "description": "",
        "categories": [
          "historical",
          "architecture",
          "religious"
        ],
        "primary_category": "historical",
        "interest_score": 94,
        "website": "",
        "wikipedia": "en:St Edward the Confessor's Church, Dringhouses",
        "wikidata": "Q26547978",
        "source_url": "https://www.wikidata.org/wiki/Q26547978",
        "fetched_at_utc": "2026-10-07T09:50:34+00:00",
        "query_key": "heritage_sites",
        "tags": {
          "name": "St Edward the Confessor's Church, Dringhouses",
          "wikidata": "Q26547978",
          "amenity": "place_of_worship",
          "historic": "building",
          "heritage": "2",
          "listed_status": "grade ii",
          "wikipedia": "en:St Edward the Confessor's Church, Dringhouses",
          "addr:city": "York"
        },
        "sitelinks": 1
      }
    },
    {
      "type": "Feature",
      "geometry": {
        "type": "Point",
        "coordinates": [
          -1.14058,
          53.9884
        ]
      },
      "properties": {
        "id": "osm:wikidata:108402694",
        "source": "osm",
        "title": "St Everilda's Church, Nether Poppleton",
        "address": "York",
        "description": "",
        "categories": [
          "historical",
          "architecture",
          "religious"
        ],
        "primary_category": "historical",
        "interest_score": 94,
        "website": "",
        "wikipedia": "en:St Everilda's Church, Nether Poppleton",
        "wikidata": "Q108402694",
        "source_url": "https://www.wikidata.org/wiki/Q108402694",
        "fetched_at_utc": "2026-10-07T09:50:34+00:00",
        "query_key": "heritage_sites",
        "tags": {
          "name": "St Everilda's Church, Nether Poppleton",
          "wikidata": "Q108402694",
          "amenity": "place_of_worship",
          "historic": "building",
          "heritage": "2",
          "listed_status": "grade ii*",
          "wikipedia": "en:St Everilda's Church, Nether Poppleton",
          "addr:city": "York"
        },
        "sitelinks": 1
      }
    },
    {
      "type": "Feature",
      "geometry": {
        "type": "Point",
        "coordinates": [
          -1.0804,
          53.9572
        ]
      },
      "properties": {
        "id": "osm:wikidata:17530659",
        "source": "osm",
        "title": "St Mary's Church, Castlegate",
        "address": "York",
        "description": "",
        "categories": [
          "historical",
          "architecture",
          "religious"
        ],
        "primary_category": "historical",
        "interest_score": 94,
        "website": "",
        "wikipedia": "en:St Mary's Church, Castlegate, York",
        "wikidata": "Q17530659",
        "source_url": "https://www.wikidata.org/wiki/Q17530659",
        "fetched_at_utc": "2026-10-07T09:50:34+00:00",
        "query_key": "heritage_sites",
        "tags": {
          "name": "St Mary's Church, Castlegate",
          "wikidata": "Q17530659",
          "amenity": "place_of_worship",
          "historic": "building",
          "heritage": "2",
          "listed_status": "grade i",
          "wikipedia": "en:St Mary's Church, Castlegate, York",
          "addr:city": "York"
        },
        "sitelinks": 1
      }
    },
    {
      "type": "Feature",
      "geometry": {
        "type": "Point",
        "coordinates": [
          -1.083,
          53.962
        ]
      },
      "properties": {
        "id": "osm:wikidata:7594874",
        "source": "osm",
        "title": "St Michael le Belfrey",
        "address": "York",
        "description": "",
        "categories": [
          "historical",
          "architecture",
          "religious"
        ],
        "primary_category": "historical",
        "interest_score": 94,
        "website": "",
        "wikipedia": "en:St Michael le Belfrey, York",
        "wikidata": "Q7594874",
        "source_url": "https://www.wikidata.org/wiki/Q7594874",
        "fetched_at_utc": "2026-10-07T09:50:34+00:00",
        "query_key": "heritage_sites",
        "tags": {
          "name": "St Michael le Belfrey",
          "wikidata": "Q7594874",
          "amenity": "place_of_worship",
          "historic": "building",
          "heritage": "2",
          "listed_status": "grade i",
          "wikipedia": "en:St Michael le Belfrey, York",
          "start_date": "1525",
          "addr:city": "York"
        },
        "sitelinks": 6
      }
    },
    {
      "type": "Feature",
      "geometry": {
        "type": "Point",
        "coordinates": [
          -1.089,
          53.962
        ]
      },
      "properties": {
        "id": "osm:wikidata:7594998",
        "source": "osm",
        "title": "St Olave's Church",
        "address": "York",
        "description": "",
        "categories": [
          "historical",
          "architecture",
          "religious"
        ],
        "primary_category": "historical",
        "interest_score": 94,
        "website": "",
        "wikipedia": "en:St Olave's Church, York",
        "wikidata": "Q7594998",
        "source_url": "https://www.wikidata.org/wiki/Q7594998",
        "fetched_at_utc": "2026-10-07T09:50:34+00:00",
        "query_key": "heritage_sites",
        "tags": {
          "name": "St Olave's Church",
          "wikidata": "Q7594998",
          "amenity": "place_of_worship",
          "historic": "building",
          "heritage": "2",
          "listed_status": "grade i",
          "wikipedia": "en:St Olave's Church, York",
          "start_date": "1401",
          "addr:city": "York"
        },
        "sitelinks": 5
      }
    },
    {
      "type": "Feature",
      "geometry": {
        "type": "Point",
        "coordinates": [
          -1.081163,
          53.959773
        ]
      },
      "properties": {
        "id": "osm:wikidata:26550425",
        "source": "osm",
        "title": "St Sampson's Church",
        "address": "York",
        "description": "",
        "categories": [
          "historical",
          "architecture",
          "religious"
        ],
        "primary_category": "historical",
        "interest_score": 94,
        "website": "",
        "wikipedia": "en:St Sampson's Church, York",
        "wikidata": "Q26550425",
        "source_url": "https://www.wikidata.org/wiki/Q26550425",
        "fetched_at_utc": "2026-10-07T09:50:34+00:00",
        "query_key": "heritage_sites",
        "tags": {
          "name": "St Sampson's Church",
          "wikidata": "Q26550425",
          "amenity": "place_of_worship",
          "historic": "building",
          "heritage": "2",
          "listed_status": "grade ii",
          "wikipedia": "en:St Sampson's Church, York",
          "addr:city": "York"
        },
        "sitelinks": 1
      }
    },
    {
      "type": "Feature",
      "geometry": {
        "type": "Point",
        "coordinates": [
          -1.068844,
          53.953809
        ]
      },
      "properties": {
        "id": "osm:wikidata:18210399",
        "source": "osm",
        "title": "St. Lawrence Parish Church",
        "address": "York",
        "description": "",
        "categories": [
          "historical",
          "architecture",
          "religious"
        ],
        "primary_category": "historical",
        "interest_score": 94,
        "website": "",
        "wikipedia": "en:St Lawrence's Church, York",
        "wikidata": "Q18210399",
        "source_url": "https://www.wikidata.org/wiki/Q18210399",
        "fetched_at_utc": "2026-10-07T09:50:34+00:00",
        "query_key": "heritage_sites",
        "tags": {
          "name": "St. Lawrence Parish Church",
          "wikidata": "Q18210399",
          "amenity": "place_of_worship",
          "historic": "building",
          "heritage": "2",
          "listed_status": "grade ii",
          "wikipedia": "en:St Lawrence's Church, York",
          "addr:city": "York"
        },
        "sitelinks": 1
      }
    },
    {
      "type": "Feature",
      "geometry": {
        "type": "Point",
        "coordinates": [
          -1.087159,
          53.951208
        ]
      },
      "properties": {
        "id": "osm:wikidata:26669119",
        "source": "osm",
        "title": "The Church of St Clement",
        "address": "York",
        "description": "",
        "categories": [
          "historical",
          "architecture",
          "religious"
        ],
        "primary_category": "historical",
        "interest_score": 94,
        "website": "",
        "wikipedia": "en:St Clement's Church, York",
        "wikidata": "Q26669119",
        "source_url": "https://www.wikidata.org/wiki/Q26669119",
        "fetched_at_utc": "2026-10-07T09:50:34+00:00",
        "query_key": "heritage_sites",
        "tags": {
          "name": "The Church of St Clement",
          "wikidata": "Q26669119",
          "amenity": "place_of_worship",
          "historic": "building",
          "heritage": "2",
          "listed_status": "grade ii",
          "wikipedia": "en:St Clement's Church, York",
          "addr:city": "York"
        },
        "sitelinks": 1
      }
    },
    {
      "type": "Feature",
      "geometry": {
        "type": "Point",
        "coordinates": [
          -1.08875,
          53.9564
        ]
      },
      "properties": {
        "id": "osm:wikidata:108607483",
        "source": "osm",
        "title": "Wesley Chapel",
        "address": "York",
        "description": "",
        "categories": [
          "historical",
          "architecture",
          "religious"
        ],
        "primary_category": "historical",
        "interest_score": 94,
        "website": "",
        "wikipedia": "en:Wesley Chapel, Priory Street",
        "wikidata": "Q108607483",
        "source_url": "https://www.wikidata.org/wiki/Q108607483",
        "fetched_at_utc": "2026-10-07T09:50:34+00:00",
        "query_key": "heritage_sites",
        "tags": {
          "name": "Wesley Chapel",
          "wikidata": "Q108607483",
          "amenity": "place_of_worship",
          "historic": "building",
          "heritage": "2",
          "listed_status": "grade ii*",
          "wikipedia": "en:Wesley Chapel, Priory Street",
          "addr:city": "York"
        },
        "sitelinks": 1
      }
    },
    {
      "type": "Feature",
      "geometry": {
        "type": "Point",
        "coordinates": [
          -1.081944,
          53.961944
        ]
      },
      "properties": {
        "id": "osm:wikidata:252575",
        "source": "osm",
        "title": "York Minster",
        "address": "York",
        "description": "",
        "categories": [
          "historical",
          "architecture",
          "religious"
        ],
        "primary_category": "historical",
        "interest_score": 94,
        "website": "",
        "wikipedia": "en:York Minster",
        "wikidata": "Q252575",
        "source_url": "https://www.wikidata.org/wiki/Q252575",
        "fetched_at_utc": "2026-10-07T09:50:34+00:00",
        "query_key": "heritage_sites",
        "tags": {
          "name": "York Minster",
          "wikidata": "Q252575",
          "amenity": "place_of_worship",
          "historic": "building",
          "heritage": "2",
          "listed_status": "grade i",
          "wikipedia": "en:York Minster",
          "start_date": "1220",
          "addr:city": "York"
        },
        "sitelinks": 41
      }
    },
    {
      "type": "Feature",
      "geometry": {
        "type": "Point",
        "coordinates": [
          -1.07757,
          53.9603
        ]
      },
      "properties": {
        "id": "osm:wikidata:8055589",
        "source": "osm",
        "title": "York Unitarian Chapel",
        "address": "York",
        "description": "",
        "categories": [
          "historical",
          "architecture",
          "religious"
        ],
        "primary_category": "historical",
        "interest_score": 94,
        "website": "",
        "wikipedia": "en:York Unitarian Chapel",
        "wikidata": "Q8055589",
        "source_url": "https://www.wikidata.org/wiki/Q8055589",
        "fetched_at_utc": "2026-10-07T09:50:34+00:00",
        "query_key": "heritage_sites",
        "tags": {
          "name": "York Unitarian Chapel",
          "wikidata": "Q8055589",
          "amenity": "place_of_worship",
          "historic": "building",
          "heritage": "2",
          "listed_status": "grade ii*",
          "wikipedia": "en:York Unitarian Chapel",
          "addr:city": "York"
        },
        "sitelinks": 1
      }
    },
    {
      "type": "Feature",
      "geometry": {
        "type": "Point",
        "coordinates": [
          -1.0800132,
          53.9558273
        ]
      },
      "properties": {
        "id": "osm:relation:2755833",
        "source": "osm",
        "title": "Clifford's Tower",
        "address": "Tower Street, York, YO1 9SA",
        "description": "Main building (bailery) of the original Castle of York set on a high mound (motte). Present building dates from 1259 on the site of William the Conqueror's 1068 timber castle.",
        "categories": [
          "historical",
          "architecture",
          "landmark"
        ],
        "primary_category": "historical",
        "interest_score": 93,
        "website": "https://www.english-heritage.org.uk/visit/places/cliffords-tower-york/",
        "wikipedia": "en:York Castle",
        "wikidata": "Q80637",
        "source_url": "https://www.openstreetmap.org/relation/2755833",
        "fetched_at_utc": "2026-10-07T09:50:34+00:00",
        "query_key": "attractions_and_viewpoints",
        "tags": {
          "addr:city": "York",
          "addr:postcode": "YO1 9SA",
          "addr:street": "Tower Street",
          "attraction": "historic",
          "building": "yes",
          "castle_type": "defensive",
          "description": "Main building (bailery) of the original Castle of York set on a high mound (motte). Present building dates from 1259 on the site of William the Conqueror's 1068 timber castle.",
          "fee": "yes",
          "historic": "castle",
          "listed_status": "Grade I",
          "material": "stone",
          "name": "Clifford's Tower",
          "name:zh": "克利福德塔",
          "opening_hours": "Apr 01-Sep 30 10:00-18:00; Oct 01-Oct 31 10:00-17:00; Nov 01-Mar 31 10:00-16:00",
          "operator": "English Heritage",
          "phone": "+44 1904 646940",
          "ruins": "yes",
          "tourism": "attraction",
          "type": "multipolygon",
          "website": "https://www.english-heritage.org.uk/visit/places/cliffords-tower-york/",
          "wheelchair": "no",
          "wikidata": "Q80637",
          "wikipedia": "en:York Castle"
        },
        "sitelinks": 23
      }
    },
    {
      "type": "Feature",
      "geometry": {
        "type": "Point",
        "coordinates": [
          -1.0800719,
          53.9567452
        ]
      },
      "properties": {
        "id": "osm:node:12557307443",
        "source": "osm",
        "title": "Fairfax House Museum",
        "address": "27 Castlegate, York, YO1 9RN",
        "description": "",
        "categories": [
          "museum",
          "historical",
          "cultural"
        ],
        "primary_category": "museum",
        "interest_score": 90,
        "website": "https://www.fairfaxhouse.co.uk/",
        "wikipedia": "",
        "wikidata": "Q113369990",
        "source_url": "https://www.openstreetmap.org/node/12557307443",
        "fetched_at_utc": "2026-10-07T09:50:34+00:00",
        "query_key": "museums",
        "tags": {
          "addr:city": "York",
          "addr:housename": "Fairfax House",
          "addr:housenumber": "27",
          "addr:postcode": "YO1 9RN",
          "addr:street": "Castlegate",
          "fee": "yes",
          "name": "Fairfax House Museum",
          "opening_hours": "Tu-Sa 10:00-17:00",
          "operator": "York Civic Trust",
          "phone": "+44 1904 655543",
          "tourism": "museum",
          "website": "https://www.fairfaxhouse.co.uk/",
          "wheelchair": "no",
          "wikidata": "Q113369990"
        },
        "sitelinks": 0
      }
    },
    {
      "type": "Feature",
      "geometry": {
        "type": "Point",
        "coordinates": [
          -1.0689951,
          53.9440051
        ]
      },
      "properties": {
        "id": "osm:node:12521354903",
        "source": "osm",
        "title": "Kohima Museum",
        "address": "",
        "description": "",
        "categories": [
          "museum",
          "historical",
          "cultural"
        ],
        "primary_category": "museum",
        "interest_score": 90,
        "website": "https://www.kohimamuseum.co.uk/",
        "wikipedia": "",
        "wikidata": "Q113370066",
        "source_url": "https://www.openstreetmap.org/node/12521354903",
        "fetched_at_utc": "2026-10-07T09:50:34+00:00",
        "query_key": "museums",
        "tags": {
          "fixme": "needs precise location within barracks",
          "name": "Kohima Museum",
          "tourism": "museum",
          "website": "https://www.kohimamuseum.co.uk/",
          "wikidata": "Q113370066"
        },
        "sitelinks": 0
      }
    },
    {
      "type": "Feature",
      "geometry": {
        "type": "Point",
        "coordinates": [
          -1.0809171,
          53.9562721
        ]
      },
      "properties": {
        "id": "osm:node:27422877",
        "source": "osm",
        "title": "York Army Museum",
        "address": "3 Tower Street, York, YO1 9SB",
        "description": "",
        "categories": [
          "museum",
          "historical",
          "cultural"
        ],
        "primary_category": "museum",
        "interest_score": 90,
        "website": "https://yorkarmymuseum.co.uk/",
        "wikipedia": "",
        "wikidata": "Q45112549",
        "source_url": "https://www.openstreetmap.org/node/27422877",
        "fetched_at_utc": "2026-10-07T09:50:34+00:00",
        "query_key": "museums",
        "tags": {
          "addr:city": "York",
          "addr:housenumber": "3",
          "addr:postcode": "YO1 9SB",
          "addr:street": "Tower Street",
          "check_date:opening_hours": "2024-04-28",
          "fee": "yes",
          "fee:conditional": "no @ age < 5",
          "name": "York Army Museum",
          "opening_hours": "Mo-Sa 10:00-17:00",
          "tourism": "museum",
          "website": "https://yorkarmymuseum.co.uk/",
          "wheelchair": "yes",
          "wikidata": "Q45112549"
        },
        "sitelinks": 1
      }
    },
    {
      "type": "Feature",
      "geometry": {
        "type": "Point",
        "coordinates": [
          -1.0829312,
          53.9622938
        ]
      },
      "properties": {
        "id": "osm:node:12563303920",
        "source": "osm",
        "title": "York Minster Undercroft",
        "address": "",
        "description": "",
        "categories": [
          "museum",
          "historical",
          "cultural"
        ],
        "primary_category": "museum",
        "interest_score": 90,
        "website": "https://yorkminster.org/undercroft/",
        "wikipedia": "",
        "wikidata": "Q113391601",
        "source_url": "https://www.openstreetmap.org/node/12563303920",
        "fetched_at_utc": "2026-10-07T09:50:34+00:00",
        "query_key": "museums",
        "tags": {
          "fee": "yes",
          "level": "-1",
          "name": "York Minster Undercroft",
          "tourism": "museum",
          "website": "https://yorkminster.org/undercroft/",
          "wheelchair": "yes",
          "wikidata": "Q113391601"
        },
        "sitelinks": 0
      }
    },
    {
      "type": "Feature",
      "geometry": {
        "type": "Point",
        "coordinates": [
          -1.075536,
          53.953717
        ]
      },
      "properties": {
        "id": "osm:wikidata:26549175",
        "source": "osm",
        "title": "1 Fawcett Street",
        "address": "York",
        "description": "",
        "categories": [
          "historical",
          "architecture"
        ],
        "primary_category": "historical",
        "interest_score": 88,
        "website": "",
        "wikipedia": "en:1 Fawcett Street",
        "wikidata": "Q26549175",
        "source_url": "https://www.wikidata.org/wiki/Q26549175",
        "fetched_at_utc": "2026-10-07T09:50:34+00:00",
        "query_key": "heritage_sites",
        "tags": {
          "name": "1 Fawcett Street",
          "wikidata": "Q26549175",
          "heritage": "2",
          "historic": "building",
          "listed_status": "grade ii",
          "wikipedia": "en:1 Fawcett Street",
          "addr:city": "York"
        },
        "sitelinks": 1
      }
    },
    {
      "type": "Feature",
      "geometry": {
        "type": "Point",
        "coordinates": [
          -1.08027,
          53.959496
        ]
      },
      "properties": {
        "id": "osm:wikidata:26548828",
        "source": "osm",
        "title": "1 Little Shambles",
        "address": "York",
        "description": "",
        "categories": [
          "historical",
          "architecture"
        ],
        "primary_category": "historical",
        "interest_score": 88,
        "website": "",
        "wikipedia": "en:1 Little Shambles",
        "wikidata": "Q26548828",
        "source_url": "https://www.wikidata.org/wiki/Q26548828",
        "fetched_at_utc": "2026-10-07T09:50:34+00:00",
        "query_key": "heritage_sites",
        "tags": {
          "name": "1 Little Shambles",
          "wikidata": "Q26548828",
          "heritage": "2",
          "historic": "building",
          "listed_status": "grade ii",
          "wikipedia": "en:1 Little Shambles",
          "addr:city": "York"
        },
        "sitelinks": 1
      }
    },
    {
      "type": "Feature",
      "geometry": {
        "type": "Point",
        "coordinates": [
          -1.08258,
          53.9616
        ]
      },
      "properties": {
        "id": "osm:wikidata:17549648",
        "source": "osm",
        "title": "1 Minster Gates and 38 High Petergate",
        "address": "York",
        "description": "",
        "categories": [
          "historical",
          "architecture"
        ],
        "primary_category": "historical",
        "interest_score": 88,
        "website": "",
        "wikipedia": "en:1 Minster Gates and 38 High Petergate",
        "wikidata": "Q17549648",
        "source_url": "https://www.wikidata.org/wiki/Q17549648",
        "fetched_at_utc": "2026-10-07T09:50:34+00:00",
        "query_key": "heritage_sites",
        "tags": {
          "name": "1 Minster Gates and 38 High Petergate",
          "wikidata": "Q17549648",
          "heritage": "2",
          "historic": "building",
          "listed_status": "grade ii*",
          "wikipedia": "en:1 Minster Gates and 38 High Petergate",
          "addr:city": "York"
        },
        "sitelinks": 1
      }
    },
    {
      "type": "Feature",
      "geometry": {
        "type": "Point",
        "coordinates": [
          -1.085216,
          53.9612
        ]
      },
      "properties": {
        "id": "osm:wikidata:26548512",
        "source": "osm",
        "title": "1 Museum Street",
        "address": "York",
        "description": "",
        "categories": [
          "historical",
          "architecture"
        ],
        "primary_category": "historical",
        "interest_score": 88,
        "website": "",
        "wikipedia": "en:1 Museum Street",
        "wikidata": "Q26548512",
        "source_url": "https://www.wikidata.org/wiki/Q26548512",
        "fetched_at_utc": "2026-10-07T09:50:34+00:00",
        "query_key": "heritage_sites",
        "tags": {
          "name": "1 Museum Street",
          "wikidata": "Q26548512",
          "heritage": "2",
          "historic": "building",
          "listed_status": "grade ii",
          "wikipedia": "en:1 Museum Street",
          "addr:city": "York"
        },
        "sitelinks": 1
      }
    },
    {
      "type": "Feature",
      "geometry": {
        "type": "Point",
        "coordinates": [
          -1.080218,
          53.95981
        ]
      },
      "properties": {
        "id": "osm:wikidata:26548140",
        "source": "osm",
        "title": "1 The Shambles",
        "address": "York",
        "description": "",
        "categories": [
          "historical",
          "architecture"
        ],
        "primary_category": "historical",
        "interest_score": 88,
        "website": "",
        "wikipedia": "en:1 The Shambles",
        "wikidata": "Q26548140",
        "source_url": "https://www.wikidata.org/wiki/Q26548140",
        "fetched_at_utc": "2026-10-07T09:50:34+00:00",
        "query_key": "heritage_sites",
        "tags": {
          "name": "1 The Shambles",
          "wikidata": "Q26548140",
          "heritage": "2",
          "historic": "building",
          "listed_status": "grade ii",
          "wikipedia": "en:1 The Shambles",
          "addr:city": "York"
        },
        "sitelinks": 1
      }
    },
    {
      "type": "Feature",
      "geometry": {
        "type": "Point",
        "coordinates": [
          -1.082937,
          53.957687
        ]
      },
      "properties": {
        "id": "osm:wikidata:26548802",
        "source": "osm",
        "title": "10 and 12 Low Ousegate",
        "address": "York",
        "description": "",
        "categories": [
          "historical",
          "architecture"
        ],
        "primary_category": "historical",
        "interest_score": 88,
        "website": "",
        "wikipedia": "en:10 and 12 Low Ousegate",
        "wikidata": "Q26548802",
        "source_url": "https://www.wikidata.org/wiki/Q26548802",
        "fetched_at_utc": "2026-10-07T09:50:34+00:00",
        "query_key": "heritage_sites",
        "tags": {
          "name": "10 and 12 Low Ousegate",
          "wikidata": "Q26548802",
          "heritage": "2",
          "historic": "building",
          "listed_status": "grade ii",
          "wikipedia": "en:10 and 12 Low Ousegate",
          "addr:city": "York"
        },
        "sitelinks": 1
      }
    },
    {
      "type": "Feature",
      "geometry": {
        "type": "Point",
        "coordinates": [
          -1.08211,
          53.9616
        ]
      },
      "properties": {
        "id": "osm:wikidata:17549650",
        "source": "osm",
        "title": "10 Minster Gates",
        "address": "York",
        "description": "",
        "categories": [
          "historical",
          "architecture"
        ],
        "primary_category": "historical",
        "interest_score": 88,
        "website": "",
        "wikipedia": "en:10 Minster Gates",
        "wikidata": "Q17549650",
        "source_url": "https://www.wikidata.org/wiki/Q17549650",
        "fetched_at_utc": "2026-10-07T09:50:34+00:00",
        "query_key": "heritage_sites",
        "tags": {
          "name": "10 Minster Gates",
          "wikidata": "Q17549650",
          "heritage": "2",
          "historic": "building",
          "listed_status": "grade ii*",
          "wikipedia": "en:10 Minster Gates",
          "addr:city": "York"
        },
        "sitelinks": 1
      }
    },
    {
      "type": "Feature",
      "geometry": {
        "type": "Point",
        "coordinates": [
          -1.082061,
          53.961609
        ]
      },
      "properties": {
        "id": "osm:wikidata:26891606",
        "source": "osm",
        "title": "10 Minster Yard",
        "address": "York",
        "description": "",
        "categories": [
          "historical",
          "architecture"
        ],
        "primary_category": "historical",
        "interest_score": 88,
        "website": "",
        "wikipedia": "en:10 Minster Yard",
        "wikidata": "Q26891606",
        "source_url": "https://www.wikidata.org/wiki/Q26891606",
        "fetched_at_utc": "2026-10-07T09:50:34+00:00",
        "query_key": "heritage_sites",
        "tags": {
          "name": "10 Minster Yard",
          "wikidata": "Q26891606",
          "heritage": "2",
          "historic": "building",
          "listed_status": "grade ii",
          "wikipedia": "en:10 Minster Yard",
          "addr:city": "York"
        },
        "sitelinks": 1
      }
    },
    {
      "type": "Feature",
      "geometry": {
        "type": "Point",
        "coordinates": [
          -1.08429,
          53.9629
        ]
      },
      "properties": {
        "id": "osm:wikidata:17549565",
        "source": "osm",
        "title": "10 Precentor's Court",
        "address": "10 Precentor's Court, York, YO1 7EJ, York",
        "description": "",
        "categories": [
          "historical",
          "architecture"
        ],
        "primary_category": "historical",
        "interest_score": 88,
        "website": "",
        "wikipedia": "en:10 Precentor's Court",
        "wikidata": "Q17549565",
        "source_url": "https://www.wikidata.org/wiki/Q17549565",
        "fetched_at_utc": "2026-10-07T09:50:34+00:00",
        "query_key": "heritage_sites",
        "tags": {
          "name": "10 Precentor's Court",
          "wikidata": "Q17549565",
          "heritage": "2",
          "historic": "building",
          "listed_status": "grade ii*",
          "wikipedia": "en:10 Precentor's Court",
          "addr:street": "10 Precentor's Court, York, YO1 7EJ",
          "addr:city": "York"
        },
        "sitelinks": 1
      }
    },
    {
      "type": "Feature",
      "geometry": {
        "type": "Point",
        "coordinates": [
          -1.08978,
          53.9569
        ]
      },
      "properties": {
        "id": "osm:wikidata:17549711",
        "source": "osm",
        "title": "102 and 104 Micklegate",
        "address": "York",
        "description": "",
        "categories": [
          "historical",
          "architecture"
        ],
        "primary_category": "historical",
        "interest_score": 88,
        "website": "",
        "wikipedia": "en:102 and 104 Micklegate",
        "wikidata": "Q17549711",
        "source_url": "https://www.wikidata.org/wiki/Q17549711",
        "fetched_at_utc": "2026-10-07T09:50:34+00:00",
        "query_key": "heritage_sites",
        "tags": {
          "name": "102 and 104 Micklegate",
          "wikidata": "Q17549711",
          "heritage": "2",
          "historic": "building",
          "listed_status": "grade ii*",
          "wikipedia": "en:102 and 104 Micklegate",
          "addr:city": "York"
        },
        "sitelinks": 1
      }
    },
    {
      "type": "Feature",
      "geometry": {
        "type": "Point",
        "coordinates": [
          -1.08,
          53.9595
        ]
      },
      "properties": {
        "id": "osm:wikidata:17549445",
        "source": "osm",
        "title": "10–11 The Shambles",
        "address": "York",
        "description": "",
        "categories": [
          "historical",
          "architecture"
        ],
        "primary_category": "historical",
        "interest_score": 88,
        "website": "",
        "wikipedia": "en:10–11 The Shambles",
        "wikidata": "Q17549445",
        "source_url": "https://www.wikidata.org/wiki/Q17549445",
        "fetched_at_utc": "2026-10-07T09:50:34+00:00",
        "query_key": "heritage_sites",
        "tags": {
          "name": "10–11 The Shambles",
          "wikidata": "Q17549445",
          "heritage": "2",
          "historic": "building",
          "listed_status": "grade ii*",
          "wikipedia": "en:10–11 The Shambles",
          "addr:city": "York"
        },
        "sitelinks": 1
      }
    },
    {
      "type": "Feature",
      "geometry": {
        "type": "Point",
        "coordinates": [
          -1.08568,
          53.9603
        ]
      },
      "properties": {
        "id": "osm:wikidata:17549829",
        "source": "osm",
        "title": "10–14 Lendal",
        "address": "York",
        "description": "",
        "categories": [
          "historical",
          "architecture"
        ],
        "primary_category": "historical",
        "interest_score": 88,
        "website": "",
        "wikipedia": "en:10–14 Lendal",
        "wikidata": "Q17549829",
        "source_url": "https://www.wikidata.org/wiki/Q17549829",
        "fetched_at_utc": "2026-10-07T09:50:34+00:00",
        "query_key": "heritage_sites",
        "tags": {
          "name": "10–14 Lendal",
          "wikidata": "Q17549829",
          "heritage": "2",
          "historic": "building",
          "listed_status": "grade ii*",
          "wikipedia": "en:10–14 Lendal",
          "addr:city": "York"
        },
        "sitelinks": 1
      }
    },
    {
      "type": "Feature",
      "geometry": {
        "type": "Point",
        "coordinates": [
          -1.07941,
          53.9584
        ]
      },
      "properties": {
        "id": "osm:wikidata:17549840",
        "source": "osm",
        "title": "11 Lady Peckett's Yard",
        "address": "York",
        "description": "",
        "categories": [
          "historical",
          "architecture"
        ],
        "primary_category": "historical",
        "interest_score": 88,
        "website": "",
        "wikipedia": "en:11 Lady Peckett's Yard",
        "wikidata": "Q17549840",
        "source_url": "https://www.wikidata.org/wiki/Q17549840",
        "fetched_at_utc": "2026-10-07T09:50:34+00:00",
        "query_key": "heritage_sites",
        "tags": {
          "name": "11 Lady Peckett's Yard",
          "wikidata": "Q17549840",
          "heritage": "2",
          "historic": "building",
          "listed_status": "grade ii*",
          "wikipedia": "en:11 Lady Peckett's Yard",
          "addr:city": "York"
        },
        "sitelinks": 1
      }
    },
    {
      "type": "Feature",
      "geometry": {
        "type": "Point",
        "coordinates": [
          -1.082342,
          53.961604
        ]
      },
      "properties": {
        "id": "osm:wikidata:26548639",
        "source": "osm",
        "title": "11 Minster Yard and 3–9 Minster Gates",
        "address": "York",
        "description": "",
        "categories": [
          "historical",
          "architecture"
        ],
        "primary_category": "historical",
        "interest_score": 88,
        "website": "",
        "wikipedia": "en:11 Minster Yard and 3–9 Minster Gates",
        "wikidata": "Q26548639",
        "source_url": "https://www.wikidata.org/wiki/Q26548639",
        "fetched_at_utc": "2026-10-07T09:50:34+00:00",
        "query_key": "heritage_sites",
        "tags": {
          "name": "11 Minster Yard and 3–9 Minster Gates",
          "wikidata": "Q26548639",
          "heritage": "2",
          "historic": "building",
          "listed_status": "grade ii",
          "wikipedia": "en:11 Minster Yard and 3–9 Minster Gates",
          "addr:city": "York"
        },
        "sitelinks": 1
      }
    },
    {
      "type": "Feature",
      "geometry": {
        "type": "Point",
        "coordinates": [
          -1.076205,
          53.960305
        ]
      },
      "properties": {
        "id": "osm:wikidata:26548154",
        "source": "osm",
        "title": "11 St Saviour's Place and 64 Aldwark",
        "address": "York",
        "description": "",
        "categories": [
          "historical",
          "architecture"
        ],
        "primary_category": "historical",
        "interest_score": 88,
        "website": "",
        "wikipedia": "en:11 St Saviour's Place and 64 Aldwark",
        "wikidata": "Q26548154",
        "source_url": "https://www.wikidata.org/wiki/Q26548154",
        "fetched_at_utc": "2026-10-07T09:50:34+00:00",
        "query_key": "heritage_sites",
        "tags": {
          "name": "11 St Saviour's Place and 64 Aldwark",
          "wikidata": "Q26548154",
          "heritage": "2",
          "historic": "building",
          "listed_status": "grade ii",
          "wikipedia": "en:11 St Saviour's Place and 64 Aldwark",
          "addr:city": "York"
        },
        "sitelinks": 1
      }
    },
    {
      "type": "Feature",
      "geometry": {
        "type": "Point",
        "coordinates": [
          -1.090114,
          53.956776
        ]
      },
      "properties": {
        "id": "osm:wikidata:26548675",
        "source": "osm",
        "title": "112 Micklegate",
        "address": "York",
        "description": "",
        "categories": [
          "historical",
          "architecture"
        ],
        "primary_category": "historical",
        "interest_score": 88,
        "website": "",
        "wikipedia": "en:112 Micklegate",
        "wikidata": "Q26548675",
        "source_url": "https://www.wikidata.org/wiki/Q26548675",
        "fetched_at_utc": "2026-10-07T09:50:34+00:00",
        "query_key": "heritage_sites",
        "tags": {
          "name": "112 Micklegate",
          "wikidata": "Q26548675",
          "heritage": "2",
          "historic": "building",
          "listed_status": "grade ii",
          "wikipedia": "en:112 Micklegate",
          "addr:city": "York"
        },
        "sitelinks": 1
      }
    },
    {
      "type": "Feature",
      "geometry": {
        "type": "Point",
        "coordinates": [
          -1.09026,
          53.9566
        ]
      },
      "properties": {
        "id": "osm:wikidata:17549669",
        "source": "osm",
        "title": "118 and 120 Micklegate",
        "address": "York",
        "description": "",
        "categories": [
          "historical",
          "architecture"
        ],
        "primary_category": "historical",
        "interest_score": 88,
        "website": "",
        "wikipedia": "en:118 and 120 Micklegate",
        "wikidata": "Q17549669",
        "source_url": "https://www.wikidata.org/wiki/Q17549669",
        "fetched_at_utc": "2026-10-07T09:50:34+00:00",
        "query_key": "heritage_sites",
        "tags": {
          "name": "118 and 120 Micklegate",
          "wikidata": "Q17549669",
          "heritage": "2",
          "historic": "building",
          "listed_status": "grade ii*",
          "wikipedia": "en:118 and 120 Micklegate",
          "addr:city": "York"
        },
        "sitelinks": 1
      }
    },
    {
      "type": "Feature",
      "geometry": {
        "type": "Point",
        "coordinates": [
          -1.080484,
          53.960181
        ]
      },
      "properties": {
        "id": "osm:wikidata:26550422",
        "source": "osm",
        "title": "12 and 12A Church Street",
        "address": "York",
        "description": "",
        "categories": [
          "historical",
          "architecture"
        ],
        "primary_category": "historical",
        "interest_score": 88,
        "website": "",
        "wikipedia": "en:12 and 12A Church Street",
        "wikidata": "Q26550422",
        "source_url": "https://www.wikidata.org/wiki/Q26550422",
        "fetched_at_utc": "2026-10-07T09:50:34+00:00",
        "query_key": "heritage_sites",
        "tags": {
          "name": "12 and 12A Church Street",
          "wikidata": "Q26550422",
          "heritage": "2",
          "historic": "building",
          "listed_status": "grade ii",
          "wikipedia": "en:12 and 12A Church Street",
          "addr:city": "York"
        },
        "sitelinks": 1
      }
    },
    {
      "type": "Feature",
      "geometry": {
        "type": "Point",
        "coordinates": [
          -1.07998,
          53.9595
        ]
      },
      "properties": {
        "id": "osm:wikidata:17549450",
        "source": "osm",
        "title": "12 The Shambles",
        "address": "York",
        "description": "",
        "categories": [
          "architecture",
          "historical"
        ],
        "primary_category": "historical",
        "interest_score": 88,
        "website": "",
        "wikipedia": "en:12 The Shambles",
        "wikidata": "Q17549450",
        "source_url": "https://www.wikidata.org/wiki/Q17549450",
        "fetched_at_utc": "2026-10-07T09:50:34+00:00",
        "query_key": "heritage_sites",
        "tags": {
          "name": "12 The Shambles",
          "wikidata": "Q17549450",
          "heritage": "2",
          "historic": "building",
          "listed_status": "grade ii*",
          "wikipedia": "en:12 The Shambles",
          "addr:city": "York"
        },
        "sitelinks": 1
      }
    },
    {
      "type": "Feature",
      "geometry": {
        "type": "Point",
        "coordinates": [
          -1.09036,
          53.9566
        ]
      },
      "properties": {
        "id": "osm:wikidata:17549673",
        "source": "osm",
        "title": "122–126 Micklegate",
        "address": "York",
        "description": "",
        "categories": [
          "historical",
          "architecture"
        ],
        "primary_category": "historical",
        "interest_score": 88,
        "website": "",
        "wikipedia": "en:122–126 Micklegate",
        "wikidata": "Q17549673",
        "source_url": "https://www.wikidata.org/wiki/Q17549673",
        "fetched_at_utc": "2026-10-07T09:50:34+00:00",
        "query_key": "heritage_sites",
        "tags": {
          "name": "122–126 Micklegate",
          "wikidata": "Q17549673",
          "heritage": "2",
          "historic": "building",
          "listed_status": "grade ii*",
          "wikipedia": "en:122–126 Micklegate",
          "addr:city": "York"
        },
        "sitelinks": 1
      }
    },
    {
      "type": "Feature",
      "geometry": {
        "type": "Point",
        "coordinates": [
          -1.0836,
          53.9607
        ]
      },
      "properties": {
        "id": "osm:wikidata:17549328",
        "source": "osm",
        "title": "13 Stonegate",
        "address": "York",
        "description": "",
        "categories": [
          "historical",
          "architecture"
        ],
        "primary_category": "historical",
        "interest_score": 88,
        "website": "",
        "wikipedia": "en:13 Stonegate",
        "wikidata": "Q17549328",
        "source_url": "https://www.wikidata.org/wiki/Q17549328",
        "fetched_at_utc": "2026-10-07T09:50:34+00:00",
        "query_key": "heritage_sites",
        "tags": {
          "name": "13 Stonegate",
          "wikidata": "Q17549328",
          "heritage": "2",
          "historic": "building",
          "listed_status": "grade ii*",
          "wikipedia": "en:13 Stonegate",
          "addr:city": "York"
        },
        "sitelinks": 1
      }
    },
    {
      "type": "Feature",
      "geometry": {
        "type": "Point",
        "coordinates": [
          -1.07995,
          53.9594
        ]
      },
      "properties": {
        "id": "osm:wikidata:17549455",
        "source": "osm",
        "title": "13 The Shambles",
        "address": "York",
        "description": "",
        "categories": [
          "historical",
          "architecture"
        ],
        "primary_category": "historical",
        "interest_score": 88,
        "website": "",
        "wikipedia": "en:13 The Shambles",
        "wikidata": "Q17549455",
        "source_url": "https://www.wikidata.org/wiki/Q17549455",
        "fetched_at_utc": "2026-10-07T09:50:34+00:00",
        "query_key": "heritage_sites",
        "tags": {
          "name": "13 The Shambles",
          "wikidata": "Q17549455",
          "heritage": "2",
          "historic": "building",
          "listed_status": "grade ii*",
          "wikipedia": "en:13 The Shambles",
          "addr:city": "York"
        },
        "sitelinks": 1
      }
    },
    {
      "type": "Feature",
      "geometry": {
        "type": "Point",
        "coordinates": [
          -1.07998,
          53.9594
        ]
      },
      "properties": {
        "id": "osm:wikidata:17549459",
        "source": "osm",
        "title": "14 The Shambles",
        "address": "York",
        "description": "",
        "categories": [
          "historical",
          "architecture"
        ],
        "primary_category": "historical",
        "interest_score": 88,
        "website": "",
        "wikipedia": "en:14 The Shambles",
        "wikidata": "Q17549459",
        "source_url": "https://www.wikidata.org/wiki/Q17549459",
        "fetched_at_utc": "2026-10-07T09:50:34+00:00",
        "query_key": "heritage_sites",
        "tags": {
          "name": "14 The Shambles",
          "wikidata": "Q17549459",
          "heritage": "2",
          "historic": "building",
          "listed_status": "grade ii*",
          "wikipedia": "en:14 The Shambles",
          "addr:city": "York"
        },
        "sitelinks": 1
      }
    },
    {
      "type": "Feature",
      "geometry": {
        "type": "Point",
        "coordinates": [
          -1.09069,
          53.9563
        ]
      },
      "properties": {
        "id": "osm:wikidata:17549675",
        "source": "osm",
        "title": "144–148 Micklegate",
        "address": "York",
        "description": "",
        "categories": [
          "historical",
          "architecture"
        ],
        "primary_category": "historical",
        "interest_score": 88,
        "website": "",
        "wikipedia": "en:144–148 Micklegate",
        "wikidata": "Q17549675",
        "source_url": "https://www.wikidata.org/wiki/Q17549675",
        "fetched_at_utc": "2026-10-07T09:50:34+00:00",
        "query_key": "heritage_sites",
        "tags": {
          "name": "144–148 Micklegate",
          "wikidata": "Q17549675",
          "heritage": "2",
          "historic": "building",
          "listed_status": "grade ii*",
          "wikipedia": "en:144–148 Micklegate",
          "addr:city": "York"
        },
        "sitelinks": 1
      }
    },
    {
      "type": "Feature",
      "geometry": {
        "type": "Point",
        "coordinates": [
          -1.07869,
          53.958567
        ]
      },
      "properties": {
        "id": "osm:wikidata:26549136",
        "source": "osm",
        "title": "15 and 16 Fossgate",
        "address": "York",
        "description": "",
        "categories": [
          "historical",
          "architecture"
        ],
        "primary_category": "historical",
        "interest_score": 88,
        "website": "",
        "wikipedia": "en:15 and 16 Fossgate",
        "wikidata": "Q26549136",
        "source_url": "https://www.wikidata.org/wiki/Q26549136",
        "fetched_at_utc": "2026-10-07T09:50:34+00:00",
        "query_key": "heritage_sites",
        "tags": {
          "name": "15 and 16 Fossgate",
          "wikidata": "Q26549136",
          "heritage": "2",
          "historic": "building",
          "listed_status": "grade ii",
          "wikipedia": "en:15 and 16 Fossgate",
          "addr:city": "York"
        },
        "sitelinks": 1
      }
    },
    {
      "type": "Feature",
      "geometry": {
        "type": "Point",
        "coordinates": [
          -1.08343,
          53.9608
        ]
      },
      "properties": {
        "id": "osm:wikidata:17549332",
        "source": "osm",
        "title": "15 Stonegate",
        "address": "York",
        "description": "",
        "categories": [
          "historical",
          "architecture"
        ],
        "primary_category": "historical",
        "interest_score": 88,
        "website": "",
        "wikipedia": "en:15 Stonegate",
        "wikidata": "Q17549332",
        "source_url": "https://www.wikidata.org/wiki/Q17549332",
        "fetched_at_utc": "2026-10-07T09:50:34+00:00",
        "query_key": "heritage_sites",
        "tags": {
          "name": "15 Stonegate",
          "wikidata": "Q17549332",
          "heritage": "2",
          "historic": "building",
          "listed_status": "grade ii*",
          "wikipedia": "en:15 Stonegate",
          "addr:city": "York"
        },
        "sitelinks": 1
      }
    },
    {
      "type": "Feature",
      "geometry": {
        "type": "Point",
        "coordinates": [
          -1.08394,
          53.9592
        ]
      },
      "properties": {
        "id": "osm:wikidata:17549999",
        "source": "osm",
        "title": "16–22 Coney Street",
        "address": "York",
        "description": "",
        "categories": [
          "historical",
          "architecture"
        ],
        "primary_category": "historical",
        "interest_score": 88,
        "website": "",
        "wikipedia": "en:16–22 Coney Street",
        "wikidata": "Q17549999",
        "source_url": "https://www.wikidata.org/wiki/Q17549999",
        "fetched_at_utc": "2026-10-07T09:50:34+00:00",
        "query_key": "heritage_sites",
        "tags": {
          "name": "16–22 Coney Street",
          "wikidata": "Q17549999",
          "heritage": "2",
          "historic": "building",
          "listed_status": "grade ii*",
          "wikipedia": "en:16–22 Coney Street",
          "addr:city": "York"
        },
        "sitelinks": 1
      }
    },
    {
      "type": "Feature",
      "geometry": {
        "type": "Point",
        "coordinates": [
          -1.07736,
          53.96
        ]
      },
      "properties": {
        "id": "osm:wikidata:17549475",
        "source": "osm",
        "title": "16–22 St Saviourgate",
        "address": "York",
        "description": "",
        "categories": [
          "historical",
          "architecture"
        ],
        "primary_category": "historical",
        "interest_score": 88,
        "website": "",
        "wikipedia": "en:16–22 St Saviourgate",
        "wikidata": "Q17549475",
        "source_url": "https://www.wikidata.org/wiki/Q17549475",
        "fetched_at_utc": "2026-10-07T09:50:34+00:00",
        "query_key": "heritage_sites",
        "tags": {
          "name": "16–22 St Saviourgate",
          "wikidata": "Q17549475",
          "heritage": "2",
          "historic": "building",
          "listed_status": "grade ii*",
          "wikipedia": "en:16–22 St Saviourgate",
          "addr:city": "York"
        },
        "sitelinks": 1
      }
    },
    {
      "type": "Feature",
      "geometry": {
        "type": "Point",
        "coordinates": [
          -1.07927,
          53.9595
        ]
      },
      "properties": {
        "id": "osm:wikidata:17550009",
        "source": "osm",
        "title": "18 and 19 Colliergate",
        "address": "York",
        "description": "",
        "categories": [
          "historical",
          "architecture"
        ],
        "primary_category": "historical",
        "interest_score": 88,
        "website": "",
        "wikipedia": "en:18 and 19 Colliergate",
        "wikidata": "Q17550009",
        "source_url": "https://www.wikidata.org/wiki/Q17550009",
        "fetched_at_utc": "2026-10-07T09:50:34+00:00",
        "query_key": "heritage_sites",
        "tags": {
          "name": "18 and 19 Colliergate",
          "wikidata": "Q17550009",
          "heritage": "2",
          "historic": "building",
          "listed_status": "grade ii*",
          "wikipedia": "en:18 and 19 Colliergate",
          "addr:city": "York"
        },
        "sitelinks": 1
      }
    },
    {
      "type": "Feature",
      "geometry": {
        "type": "Point",
        "coordinates": [
          -1.07951,
          53.958708
        ]
      },
      "properties": {
        "id": "osm:wikidata:26548338",
        "source": "osm",
        "title": "18–22 Pavement",
        "address": "York",
        "description": "",
        "categories": [
          "historical",
          "architecture"
        ],
        "primary_category": "historical",
        "interest_score": 88,
        "website": "",
        "wikipedia": "en:18–22 Pavement",
        "wikidata": "Q26548338",
        "source_url": "https://www.wikidata.org/wiki/Q26548338",
        "fetched_at_utc": "2026-10-07T09:50:34+00:00",
        "query_key": "heritage_sites",
        "tags": {
          "name": "18–22 Pavement",
          "wikidata": "Q26548338",
          "heritage": "2",
          "historic": "building",
          "listed_status": "grade ii",
          "wikipedia": "en:18–22 Pavement",
          "addr:city": "York"
        },
        "sitelinks": 1
      }
    },
    {
      "type": "Feature",
      "geometry": {
        "type": "Point",
        "coordinates": [
          -1.085961,
          53.95714
        ]
      },
      "properties": {
        "id": "osm:wikidata:26548722",
        "source": "osm",
        "title": "19 and 21 Micklegate",
        "address": "York",
        "description": "",
        "categories": [
          "historical",
          "architecture"
        ],
        "primary_category": "historical",
        "interest_score": 88,
        "website": "",
        "wikipedia": "en:19 and 21 Micklegate",
        "wikidata": "Q26548722",
        "source_url": "https://www.wikidata.org/wiki/Q26548722",
        "fetched_at_utc": "2026-10-07T09:50:34+00:00",
        "query_key": "heritage_sites",
        "tags": {
          "name": "19 and 21 Micklegate",
          "wikidata": "Q26548722",
          "heritage": "2",
          "historic": "building",
          "listed_status": "grade ii",
          "wikipedia": "en:19 and 21 Micklegate",
          "addr:city": "York"
        },
        "sitelinks": 1
      }
    },
    {
      "type": "Feature",
      "geometry": {
        "type": "Point",
        "coordinates": [
          -1.07979,
          53.959178
        ]
      },
      "properties": {
        "id": "osm:wikidata:26548144",
        "source": "osm",
        "title": "19 The Shambles",
        "address": "York",
        "description": "",
        "categories": [
          "historical",
          "architecture"
        ],
        "primary_category": "historical",
        "interest_score": 88,
        "website": "",
        "wikipedia": "en:19 The Shambles",
        "wikidata": "Q26548144",
        "source_url": "https://www.wikidata.org/wiki/Q26548144",
        "fetched_at_utc": "2026-10-07T09:50:34+00:00",
        "query_key": "heritage_sites",
        "tags": {
          "name": "19 The Shambles",
          "wikidata": "Q26548144",
          "heritage": "2",
          "historic": "building",
          "listed_status": "grade ii",
          "wikipedia": "en:19 The Shambles",
          "addr:city": "York"
        },
        "sitelinks": 1
      }
    },
    {
      "type": "Feature",
      "geometry": {
        "type": "Point",
        "coordinates": [
          -1.077091,
          53.957144
        ]
      },
      "properties": {
        "id": "osm:wikidata:26547891",
        "source": "osm",
        "title": "19–23 Walmgate",
        "address": "York",
        "description": "",
        "categories": [
          "historical",
          "architecture"
        ],
        "primary_category": "historical",
        "interest_score": 88,
        "website": "",
        "wikipedia": "en:19–23 Walmgate",
        "wikidata": "Q26547891",
        "source_url": "https://www.wikidata.org/wiki/Q26547891",
        "fetched_at_utc": "2026-10-07T09:50:34+00:00",
        "query_key": "heritage_sites",
        "tags": {
          "name": "19–23 Walmgate",
          "wikidata": "Q26547891",
          "heritage": "2",
          "historic": "building",
          "listed_status": "grade ii",
          "wikipedia": "en:19–23 Walmgate",
          "addr:city": "York"
        },
        "sitelinks": 1
      }
    },
    {
      "type": "Feature",
      "geometry": {
        "type": "Point",
        "coordinates": [
          -1.08459,
          53.96109
        ]
      },
      "properties": {
        "id": "osm:wikidata:26550622",
        "source": "osm",
        "title": "1–5 Blake Street",
        "address": "York",
        "description": "",
        "categories": [
          "historical",
          "architecture"
        ],
        "primary_category": "historical",
        "interest_score": 88,
        "website": "",
        "wikipedia": "en:1–5 Blake Street",
        "wikidata": "Q26550622",
        "source_url": "https://www.wikidata.org/wiki/Q26550622",
        "fetched_at_utc": "2026-10-07T09:50:34+00:00",
        "query_key": "heritage_sites",
        "tags": {
          "name": "1–5 Blake Street",
          "wikidata": "Q26550622",
          "heritage": "2",
          "historic": "building",
          "listed_status": "grade ii",
          "wikipedia": "en:1–5 Blake Street",
          "addr:city": "York"
        },
        "sitelinks": 1
      }
    },
    {
      "type": "Feature",
      "geometry": {
        "type": "Point",
        "coordinates": [
          -1.08581,
          53.9621
        ]
      },
      "properties": {
        "id": "osm:wikidata:17549521",
        "source": "osm",
        "title": "1–9 St Leonard's Place",
        "address": "York",
        "description": "",
        "categories": [
          "historical",
          "architecture"
        ],
        "primary_category": "historical",
        "interest_score": 88,
        "website": "",
        "wikipedia": "en:1–9 St Leonard's Place",
        "wikidata": "Q17549521",
        "source_url": "https://www.wikidata.org/wiki/Q17549521",
        "fetched_at_utc": "2026-10-07T09:50:34+00:00",
        "query_key": "heritage_sites",
        "tags": {
          "name": "1–9 St Leonard's Place",
          "wikidata": "Q17549521",
          "heritage": "2",
          "historic": "building",
          "listed_status": "grade ii*",
          "wikipedia": "en:1–9 St Leonard's Place",
          "addr:city": "York"
        },
        "sitelinks": 1
      }
    },
    {
      "type": "Feature",
      "geometry": {
        "type": "Point",
        "coordinates": [
          -1.08047,
          53.9624
        ]
      },
      "properties": {
        "id": "osm:wikidata:17550019",
        "source": "osm",
        "title": "2 College Street",
        "address": "York",
        "description": "",
        "categories": [
          "historical",
          "architecture"
        ],
        "primary_category": "historical",
        "interest_score": 88,
        "website": "",
        "wikipedia": "en:2 College Street",
        "wikidata": "Q17550019",
        "source_url": "https://www.wikidata.org/wiki/Q17550019",
        "fetched_at_utc": "2026-10-07T09:50:34+00:00",
        "query_key": "heritage_sites",
        "tags": {
          "name": "2 College Street",
          "wikidata": "Q17550019",
          "heritage": "2",
          "historic": "building",
          "listed_status": "grade ii*",
          "wikipedia": "en:2 College Street",
          "addr:city": "York"
        },
        "sitelinks": 1
      }
    },
    {
      "type": "Feature",
      "geometry": {
        "type": "Point",
        "coordinates": [
          -1.08077,
          53.9594
        ]
      },
      "properties": {
        "id": "osm:wikidata:17549851",
        "source": "osm",
        "title": "2 Jubbergate",
        "address": "York",
        "description": "",
        "categories": [
          "historical",
          "architecture"
        ],
        "primary_category": "historical",
        "interest_score": 88,
        "website": "",
        "wikipedia": "en:2 Jubbergate",
        "wikidata": "Q17549851",
        "source_url": "https://www.wikidata.org/wiki/Q17549851",
        "fetched_at_utc": "2026-10-07T09:50:34+00:00",
        "query_key": "heritage_sites",
        "tags": {
          "name": "2 Jubbergate",
          "wikidata": "Q17549851",
          "heritage": "2",
          "historic": "building",
          "listed_status": "grade ii*",
          "wikipedia": "en:2 Jubbergate",
          "addr:city": "York"
        },
        "sitelinks": 1
      }
    },
    {
      "type": "Feature",
      "geometry": {
        "type": "Point",
        "coordinates": [
          -1.08394,
          53.9624
        ]
      },
      "properties": {
        "id": "osm:wikidata:17549590",
        "source": "osm",
        "title": "2, 3, 4 and 4A Precentor's Court",
        "address": "York",
        "description": "",
        "categories": [
          "historical",
          "architecture"
        ],
        "primary_category": "historical",
        "interest_score": 88,
        "website": "",
        "wikipedia": "en:2, 3, 4 and 4A Precentor's Court",
        "wikidata": "Q17549590",
        "source_url": "https://www.wikidata.org/wiki/Q17549590",
        "fetched_at_utc": "2026-10-07T09:50:34+00:00",
        "query_key": "heritage_sites",
        "tags": {
          "name": "2, 3, 4 and 4A Precentor's Court",
          "wikidata": "Q17549590",
          "heritage": "2",
          "historic": "building",
          "listed_status": "grade ii*",
          "wikipedia": "en:2, 3, 4 and 4A Precentor's Court",
          "addr:city": "York"
        },
        "sitelinks": 1
      }
    },
    {
      "type": "Feature",
      "geometry": {
        "type": "Point",
        "coordinates": [
          -1.07891,
          53.9605
        ]
      },
      "properties": {
        "id": "osm:wikidata:17549536",
        "source": "osm",
        "title": "20 St Andrewgate",
        "address": "York",
        "description": "",
        "categories": [
          "historical",
          "architecture"
        ],
        "primary_category": "historical",
        "interest_score": 88,
        "website": "",
        "wikipedia": "en:20 St Andrewgate",
        "wikidata": "Q17549536",
        "source_url": "https://www.wikidata.org/wiki/Q17549536",
        "fetched_at_utc": "2026-10-07T09:50:34+00:00",
        "query_key": "heritage_sites",
        "tags": {
          "name": "20 St Andrewgate",
          "wikidata": "Q17549536",
          "heritage": "2",
          "historic": "building",
          "listed_status": "grade ii*",
          "wikipedia": "en:20 St Andrewgate",
          "addr:city": "York"
        },
        "sitelinks": 1
      }
    },
    {
      "type": "Feature",
      "geometry": {
        "type": "Point",
        "coordinates": [
          -1.079775,
          53.959142
        ]
      },
      "properties": {
        "id": "osm:wikidata:26548145",
        "source": "osm",
        "title": "20 The Shambles",
        "address": "York",
        "description": "",
        "categories": [
          "historical",
          "architecture"
        ],
        "primary_category": "historical",
        "interest_score": 88,
        "website": "",
        "wikipedia": "en:20 The Shambles",
        "wikidata": "Q26548145",
        "source_url": "https://www.wikidata.org/wiki/Q26548145",
        "fetched_at_utc": "2026-10-07T09:50:34+00:00",
        "query_key": "heritage_sites",
        "tags": {
          "name": "20 The Shambles",
          "wikidata": "Q26548145",
          "heritage": "2",
          "historic": "building",
          "listed_status": "grade ii",
          "wikipedia": "en:20 The Shambles",
          "addr:city": "York"
        },
        "sitelinks": 1
      }
    },
    {
      "type": "Feature",
      "geometry": {
        "type": "Point",
        "coordinates": [
          -1.085735,
          53.963268
        ]
      },
      "properties": {
        "id": "osm:wikidata:26550585",
        "source": "osm",
        "title": "21 and 23 Bootham",
        "address": "York",
        "description": "",
        "categories": [
          "historical",
          "architecture"
        ],
        "primary_category": "historical",
        "interest_score": 88,
        "website": "",
        "wikipedia": "en:21 and 23 Bootham",
        "wikidata": "Q26550585",
        "source_url": "https://www.wikidata.org/wiki/Q26550585",
        "fetched_at_utc": "2026-10-07T09:50:34+00:00",
        "query_key": "heritage_sites",
        "tags": {
          "name": "21 and 23 Bootham",
          "wikidata": "Q26550585",
          "heritage": "2",
          "historic": "building",
          "listed_status": "grade ii",
          "wikipedia": "en:21 and 23 Bootham",
          "addr:city": "York"
        },
        "sitelinks": 1
      }
    },
    {
      "type": "Feature",
      "geometry": {
        "type": "Point",
        "coordinates": [
          -1.08309,
          53.9609
        ]
      },
      "properties": {
        "id": "osm:wikidata:17549345",
        "source": "osm",
        "title": "21 and 25 Stonegate",
        "address": "York",
        "description": "",
        "categories": [
          "historical",
          "architecture"
        ],
        "primary_category": "historical",
        "interest_score": 88,
        "website": "",
        "wikipedia": "en:21 and 25 Stonegate",
        "wikidata": "Q17549345",
        "source_url": "https://www.wikidata.org/wiki/Q17549345",
        "fetched_at_utc": "2026-10-07T09:50:34+00:00",
        "query_key": "heritage_sites",
        "tags": {
          "name": "21 and 25 Stonegate",
          "wikidata": "Q17549345",
          "heritage": "2",
          "historic": "building",
          "listed_status": "grade ii*",
          "wikipedia": "en:21 and 25 Stonegate",
          "addr:city": "York"
        },
        "sitelinks": 1
      }
    },
    {
      "type": "Feature",
      "geometry": {
        "type": "Point",
        "coordinates": [
          -1.07937,
          53.959561
        ]
      },
      "properties": {
        "id": "osm:wikidata:26549304",
        "source": "osm",
        "title": "21 Colliergate",
        "address": "York",
        "description": "",
        "categories": [
          "historical",
          "architecture"
        ],
        "primary_category": "historical",
        "interest_score": 88,
        "website": "",
        "wikipedia": "en:21 Colliergate",
        "wikidata": "Q26549304",
        "source_url": "https://www.wikidata.org/wiki/Q26549304",
        "fetched_at_utc": "2026-10-07T09:50:34+00:00",
        "query_key": "heritage_sites",
        "tags": {
          "name": "21 Colliergate",
          "wikidata": "Q26549304",
          "heritage": "2",
          "historic": "building",
          "listed_status": "grade ii",
          "wikipedia": "en:21 Colliergate",
          "addr:city": "York"
        },
        "sitelinks": 1
      }
    },
    {
      "type": "Feature",
      "geometry": {
        "type": "Point",
        "coordinates": [
          -1.079761,
          53.959106
        ]
      },
      "properties": {
        "id": "osm:wikidata:26548146",
        "source": "osm",
        "title": "21 The Shambles",
        "address": "York",
        "description": "",
        "categories": [
          "historical",
          "architecture"
        ],
        "primary_category": "historical",
        "interest_score": 88,
        "website": "",
        "wikipedia": "en:21 The Shambles",
        "wikidata": "Q26548146",
        "source_url": "https://www.wikidata.org/wiki/Q26548146",
        "fetched_at_utc": "2026-10-07T09:50:34+00:00",
        "query_key": "heritage_sites",
        "tags": {
          "name": "21 The Shambles",
          "wikidata": "Q26548146",
          "heritage": "2",
          "historic": "building",
          "listed_status": "grade ii",
          "wikipedia": "en:21 The Shambles",
          "addr:city": "York"
        },
        "sitelinks": 1
      }
    },
    {
      "type": "Feature",
      "geometry": {
        "type": "Point",
        "coordinates": [
          -1.079761,
          53.959079
        ]
      },
      "properties": {
        "id": "osm:wikidata:26548147",
        "source": "osm",
        "title": "22–23 The Shambles",
        "address": "York",
        "description": "",
        "categories": [
          "historical",
          "architecture"
        ],
        "primary_category": "historical",
        "interest_score": 88,
        "website": "",
        "wikipedia": "en:22–23 The Shambles",
        "wikidata": "Q26548147",
        "source_url": "https://www.wikidata.org/wiki/Q26548147",
        "fetched_at_utc": "2026-10-07T09:50:34+00:00",
        "query_key": "heritage_sites",
        "tags": {
          "name": "22–23 The Shambles",
          "wikidata": "Q26548147",
          "heritage": "2",
          "historic": "building",
          "listed_status": "grade ii",
          "wikipedia": "en:22–23 The Shambles",
          "addr:city": "York"
        },
        "sitelinks": 1
      }
    },
    {
      "type": "Feature",
      "geometry": {
        "type": "Point",
        "coordinates": [
          -1.086235,
          53.957169
        ]
      },
      "properties": {
        "id": "osm:wikidata:26548725",
        "source": "osm",
        "title": "23 and 25 Micklegate",
        "address": "York",
        "description": "",
        "categories": [
          "historical",
          "architecture"
        ],
        "primary_category": "historical",
        "interest_score": 88,
        "website": "",
        "wikipedia": "en:23 and 25 Micklegate",
        "wikidata": "Q26548725",
        "source_url": "https://www.wikidata.org/wiki/Q26548725",
        "fetched_at_utc": "2026-10-07T09:50:34+00:00",
        "query_key": "heritage_sites",
        "tags": {
          "name": "23 and 25 Micklegate",
          "wikidata": "Q26548725",
          "heritage": "2",
          "historic": "building",
          "listed_status": "grade ii",
          "wikipedia": "en:23 and 25 Micklegate",
          "addr:city": "York"
        },
        "sitelinks": 1
      }
    },
    {
      "type": "Feature",
      "geometry": {
        "type": "Point",
        "coordinates": [
          -1.08327,
          53.9617
        ]
      },
      "properties": {
        "id": "osm:wikidata:107980202",
        "source": "osm",
        "title": "23 High Petergate",
        "address": "York",
        "description": "",
        "categories": [
          "historical",
          "architecture"
        ],
        "primary_category": "historical",
        "interest_score": 88,
        "website": "",
        "wikipedia": "en:23 High Petergate",
        "wikidata": "Q107980202",
        "source_url": "https://www.wikidata.org/wiki/Q107980202",
        "fetched_at_utc": "2026-10-07T09:50:34+00:00",
        "query_key": "heritage_sites",
        "tags": {
          "name": "23 High Petergate",
          "wikidata": "Q107980202",
          "heritage": "2",
          "historic": "building",
          "listed_status": "grade i",
          "wikipedia": "en:23 High Petergate",
          "addr:city": "York"
        },
        "sitelinks": 1
      }
    },
    {
      "type": "Feature",
      "geometry": {
        "type": "Point",
        "coordinates": [
          -1.0773,
          53.96
        ]
      },
      "properties": {
        "id": "osm:wikidata:17549481",
        "source": "osm",
        "title": "24 St Saviourgate",
        "address": "York",
        "description": "",
        "categories": [
          "historical",
          "architecture"
        ],
        "primary_category": "historical",
        "interest_score": 88,
        "website": "",
        "wikipedia": "en:24 St Saviourgate",
        "wikidata": "Q17549481",
        "source_url": "https://www.wikidata.org/wiki/Q17549481",
        "fetched_at_utc": "2026-10-07T09:50:34+00:00",
        "query_key": "heritage_sites",
        "tags": {
          "name": "24 St Saviourgate",
          "wikidata": "Q17549481",
          "heritage": "2",
          "historic": "building",
          "listed_status": "grade ii*",
          "wikipedia": "en:24 St Saviourgate",
          "addr:city": "York"
        },
        "sitelinks": 1
      }
    },
    {
      "type": "Feature",
      "geometry": {
        "type": "Point",
        "coordinates": [
          -1.079286,
          53.961951
        ]
      },
      "properties": {
        "id": "osm:wikidata:26549060",
        "source": "osm",
        "title": "25 Goodramgate",
        "address": "York",
        "description": "",
        "categories": [
          "historical",
          "architecture"
        ],
        "primary_category": "historical",
        "interest_score": 88,
        "website": "",
        "wikipedia": "en:25 Goodramgate",
        "wikidata": "Q26549060",
        "source_url": "https://www.wikidata.org/wiki/Q26549060",
        "fetched_at_utc": "2026-10-07T09:50:34+00:00",
        "query_key": "heritage_sites",
        "tags": {
          "name": "25 Goodramgate",
          "wikidata": "Q26549060",
          "heritage": "2",
          "historic": "building",
          "listed_status": "grade ii",
          "wikipedia": "en:25 Goodramgate",
          "addr:city": "York"
        },
        "sitelinks": 1
      }
    },
    {
      "type": "Feature",
      "geometry": {
        "type": "Point",
        "coordinates": [
          -1.1056,
          53.9408
        ]
      },
      "properties": {
        "id": "osm:wikidata:17549324",
        "source": "osm",
        "title": "25 Tadcaster Road",
        "address": "York",
        "description": "",
        "categories": [
          "historical",
          "architecture"
        ],
        "primary_category": "historical",
        "interest_score": 88,
        "website": "",
        "wikipedia": "en:25 Tadcaster Road",
        "wikidata": "Q17549324",
        "source_url": "https://www.wikidata.org/wiki/Q17549324",
        "fetched_at_utc": "2026-10-07T09:50:34+00:00",
        "query_key": "heritage_sites",
        "tags": {
          "name": "25 Tadcaster Road",
          "wikidata": "Q17549324",
          "heritage": "2",
          "historic": "building",
          "listed_status": "grade ii*",
          "wikipedia": "en:25 Tadcaster Road",
          "addr:city": "York"
        },
        "sitelinks": 1
      }
    },
    {
      "type": "Feature",
      "geometry": {
        "type": "Point",
        "coordinates": [
          -1.0831,
          53.96166
        ]
      },
      "properties": {
        "id": "osm:wikidata:17549871",
        "source": "osm",
        "title": "25–29 High Petergate",
        "address": "York",
        "description": "",
        "categories": [
          "historical",
          "architecture"
        ],
        "primary_category": "historical",
        "interest_score": 88,
        "website": "",
        "wikipedia": "en:25–29 High Petergate",
        "wikidata": "Q17549871",
        "source_url": "https://www.wikidata.org/wiki/Q17549871",
        "fetched_at_utc": "2026-10-07T09:50:34+00:00",
        "query_key": "heritage_sites",
        "tags": {
          "name": "25–29 High Petergate",
          "wikidata": "Q17549871",
          "heritage": "2",
          "historic": "building",
          "listed_status": "grade ii*",
          "wikipedia": "en:25–29 High Petergate",
          "addr:city": "York"
        },
        "sitelinks": 1
      }
    },
    {
      "type": "Feature",
      "geometry": {
        "type": "Point",
        "coordinates": [
          -1.08446,
          53.9636
        ]
      },
      "properties": {
        "id": "osm:wikidata:17549902",
        "source": "osm",
        "title": "26 and 28 Gillygate",
        "address": "York",
        "description": "",
        "categories": [
          "historical",
          "architecture"
        ],
        "primary_category": "historical",
        "interest_score": 88,
        "website": "",
        "wikipedia": "en:26 and 28 Gillygate",
        "wikidata": "Q17549902",
        "source_url": "https://www.wikidata.org/wiki/Q17549902",
        "fetched_at_utc": "2026-10-07T09:50:34+00:00",
        "query_key": "heritage_sites",
        "tags": {
          "name": "26 and 28 Gillygate",
          "wikidata": "Q17549902",
          "heritage": "2",
          "historic": "building",
          "listed_status": "grade ii*",
          "wikipedia": "en:26 and 28 Gillygate",
          "addr:city": "York"
        },
        "sitelinks": 1
      }
    },
    {
      "type": "Feature",
      "geometry": {
        "type": "Point",
        "coordinates": [
          -1.08033,
          53.958
        ]
      },
      "properties": {
        "id": "osm:wikidata:17549950",
        "source": "osm",
        "title": "26 Coppergate",
        "address": "York",
        "description": "",
        "categories": [
          "historical",
          "architecture"
        ],
        "primary_category": "historical",
        "interest_score": 88,
        "website": "",
        "wikipedia": "en:26 Coppergate",
        "wikidata": "Q17549950",
        "source_url": "https://www.wikidata.org/wiki/Q17549950",
        "fetched_at_utc": "2026-10-07T09:50:34+00:00",
        "query_key": "heritage_sites",
        "tags": {
          "name": "26 Coppergate",
          "wikidata": "Q17549950",
          "heritage": "2",
          "historic": "building",
          "listed_status": "grade ii*",
          "wikipedia": "en:26 Coppergate",
          "addr:city": "York"
        },
        "sitelinks": 1
      }
    },
    {
      "type": "Feature",
      "geometry": {
        "type": "Point",
        "coordinates": [
          -1.07718,
          53.9601
        ]
      },
      "properties": {
        "id": "osm:wikidata:17549486",
        "source": "osm",
        "title": "26 St Saviourgate",
        "address": "York",
        "description": "",
        "categories": [
          "historical",
          "architecture"
        ],
        "primary_category": "historical",
        "interest_score": 88,
        "website": "",
        "wikipedia": "en:26 St Saviourgate",
        "wikidata": "Q17549486",
        "source_url": "https://www.wikidata.org/wiki/Q17549486",
        "fetched_at_utc": "2026-10-07T09:50:34+00:00",
        "query_key": "heritage_sites",
        "tags": {
          "name": "26 St Saviourgate",
          "wikidata": "Q17549486",
          "historic": "building",
          "heritage": "2",
          "listed_status": "grade ii*",
          "wikipedia": "en:26 St Saviourgate",
          "addr:city": "York"
        },
        "sitelinks": 1
      }
    },
    {
      "type": "Feature",
      "geometry": {
        "type": "Point",
        "coordinates": [
          -1.079932,
          53.958945
        ]
      },
      "properties": {
        "id": "osm:wikidata:26548148",
        "source": "osm",
        "title": "27–28 The Shambles",
        "address": "York",
        "description": "",
        "categories": [
          "historical",
          "architecture"
        ],
        "primary_category": "historical",
        "interest_score": 88,
        "website": "",
        "wikipedia": "en:27–28 The Shambles",
        "wikidata": "Q26548148",
        "source_url": "https://www.wikidata.org/wiki/Q26548148",
        "fetched_at_utc": "2026-10-07T09:50:34+00:00",
        "query_key": "heritage_sites",
        "tags": {
          "name": "27–28 The Shambles",
          "wikidata": "Q26548148",
          "heritage": "2",
          "historic": "building",
          "listed_status": "grade ii",
          "wikipedia": "en:27–28 The Shambles",
          "addr:city": "York"
        },
        "sitelinks": 1
      }
    },
    {
      "type": "Feature",
      "geometry": {
        "type": "Point",
        "coordinates": [
          -1.08027,
          53.9581
        ]
      },
      "properties": {
        "id": "osm:wikidata:17549955",
        "source": "osm",
        "title": "28–32 Coppergate",
        "address": "York",
        "description": "",
        "categories": [
          "historical",
          "architecture"
        ],
        "primary_category": "historical",
        "interest_score": 88,
        "website": "",
        "wikipedia": "en:28–32 Coppergate",
        "wikidata": "Q17549955",
        "source_url": "https://www.wikidata.org/wiki/Q17549955",
        "fetched_at_utc": "2026-10-07T09:50:34+00:00",
        "query_key": "heritage_sites",
        "tags": {
          "name": "28–32 Coppergate",
          "wikidata": "Q17549955",
          "heritage": "2",
          "historic": "building",
          "listed_status": "grade ii*",
          "wikipedia": "en:28–32 Coppergate",
          "addr:city": "York"
        },
        "sitelinks": 1
      }
    },
    {
      "type": "Feature",
      "geometry": {
        "type": "Point",
        "coordinates": [
          -1.0889,
          53.9626
        ]
      },
      "properties": {
        "id": "osm:wikidata:17549767",
        "source": "osm",
        "title": "29 Marygate",
        "address": "29 Marygate, York, YO30 7DR, York",
        "description": "",
        "categories": [
          "historical",
          "architecture"
        ],
        "primary_category": "historical",
        "interest_score": 88,
        "website": "",
        "wikipedia": "en:29 Marygate",
        "wikidata": "Q17549767",
        "source_url": "https://www.wikidata.org/wiki/Q17549767",
        "fetched_at_utc": "2026-10-07T09:50:34+00:00",
        "query_key": "heritage_sites",
        "tags": {
          "name": "29 Marygate",
          "wikidata": "Q17549767",
          "heritage": "2",
          "historic": "building",
          "listed_status": "grade ii*",
          "wikipedia": "en:29 Marygate",
          "addr:street": "29 Marygate, York, YO30 7DR",
          "addr:city": "York"
        },
        "sitelinks": 1
      }
    },
    {
      "type": "Feature",
      "geometry": {
        "type": "Point",
        "coordinates": [
          -1.084873,
          53.962752
        ]
      },
      "properties": {
        "id": "osm:wikidata:26548950",
        "source": "osm",
        "title": "2–2A High Petergate",
        "address": "York",
        "description": "",
        "categories": [
          "historical",
          "architecture"
        ],
        "primary_category": "historical",
        "interest_score": 88,
        "website": "",
        "wikipedia": "en:2–2A High Petergate",
        "wikidata": "Q26548950",
        "source_url": "https://www.wikidata.org/wiki/Q26548950",
        "fetched_at_utc": "2026-10-07T09:50:34+00:00",
        "query_key": "heritage_sites",
        "tags": {
          "name": "2–2A High Petergate",
          "wikidata": "Q26548950",
          "heritage": "2",
          "historic": "building",
          "listed_status": "grade ii",
          "wikipedia": "en:2–2A High Petergate",
          "addr:city": "York"
        },
        "sitelinks": 1
      }
    },
    {
      "type": "Feature",
      "geometry": {
        "type": "Point",
        "coordinates": [
          -1.08534,
          53.963211
        ]
      },
      "properties": {
        "id": "osm:wikidata:26549105",
        "source": "osm",
        "title": "3 and 5 Gillygate",
        "address": "York",
        "description": "",
        "categories": [
          "historical",
          "architecture"
        ],
        "primary_category": "historical",
        "interest_score": 88,
        "website": "",
        "wikipedia": "en:3 and 5 Gillygate",
        "wikidata": "Q26549105",
        "source_url": "https://www.wikidata.org/wiki/Q26549105",
        "fetched_at_utc": "2026-10-07T09:50:34+00:00",
        "query_key": "heritage_sites",
        "tags": {
          "name": "3 and 5 Gillygate",
          "wikidata": "Q26549105",
          "heritage": "2",
          "historic": "building",
          "listed_status": "grade ii",
          "wikipedia": "en:3 and 5 Gillygate",
          "addr:city": "York"
        },
        "sitelinks": 1
      }
    },
    {
      "type": "Feature",
      "geometry": {
        "type": "Point",
        "coordinates": [
          -1.084987,
          53.960548
        ]
      },
      "properties": {
        "id": "osm:wikidata:26548238",
        "source": "osm",
        "title": "3 St Helen's Square",
        "address": "York",
        "description": "",
        "categories": [
          "historical",
          "architecture"
        ],
        "primary_category": "historical",
        "interest_score": 88,
        "website": "",
        "wikipedia": "en:3 St Helen's Square",
        "wikidata": "Q26548238",
        "source_url": "https://www.wikidata.org/wiki/Q26548238",
        "fetched_at_utc": "2026-10-07T09:50:34+00:00",
        "query_key": "heritage_sites",
        "tags": {
          "name": "3 St Helen's Square",
          "wikidata": "Q26548238",
          "heritage": "2",
          "historic": "building",
          "listed_status": "grade ii",
          "wikipedia": "en:3 St Helen's Square",
          "addr:city": "York"
        },
        "sitelinks": 1
      }
    },
    {
      "type": "Feature",
      "geometry": {
        "type": "Point",
        "coordinates": [
          -1.07999,
          53.959072
        ]
      },
      "properties": {
        "id": "osm:wikidata:26548149",
        "source": "osm",
        "title": "30 The Shambles",
        "address": "York",
        "description": "",
        "categories": [
          "historical",
          "architecture"
        ],
        "primary_category": "historical",
        "interest_score": 88,
        "website": "",
        "wikipedia": "en:30 The Shambles",
        "wikidata": "Q26548149",
        "source_url": "https://www.wikidata.org/wiki/Q26548149",
        "fetched_at_utc": "2026-10-07T09:50:34+00:00",
        "query_key": "heritage_sites",
        "tags": {
          "name": "30 The Shambles",
          "wikidata": "Q26548149",
          "heritage": "2",
          "historic": "building",
          "listed_status": "grade ii",
          "wikipedia": "en:30 The Shambles",
          "addr:city": "York"
        },
        "sitelinks": 1
      }
    },
    {
      "type": "Feature",
      "geometry": {
        "type": "Point",
        "coordinates": [
          -1.07959,
          53.962
        ]
      },
      "properties": {
        "id": "osm:wikidata:17549892",
        "source": "osm",
        "title": "30–32 Goodramgate and 11–12 College Street",
        "address": "York",
        "description": "",
        "categories": [
          "historical",
          "architecture"
        ],
        "primary_category": "historical",
        "interest_score": 88,
        "website": "",
        "wikipedia": "en:30–32 Goodramgate and 11–12 College Street",
        "wikidata": "Q17549892",
        "source_url": "https://www.wikidata.org/wiki/Q17549892",
        "fetched_at_utc": "2026-10-07T09:50:34+00:00",
        "query_key": "heritage_sites",
        "tags": {
          "name": "30–32 Goodramgate and 11–12 College Street",
          "wikidata": "Q17549892",
          "heritage": "2",
          "historic": "building",
          "listed_status": "grade ii*",
          "wikipedia": "en:30–32 Goodramgate and 11–12 College Street",
          "addr:city": "York"
        },
        "sitelinks": 1
      }
    },
    {
      "type": "Feature",
      "geometry": {
        "type": "Point",
        "coordinates": [
          -1.08295,
          53.961
        ]
      },
      "properties": {
        "id": "osm:wikidata:17549356",
        "source": "osm",
        "title": "31 Stonegate",
        "address": "York",
        "description": "",
        "categories": [
          "historical",
          "architecture"
        ],
        "primary_category": "historical",
        "interest_score": 88,
        "website": "",
        "wikipedia": "en:31 Stonegate",
        "wikidata": "Q17549356",
        "source_url": "https://www.wikidata.org/wiki/Q17549356",
        "fetched_at_utc": "2026-10-07T09:50:34+00:00",
        "query_key": "heritage_sites",
        "tags": {
          "name": "31 Stonegate",
          "wikidata": "Q17549356",
          "heritage": "2",
          "historic": "building",
          "listed_status": "grade ii*",
          "wikipedia": "en:31 Stonegate",
          "addr:city": "York"
        },
        "sitelinks": 1
      }
    },
    {
      "type": "Feature",
      "geometry": {
        "type": "Point",
        "coordinates": [
          -1.080079,
          53.95918
        ]
      },
      "properties": {
        "id": "osm:wikidata:26548150",
        "source": "osm",
        "title": "31–33 The Shambles",
        "address": "York",
        "description": "",
        "categories": [
          "historical",
          "architecture"
        ],
        "primary_category": "historical",
        "interest_score": 88,
        "website": "",
        "wikipedia": "en:31–33 The Shambles",
        "wikidata": "Q26548150",
        "source_url": "https://www.wikidata.org/wiki/Q26548150",
        "fetched_at_utc": "2026-10-07T09:50:34+00:00",
        "query_key": "heritage_sites",
        "tags": {
          "name": "31–33 The Shambles",
          "wikidata": "Q26548150",
          "heritage": "2",
          "historic": "building",
          "listed_status": "grade ii",
          "wikipedia": "en:31–33 The Shambles",
          "addr:city": "York"
        },
        "sitelinks": 1
      }
    },
    {
      "type": "Feature",
      "geometry": {
        "type": "Point",
        "coordinates": [
          -1.0829,
          53.961
        ]
      },
      "properties": {
        "id": "osm:wikidata:17549362",
        "source": "osm",
        "title": "33 Stonegate",
        "address": "York",
        "description": "",
        "categories": [
          "historical",
          "architecture"
        ],
        "primary_category": "historical",
        "interest_score": 88,
        "website": "",
        "wikipedia": "en:33 Stonegate",
        "wikidata": "Q17549362",
        "source_url": "https://www.wikidata.org/wiki/Q17549362",
        "fetched_at_utc": "2026-10-07T09:50:34+00:00",
        "query_key": "heritage_sites",
        "tags": {
          "name": "33 Stonegate",
          "wikidata": "Q17549362",
          "heritage": "2",
          "historic": "building",
          "listed_status": "grade ii*",
          "wikipedia": "en:33 Stonegate",
          "addr:city": "York"
        },
        "sitelinks": 1
      }
    },
    {
      "type": "Feature",
      "geometry": {
        "type": "Point",
        "coordinates": [
          -1.08262,
          53.9614
        ]
      },
      "properties": {
        "id": "osm:wikidata:17549858",
        "source": "osm",
        "title": "33–35 High Petergate",
        "address": "York",
        "description": "",
        "categories": [
          "historical",
          "architecture"
        ],
        "primary_category": "historical",
        "interest_score": 88,
        "website": "",
        "wikipedia": "en:33–35 High Petergate",
        "wikidata": "Q17549858",
        "source_url": "https://www.wikidata.org/wiki/Q17549858",
        "fetched_at_utc": "2026-10-07T09:50:34+00:00",
        "query_key": "heritage_sites",
        "tags": {
          "name": "33–35 High Petergate",
          "wikidata": "Q17549858",
          "heritage": "2",
          "historic": "building",
          "listed_status": "grade ii*",
          "wikipedia": "en:33–35 High Petergate",
          "addr:city": "York"
        },
        "sitelinks": 1
      }
    },
    {
      "type": "Feature",
      "geometry": {
        "type": "Point",
        "coordinates": [
          -1.08651,
          53.9572
        ]
      },
      "properties": {
        "id": "osm:wikidata:17549764",
        "source": "osm",
        "title": "33–37 Micklegate",
        "address": "York",
        "description": "",
        "categories": [
          "historical",
          "architecture"
        ],
        "primary_category": "historical",
        "interest_score": 88,
        "website": "",
        "wikipedia": "en:33–37 Micklegate",
        "wikidata": "Q17549764",
        "source_url": "https://www.wikidata.org/wiki/Q17549764",
        "fetched_at_utc": "2026-10-07T09:50:34+00:00",
        "query_key": "heritage_sites",
        "tags": {
          "name": "33–37 Micklegate",
          "wikidata": "Q17549764",
          "heritage": "2",
          "historic": "building",
          "listed_status": "grade ii*",
          "wikipedia": "en:33–37 Micklegate",
          "addr:city": "York"
        },
        "sitelinks": 1
      }
    },
    {
      "type": "Feature",
      "geometry": {
        "type": "Point",
        "coordinates": [
          -1.076977,
          53.960244
        ]
      },
      "properties": {
        "id": "osm:wikidata:26548163",
        "source": "osm",
        "title": "34 St Saviourgate",
        "address": "York",
        "description": "",
        "categories": [
          "historical",
          "architecture"
        ],
        "primary_category": "historical",
        "interest_score": 88,
        "website": "",
        "wikipedia": "en:34 St Saviourgate",
        "wikidata": "Q26548163",
        "source_url": "https://www.wikidata.org/wiki/Q26548163",
        "fetched_at_utc": "2026-10-07T09:50:34+00:00",
        "query_key": "heritage_sites",
        "tags": {
          "name": "34 St Saviourgate",
          "wikidata": "Q26548163",
          "heritage": "2",
          "historic": "building",
          "listed_status": "grade ii",
          "wikipedia": "en:34 St Saviourgate",
          "addr:city": "York"
        },
        "sitelinks": 1
      }
    },
    {
      "type": "Feature",
      "geometry": {
        "type": "Point",
        "coordinates": [
          -1.078418,
          53.957982
        ]
      },
      "properties": {
        "id": "osm:wikidata:26549143",
        "source": "osm",
        "title": "35 and 36 Fossgate",
        "address": "York",
        "description": "",
        "categories": [
          "historical",
          "architecture"
        ],
        "primary_category": "historical",
        "interest_score": 88,
        "website": "",
        "wikipedia": "en:35 and 36 Fossgate",
        "wikidata": "Q26549143",
        "source_url": "https://www.wikidata.org/wiki/Q26549143",
        "fetched_at_utc": "2026-10-07T09:50:34+00:00",
        "query_key": "heritage_sites",
        "tags": {
          "name": "35 and 36 Fossgate",
          "wikidata": "Q26549143",
          "heritage": "2",
          "historic": "building",
          "listed_status": "grade ii",
          "wikipedia": "en:35 and 36 Fossgate",
          "addr:city": "York"
        },
        "sitelinks": 1
      }
    },
    {
      "type": "Feature",
      "geometry": {
        "type": "Point",
        "coordinates": [
          -1.076331,
          53.95693
        ]
      },
      "properties": {
        "id": "osm:wikidata:26547860",
        "source": "osm",
        "title": "35 and 37 Walmgate",
        "address": "York",
        "description": "",
        "categories": [
          "historical",
          "architecture"
        ],
        "primary_category": "historical",
        "interest_score": 88,
        "website": "",
        "wikipedia": "en:35 and 37 Walmgate",
        "wikidata": "Q26547860",
        "source_url": "https://www.wikidata.org/wiki/Q26547860",
        "fetched_at_utc": "2026-10-07T09:50:34+00:00",
        "query_key": "heritage_sites",
        "tags": {
          "name": "35 and 37 Walmgate",
          "wikidata": "Q26547860",
          "heritage": "2",
          "historic": "building",
          "listed_status": "grade ii",
          "wikipedia": "en:35 and 37 Walmgate",
          "addr:city": "York"
        },
        "sitelinks": 1
      }
    },
    {
      "type": "Feature",
      "geometry": {
        "type": "Point",
        "coordinates": [
          -1.08283,
          53.9611
        ]
      },
      "properties": {
        "id": "osm:wikidata:17549368",
        "source": "osm",
        "title": "35 Stonegate",
        "address": "York",
        "description": "The Via Praetoria of the Roman fortress of Eboracum and in daily use for about 1900 years. Its name derived from the fact that it was a Roman stone-paved street.",
        "categories": [
          "architecture",
          "historical",
          "memorial"
        ],
        "primary_category": "historical",
        "interest_score": 88,
        "website": "",
        "wikipedia": "en:35 Stonegate",
        "wikidata": "Q17549368",
        "source_url": "https://www.wikidata.org/wiki/Q17549368",
        "fetched_at_utc": "2026-10-07T09:50:34+00:00",
        "query_key": "heritage_sites",
        "tags": {
          "name": "35 Stonegate",
          "wikidata": "Q17549368",
          "heritage": "2",
          "historic": "building",
          "listed_status": "grade ii*",
          "wikipedia": "en:35 Stonegate",
          "addr:city": "York"
        },
        "sitelinks": 1
      }
    },
    {
      "type": "Feature",
      "geometry": {
        "type": "Point",
        "coordinates": [
          -1.08012,
          53.9593
        ]
      },
      "properties": {
        "id": "osm:wikidata:17549464",
        "source": "osm",
        "title": "35 The Shambles",
        "address": "York",
        "description": "",
        "categories": [
          "historical",
          "architecture"
        ],
        "primary_category": "historical",
        "interest_score": 88,
        "website": "",
        "wikipedia": "en:35 The Shambles",
        "wikidata": "Q17549464",
        "source_url": "https://www.wikidata.org/wiki/Q17549464",
        "fetched_at_utc": "2026-10-07T09:50:34+00:00",
        "query_key": "heritage_sites",
        "tags": {
          "name": "35 The Shambles",
          "wikidata": "Q17549464",
          "historic": "building",
          "heritage": "2",
          "listed_status": "grade ii*",
          "wikipedia": "en:35 The Shambles",
          "addr:city": "York"
        },
        "sitelinks": 1
      }
    },
    {
      "type": "Feature",
      "geometry": {
        "type": "Point",
        "coordinates": [
          -1.0835,
          53.959
        ]
      },
      "properties": {
        "id": "osm:wikidata:17549981",
        "source": "osm",
        "title": "36–42 Coney Street",
        "address": "York",
        "description": "",
        "categories": [
          "historical",
          "architecture"
        ],
        "primary_category": "historical",
        "interest_score": 88,
        "website": "",
        "wikipedia": "en:36–42 Coney Street",
        "wikidata": "Q17549981",
        "source_url": "https://www.wikidata.org/wiki/Q17549981",
        "fetched_at_utc": "2026-10-07T09:50:34+00:00",
        "query_key": "heritage_sites",
        "tags": {
          "name": "36–42 Coney Street",
          "wikidata": "Q17549981",
          "heritage": "2",
          "historic": "building",
          "listed_status": "grade ii*",
          "wikipedia": "en:36–42 Coney Street",
          "addr:city": "York"
        },
        "sitelinks": 1
      }
    },
    {
      "type": "Feature",
      "geometry": {
        "type": "Point",
        "coordinates": [
          -1.08267,
          53.9612
        ]
      },
      "properties": {
        "id": "osm:wikidata:17549371",
        "source": "osm",
        "title": "37 Stonegate",
        "address": "York",
        "description": "",
        "categories": [
          "historical",
          "architecture"
        ],
        "primary_category": "historical",
        "interest_score": 88,
        "website": "",
        "wikipedia": "en:37 Stonegate",
        "wikidata": "Q17549371",
        "source_url": "https://www.wikidata.org/wiki/Q17549371",
        "fetched_at_utc": "2026-10-07T09:50:34+00:00",
        "query_key": "heritage_sites",
        "tags": {
          "name": "37 Stonegate",
          "wikidata": "Q17549371",
          "heritage": "2",
          "historic": "building",
          "listed_status": "grade ii*",
          "wikipedia": "en:37 Stonegate",
          "addr:city": "York"
        },
        "sitelinks": 1
      }
    },
    {
      "type": "Feature",
      "geometry": {
        "type": "Point",
        "coordinates": [
          -1.088274,
          53.958002
        ]
      },
      "properties": {
        "id": "osm:wikidata:26547984",
        "source": "osm",
        "title": "37 Tanner Row",
        "address": "York",
        "description": "",
        "categories": [
          "historical",
          "architecture"
        ],
        "primary_category": "historical",
        "interest_score": 88,
        "website": "",
        "wikipedia": "en:37 Tanner Row",
        "wikidata": "Q26547984",
        "source_url": "https://www.wikidata.org/wiki/Q26547984",
        "fetched_at_utc": "2026-10-07T09:50:34+00:00",
        "query_key": "heritage_sites",
        "tags": {
          "name": "37 Tanner Row",
          "wikidata": "Q26547984",
          "heritage": "2",
          "historic": "building",
          "listed_status": "grade ii",
          "wikipedia": "en:37 Tanner Row",
          "addr:city": "York"
        },
        "sitelinks": 1
      }
    },
    {
      "type": "Feature",
      "geometry": {
        "type": "Point",
        "coordinates": [
          -1.08018,
          53.9593
        ]
      },
      "properties": {
        "id": "osm:wikidata:17549403",
        "source": "osm",
        "title": "37–38 The Shambles",
        "address": "York",
        "description": "",
        "categories": [
          "historical",
          "architecture"
        ],
        "primary_category": "historical",
        "interest_score": 88,
        "website": "",
        "wikipedia": "en:37–38 The Shambles",
        "wikidata": "Q17549403",
        "source_url": "https://www.wikidata.org/wiki/Q17549403",
        "fetched_at_utc": "2026-10-07T09:50:34+00:00",
        "query_key": "heritage_sites",
        "tags": {
          "name": "37–38 The Shambles",
          "wikidata": "Q17549403",
          "heritage": "2",
          "historic": "building",
          "listed_status": "grade ii*",
          "wikipedia": "en:37–38 The Shambles",
          "addr:city": "York"
        },
        "sitelinks": 1
      }
    },
    {
      "type": "Feature",
      "geometry": {
        "type": "Point",
        "coordinates": [
          -1.082333,
          53.961337
        ]
      },
      "properties": {
        "id": "osm:wikidata:26548805",
        "source": "osm",
        "title": "37–39 Low Petergate and 51 Stonegate",
        "address": "York",
        "description": "",
        "categories": [
          "historical",
          "architecture"
        ],
        "primary_category": "historical",
        "interest_score": 88,
        "website": "",
        "wikipedia": "en:37–39 Low Petergate and 51 Stonegate",
        "wikidata": "Q26548805",
        "source_url": "https://www.wikidata.org/wiki/Q26548805",
        "fetched_at_utc": "2026-10-07T09:50:34+00:00",
        "query_key": "heritage_sites",
        "tags": {
          "name": "37–39 Low Petergate and 51 Stonegate",
          "wikidata": "Q26548805",
          "heritage": "2",
          "historic": "building",
          "listed_status": "grade ii",
          "wikipedia": "en:37–39 Low Petergate and 51 Stonegate",
          "addr:city": "York"
        },
        "sitelinks": 1
      }
    },
    {
      "type": "Feature",
      "geometry": {
        "type": "Point",
        "coordinates": [
          -1.08642,
          53.9587
        ]
      },
      "properties": {
        "id": "osm:wikidata:17549619",
        "source": "osm",
        "title": "39 North Street and 1 Tanner Row",
        "address": "York",
        "description": "",
        "categories": [
          "historical",
          "architecture"
        ],
        "primary_category": "historical",
        "interest_score": 88,
        "website": "",
        "wikipedia": "en:39 North Street and 1 Tanner Row",
        "wikidata": "Q17549619",
        "source_url": "https://www.wikidata.org/wiki/Q17549619",
        "fetched_at_utc": "2026-10-07T09:50:34+00:00",
        "query_key": "heritage_sites",
        "tags": {
          "name": "39 North Street and 1 Tanner Row",
          "wikidata": "Q17549619",
          "heritage": "2",
          "historic": "building",
          "listed_status": "grade ii*",
          "wikipedia": "en:39 North Street and 1 Tanner Row",
          "addr:city": "York"
        },
        "sitelinks": 1
      }
    },
    {
      "type": "Feature",
      "geometry": {
        "type": "Point",
        "coordinates": [
          -1.08023,
          53.9594
        ]
      },
      "properties": {
        "id": "osm:wikidata:17549408",
        "source": "osm",
        "title": "39 The Shambles",
        "address": "York",
        "description": "",
        "categories": [
          "architecture",
          "historical"
        ],
        "primary_category": "historical",
        "interest_score": 88,
        "website": "",
        "wikipedia": "en:39 The Shambles",
        "wikidata": "Q17549408",
        "source_url": "https://www.wikidata.org/wiki/Q17549408",
        "fetched_at_utc": "2026-10-07T09:50:34+00:00",
        "query_key": "heritage_sites",
        "tags": {
          "name": "39 The Shambles",
          "wikidata": "Q17549408",
          "heritage": "2",
          "historic": "building",
          "listed_status": "grade ii*",
          "wikipedia": "en:39 The Shambles",
          "addr:city": "York"
        },
        "sitelinks": 1
      }
    },
    {
      "type": "Feature",
      "geometry": {
        "type": "Point",
        "coordinates": [
          -1.080128,
          53.959711
        ]
      },
      "properties": {
        "id": "osm:wikidata:26548142",
        "source": "osm",
        "title": "3–5 The Shambles",
        "address": "York",
        "description": "",
        "categories": [
          "historical",
          "architecture"
        ],
        "primary_category": "historical",
        "interest_score": 88,
        "website": "",
        "wikipedia": "en:3–5 The Shambles",
        "wikidata": "Q26548142",
        "source_url": "https://www.wikidata.org/wiki/Q26548142",
        "fetched_at_utc": "2026-10-07T09:50:34+00:00",
        "query_key": "heritage_sites",
        "tags": {
          "name": "3–5 The Shambles",
          "wikidata": "Q26548142",
          "heritage": "2",
          "historic": "building",
          "listed_status": "grade ii",
          "wikipedia": "en:3–5 The Shambles",
          "addr:city": "York"
        },
        "sitelinks": 1
      }
    },
    {
      "type": "Feature",
      "geometry": {
        "type": "Point",
        "coordinates": [
          -1.0833,
          53.9595
        ]
      },
      "properties": {
        "id": "osm:wikidata:17549632",
        "source": "osm",
        "title": "3–9 New Street",
        "address": "York",
        "description": "",
        "categories": [
          "historical",
          "architecture"
        ],
        "primary_category": "historical",
        "interest_score": 88,
        "website": "",
        "wikipedia": "en:3–9 New Street",
        "wikidata": "Q17549632",
        "source_url": "https://www.wikidata.org/wiki/Q17549632",
        "fetched_at_utc": "2026-10-07T09:50:34+00:00",
        "query_key": "heritage_sites",
        "tags": {
          "name": "3–9 New Street",
          "wikidata": "Q17549632",
          "heritage": "2",
          "historic": "building",
          "listed_status": "grade ii*",
          "wikipedia": "en:3–9 New Street",
          "addr:city": "York"
        },
        "sitelinks": 1
      }
    },
    {
      "type": "Feature",
      "geometry": {
        "type": "Point",
        "coordinates": [
          -1.08415,
          53.9606
        ]
      },
      "properties": {
        "id": "osm:wikidata:17549390",
        "source": "osm",
        "title": "4 and 4A Stonegate",
        "address": "York",
        "description": "",
        "categories": [
          "historical",
          "architecture"
        ],
        "primary_category": "historical",
        "interest_score": 88,
        "website": "",
        "wikipedia": "en:4 and 4A Stonegate",
        "wikidata": "Q17549390",
        "source_url": "https://www.wikidata.org/wiki/Q17549390",
        "fetched_at_utc": "2026-10-07T09:50:34+00:00",
        "query_key": "heritage_sites",
        "tags": {
          "name": "4 and 4A Stonegate",
          "wikidata": "Q17549390",
          "heritage": "2",
          "historic": "building",
          "listed_status": "grade ii*",
          "wikipedia": "en:4 and 4A Stonegate",
          "addr:city": "York"
        },
        "sitelinks": 1
      }
    },
    {
      "type": "Feature",
      "geometry": {
        "type": "Point",
        "coordinates": [
          -1.08072,
          53.9625
        ]
      },
      "properties": {
        "id": "osm:wikidata:17549656",
        "source": "osm",
        "title": "4 Minster Yard",
        "address": "4 Minster Yard, York, YO1 7JD, York",
        "description": "",
        "categories": [
          "historical",
          "architecture"
        ],
        "primary_category": "historical",
        "interest_score": 88,
        "website": "",
        "wikipedia": "en:4 Minster Yard",
        "wikidata": "Q17549656",
        "source_url": "https://www.wikidata.org/wiki/Q17549656",
        "fetched_at_utc": "2026-10-07T09:50:34+00:00",
        "query_key": "heritage_sites",
        "tags": {
          "name": "4 Minster Yard",
          "wikidata": "Q17549656",
          "heritage": "2",
          "historic": "building",
          "listed_status": "grade ii*",
          "wikipedia": "en:4 Minster Yard",
          "addr:street": "4 Minster Yard, York, YO1 7JD",
          "addr:city": "York"
        },
        "sitelinks": 1
      }
    },
    {
      "type": "Feature",
      "geometry": {
        "type": "Point",
        "coordinates": [
          -1.08222,
          53.961508
        ]
      },
      "properties": {
        "id": "osm:wikidata:26548638",
        "source": "osm",
        "title": "40 Low Petergate and 2–8 Minster Gates",
        "address": "York",
        "description": "",
        "categories": [
          "historical",
          "architecture"
        ],
        "primary_category": "historical",
        "interest_score": 88,
        "website": "",
        "wikipedia": "en:40 Low Petergate and 2–8 Minster Gates",
        "wikidata": "Q26548638",
        "source_url": "https://www.wikidata.org/wiki/Q26548638",
        "fetched_at_utc": "2026-10-07T09:50:34+00:00",
        "query_key": "heritage_sites",
        "tags": {
          "name": "40 Low Petergate and 2–8 Minster Gates",
          "wikidata": "Q26548638",
          "heritage": "2",
          "historic": "building",
          "listed_status": "grade ii",
          "wikipedia": "en:40 Low Petergate and 2–8 Minster Gates",
          "addr:city": "York"
        },
        "sitelinks": 1
      }
    },
    {
      "type": "Feature",
      "geometry": {
        "type": "Point",
        "coordinates": [
          -1.080242,
          53.959415
        ]
      },
      "properties": {
        "id": "osm:wikidata:26548122",
        "source": "osm",
        "title": "40 The Shambles",
        "address": "York",
        "description": "",
        "categories": [
          "historical",
          "architecture"
        ],
        "primary_category": "historical",
        "interest_score": 88,
        "website": "",
        "wikipedia": "en:40 The Shambles",
        "wikidata": "Q26548122",
        "source_url": "https://www.wikidata.org/wiki/Q26548122",
        "fetched_at_utc": "2026-10-07T09:50:34+00:00",
        "query_key": "heritage_sites",
        "tags": {
          "name": "40 The Shambles",
          "wikidata": "Q26548122",
          "heritage": "2",
          "historic": "building",
          "listed_status": "grade ii",
          "wikipedia": "en:40 The Shambles",
          "addr:city": "York"
        },
        "sitelinks": 1
      }
    },
    {
      "type": "Feature",
      "geometry": {
        "type": "Point",
        "coordinates": [
          -1.08227,
          53.9613
        ]
      },
      "properties": {
        "id": "osm:wikidata:17549822",
        "source": "osm",
        "title": "41 and 43 Low Petergate",
        "address": "York",
        "description": "",
        "categories": [
          "historical",
          "architecture"
        ],
        "primary_category": "historical",
        "interest_score": 88,
        "website": "",
        "wikipedia": "en:41 and 43 Low Petergate",
        "wikidata": "Q17549822",
        "source_url": "https://www.wikidata.org/wiki/Q17549822",
        "fetched_at_utc": "2026-10-07T09:50:34+00:00",
        "query_key": "heritage_sites",
        "tags": {
          "name": "41 and 43 Low Petergate",
          "wikidata": "Q17549822",
          "heritage": "2",
          "historic": "building",
          "listed_status": "grade ii*",
          "wikipedia": "en:41 and 43 Low Petergate",
          "addr:city": "York"
        },
        "sitelinks": 1
      }
    },
    {
      "type": "Feature",
      "geometry": {
        "type": "Point",
        "coordinates": [
          -1.08023,
          53.9595
        ]
      },
      "properties": {
        "id": "osm:wikidata:17549413",
        "source": "osm",
        "title": "41–42 The Shambles",
        "address": "York",
        "description": "",
        "categories": [
          "historical",
          "architecture"
        ],
        "primary_category": "historical",
        "interest_score": 88,
        "website": "",
        "wikipedia": "en:41–42 The Shambles",
        "wikidata": "Q17549413",
        "source_url": "https://www.wikidata.org/wiki/Q17549413",
        "fetched_at_utc": "2026-10-07T09:50:34+00:00",
        "query_key": "heritage_sites",
        "tags": {
          "name": "41–42 The Shambles",
          "wikidata": "Q17549413",
          "heritage": "2",
          "historic": "building",
          "listed_status": "grade ii*",
          "wikipedia": "en:41–42 The Shambles",
          "addr:city": "York"
        },
        "sitelinks": 1
      }
    },
    {
      "type": "Feature",
      "geometry": {
        "type": "Point",
        "coordinates": [
          -1.07966,
          53.9616
        ]
      },
      "properties": {
        "id": "osm:wikidata:17530625",
        "source": "osm",
        "title": "41–45 Goodramgate",
        "address": "York",
        "description": "",
        "categories": [
          "historical",
          "architecture"
        ],
        "primary_category": "historical",
        "interest_score": 88,
        "website": "",
        "wikipedia": "en:41–45 Goodramgate",
        "wikidata": "Q17530625",
        "source_url": "https://www.wikidata.org/wiki/Q17530625",
        "fetched_at_utc": "2026-10-07T09:50:34+00:00",
        "query_key": "heritage_sites",
        "tags": {
          "name": "41–45 Goodramgate",
          "wikidata": "Q17530625",
          "heritage": "2",
          "historic": "building",
          "listed_status": "grade i",
          "wikipedia": "en:41–45 Goodramgate",
          "addr:city": "York"
        },
        "sitelinks": 1
      }
    },
    {
      "type": "Feature",
      "geometry": {
        "type": "Point",
        "coordinates": [
          -1.08252,
          53.9612
        ]
      },
      "properties": {
        "id": "osm:wikidata:17549282",
        "source": "osm",
        "title": "43 Stonegate",
        "address": "York",
        "description": "",
        "categories": [
          "historical",
          "architecture"
        ],
        "primary_category": "historical",
        "interest_score": 88,
        "website": "",
        "wikipedia": "en:43 Stonegate",
        "wikidata": "Q17549282",
        "source_url": "https://www.wikidata.org/wiki/Q17549282",
        "fetched_at_utc": "2026-10-07T09:50:34+00:00",
        "query_key": "heritage_sites",
        "tags": {
          "name": "43 Stonegate",
          "wikidata": "Q17549282",
          "heritage": "2",
          "historic": "building",
          "listed_status": "grade ii*",
          "wikipedia": "en:43 Stonegate",
          "addr:city": "York"
        },
        "sitelinks": 1
      }
    },
    {
      "type": "Feature",
      "geometry": {
        "type": "Point",
        "coordinates": [
          -1.080283,
          53.959613
        ]
      },
      "properties": {
        "id": "osm:wikidata:26548132",
        "source": "osm",
        "title": "43 The Shambles",
        "address": "York",
        "description": "",
        "categories": [
          "historical",
          "architecture"
        ],
        "primary_category": "historical",
        "interest_score": 88,
        "website": "",
        "wikipedia": "en:43 The Shambles",
        "wikidata": "Q26548132",
        "source_url": "https://www.wikidata.org/wiki/Q26548132",
        "fetched_at_utc": "2026-10-07T09:50:34+00:00",
        "query_key": "heritage_sites",
        "tags": {
          "name": "43 The Shambles",
          "wikidata": "Q26548132",
          "heritage": "2",
          "historic": "building",
          "listed_status": "grade ii",
          "wikipedia": "en:43 The Shambles",
          "addr:city": "York"
        },
        "sitelinks": 1
      }
    },
    {
      "type": "Feature",
      "geometry": {
        "type": "Point",
        "coordinates": [
          -1.08311361,
          53.96118977
        ]
      },
      "properties": {
        "id": "osm:wikidata:26263474",
        "source": "osm",
        "title": "44 and 46 Stonegate",
        "address": "York",
        "description": "",
        "categories": [
          "historical",
          "architecture"
        ],
        "primary_category": "historical",
        "interest_score": 88,
        "website": "",
        "wikipedia": "en:44 and 46 Stonegate",
        "wikidata": "Q26263474",
        "source_url": "https://www.wikidata.org/wiki/Q26263474",
        "fetched_at_utc": "2026-10-07T09:50:34+00:00",
        "query_key": "heritage_sites",
        "tags": {
          "name": "44 and 46 Stonegate",
          "wikidata": "Q26263474",
          "heritage": "2",
          "historic": "building",
          "listed_status": "grade ii*",
          "wikipedia": "en:44 and 46 Stonegate",
          "addr:city": "York"
        },
        "sitelinks": 1
      }
    },
    {
      "type": "Feature",
      "geometry": {
        "type": "Point",
        "coordinates": [
          -1.08037,
          53.9596
        ]
      },
      "properties": {
        "id": "osm:wikidata:17549417",
        "source": "osm",
        "title": "44 The Shambles",
        "address": "York",
        "description": "",
        "categories": [
          "historical",
          "architecture"
        ],
        "primary_category": "historical",
        "interest_score": 88,
        "website": "",
        "wikipedia": "en:44 The Shambles",
        "wikidata": "Q17549417",
        "source_url": "https://www.wikidata.org/wiki/Q17549417",
        "fetched_at_utc": "2026-10-07T09:50:34+00:00",
        "query_key": "heritage_sites",
        "tags": {
          "name": "44 The Shambles",
          "wikidata": "Q17549417",
          "heritage": "2",
          "historic": "building",
          "listed_status": "grade ii*",
          "wikipedia": "en:44 The Shambles",
          "addr:city": "York"
        },
        "sitelinks": 2
      }
    },
    {
      "type": "Feature",
      "geometry": {
        "type": "Point",
        "coordinates": [
          -1.08247,
          53.9613
        ]
      },
      "properties": {
        "id": "osm:wikidata:17549295",
        "source": "osm",
        "title": "45 and 47 Stonegate",
        "address": "York",
        "description": "",
        "categories": [
          "historical",
          "architecture"
        ],
        "primary_category": "historical",
        "interest_score": 88,
        "website": "",
        "wikipedia": "en:45 and 47 Stonegate",
        "wikidata": "Q17549295",
        "source_url": "https://www.wikidata.org/wiki/Q17549295",
        "fetched_at_utc": "2026-10-07T09:50:34+00:00",
        "query_key": "heritage_sites",
        "tags": {
          "name": "45 and 47 Stonegate",
          "wikidata": "Q17549295",
          "heritage": "2",
          "historic": "building",
          "listed_status": "grade ii*",
          "wikipedia": "en:45 and 47 Stonegate",
          "addr:city": "York"
        },
        "sitelinks": 1
      }
    },
    {
      "type": "Feature",
      "geometry": {
        "type": "Point",
        "coordinates": [
          -1.080404,
          53.959659
        ]
      },
      "properties": {
        "id": "osm:wikidata:26548134",
        "source": "osm",
        "title": "45 The Shambles",
        "address": "York",
        "description": "",
        "categories": [
          "historical",
          "architecture"
        ],
        "primary_category": "historical",
        "interest_score": 88,
        "website": "",
        "wikipedia": "en:45 The Shambles",
        "wikidata": "Q26548134",
        "source_url": "https://www.wikidata.org/wiki/Q26548134",
        "fetched_at_utc": "2026-10-07T09:50:34+00:00",
        "query_key": "heritage_sites",
        "tags": {
          "name": "45 The Shambles",
          "wikidata": "Q26548134",
          "heritage": "2",
          "historic": "building",
          "listed_status": "grade ii",
          "wikipedia": "en:45 The Shambles",
          "addr:city": "York"
        },
        "sitelinks": 1
      }
    },
    {
      "type": "Feature",
      "geometry": {
        "type": "Point",
        "coordinates": [
          -1.080403,
          53.959695
        ]
      },
      "properties": {
        "id": "osm:wikidata:26548135",
        "source": "osm",
        "title": "46–47 The Shambles",
        "address": "York",
        "description": "",
        "categories": [
          "historical",
          "architecture"
        ],
        "primary_category": "historical",
        "interest_score": 88,
        "website": "",
        "wikipedia": "en:46–47 The Shambles",
        "wikidata": "Q26548135",
        "source_url": "https://www.wikidata.org/wiki/Q26548135",
        "fetched_at_utc": "2026-10-07T09:50:34+00:00",
        "query_key": "heritage_sites",
        "tags": {
          "name": "46–47 The Shambles",
          "wikidata": "Q26548135",
          "heritage": "2",
          "historic": "building",
          "listed_status": "grade ii",
          "wikipedia": "en:46–47 The Shambles",
          "addr:city": "York"
        },
        "sitelinks": 1
      }
    },
    {
      "type": "Feature",
      "geometry": {
        "type": "Point",
        "coordinates": [
          -1.0872,
          53.964
        ]
      },
      "properties": {
        "id": "osm:wikidata:17550070",
        "source": "osm",
        "title": "47 Bootham",
        "address": "York",
        "description": "",
        "categories": [
          "historical",
          "architecture"
        ],
        "primary_category": "historical",
        "interest_score": 88,
        "website": "",
        "wikipedia": "en:47 Bootham",
        "wikidata": "Q17550070",
        "source_url": "https://www.wikidata.org/wiki/Q17550070",
        "fetched_at_utc": "2026-10-07T09:50:34+00:00",
        "query_key": "heritage_sites",
        "tags": {
          "name": "47 Bootham",
          "wikidata": "Q17550070",
          "heritage": "2",
          "historic": "building",
          "listed_status": "grade ii*",
          "wikipedia": "en:47 Bootham",
          "addr:city": "York"
        },
        "sitelinks": 1
      }
    },
    {
      "type": "Feature",
      "geometry": {
        "type": "Point",
        "coordinates": [
          -1.08293,
          53.9612
        ]
      },
      "properties": {
        "id": "osm:wikidata:17549301",
        "source": "osm",
        "title": "48 and 50 Stonegate",
        "address": "York",
        "description": "",
        "categories": [
          "historical",
          "architecture"
        ],
        "primary_category": "historical",
        "interest_score": 88,
        "website": "",
        "wikipedia": "en:48 and 50 Stonegate",
        "wikidata": "Q17549301",
        "source_url": "https://www.wikidata.org/wiki/Q17549301",
        "fetched_at_utc": "2026-10-07T09:50:34+00:00",
        "query_key": "heritage_sites",
        "tags": {
          "name": "48 and 50 Stonegate",
          "wikidata": "Q17549301",
          "historic": "building",
          "heritage": "2",
          "listed_status": "grade ii*",
          "wikipedia": "en:48 and 50 Stonegate",
          "addr:city": "York"
        },
        "sitelinks": 1
      }
    },
    {
      "type": "Feature",
      "geometry": {
        "type": "Point",
        "coordinates": [
          -1.08735,
          53.9641
        ]
      },
      "properties": {
        "id": "osm:wikidata:17550076",
        "source": "osm",
        "title": "49 Bootham",
        "address": "York",
        "description": "",
        "categories": [
          "historical",
          "architecture"
        ],
        "primary_category": "historical",
        "interest_score": 88,
        "website": "",
        "wikipedia": "en:49 Bootham",
        "wikidata": "Q17550076",
        "source_url": "https://www.wikidata.org/wiki/Q17550076",
        "fetched_at_utc": "2026-10-07T09:50:34+00:00",
        "query_key": "heritage_sites",
        "tags": {
          "name": "49 Bootham",
          "wikidata": "Q17550076",
          "heritage": "2",
          "historic": "building",
          "listed_status": "grade ii*",
          "wikipedia": "en:49 Bootham",
          "addr:city": "York"
        },
        "sitelinks": 1
      }
    },
    {
      "type": "Feature",
      "geometry": {
        "type": "Point",
        "coordinates": [
          -1.08239,
          53.9613
        ]
      },
      "properties": {
        "id": "osm:wikidata:17549308",
        "source": "osm",
        "title": "49 Stonegate",
        "address": "York",
        "description": "",
        "categories": [
          "historical",
          "architecture"
        ],
        "primary_category": "historical",
        "interest_score": 88,
        "website": "",
        "wikipedia": "en:49 Stonegate",
        "wikidata": "Q17549308",
        "source_url": "https://www.wikidata.org/wiki/Q17549308",
        "fetched_at_utc": "2026-10-07T09:50:34+00:00",
        "query_key": "heritage_sites",
        "tags": {
          "name": "49 Stonegate",
          "wikidata": "Q17549308",
          "heritage": "2",
          "historic": "building",
          "listed_status": "grade ii*",
          "wikipedia": "en:49 Stonegate",
          "addr:city": "York"
        },
        "sitelinks": 1
      }
    },
    {
      "type": "Feature",
      "geometry": {
        "type": "Point",
        "coordinates": [
          -1.08046,
          53.959875
        ]
      },
      "properties": {
        "id": "osm:wikidata:26548865",
        "source": "osm",
        "title": "5 and 6 King's Court",
        "address": "York",
        "description": "",
        "categories": [
          "historical",
          "architecture"
        ],
        "primary_category": "historical",
        "interest_score": 88,
        "website": "",
        "wikipedia": "en:5 and 6 King's Court",
        "wikidata": "Q26548865",
        "source_url": "https://www.wikidata.org/wiki/Q26548865",
        "fetched_at_utc": "2026-10-07T09:50:34+00:00",
        "query_key": "heritage_sites",
        "tags": {
          "name": "5 and 6 King's Court",
          "wikidata": "Q26548865",
          "heritage": "2",
          "historic": "building",
          "listed_status": "grade ii",
          "wikipedia": "en:5 and 6 King's Court",
          "addr:city": "York"
        },
        "sitelinks": 1
      }
    },
    {
      "type": "Feature",
      "geometry": {
        "type": "Point",
        "coordinates": [
          -1.084695,
          53.957175
        ]
      },
      "properties": {
        "id": "osm:wikidata:26550468",
        "source": "osm",
        "title": "5 Bridge Street",
        "address": "York",
        "description": "",
        "categories": [
          "historical",
          "architecture"
        ],
        "primary_category": "historical",
        "interest_score": 88,
        "website": "",
        "wikipedia": "en:5 Bridge Street",
        "wikidata": "Q26550468",
        "source_url": "https://www.wikidata.org/wiki/Q26550468",
        "fetched_at_utc": "2026-10-07T09:50:34+00:00",
        "query_key": "heritage_sites",
        "tags": {
          "name": "5 Bridge Street",
          "wikidata": "Q26550468",
          "heritage": "2",
          "historic": "building",
          "listed_status": "grade ii",
          "wikipedia": "en:5 Bridge Street",
          "addr:city": "York"
        },
        "sitelinks": 1
      }
    },
    {
      "type": "Feature",
      "geometry": {
        "type": "Point",
        "coordinates": [
          -1.079805555,
          53.959722222
        ]
      },
      "properties": {
        "id": "osm:wikidata:26549331",
        "source": "osm",
        "title": "5 Colliergate",
        "address": "York",
        "description": "",
        "categories": [
          "historical",
          "architecture"
        ],
        "primary_category": "historical",
        "interest_score": 88,
        "website": "",
        "wikipedia": "en:5 Colliergate",
        "wikidata": "Q26549331",
        "source_url": "https://www.wikidata.org/wiki/Q26549331",
        "fetched_at_utc": "2026-10-07T09:50:34+00:00",
        "query_key": "heritage_sites",
        "tags": {
          "name": "5 Colliergate",
          "wikidata": "Q26549331",
          "heritage": "2",
          "historic": "building",
          "listed_status": "grade ii",
          "wikipedia": "en:5 Colliergate",
          "addr:city": "York"
        },
        "sitelinks": 1
      }
    },
    {
      "type": "Feature",
      "geometry": {
        "type": "Point",
        "coordinates": [
          -1.08482,
          53.9625
        ]
      },
      "properties": {
        "id": "osm:wikidata:17549877",
        "source": "osm",
        "title": "5 High Petergate",
        "address": "5 High Petergate, York, YO1 7EN, York",
        "description": "",
        "categories": [
          "historical",
          "architecture"
        ],
        "primary_category": "historical",
        "interest_score": 88,
        "website": "",
        "wikipedia": "en:5 High Petergate",
        "wikidata": "Q17549877",
        "source_url": "https://www.wikidata.org/wiki/Q17549877",
        "fetched_at_utc": "2026-10-07T09:50:34+00:00",
        "query_key": "heritage_sites",
        "tags": {
          "name": "5 High Petergate",
          "wikidata": "Q17549877",
          "heritage": "2",
          "historic": "building",
          "listed_status": "grade ii*",
          "wikipedia": "en:5 High Petergate",
          "addr:street": "5 High Petergate, York, YO1 7EN",
          "addr:city": "York"
        },
        "sitelinks": 1
      }
    },
    {
      "type": "Feature",
      "geometry": {
        "type": "Point",
        "coordinates": [
          -1.0806,
          53.9624
        ]
      },
      "properties": {
        "id": "osm:wikidata:17549661",
        "source": "osm",
        "title": "5 Minster Yard",
        "address": "5 Minster Yard, York, YO1 7JD, York",
        "description": "",
        "categories": [
          "historical",
          "architecture"
        ],
        "primary_category": "historical",
        "interest_score": 88,
        "website": "",
        "wikipedia": "en:5 Minster Yard",
        "wikidata": "Q17549661",
        "source_url": "https://www.wikidata.org/wiki/Q17549661",
        "fetched_at_utc": "2026-10-07T09:50:34+00:00",
        "query_key": "heritage_sites",
        "tags": {
          "name": "5 Minster Yard",
          "wikidata": "Q17549661",
          "heritage": "2",
          "historic": "building",
          "listed_status": "grade ii*",
          "wikipedia": "en:5 Minster Yard",
          "addr:street": "5 Minster Yard, York, YO1 7JD",
          "addr:city": "York"
        },
        "sitelinks": 1
      }
    },
    {
      "type": "Feature",
      "geometry": {
        "type": "Point",
        "coordinates": [
          -1.08416,
          53.9625
        ]
      },
      "properties": {
        "id": "osm:wikidata:17549556",
        "source": "osm",
        "title": "5 Precentor's Court",
        "address": "York",
        "description": "",
        "categories": [
          "historical",
          "architecture"
        ],
        "primary_category": "historical",
        "interest_score": 88,
        "website": "",
        "wikipedia": "en:5 Precentor's Court",
        "wikidata": "Q17549556",
        "source_url": "https://www.wikidata.org/wiki/Q17549556",
        "fetched_at_utc": "2026-10-07T09:50:34+00:00",
        "query_key": "heritage_sites",
        "tags": {
          "name": "5 Precentor's Court",
          "wikidata": "Q17549556",
          "historic": "building",
          "heritage": "2",
          "listed_status": "grade ii*",
          "wikipedia": "en:5 Precentor's Court",
          "addr:city": "York"
        },
        "sitelinks": 1
      }
    },
    {
      "type": "Feature",
      "geometry": {
        "type": "Point",
        "coordinates": [
          -1.08741,
          53.9645
        ]
      },
      "properties": {
        "id": "osm:wikidata:17550084",
        "source": "osm",
        "title": "51 Bootham",
        "address": "York",
        "description": "",
        "categories": [
          "historical",
          "architecture"
        ],
        "primary_category": "historical",
        "interest_score": 88,
        "website": "",
        "wikipedia": "en:51 Bootham",
        "wikidata": "Q17550084",
        "source_url": "https://www.wikidata.org/wiki/Q17550084",
        "fetched_at_utc": "2026-10-07T09:50:34+00:00",
        "query_key": "heritage_sites",
        "tags": {
          "name": "51 Bootham",
          "wikidata": "Q17550084",
          "heritage": "2",
          "historic": "building",
          "listed_status": "grade ii*",
          "wikipedia": "en:51 Bootham",
          "addr:city": "York"
        },
        "sitelinks": 1
      }
    },
    {
      "type": "Feature",
      "geometry": {
        "type": "Point",
        "coordinates": [
          -1.08284,
          53.9613
        ]
      },
      "properties": {
        "id": "osm:wikidata:17549312",
        "source": "osm",
        "title": "52 Stonegate",
        "address": "York",
        "description": "",
        "categories": [
          "historical",
          "architecture"
        ],
        "primary_category": "historical",
        "interest_score": 88,
        "website": "",
        "wikipedia": "en:52 Stonegate",
        "wikidata": "Q17549312",
        "source_url": "https://www.wikidata.org/wiki/Q17549312",
        "fetched_at_utc": "2026-10-07T09:50:34+00:00",
        "query_key": "heritage_sites",
        "tags": {
          "name": "52 Stonegate",
          "wikidata": "Q17549312",
          "historic": "building",
          "heritage": "2",
          "listed_status": "grade ii*",
          "wikipedia": "en:52 Stonegate",
          "addr:city": "York"
        },
        "sitelinks": 1
      }
    },
    {
      "type": "Feature",
      "geometry": {
        "type": "Point",
        "coordinates": [
          -1.08784,
          53.9643
        ]
      },
      "properties": {
        "id": "osm:wikidata:17550047",
        "source": "osm",
        "title": "53 and 55 Bootham",
        "address": "York",
        "description": "",
        "categories": [
          "historical",
          "architecture"
        ],
        "primary_category": "historical",
        "interest_score": 88,
        "website": "",
        "wikipedia": "en:53 and 55 Bootham",
        "wikidata": "Q17550047",
        "source_url": "https://www.wikidata.org/wiki/Q17550047",
        "fetched_at_utc": "2026-10-07T09:50:34+00:00",
        "query_key": "heritage_sites",
        "tags": {
          "name": "53 and 55 Bootham",
          "wikidata": "Q17550047",
          "heritage": "2",
          "historic": "building",
          "listed_status": "grade ii*",
          "wikipedia": "en:53 and 55 Bootham",
          "addr:city": "York"
        },
        "sitelinks": 1
      }
    },
    {
      "type": "Feature",
      "geometry": {
        "type": "Point",
        "coordinates": [
          -1.08784,
          53.9572
        ]
      },
      "properties": {
        "id": "osm:wikidata:17549750",
        "source": "osm",
        "title": "53 and 55 Micklegate",
        "address": "York",
        "description": "",
        "categories": [
          "historical",
          "architecture"
        ],
        "primary_category": "historical",
        "interest_score": 88,
        "website": "",
        "wikipedia": "en:53 and 55 Micklegate",
        "wikidata": "Q17549750",
        "source_url": "https://www.wikidata.org/wiki/Q17549750",
        "fetched_at_utc": "2026-10-07T09:50:34+00:00",
        "query_key": "heritage_sites",
        "tags": {
          "name": "53 and 55 Micklegate",
          "wikidata": "Q17549750",
          "heritage": "2",
          "historic": "building",
          "listed_status": "grade ii*",
          "wikipedia": "en:53 and 55 Micklegate",
          "addr:city": "York"
        },
        "sitelinks": 1
      }
    },
    {
      "type": "Feature",
      "geometry": {
        "type": "Point",
        "coordinates": [
          -1.088,
          53.9641
        ]
      },
      "properties": {
        "id": "osm:wikidata:17550056",
        "source": "osm",
        "title": "54 Bootham",
        "address": "54 Bootham, York, YO30 7XZ, York",
        "description": "",
        "categories": [
          "historical",
          "architecture"
        ],
        "primary_category": "historical",
        "interest_score": 88,
        "website": "",
        "wikipedia": "en:54 Bootham",
        "wikidata": "Q17550056",
        "source_url": "https://www.wikidata.org/wiki/Q17550056",
        "fetched_at_utc": "2026-10-07T09:50:34+00:00",
        "query_key": "heritage_sites",
        "tags": {
          "name": "54 Bootham",
          "wikidata": "Q17550056",
          "historic": "building",
          "heritage": "2",
          "listed_status": "grade ii*",
          "wikipedia": "en:54 Bootham",
          "addr:street": "54 Bootham, York, YO30 7XZ",
          "addr:city": "York"
        },
        "sitelinks": 1
      }
    },
    {
      "type": "Feature",
      "geometry": {
        "type": "Point",
        "coordinates": [
          -1.08268,
          53.9614
        ]
      },
      "properties": {
        "id": "osm:wikidata:17549318",
        "source": "osm",
        "title": "54–58 Stonegate",
        "address": "York",
        "description": "",
        "categories": [
          "historical",
          "architecture"
        ],
        "primary_category": "historical",
        "interest_score": 88,
        "website": "",
        "wikipedia": "en:54–58 Stonegate",
        "wikidata": "Q17549318",
        "source_url": "https://www.wikidata.org/wiki/Q17549318",
        "fetched_at_utc": "2026-10-07T09:50:34+00:00",
        "query_key": "heritage_sites",
        "tags": {
          "name": "54–58 Stonegate",
          "wikidata": "Q17549318",
          "heritage": "2",
          "historic": "building",
          "listed_status": "grade ii*",
          "wikipedia": "en:54–58 Stonegate",
          "addr:city": "York"
        },
        "sitelinks": 1
      }
    },
    {
      "type": "Feature",
      "geometry": {
        "type": "Point",
        "coordinates": [
          -1.08194,
          53.9612
        ]
      },
      "properties": {
        "id": "osm:wikidata:17549815",
        "source": "osm",
        "title": "55 Low Petergate",
        "address": "York",
        "description": "The Via Principalis of the Roman fortress. The street derives its name from the Minster, which is dedicated to St. Peter.",
        "categories": [
          "architecture",
          "historical",
          "memorial"
        ],
        "primary_category": "historical",
        "interest_score": 88,
        "website": "",
        "wikipedia": "en:55 Low Petergate",
        "wikidata": "Q17549815",
        "source_url": "https://www.wikidata.org/wiki/Q17549815",
        "fetched_at_utc": "2026-10-07T09:50:34+00:00",
        "query_key": "heritage_sites",
        "tags": {
          "name": "55 Low Petergate",
          "wikidata": "Q17549815",
          "heritage": "2",
          "historic": "building",
          "listed_status": "grade ii*",
          "wikipedia": "en:55 Low Petergate",
          "addr:city": "York"
        },
        "sitelinks": 1
      }
    },
    {
      "type": "Feature",
      "geometry": {
        "type": "Point",
        "coordinates": [
          -1.08145,
          53.9611
        ]
      },
      "properties": {
        "id": "osm:wikidata:17549820",
        "source": "osm",
        "title": "56–60 Low Petergate",
        "address": "York",
        "description": "",
        "categories": [
          "historical",
          "architecture"
        ],
        "primary_category": "historical",
        "interest_score": 88,
        "website": "",
        "wikipedia": "en:56–60 Low Petergate",
        "wikidata": "Q17549820",
        "source_url": "https://www.wikidata.org/wiki/Q17549820",
        "fetched_at_utc": "2026-10-07T09:50:34+00:00",
        "query_key": "heritage_sites",
        "tags": {
          "name": "56–60 Low Petergate",
          "wikidata": "Q17549820",
          "heritage": "2",
          "historic": "building",
          "listed_status": "grade ii*",
          "wikipedia": "en:56–60 Low Petergate",
          "addr:city": "York"
        },
        "sitelinks": 1
      }
    },
    {
      "type": "Feature",
      "geometry": {
        "type": "Point",
        "coordinates": [
          -1.08797,
          53.9572
        ]
      },
      "properties": {
        "id": "osm:wikidata:17549755",
        "source": "osm",
        "title": "57 and 59 Micklegate",
        "address": "57 And 59, Micklegate, York, York",
        "description": "",
        "categories": [
          "historical",
          "architecture"
        ],
        "primary_category": "historical",
        "interest_score": 88,
        "website": "",
        "wikipedia": "en:57 and 59 Micklegate",
        "wikidata": "Q17549755",
        "source_url": "https://www.wikidata.org/wiki/Q17549755",
        "fetched_at_utc": "2026-10-07T09:50:34+00:00",
        "query_key": "heritage_sites",
        "tags": {
          "name": "57 and 59 Micklegate",
          "wikidata": "Q17549755",
          "heritage": "2",
          "historic": "building",
          "listed_status": "grade ii*",
          "wikipedia": "en:57 and 59 Micklegate",
          "addr:street": "57 And 59, Micklegate, York",
          "addr:city": "York"
        },
        "sitelinks": 1
      }
    },
    {
      "type": "Feature",
      "geometry": {
        "type": "Point",
        "coordinates": [
          -1.080471,
          53.960055
        ]
      },
      "properties": {
        "id": "osm:wikidata:26548868",
        "source": "osm",
        "title": "6 King's Square",
        "address": "York",
        "description": "",
        "categories": [
          "historical",
          "architecture"
        ],
        "primary_category": "historical",
        "interest_score": 88,
        "website": "",
        "wikipedia": "en:6 King's Square",
        "wikidata": "Q26548868",
        "source_url": "https://www.wikidata.org/wiki/Q26548868",
        "fetched_at_utc": "2026-10-07T09:50:34+00:00",
        "query_key": "heritage_sites",
        "tags": {
          "name": "6 King's Square",
          "wikidata": "Q26548868",
          "heritage": "2",
          "historic": "building",
          "listed_status": "grade ii",
          "wikipedia": "en:6 King's Square",
          "addr:city": "York"
        },
        "sitelinks": 1
      }
    },
    {
      "type": "Feature",
      "geometry": {
        "type": "Point",
        "coordinates": [
          -1.080631,
          53.959724
        ]
      },
      "properties": {
        "id": "osm:wikidata:26548475",
        "source": "osm",
        "title": "6 Newgate",
        "address": "York",
        "description": "",
        "categories": [
          "historical",
          "architecture"
        ],
        "primary_category": "historical",
        "interest_score": 88,
        "website": "",
        "wikipedia": "en:6 Newgate",
        "wikidata": "Q26548475",
        "source_url": "https://www.wikidata.org/wiki/Q26548475",
        "fetched_at_utc": "2026-10-07T09:50:34+00:00",
        "query_key": "heritage_sites",
        "tags": {
          "name": "6 Newgate",
          "wikidata": "Q26548475",
          "heritage": "2",
          "historic": "building",
          "listed_status": "grade ii",
          "wikipedia": "en:6 Newgate",
          "addr:city": "York"
        },
        "sitelinks": 1
      }
    },
    {
      "type": "Feature",
      "geometry": {
        "type": "Point",
        "coordinates": [
          -1.08083,
          53.9597
        ]
      },
      "properties": {
        "id": "osm:wikidata:113212255",
        "source": "osm",
        "title": "6 Patrick Pool",
        "address": "York",
        "description": "",
        "categories": [
          "historical",
          "architecture"
        ],
        "primary_category": "historical",
        "interest_score": 88,
        "website": "",
        "wikipedia": "en:6 Patrick Pool",
        "wikidata": "Q113212255",
        "source_url": "https://www.wikidata.org/wiki/Q113212255",
        "fetched_at_utc": "2026-10-07T09:50:34+00:00",
        "query_key": "heritage_sites",
        "tags": {
          "name": "6 Patrick Pool",
          "wikidata": "Q113212255",
          "heritage": "2",
          "historic": "building",
          "listed_status": "grade ii*",
          "wikipedia": "en:6 Patrick Pool",
          "addr:city": "York"
        },
        "sitelinks": 1
      }
    },
    {
      "type": "Feature",
      "geometry": {
        "type": "Point",
        "coordinates": [
          -1.08013,
          53.959648
        ]
      },
      "properties": {
        "id": "osm:wikidata:26548143",
        "source": "osm",
        "title": "6 The Shambles",
        "address": "York",
        "description": "",
        "categories": [
          "historical",
          "architecture"
        ],
        "primary_category": "historical",
        "interest_score": 88,
        "website": "",
        "wikipedia": "en:6 The Shambles",
        "wikidata": "Q26548143",
        "source_url": "https://www.wikidata.org/wiki/Q26548143",
        "fetched_at_utc": "2026-10-07T09:50:34+00:00",
        "query_key": "heritage_sites",
        "tags": {
          "name": "6 The Shambles",
          "wikidata": "Q26548143",
          "heritage": "2",
          "historic": "building",
          "listed_status": "grade ii",
          "wikipedia": "en:6 The Shambles",
          "addr:city": "York"
        },
        "sitelinks": 1
      }
    },
    {
      "type": "Feature",
      "geometry": {
        "type": "Point",
        "coordinates": [
          -1.08808,
          53.9572
        ]
      },
      "properties": {
        "id": "osm:wikidata:17549760",
        "source": "osm",
        "title": "61 Micklegate",
        "address": "York",
        "description": "",
        "categories": [
          "historical",
          "architecture"
        ],
        "primary_category": "historical",
        "interest_score": 88,
        "website": "",
        "wikipedia": "en:61 Micklegate",
        "wikidata": "Q17549760",
        "source_url": "https://www.wikidata.org/wiki/Q17549760",
        "fetched_at_utc": "2026-10-07T09:50:34+00:00",
        "query_key": "heritage_sites",
        "tags": {
          "name": "61 Micklegate",
          "wikidata": "Q17549760",
          "heritage": "2",
          "historic": "building",
          "listed_status": "grade ii*",
          "wikipedia": "en:61 Micklegate",
          "addr:city": "York"
        },
        "sitelinks": 1
      }
    },
    {
      "type": "Feature",
      "geometry": {
        "type": "Point",
        "coordinates": [
          -1.08097,
          53.9608
        ]
      },
      "properties": {
        "id": "osm:wikidata:17549788",
        "source": "osm",
        "title": "64 and 66 Low Petergate",
        "address": "York",
        "description": "",
        "categories": [
          "historical",
          "architecture"
        ],
        "primary_category": "historical",
        "interest_score": 88,
        "website": "",
        "wikipedia": "en:64 and 66 Low Petergate",
        "wikidata": "Q17549788",
        "source_url": "https://www.wikidata.org/wiki/Q17549788",
        "fetched_at_utc": "2026-10-07T09:50:34+00:00",
        "query_key": "heritage_sites",
        "tags": {
          "name": "64 and 66 Low Petergate",
          "wikidata": "Q17549788",
          "historic": "building",
          "heritage": "2",
          "listed_status": "grade ii*",
          "wikipedia": "en:64 and 66 Low Petergate",
          "addr:city": "York"
        },
        "sitelinks": 1
      }
    },
    {
      "type": "Feature",
      "geometry": {
        "type": "Point",
        "coordinates": [
          -1.08828,
          53.9571
        ]
      },
      "properties": {
        "id": "osm:wikidata:17549714",
        "source": "osm",
        "title": "67 Micklegate",
        "address": "York",
        "description": "",
        "categories": [
          "historical",
          "architecture"
        ],
        "primary_category": "historical",
        "interest_score": 88,
        "website": "",
        "wikipedia": "en:67 Micklegate",
        "wikidata": "Q17549714",
        "source_url": "https://www.wikidata.org/wiki/Q17549714",
        "fetched_at_utc": "2026-10-07T09:50:34+00:00",
        "query_key": "heritage_sites",
        "tags": {
          "name": "67 Micklegate",
          "wikidata": "Q17549714",
          "heritage": "2",
          "historic": "building",
          "listed_status": "grade ii*",
          "wikipedia": "en:67 Micklegate",
          "addr:city": "York"
        },
        "sitelinks": 1
      }
    },
    {
      "type": "Feature",
      "geometry": {
        "type": "Point",
        "coordinates": [
          -1.07527,
          53.9568
        ]
      },
      "properties": {
        "id": "osm:wikidata:17549243",
        "source": "osm",
        "title": "68 and 70 Walmgate",
        "address": "York",
        "description": "",
        "categories": [
          "historical",
          "architecture"
        ],
        "primary_category": "historical",
        "interest_score": 88,
        "website": "",
        "wikipedia": "en:68 and 70 Walmgate",
        "wikidata": "Q17549243",
        "source_url": "https://www.wikidata.org/wiki/Q17549243",
        "fetched_at_utc": "2026-10-07T09:50:34+00:00",
        "query_key": "heritage_sites",
        "tags": {
          "name": "68 and 70 Walmgate",
          "wikidata": "Q17549243",
          "heritage": "2",
          "historic": "building",
          "listed_status": "grade ii*",
          "wikipedia": "en:68 and 70 Walmgate",
          "addr:city": "York"
        },
        "sitelinks": 1
      }
    },
    {
      "type": "Feature",
      "geometry": {
        "type": "Point",
        "coordinates": [
          -1.08841,
          53.9574
        ]
      },
      "properties": {
        "id": "osm:wikidata:17549731",
        "source": "osm",
        "title": "68 Micklegate",
        "address": "York",
        "description": "",
        "categories": [
          "historical",
          "architecture"
        ],
        "primary_category": "historical",
        "interest_score": 88,
        "website": "",
        "wikipedia": "en:68 Micklegate",
        "wikidata": "Q17549731",
        "source_url": "https://www.wikidata.org/wiki/Q17549731",
        "fetched_at_utc": "2026-10-07T09:50:34+00:00",
        "query_key": "heritage_sites",
        "tags": {
          "name": "68 Micklegate",
          "wikidata": "Q17549731",
          "heritage": "2",
          "historic": "building",
          "listed_status": "grade ii*",
          "wikipedia": "en:68 Micklegate",
          "addr:city": "York"
        },
        "sitelinks": 1
      }
    },
    {
      "type": "Feature",
      "geometry": {
        "type": "Point",
        "coordinates": [
          -1.08838,
          53.9571
        ]
      },
      "properties": {
        "id": "osm:wikidata:17549737",
        "source": "osm",
        "title": "69 and 71 Micklegate",
        "address": "York",
        "description": "",
        "categories": [
          "historical",
          "architecture"
        ],
        "primary_category": "historical",
        "interest_score": 88,
        "website": "",
        "wikipedia": "en:69 and 71 Micklegate",
        "wikidata": "Q17549737",
        "source_url": "https://www.wikidata.org/wiki/Q17549737",
        "fetched_at_utc": "2026-10-07T09:50:34+00:00",
        "query_key": "heritage_sites",
        "tags": {
          "name": "69 and 71 Micklegate",
          "wikidata": "Q17549737",
          "heritage": "2",
          "historic": "building",
          "listed_status": "grade ii*",
          "wikipedia": "en:69 and 71 Micklegate",
          "addr:city": "York"
        },
        "sitelinks": 1
      }
    },
    {
      "type": "Feature",
      "geometry": {
        "type": "Point",
        "coordinates": [
          -1.084272,
          53.962514
        ]
      },
      "properties": {
        "id": "osm:wikidata:26548299",
        "source": "osm",
        "title": "6–7 Precentor's Court",
        "address": "York",
        "description": "",
        "categories": [
          "historical",
          "architecture"
        ],
        "primary_category": "historical",
        "interest_score": 88,
        "website": "",
        "wikipedia": "en:6–7 Precentor's Court",
        "wikidata": "Q26548299",
        "source_url": "https://www.wikidata.org/wiki/Q26548299",
        "fetched_at_utc": "2026-10-07T09:50:34+00:00",
        "query_key": "heritage_sites",
        "tags": {
          "name": "6–7 Precentor's Court",
          "wikidata": "Q26548299",
          "historic": "building",
          "heritage": "2",
          "listed_status": "grade ii",
          "wikipedia": "en:6–7 Precentor's Court",
          "addr:city": "York"
        },
        "sitelinks": 1
      }
    },
    {
      "type": "Feature",
      "geometry": {
        "type": "Point",
        "coordinates": [
          -1.080738,
          53.961792
        ]
      },
      "properties": {
        "id": "osm:wikidata:26548643",
        "source": "osm",
        "title": "7 Minster Yard",
        "address": "7 Minster Yard, York, YO1 7JD, York",
        "description": "",
        "categories": [
          "historical",
          "architecture"
        ],
        "primary_category": "historical",
        "interest_score": 88,
        "website": "",
        "wikipedia": "en:7 Minster Yard",
        "wikidata": "Q26548643",
        "source_url": "https://www.wikidata.org/wiki/Q26548643",
        "fetched_at_utc": "2026-10-07T09:50:34+00:00",
        "query_key": "heritage_sites",
        "tags": {
          "name": "7 Minster Yard",
          "wikidata": "Q26548643",
          "heritage": "2",
          "historic": "building",
          "listed_status": "grade ii",
          "wikipedia": "en:7 Minster Yard",
          "addr:street": "7 Minster Yard, York, YO1 7JD",
          "addr:city": "York"
        },
        "sitelinks": 1
      }
    },
    {
      "type": "Feature",
      "geometry": {
        "type": "Point",
        "coordinates": [
          -1.08214,
          53.9599
        ]
      },
      "properties": {
        "id": "osm:wikidata:17549508",
        "source": "osm",
        "title": "7 St Sampson's Square",
        "address": "York",
        "description": "",
        "categories": [
          "historical",
          "architecture"
        ],
        "primary_category": "historical",
        "interest_score": 88,
        "website": "",
        "wikipedia": "en:7 St Sampson's Square",
        "wikidata": "Q17549508",
        "source_url": "https://www.wikidata.org/wiki/Q17549508",
        "fetched_at_utc": "2026-10-07T09:50:34+00:00",
        "query_key": "heritage_sites",
        "tags": {
          "name": "7 St Sampson's Square",
          "wikidata": "Q17549508",
          "heritage": "2",
          "historic": "building",
          "listed_status": "grade ii*",
          "wikipedia": "en:7 St Sampson's Square",
          "addr:city": "York"
        },
        "sitelinks": 1
      }
    },
    {
      "type": "Feature",
      "geometry": {
        "type": "Point",
        "coordinates": [
          -1.0885,
          53.9574
        ]
      },
      "properties": {
        "id": "osm:wikidata:17549741",
        "source": "osm",
        "title": "70 and 72 Micklegate",
        "address": "York",
        "description": "",
        "categories": [
          "historical",
          "architecture"
        ],
        "primary_category": "historical",
        "interest_score": 88,
        "website": "",
        "wikipedia": "en:70 and 72 Micklegate",
        "wikidata": "Q17549741",
        "source_url": "https://www.wikidata.org/wiki/Q17549741",
        "fetched_at_utc": "2026-10-07T09:50:34+00:00",
        "query_key": "heritage_sites",
        "tags": {
          "name": "70 and 72 Micklegate",
          "wikidata": "Q17549741",
          "heritage": "2",
          "historic": "building",
          "listed_status": "grade ii*",
          "wikipedia": "en:70 and 72 Micklegate",
          "addr:city": "York"
        },
        "sitelinks": 1
      }
    },
    {
      "type": "Feature",
      "geometry": {
        "type": "Point",
        "coordinates": [
          -1.08138,
          53.9608
        ]
      },
      "properties": {
        "id": "osm:wikidata:17549795",
        "source": "osm",
        "title": "73–77 Low Petergate",
        "address": "York",
        "description": "",
        "categories": [
          "historical",
          "architecture"
        ],
        "primary_category": "historical",
        "interest_score": 88,
        "website": "",
        "wikipedia": "en:73–77 Low Petergate",
        "wikidata": "Q17549795",
        "source_url": "https://www.wikidata.org/wiki/Q17549795",
        "fetched_at_utc": "2026-10-07T09:50:34+00:00",
        "query_key": "heritage_sites",
        "tags": {
          "name": "73–77 Low Petergate",
          "wikidata": "Q17549795",
          "heritage": "2",
          "historic": "building",
          "listed_status": "grade ii*",
          "wikipedia": "en:73–77 Low Petergate",
          "addr:city": "York"
        },
        "sitelinks": 1
      }
    },
    {
      "type": "Feature",
      "geometry": {
        "type": "Point",
        "coordinates": [
          -1.07427,
          53.9563
        ]
      },
      "properties": {
        "id": "osm:wikidata:17549248",
        "source": "osm",
        "title": "77 Walmgate",
        "address": "York",
        "description": "",
        "categories": [
          "historical",
          "architecture"
        ],
        "primary_category": "historical",
        "interest_score": 88,
        "website": "",
        "wikipedia": "en:77 Walmgate",
        "wikidata": "Q17549248",
        "source_url": "https://www.wikidata.org/wiki/Q17549248",
        "fetched_at_utc": "2026-10-07T09:50:34+00:00",
        "query_key": "heritage_sites",
        "tags": {
          "name": "77 Walmgate",
          "wikidata": "Q17549248",
          "heritage": "2",
          "historic": "building",
          "listed_status": "grade ii*",
          "wikipedia": "en:77 Walmgate",
          "addr:city": "York"
        },
        "sitelinks": 1
      }
    },
    {
      "type": "Feature",
      "geometry": {
        "type": "Point",
        "coordinates": [
          -1.0814,
          53.9607
        ]
      },
      "properties": {
        "id": "osm:wikidata:17549803",
        "source": "osm",
        "title": "79 Low Petergate",
        "address": "York",
        "description": "",
        "categories": [
          "historical",
          "architecture"
        ],
        "primary_category": "historical",
        "interest_score": 88,
        "website": "",
        "wikipedia": "en:79 Low Petergate",
        "wikidata": "Q17549803",
        "source_url": "https://www.wikidata.org/wiki/Q17549803",
        "fetched_at_utc": "2026-10-07T09:50:34+00:00",
        "query_key": "heritage_sites",
        "tags": {
          "name": "79 Low Petergate",
          "wikidata": "Q17549803",
          "heritage": "2",
          "historic": "building",
          "listed_status": "grade ii*",
          "wikipedia": "en:79 Low Petergate",
          "addr:city": "York"
        },
        "sitelinks": 1
      }
    },
    {
      "type": "Feature",
      "geometry": {
        "type": "Point",
        "coordinates": [
          -1.0801,
          53.9596
        ]
      },
      "properties": {
        "id": "osm:wikidata:17549437",
        "source": "osm",
        "title": "7–8 The Shambles",
        "address": "York",
        "description": "",
        "categories": [
          "historical",
          "architecture"
        ],
        "primary_category": "historical",
        "interest_score": 88,
        "website": "",
        "wikipedia": "en:7–8 The Shambles",
        "wikidata": "Q17549437",
        "source_url": "https://www.wikidata.org/wiki/Q17549437",
        "fetched_at_utc": "2026-10-07T09:50:34+00:00",
        "query_key": "heritage_sites",
        "tags": {
          "name": "7–8 The Shambles",
          "wikidata": "Q17549437",
          "heritage": "2",
          "historic": "building",
          "listed_status": "grade ii*",
          "wikipedia": "en:7–8 The Shambles",
          "addr:city": "York"
        },
        "sitelinks": 1
      }
    },
    {
      "type": "Feature",
      "geometry": {
        "type": "Point",
        "coordinates": [
          -1.078714,
          53.958864
        ]
      },
      "properties": {
        "id": "osm:wikidata:26549167",
        "source": "osm",
        "title": "8 Fossgate",
        "address": "York",
        "description": "",
        "categories": [
          "historical",
          "architecture"
        ],
        "primary_category": "historical",
        "interest_score": 88,
        "website": "",
        "wikipedia": "en:8 Fossgate",
        "wikidata": "Q26549167",
        "source_url": "https://www.wikidata.org/wiki/Q26549167",
        "fetched_at_utc": "2026-10-07T09:50:34+00:00",
        "query_key": "heritage_sites",
        "tags": {
          "name": "8 Fossgate",
          "wikidata": "Q26549167",
          "heritage": "2",
          "historic": "building",
          "listed_status": "grade ii",
          "wikipedia": "en:8 Fossgate",
          "addr:city": "York"
        },
        "sitelinks": 1
      }
    },
    {
      "type": "Feature",
      "geometry": {
        "type": "Point",
        "coordinates": [
          -1.08404,
          53.9606
        ]
      },
      "properties": {
        "id": "osm:wikidata:17549375",
        "source": "osm",
        "title": "8 Stonegate",
        "address": "York",
        "description": "",
        "categories": [
          "historical",
          "architecture"
        ],
        "primary_category": "historical",
        "interest_score": 88,
        "website": "",
        "wikipedia": "en:8 Stonegate",
        "wikidata": "Q17549375",
        "source_url": "https://www.wikidata.org/wiki/Q17549375",
        "fetched_at_utc": "2026-10-07T09:50:34+00:00",
        "query_key": "heritage_sites",
        "tags": {
          "name": "8 Stonegate",
          "wikidata": "Q17549375",
          "heritage": "2",
          "historic": "building",
          "listed_status": "grade ii*",
          "wikipedia": "en:8 Stonegate",
          "addr:city": "York"
        },
        "sitelinks": 1
      }
    },
    {
      "type": "Feature",
      "geometry": {
        "type": "Point",
        "coordinates": [
          -1.08122,
          53.9607
        ]
      },
      "properties": {
        "id": "osm:wikidata:17549774",
        "source": "osm",
        "title": "81 Low Petergate",
        "address": "York",
        "description": "",
        "categories": [
          "historical",
          "architecture"
        ],
        "primary_category": "historical",
        "interest_score": 88,
        "website": "",
        "wikipedia": "en:81 Low Petergate",
        "wikidata": "Q17549774",
        "source_url": "https://www.wikidata.org/wiki/Q17549774",
        "fetched_at_utc": "2026-10-07T09:50:34+00:00",
        "query_key": "heritage_sites",
        "tags": {
          "name": "81 Low Petergate",
          "wikidata": "Q17549774",
          "heritage": "2",
          "historic": "building",
          "listed_status": "grade ii*",
          "wikipedia": "en:81 Low Petergate",
          "addr:city": "York"
        },
        "sitelinks": 1
      }
    },
    {
      "type": "Feature",
      "geometry": {
        "type": "Point",
        "coordinates": [
          -1.08946,
          53.9566
        ]
      },
      "properties": {
        "id": "osm:wikidata:17549747",
        "source": "osm",
        "title": "85–89 Micklegate",
        "address": "York",
        "description": "",
        "categories": [
          "historical",
          "architecture"
        ],
        "primary_category": "historical",
        "interest_score": 88,
        "website": "",
        "wikipedia": "en:85–89 Micklegate",
        "wikidata": "Q17549747",
        "source_url": "https://www.wikidata.org/wiki/Q17549747",
        "fetched_at_utc": "2026-10-07T09:50:34+00:00",
        "query_key": "heritage_sites",
        "tags": {
          "name": "85–89 Micklegate",
          "wikidata": "Q17549747",
          "heritage": "2",
          "historic": "building",
          "listed_status": "grade ii*",
          "wikipedia": "en:85–89 Micklegate",
          "addr:city": "York"
        },
        "sitelinks": 1
      }
    },
    {
      "type": "Feature",
      "geometry": {
        "type": "Point",
        "coordinates": [
          -1.077606,
          53.957283
        ]
      },
      "properties": {
        "id": "osm:wikidata:26547883",
        "source": "osm",
        "title": "9 Walmgate",
        "address": "York",
        "description": "",
        "categories": [
          "historical",
          "architecture"
        ],
        "primary_category": "historical",
        "interest_score": 88,
        "website": "",
        "wikipedia": "en:9 Walmgate",
        "wikidata": "Q26547883",
        "source_url": "https://www.wikidata.org/wiki/Q26547883",
        "fetched_at_utc": "2026-10-07T09:50:34+00:00",
        "query_key": "heritage_sites",
        "tags": {
          "name": "9 Walmgate",
          "wikidata": "Q26547883",
          "heritage": "2",
          "historic": "building",
          "listed_status": "grade ii",
          "wikipedia": "en:9 Walmgate",
          "addr:city": "York"
        },
        "sitelinks": 1
      }
    },
    {
      "type": "Feature",
      "geometry": {
        "type": "Point",
        "coordinates": [
          -1.08362,
          53.9606
        ]
      },
      "properties": {
        "id": "osm:wikidata:17549380",
        "source": "osm",
        "title": "9, 9A and 11 Stonegate",
        "address": "York",
        "description": "",
        "categories": [
          "historical",
          "architecture"
        ],
        "primary_category": "historical",
        "interest_score": 88,
        "website": "",
        "wikipedia": "en:9, 9A and 11 Stonegate",
        "wikidata": "Q17549380",
        "source_url": "https://www.wikidata.org/wiki/Q17549380",
        "fetched_at_utc": "2026-10-07T09:50:34+00:00",
        "query_key": "heritage_sites",
        "tags": {
          "name": "9, 9A and 11 Stonegate",
          "wikidata": "Q17549380",
          "heritage": "2",
          "historic": "building",
          "listed_status": "grade ii*",
          "wikipedia": "en:9, 9A and 11 Stonegate",
          "addr:city": "York"
        },
        "sitelinks": 1
      }
    },
    {
      "type": "Feature",
      "geometry": {
        "type": "Point",
        "coordinates": [
          -1.08935,
          53.957
        ]
      },
      "properties": {
        "id": "osm:wikidata:17549698",
        "source": "osm",
        "title": "92 Micklegate",
        "address": "York",
        "description": "",
        "categories": [
          "historical",
          "architecture"
        ],
        "primary_category": "historical",
        "interest_score": 88,
        "website": "",
        "wikipedia": "en:92 Micklegate",
        "wikidata": "Q17549698",
        "source_url": "https://www.wikidata.org/wiki/Q17549698",
        "fetched_at_utc": "2026-10-07T09:50:34+00:00",
        "query_key": "heritage_sites",
        "tags": {
          "name": "92 Micklegate",
          "wikidata": "Q17549698",
          "heritage": "2",
          "historic": "building",
          "listed_status": "grade ii*",
          "wikipedia": "en:92 Micklegate",
          "addr:city": "York"
        },
        "sitelinks": 1
      }
    },
    {
      "type": "Feature",
      "geometry": {
        "type": "Point",
        "coordinates": [
          -1.12708,
          53.9548
        ]
      },
      "properties": {
        "id": "osm:wikidata:17549909",
        "source": "osm",
        "title": "Acomb House",
        "address": "York",
        "description": "",
        "categories": [
          "historical",
          "architecture"
        ],
        "primary_category": "historical",
        "interest_score": 88,
        "website": "",
        "wikipedia": "en:Acomb House",
        "wikidata": "Q17549909",
        "source_url": "https://www.wikidata.org/wiki/Q17549909",
        "fetched_at_utc": "2026-10-07T09:50:34+00:00",
        "query_key": "heritage_sites",
        "tags": {
          "name": "Acomb House",
          "wikidata": "Q17549909",
          "heritage": "2",
          "historic": "building",
          "listed_status": "grade ii*",
          "wikipedia": "en:Acomb House",
          "addr:city": "York"
        },
        "sitelinks": 1
      }
    },
    {
      "type": "Feature",
      "geometry": {
        "type": "Point",
        "coordinates": [
          -1.0863101,
          53.9618313
        ]
      },
      "properties": {
        "id": "osm:wikidata:4763423",
        "source": "osm",
        "title": "Anglian Tower",
        "address": "York",
        "description": "",
        "categories": [
          "historical",
          "architecture"
        ],
        "primary_category": "historical",
        "interest_score": 88,
        "website": "",
        "wikipedia": "en:Anglian Tower",
        "wikidata": "Q4763423",
        "source_url": "https://www.wikidata.org/wiki/Q4763423",
        "fetched_at_utc": "2026-10-07T09:50:34+00:00",
        "query_key": "heritage_sites",
        "tags": {
          "name": "Anglian Tower",
          "wikidata": "Q4763423",
          "historic": "tower",
          "heritage": "2",
          "listed_status": "grade i",
          "wikipedia": "en:Anglian Tower",
          "addr:city": "York"
        },
        "sitelinks": 3
      }
    },
    {
      "type": "Feature",
      "geometry": {
        "type": "Point",
        "coordinates": [
          -1.1325,
          53.925
        ]
      },
      "properties": {
        "id": "osm:wikidata:4807193",
        "source": "osm",
        "title": "Askham Bog",
        "address": "York",
        "description": "",
        "categories": [
          "historical",
          "architecture"
        ],
        "primary_category": "historical",
        "interest_score": 88,
        "website": "",
        "wikipedia": "en:Askham Bog",
        "wikidata": "Q4807193",
        "source_url": "https://www.wikidata.org/wiki/Q4807193",
        "fetched_at_utc": "2026-10-07T09:50:34+00:00",
        "query_key": "heritage_sites",
        "tags": {
          "name": "Askham Bog",
          "wikidata": "Q4807193",
          "heritage": "2",
          "historic": "building",
          "wikipedia": "en:Askham Bog",
          "addr:city": "York"
        },
        "sitelinks": 1
      }
    },
    {
      "type": "Feature",
      "geometry": {
        "type": "Point",
        "coordinates": [
          -1.080873,
          53.958404
        ]
      },
      "properties": {
        "id": "osm:wikidata:26548446",
        "source": "osm",
        "title": "Barclays Bank",
        "address": "York",
        "description": "",
        "categories": [
          "historical",
          "architecture"
        ],
        "primary_category": "historical",
        "interest_score": 88,
        "website": "",
        "wikipedia": "en:Barclays Bank, York",
        "wikidata": "Q26548446",
        "source_url": "https://www.wikidata.org/wiki/Q26548446",
        "fetched_at_utc": "2026-10-07T09:50:34+00:00",
        "query_key": "heritage_sites",
        "tags": {
          "name": "Barclays Bank",
          "wikidata": "Q26548446",
          "heritage": "2",
          "historic": "building",
          "listed_status": "grade ii",
          "wikipedia": "en:Barclays Bank, York",
          "addr:city": "York"
        },
        "sitelinks": 1
      }
    },
    {
      "type": "Feature",
      "geometry": {
        "type": "Point",
        "coordinates": [
          -1.08272,
          53.9609
        ]
      },
      "properties": {
        "id": "osm:wikidata:4861158",
        "source": "osm",
        "title": "Barley Hall",
        "address": "2a Coffee Yard, York",
        "description": "",
        "categories": [
          "historical",
          "architecture"
        ],
        "primary_category": "historical",
        "interest_score": 88,
        "website": "",
        "wikipedia": "en:Barley Hall",
        "wikidata": "Q4861158",
        "source_url": "https://www.wikidata.org/wiki/Q4861158",
        "fetched_at_utc": "2026-10-07T09:50:34+00:00",
        "query_key": "heritage_sites",
        "tags": {
          "name": "Barley Hall",
          "wikidata": "Q4861158",
          "heritage": "2",
          "historic": "building",
          "listed_status": "grade ii",
          "wikipedia": "en:Barley Hall",
          "addr:street": "2a Coffee Yard",
          "addr:city": "York"
        },
        "sitelinks": 2
      }
    },
    {
      "type": "Feature",
      "geometry": {
        "type": "Point",
        "coordinates": [
          -1.08904,
          53.9571
        ]
      },
      "properties": {
        "id": "osm:wikidata:17549696",
        "source": "osm",
        "title": "Bathurst House",
        "address": "York",
        "description": "",
        "categories": [
          "historical",
          "architecture"
        ],
        "primary_category": "historical",
        "interest_score": 88,
        "website": "",
        "wikipedia": "en:Bathurst House",
        "wikidata": "Q17549696",
        "source_url": "https://www.wikidata.org/wiki/Q17549696",
        "fetched_at_utc": "2026-10-07T09:50:34+00:00",
        "query_key": "heritage_sites",
        "tags": {
          "name": "Bathurst House",
          "wikidata": "Q17549696",
          "heritage": "2",
          "historic": "building",
          "listed_status": "grade ii*",
          "wikipedia": "en:Bathurst House",
          "addr:city": "York"
        },
        "sitelinks": 1
      }
    },
    {
      "type": "Feature",
      "geometry": {
        "type": "Point",
        "coordinates": [
          -1.093159,
          53.95412
        ]
      },
      "properties": {
        "id": "osm:wikidata:26550607",
        "source": "osm",
        "title": "Bay Horse Inn",
        "address": "York",
        "description": "",
        "categories": [
          "historical",
          "architecture"
        ],
        "primary_category": "historical",
        "interest_score": 88,
        "website": "",
        "wikipedia": "en:Bay Horse, Blossom Street",
        "wikidata": "Q26550607",
        "source_url": "https://www.wikidata.org/wiki/Q26550607",
        "fetched_at_utc": "2026-10-07T09:50:34+00:00",
        "query_key": "heritage_sites",
        "tags": {
          "name": "Bay Horse Inn",
          "wikidata": "Q26550607",
          "amenity": "pub",
          "heritage": "2",
          "historic": "building",
          "listed_status": "grade ii",
          "wikipedia": "en:Bay Horse, Blossom Street",
          "addr:city": "York"
        },
        "sitelinks": 1
      }
    },
    {
      "type": "Feature",
      "geometry": {
        "type": "Point",
        "coordinates": [
          -1.10318,
          53.9487
        ]
      },
      "properties": {
        "id": "osm:wikidata:17549546",
        "source": "osm",
        "title": "Bishopsbarns",
        "address": "York",
        "description": "",
        "categories": [
          "historical",
          "architecture"
        ],
        "primary_category": "historical",
        "interest_score": 88,
        "website": "",
        "wikipedia": "en:Bishopsbarns",
        "wikidata": "Q17549546",
        "source_url": "https://www.wikidata.org/wiki/Q17549546",
        "fetched_at_utc": "2026-10-07T09:50:34+00:00",
        "query_key": "heritage_sites",
        "tags": {
          "name": "Bishopsbarns",
          "wikidata": "Q17549546",
          "heritage": "2",
          "historic": "building",
          "listed_status": "grade ii*",
          "wikipedia": "en:Bishopsbarns",
          "addr:city": "York"
        },
        "sitelinks": 1
      }
    },
    {
      "type": "Feature",
      "geometry": {
        "type": "Point",
        "coordinates": [
          -1.081245,
          53.957423
        ]
      },
      "properties": {
        "id": "osm:wikidata:26550457",
        "source": "osm",
        "title": "Blue Boar",
        "address": "York",
        "description": "",
        "categories": [
          "historical",
          "architecture"
        ],
        "primary_category": "historical",
        "interest_score": 88,
        "website": "",
        "wikipedia": "en:Blue Boar, York",
        "wikidata": "Q26550457",
        "source_url": "https://www.wikidata.org/wiki/Q26550457",
        "fetched_at_utc": "2026-10-07T09:50:34+00:00",
        "query_key": "heritage_sites",
        "tags": {
          "name": "Blue Boar",
          "wikidata": "Q26550457",
          "amenity": "pub",
          "heritage": "2",
          "historic": "building",
          "listed_status": "grade ii",
          "wikipedia": "en:Blue Boar, York",
          "addr:city": "York"
        },
        "sitelinks": 1
      }
    },
    {
      "type": "Feature",
      "geometry": {
        "type": "Point",
        "coordinates": [
          -1.082162,
          53.954549
        ]
      },
      "properties": {
        "id": "osm:wikidata:26548118",
        "source": "osm",
        "title": "Bonding Warehouse",
        "address": "York",
        "description": "",
        "categories": [
          "historical",
          "architecture"
        ],
        "primary_category": "historical",
        "interest_score": 88,
        "website": "",
        "wikipedia": "en:Bonding Warehouse",
        "wikidata": "Q26548118",
        "source_url": "https://www.wikidata.org/wiki/Q26548118",
        "fetched_at_utc": "2026-10-07T09:50:34+00:00",
        "query_key": "heritage_sites",
        "tags": {
          "name": "Bonding Warehouse",
          "wikidata": "Q26548118",
          "heritage": "2",
          "historic": "building",
          "listed_status": "grade ii",
          "wikipedia": "en:Bonding Warehouse",
          "start_date": "1875",
          "addr:city": "York"
        },
        "sitelinks": 1
      }
    },
    {
      "type": "Feature",
      "geometry": {
        "type": "Point",
        "coordinates": [
          -1.088231,
          53.96415
        ]
      },
      "properties": {
        "id": "osm:wikidata:26550551",
        "source": "osm",
        "title": "Bootham Lodge",
        "address": "York",
        "description": "",
        "categories": [
          "historical",
          "architecture"
        ],
        "primary_category": "historical",
        "interest_score": 88,
        "website": "",
        "wikipedia": "en:Bootham Lodge",
        "wikidata": "Q26550551",
        "source_url": "https://www.wikidata.org/wiki/Q26550551",
        "fetched_at_utc": "2026-10-07T09:50:34+00:00",
        "query_key": "heritage_sites",
        "tags": {
          "name": "Bootham Lodge",
          "wikidata": "Q26550551",
          "heritage": "2",
          "historic": "building",
          "listed_status": "grade ii",
          "wikipedia": "en:Bootham Lodge",
          "addr:city": "York"
        },
        "sitelinks": 1
      }
    },
    {
      "type": "Feature",
      "geometry": {
        "type": "Point",
        "coordinates": [
          -1.07272,
          53.9557
        ]
      },
      "properties": {
        "id": "osm:wikidata:107472732",
        "source": "osm",
        "title": "Bowes Morrell House",
        "address": "York",
        "description": "One of the best examples of a late 14th century timber-framed house of unusual plan, of which there is no known parallel in the city. Acquired by York Conservation Trust in 2004 and restored by them, it is named after John Bowes Morrell (1873-1963), co-fo",
        "categories": [
          "architecture",
          "historical",
          "memorial"
        ],
        "primary_category": "historical",
        "interest_score": 88,
        "website": "",
        "wikipedia": "en:Bowes Morrell House",
        "wikidata": "Q107472732",
        "source_url": "https://www.wikidata.org/wiki/Q107472732",
        "fetched_at_utc": "2026-10-07T09:50:34+00:00",
        "query_key": "heritage_sites",
        "tags": {
          "name": "Bowes Morrell House",
          "wikidata": "Q107472732",
          "historic": "building",
          "heritage": "2",
          "listed_status": "grade ii*",
          "wikipedia": "en:Bowes Morrell House",
          "addr:city": "York"
        },
        "sitelinks": 1
      }
    },
    {
      "type": "Feature",
      "geometry": {
        "type": "Point",
        "coordinates": [
          -1.08062,
          53.9567
        ]
      },
      "properties": {
        "id": "osm:wikidata:17530658",
        "source": "osm",
        "title": "Castlegate House",
        "address": "York",
        "description": "",
        "categories": [
          "historical",
          "architecture"
        ],
        "primary_category": "historical",
        "interest_score": 88,
        "website": "",
        "wikipedia": "en:Castlegate House",
        "wikidata": "Q17530658",
        "source_url": "https://www.wikidata.org/wiki/Q17530658",
        "fetched_at_utc": "2026-10-07T09:50:34+00:00",
        "query_key": "heritage_sites",
        "tags": {
          "name": "Castlegate House",
          "wikidata": "Q17530658",
          "heritage": "2",
          "historic": "building",
          "listed_status": "grade i",
          "wikipedia": "en:Castlegate House",
          "addr:city": "York"
        },
        "sitelinks": 1
      }
    },
    {
      "type": "Feature",
      "geometry": {
        "type": "Point",
        "coordinates": [
          -1.08619,
          53.9586
        ]
      },
      "properties": {
        "id": "osm:wikidata:17549617",
        "source": "osm",
        "title": "Church Cottages",
        "address": "York",
        "description": "",
        "categories": [
          "historical",
          "architecture"
        ],
        "primary_category": "historical",
        "interest_score": 88,
        "website": "",
        "wikipedia": "en:Church Cottages, York",
        "wikidata": "Q17549617",
        "source_url": "https://www.wikidata.org/wiki/Q17549617",
        "fetched_at_utc": "2026-10-07T09:50:34+00:00",
        "query_key": "heritage_sites",
        "tags": {
          "name": "Church Cottages",
          "wikidata": "Q17549617",
          "heritage": "2",
          "historic": "building",
          "listed_status": "grade ii*",
          "wikipedia": "en:Church Cottages, York",
          "addr:city": "York"
        },
        "sitelinks": 1
      }
    },
    {
      "type": "Feature",
      "geometry": {
        "type": "Point",
        "coordinates": [
          -1.08703,
          53.9571
        ]
      },
      "properties": {
        "id": "osm:wikidata:17530600",
        "source": "osm",
        "title": "Church of St Martin-cum-Gregory",
        "address": "York",
        "description": "",
        "categories": [
          "historical",
          "architecture"
        ],
        "primary_category": "historical",
        "interest_score": 88,
        "website": "",
        "wikipedia": "en:St Martin-cum-Gregory's Church, Micklegate, York",
        "wikidata": "Q17530600",
        "source_url": "https://www.wikidata.org/wiki/Q17530600",
        "fetched_at_utc": "2026-10-07T09:50:34+00:00",
        "query_key": "heritage_sites",
        "tags": {
          "name": "Church of St Martin-cum-Gregory",
          "wikidata": "Q17530600",
          "heritage": "2",
          "historic": "building",
          "listed_status": "grade i",
          "wikipedia": "en:St Martin-cum-Gregory's Church, Micklegate, York",
          "start_date": "1050",
          "addr:city": "York"
        },
        "sitelinks": 2
      }
    },
    {
      "type": "Feature",
      "geometry": {
        "type": "Point",
        "coordinates": [
          -1.07949,
          53.9627
        ]
      },
      "properties": {
        "id": "osm:wikidata:17549605",
        "source": "osm",
        "title": "Cromwell House",
        "address": "York",
        "description": "",
        "categories": [
          "historical",
          "architecture"
        ],
        "primary_category": "historical",
        "interest_score": 88,
        "website": "",
        "wikipedia": "en:Cromwell House (York)",
        "wikidata": "Q17549605",
        "source_url": "https://www.wikidata.org/wiki/Q17549605",
        "fetched_at_utc": "2026-10-07T09:50:34+00:00",
        "query_key": "heritage_sites",
        "tags": {
          "name": "Cromwell House",
          "wikidata": "Q17549605",
          "historic": "building",
          "heritage": "2",
          "listed_status": "grade ii*",
          "wikipedia": "en:Cromwell House (York)",
          "addr:city": "York"
        },
        "sitelinks": 1
      }
    },
    {
      "type": "Feature",
      "geometry": {
        "type": "Point",
        "coordinates": [
          -1.106663,
          53.940461
        ]
      },
      "properties": {
        "id": "osm:wikidata:26547974",
        "source": "osm",
        "title": "Cross Keys Hotel",
        "address": "York",
        "description": "",
        "categories": [
          "historical",
          "architecture"
        ],
        "primary_category": "historical",
        "interest_score": 88,
        "website": "",
        "wikipedia": "en:Cross Keys, Dringhouses",
        "wikidata": "Q26547974",
        "source_url": "https://www.wikidata.org/wiki/Q26547974",
        "fetched_at_utc": "2026-10-07T09:50:34+00:00",
        "query_key": "heritage_sites",
        "tags": {
          "name": "Cross Keys Hotel",
          "wikidata": "Q26547974",
          "amenity": "pub",
          "heritage": "2",
          "historic": "building",
          "listed_status": "grade ii",
          "wikipedia": "en:Cross Keys, Dringhouses",
          "addr:city": "York"
        },
        "sitelinks": 1
      }
    },
    {
      "type": "Feature",
      "geometry": {
        "type": "Point",
        "coordinates": [
          -1.08277,
          53.9568
        ]
      },
      "properties": {
        "id": "osm:wikidata:17530613",
        "source": "osm",
        "title": "Cumberland House",
        "address": "York",
        "description": "Erected in the early eighteenth century by Alderman William Cornwell, one time Sheriff and twice Lord Mayor of York. It appears to have been given its name in honour of the Duke of Cumberland, second son of King George II, who was given the freedom of the",
        "categories": [
          "architecture",
          "historical",
          "memorial"
        ],
        "primary_category": "historical",
        "interest_score": 88,
        "website": "",
        "wikipedia": "en:Cumberland House, York",
        "wikidata": "Q17530613",
        "source_url": "https://www.wikidata.org/wiki/Q17530613",
        "fetched_at_utc": "2026-10-07T09:50:34+00:00",
        "query_key": "heritage_sites",
        "tags": {
          "name": "Cumberland House",
          "wikidata": "Q17530613",
          "heritage": "2",
          "historic": "building",
          "listed_status": "grade i",
          "wikipedia": "en:Cumberland House, York",
          "addr:city": "York"
        },
        "sitelinks": 1
      }
    },
    {
      "type": "Feature",
      "geometry": {
        "type": "Point",
        "coordinates": [
          -1.08153,
          53.9551
        ]
      },
      "properties": {
        "id": "osm:wikidata:17549260",
        "source": "osm",
        "title": "Davy Tower",
        "address": "York",
        "description": "",
        "categories": [
          "historical",
          "architecture"
        ],
        "primary_category": "historical",
        "interest_score": 88,
        "website": "",
        "wikipedia": "en:Davy Tower",
        "wikidata": "Q17549260",
        "source_url": "https://www.wikidata.org/wiki/Q17549260",
        "fetched_at_utc": "2026-10-07T09:50:34+00:00",
        "query_key": "heritage_sites",
        "tags": {
          "name": "Davy Tower",
          "wikidata": "Q17549260",
          "heritage": "2",
          "historic": "building",
          "listed_status": "grade ii*",
          "wikipedia": "en:Davy Tower",
          "addr:city": "York"
        },
        "sitelinks": 1
      }
    },
    {
      "type": "Feature",
      "geometry": {
        "type": "Point",
        "coordinates": [
          -1.08522,
          53.9623
        ]
      },
      "properties": {
        "id": "osm:wikidata:17549526",
        "source": "osm",
        "title": "De Grey House",
        "address": "York",
        "description": "",
        "categories": [
          "historical",
          "architecture"
        ],
        "primary_category": "historical",
        "interest_score": 88,
        "website": "",
        "wikipedia": "en:De Grey House",
        "wikidata": "Q17549526",
        "source_url": "https://www.wikidata.org/wiki/Q17549526",
        "fetched_at_utc": "2026-10-07T09:50:34+00:00",
        "query_key": "heritage_sites",
        "tags": {
          "name": "De Grey House",
          "wikidata": "Q17549526",
          "heritage": "2",
          "historic": "building",
          "listed_status": "grade ii*",
          "wikipedia": "en:De Grey House",
          "addr:city": "York"
        },
        "sitelinks": 1
      }
    },
    {
      "type": "Feature",
      "geometry": {
        "type": "Point",
        "coordinates": [
          -1.08522,
          53.9624
        ]
      },
      "properties": {
        "id": "osm:wikidata:17549531",
        "source": "osm",
        "title": "De Grey Rooms",
        "address": "York",
        "description": "",
        "categories": [
          "historical",
          "architecture"
        ],
        "primary_category": "historical",
        "interest_score": 88,
        "website": "",
        "wikipedia": "en:De Grey Rooms",
        "wikidata": "Q17549531",
        "source_url": "https://www.wikidata.org/wiki/Q17549531",
        "fetched_at_utc": "2026-10-07T09:50:34+00:00",
        "query_key": "heritage_sites",
        "tags": {
          "name": "De Grey Rooms",
          "wikidata": "Q17549531",
          "heritage": "2",
          "historic": "building",
          "listed_status": "grade ii*",
          "wikipedia": "en:De Grey Rooms",
          "addr:city": "York"
        },
        "sitelinks": 1
      }
    },
    {
      "type": "Feature",
      "geometry": {
        "type": "Point",
        "coordinates": [
          -1.048,
          53.9466
        ]
      },
      "properties": {
        "id": "osm:wikidata:5263325",
        "source": "osm",
        "title": "Derwent College",
        "address": "York",
        "description": "",
        "categories": [
          "historical",
          "architecture"
        ],
        "primary_category": "historical",
        "interest_score": 88,
        "website": "",
        "wikipedia": "en:Derwent College, York",
        "wikidata": "Q5263325",
        "source_url": "https://www.wikidata.org/wiki/Q5263325",
        "fetched_at_utc": "2026-10-07T09:50:34+00:00",
        "query_key": "heritage_sites",
        "tags": {
          "name": "Derwent College",
          "wikidata": "Q5263325",
          "heritage": "2",
          "historic": "building",
          "listed_status": "grade ii",
          "wikipedia": "en:Derwent College, York",
          "addr:city": "York"
        },
        "sitelinks": 1
      }
    },
    {
      "type": "Feature",
      "geometry": {
        "type": "Point",
        "coordinates": [
          -1.077748,
          53.957742
        ]
      },
      "properties": {
        "id": "osm:wikidata:26547914",
        "source": "osm",
        "title": "Dorothy Wilson's Hospital",
        "address": "York",
        "description": "",
        "categories": [
          "historical",
          "architecture"
        ],
        "primary_category": "historical",
        "interest_score": 88,
        "website": "",
        "wikipedia": "en:Dorothy Wilson's Hospital",
        "wikidata": "Q26547914",
        "source_url": "https://www.wikidata.org/wiki/Q26547914",
        "fetched_at_utc": "2026-10-07T09:50:34+00:00",
        "query_key": "heritage_sites",
        "tags": {
          "name": "Dorothy Wilson's Hospital",
          "wikidata": "Q26547914",
          "historic": "building",
          "heritage": "2",
          "listed_status": "grade ii",
          "wikipedia": "en:Dorothy Wilson's Hospital",
          "addr:city": "York"
        },
        "sitelinks": 2
      }
    },
    {
      "type": "Feature",
      "geometry": {
        "type": "Point",
        "coordinates": [
          -1.08467,
          53.9624
        ]
      },
      "properties": {
        "id": "osm:wikidata:17549881",
        "source": "osm",
        "title": "Eagle & Child",
        "address": "York",
        "description": "",
        "categories": [
          "historical",
          "architecture"
        ],
        "primary_category": "historical",
        "interest_score": 88,
        "website": "",
        "wikipedia": "en:Eagle & Child, York",
        "wikidata": "Q17549881",
        "source_url": "https://www.wikidata.org/wiki/Q17549881",
        "fetched_at_utc": "2026-10-07T09:50:34+00:00",
        "query_key": "heritage_sites",
        "tags": {
          "name": "Eagle & Child",
          "wikidata": "Q17549881",
          "amenity": "pub",
          "historic": "building",
          "heritage": "2",
          "listed_status": "grade ii*",
          "wikipedia": "en:Eagle & Child, York",
          "addr:city": "York"
        },
        "sitelinks": 1
      }
    },
    {
      "type": "Feature",
      "geometry": {
        "type": "Point",
        "coordinates": [
          -1.078536,
          53.958392
        ]
      },
      "properties": {
        "id": "osm:wikidata:26549138",
        "source": "osm",
        "title": "Electric Cinema",
        "address": "19-22 Fossgate, York, YO1 9TA, England, York",
        "description": "",
        "categories": [
          "historical",
          "architecture"
        ],
        "primary_category": "historical",
        "interest_score": 88,
        "website": "",
        "wikipedia": "en:Electric Cinema, York",
        "wikidata": "Q26549138",
        "source_url": "https://www.wikidata.org/wiki/Q26549138",
        "fetched_at_utc": "2026-10-07T09:50:34+00:00",
        "query_key": "heritage_sites",
        "tags": {
          "name": "Electric Cinema",
          "wikidata": "Q26549138",
          "heritage": "2",
          "historic": "building",
          "listed_status": "grade ii",
          "wikipedia": "en:Electric Cinema, York",
          "addr:street": "19-22 Fossgate, York, YO1 9TA, England",
          "addr:city": "York"
        },
        "sitelinks": 1
      }
    },
    {
      "type": "Feature",
      "geometry": {
        "type": "Point",
        "coordinates": [
          -1.09858,
          53.951
        ]
      },
      "properties": {
        "id": "osm:wikidata:17549267",
        "source": "osm",
        "title": "Elm Bank Hotel",
        "address": "York",
        "description": "",
        "categories": [
          "historical",
          "architecture"
        ],
        "primary_category": "historical",
        "interest_score": 88,
        "website": "",
        "wikipedia": "en:Elmbank Hotel",
        "wikidata": "Q17549267",
        "source_url": "https://www.wikidata.org/wiki/Q17549267",
        "fetched_at_utc": "2026-10-07T09:50:34+00:00",
        "query_key": "heritage_sites",
        "tags": {
          "name": "Elm Bank Hotel",
          "wikidata": "Q17549267",
          "heritage": "2",
          "historic": "building",
          "listed_status": "grade ii*",
          "wikipedia": "en:Elmbank Hotel",
          "addr:city": "York"
        },
        "sitelinks": 1
      }
    },
    {
      "type": "Feature",
      "geometry": {
        "type": "Point",
        "coordinates": [
          -1.098025,
          53.953115
        ]
      },
      "properties": {
        "id": "osm:wikidata:26677189",
        "source": "osm",
        "title": "English Martyrs Church",
        "address": "York",
        "description": "",
        "categories": [
          "historical",
          "architecture"
        ],
        "primary_category": "historical",
        "interest_score": 88,
        "website": "",
        "wikipedia": "en:English Martyrs Church, York",
        "wikidata": "Q26677189",
        "source_url": "https://www.wikidata.org/wiki/Q26677189",
        "fetched_at_utc": "2026-10-07T09:50:34+00:00",
        "query_key": "heritage_sites",
        "tags": {
          "name": "English Martyrs Church",
          "wikidata": "Q26677189",
          "heritage": "2",
          "historic": "building",
          "listed_status": "grade ii",
          "wikipedia": "en:English Martyrs Church, York",
          "addr:city": "York"
        },
        "sitelinks": 1
      }
    },
    {
      "type": "Feature",
      "geometry": {
        "type": "Point",
        "coordinates": [
          -1.09312,
          53.954826
        ]
      },
      "properties": {
        "id": "osm:wikidata:26550610",
        "source": "osm",
        "title": "Everyman York",
        "address": "Blossom Street, York, YO24 1AJ, England, York",
        "description": "",
        "categories": [
          "historical",
          "architecture"
        ],
        "primary_category": "historical",
        "interest_score": 88,
        "website": "",
        "wikipedia": "en:Odeon Cinema, York",
        "wikidata": "Q26550610",
        "source_url": "https://www.wikidata.org/wiki/Q26550610",
        "fetched_at_utc": "2026-10-07T09:50:34+00:00",
        "query_key": "heritage_sites",
        "tags": {
          "name": "Everyman York",
          "wikidata": "Q26550610",
          "heritage": "2",
          "historic": "building",
          "listed_status": "grade ii",
          "wikipedia": "en:Odeon Cinema, York",
          "addr:street": "Blossom Street, York, YO24 1AJ, England",
          "addr:city": "York"
        },
        "sitelinks": 1
      }
    },
    {
      "type": "Feature",
      "geometry": {
        "type": "Point",
        "coordinates": [
          -1.085583,
          53.963249
        ]
      },
      "properties": {
        "id": "osm:wikidata:26550583",
        "source": "osm",
        "title": "Exhibition Hotel",
        "address": "York",
        "description": "",
        "categories": [
          "historical",
          "architecture"
        ],
        "primary_category": "historical",
        "interest_score": 88,
        "website": "",
        "wikipedia": "en:The Exhibition, York",
        "wikidata": "Q26550583",
        "source_url": "https://www.wikidata.org/wiki/Q26550583",
        "fetched_at_utc": "2026-10-07T09:50:34+00:00",
        "query_key": "heritage_sites",
        "tags": {
          "name": "Exhibition Hotel",
          "wikidata": "Q26550583",
          "amenity": "pub",
          "heritage": "2",
          "historic": "building",
          "listed_status": "grade ii",
          "wikipedia": "en:The Exhibition, York",
          "addr:city": "York"
        },
        "sitelinks": 1
      }
    },
    {
      "type": "Feature",
      "geometry": {
        "type": "Point",
        "coordinates": [
          -1.08006,
          53.9568
        ]
      },
      "properties": {
        "id": "osm:wikidata:15978988",
        "source": "osm",
        "title": "Fairfax House",
        "address": "York",
        "description": "",
        "categories": [
          "historical",
          "architecture"
        ],
        "primary_category": "historical",
        "interest_score": 88,
        "website": "",
        "wikipedia": "en:Fairfax House",
        "wikidata": "Q15978988",
        "source_url": "https://www.wikidata.org/wiki/Q15978988",
        "fetched_at_utc": "2026-10-07T09:50:34+00:00",
        "query_key": "heritage_sites",
        "tags": {
          "name": "Fairfax House",
          "wikidata": "Q15978988",
          "historic": "building",
          "heritage": "2",
          "listed_status": "grade i",
          "wikipedia": "en:Fairfax House",
          "addr:city": "York"
        },
        "sitelinks": 4
      }
    },
    {
      "type": "Feature",
      "geometry": {
        "type": "Point",
        "coordinates": [
          -1.07824,
          53.9555
        ]
      },
      "properties": {
        "id": "osm:wikidata:85760741",
        "source": "osm",
        "title": "Female Prison",
        "address": "York",
        "description": "",
        "categories": [
          "historical",
          "architecture"
        ],
        "primary_category": "historical",
        "interest_score": 88,
        "website": "",
        "wikipedia": "en:Female Prison, York",
        "wikidata": "Q85760741",
        "source_url": "https://www.wikidata.org/wiki/Q85760741",
        "fetched_at_utc": "2026-10-07T09:50:34+00:00",
        "query_key": "heritage_sites",
        "tags": {
          "name": "Female Prison",
          "wikidata": "Q85760741",
          "heritage": "2",
          "historic": "building",
          "listed_status": "grade i",
          "wikipedia": "en:Female Prison, York",
          "addr:city": "York"
        },
        "sitelinks": 1
      }
    },
    {
      "type": "Feature",
      "geometry": {
        "type": "Point",
        "coordinates": [
          -1.08461,
          53.9627
        ]
      },
      "properties": {
        "id": "osm:wikidata:17549561",
        "source": "osm",
        "title": "Fenton House",
        "address": "York",
        "description": "",
        "categories": [
          "historical",
          "architecture"
        ],
        "primary_category": "historical",
        "interest_score": 88,
        "website": "",
        "wikipedia": "en:Fenton House, York",
        "wikidata": "Q17549561",
        "source_url": "https://www.wikidata.org/wiki/Q17549561",
        "fetched_at_utc": "2026-10-07T09:50:34+00:00",
        "query_key": "heritage_sites",
        "tags": {
          "name": "Fenton House",
          "wikidata": "Q17549561",
          "historic": "building",
          "heritage": "2",
          "listed_status": "grade ii*",
          "wikipedia": "en:Fenton House, York",
          "addr:city": "York"
        },
        "sitelinks": 1
      }
    },
    {
      "type": "Feature",
      "geometry": {
        "type": "Point",
        "coordinates": [
          -1.075563,
          53.951811
        ]
      },
      "properties": {
        "id": "osm:wikidata:26549162",
        "source": "osm",
        "title": "Fishergate County Primary School",
        "address": "York",
        "description": "",
        "categories": [
          "historical",
          "architecture"
        ],
        "primary_category": "historical",
        "interest_score": 88,
        "website": "",
        "wikipedia": "en:Fishergate Primary School",
        "wikidata": "Q26549162",
        "source_url": "https://www.wikidata.org/wiki/Q26549162",
        "fetched_at_utc": "2026-10-07T09:50:34+00:00",
        "query_key": "heritage_sites",
        "tags": {
          "name": "Fishergate County Primary School",
          "wikidata": "Q26549162",
          "heritage": "2",
          "historic": "building",
          "listed_status": "grade ii",
          "wikipedia": "en:Fishergate Primary School",
          "addr:city": "York"
        },
        "sitelinks": 1
      }
    },
    {
      "type": "Feature",
      "geometry": {
        "type": "Point",
        "coordinates": [
          -1.08783,
          53.9575
        ]
      },
      "properties": {
        "id": "osm:wikidata:17530606",
        "source": "osm",
        "title": "Garforth House",
        "address": "York",
        "description": "",
        "categories": [
          "historical",
          "architecture"
        ],
        "primary_category": "historical",
        "interest_score": 88,
        "website": "",
        "wikipedia": "en:Garforth House",
        "wikidata": "Q17530606",
        "source_url": "https://www.wikidata.org/wiki/Q17530606",
        "fetched_at_utc": "2026-10-07T09:50:34+00:00",
        "query_key": "heritage_sites",
        "tags": {
          "name": "Garforth House",
          "wikidata": "Q17530606",
          "heritage": "2",
          "historic": "building",
          "listed_status": "grade i",
          "wikipedia": "en:Garforth House",
          "addr:city": "York"
        },
        "sitelinks": 1
      }
    },
    {
      "type": "Feature",
      "geometry": {
        "type": "Point",
        "coordinates": [
          -1.07967,
          53.9587
        ]
      },
      "properties": {
        "id": "osm:wikidata:5579404",
        "source": "osm",
        "title": "Golden Fleece Inn",
        "address": "York",
        "description": "",
        "categories": [
          "historical",
          "architecture"
        ],
        "primary_category": "historical",
        "interest_score": 88,
        "website": "",
        "wikipedia": "en:Golden Fleece, York",
        "wikidata": "Q5579404",
        "source_url": "https://www.wikidata.org/wiki/Q5579404",
        "fetched_at_utc": "2026-10-07T09:50:34+00:00",
        "query_key": "heritage_sites",
        "tags": {
          "name": "Golden Fleece Inn",
          "wikidata": "Q5579404",
          "amenity": "pub",
          "heritage": "2",
          "historic": "building",
          "listed_status": "grade ii",
          "wikipedia": "en:Golden Fleece, York",
          "addr:city": "York"
        },
        "sitelinks": 2
      }
    },
    {
      "type": "Feature",
      "geometry": {
        "type": "Point",
        "coordinates": [
          -1.08071,
          53.9633
        ]
      },
      "properties": {
        "id": "osm:wikidata:5598345",
        "source": "osm",
        "title": "Grays Court",
        "address": "York",
        "description": "",
        "categories": [
          "historical",
          "architecture"
        ],
        "primary_category": "historical",
        "interest_score": 88,
        "website": "",
        "wikipedia": "en:Grays Court, York",
        "wikidata": "Q5598345",
        "source_url": "https://www.wikidata.org/wiki/Q5598345",
        "fetched_at_utc": "2026-10-07T09:50:34+00:00",
        "query_key": "heritage_sites",
        "tags": {
          "name": "Grays Court",
          "wikidata": "Q5598345",
          "heritage": "2",
          "historic": "building",
          "listed_status": "grade i",
          "wikipedia": "en:Grays Court, York",
          "addr:city": "York"
        },
        "sitelinks": 1
      }
    },
    {
      "type": "Feature",
      "geometry": {
        "type": "Point",
        "coordinates": [
          -1.0632407,
          53.9494061
        ]
      },
      "properties": {
        "id": "osm:wikidata:136190224",
        "source": "osm",
        "title": "Grounds associated with the Retreat",
        "address": "107 Heslington Road, York, YO10 5 BN, York",
        "description": "",
        "categories": [
          "historical",
          "architecture",
          "natural",
          "garden"
        ],
        "primary_category": "historical",
        "interest_score": 88,
        "website": "",
        "wikipedia": "",
        "wikidata": "Q136190224",
        "source_url": "https://www.wikidata.org/wiki/Q136190224",
        "fetched_at_utc": "2026-10-07T09:50:34+00:00",
        "query_key": "heritage_sites",
        "tags": {
          "name": "Grounds associated with the Retreat",
          "wikidata": "Q136190224",
          "leisure": "garden",
          "heritage": "2",
          "historic": "building",
          "addr:street": "107 Heslington Road, York, YO10 5 BN",
          "addr:city": "York"
        },
        "sitelinks": 0
      }
    },
    {
      "type": "Feature",
      "geometry": {
        "type": "Point",
        "coordinates": [
          -1.084858,
          53.960196
        ]
      },
      "properties": {
        "id": "osm:wikidata:26548236",
        "source": "osm",
        "title": "Harkers",
        "address": "York",
        "description": "",
        "categories": [
          "historical",
          "architecture"
        ],
        "primary_category": "historical",
        "interest_score": 88,
        "website": "",
        "wikipedia": "en:Harkers, York",
        "wikidata": "Q26548236",
        "source_url": "https://www.wikidata.org/wiki/Q26548236",
        "fetched_at_utc": "2026-10-07T09:50:34+00:00",
        "query_key": "heritage_sites",
        "tags": {
          "name": "Harkers",
          "wikidata": "Q26548236",
          "amenity": "pub",
          "heritage": "2",
          "historic": "building",
          "listed_status": "grade ii",
          "wikipedia": "en:Harkers, York",
          "addr:city": "York"
        },
        "sitelinks": 1
      }
    },
    {
      "type": "Feature",
      "geometry": {
        "type": "Point",
        "coordinates": [
          -1.04694,
          53.9458
        ]
      },
      "properties": {
        "id": "osm:wikidata:5745748",
        "source": "osm",
        "title": "Heslington Hall",
        "address": "York",
        "description": "",
        "categories": [
          "historical",
          "architecture"
        ],
        "primary_category": "historical",
        "interest_score": 88,
        "website": "",
        "wikipedia": "en:Heslington Hall",
        "wikidata": "Q5745748",
        "source_url": "https://www.wikidata.org/wiki/Q5745748",
        "fetched_at_utc": "2026-10-07T09:50:34+00:00",
        "query_key": "heritage_sites",
        "tags": {
          "name": "Heslington Hall",
          "wikidata": "Q5745748",
          "heritage": "2",
          "historic": "building",
          "listed_status": "grade ii*",
          "wikipedia": "en:Heslington Hall",
          "addr:city": "York"
        },
        "sitelinks": 4
      }
    },
    {
      "type": "Feature",
      "geometry": {
        "type": "Point",
        "coordinates": [
          -1.1062,
          53.9549
        ]
      },
      "properties": {
        "id": "osm:wikidata:17549846",
        "source": "osm",
        "title": "Holgate House",
        "address": "York",
        "description": "",
        "categories": [
          "historical",
          "architecture"
        ],
        "primary_category": "historical",
        "interest_score": 88,
        "website": "",
        "wikipedia": "en:Holgate House",
        "wikidata": "Q17549846",
        "source_url": "https://www.wikidata.org/wiki/Q17549846",
        "fetched_at_utc": "2026-10-07T09:50:34+00:00",
        "query_key": "heritage_sites",
        "tags": {
          "name": "Holgate House",
          "wikidata": "Q17549846",
          "historic": "building",
          "heritage": "2",
          "listed_status": "grade ii*",
          "wikipedia": "en:Holgate House",
          "start_date": "1775",
          "addr:city": "York"
        },
        "sitelinks": 1
      }
    },
    {
      "type": "Feature",
      "geometry": {
        "type": "Point",
        "coordinates": [
          -1.1113,
          53.9561
        ]
      },
      "properties": {
        "id": "osm:wikidata:5880199",
        "source": "osm",
        "title": "Holgate Windmill",
        "address": "York",
        "description": "",
        "categories": [
          "historical",
          "architecture"
        ],
        "primary_category": "historical",
        "interest_score": 88,
        "website": "",
        "wikipedia": "en:Holgate Windmill",
        "wikidata": "Q5880199",
        "source_url": "https://www.wikidata.org/wiki/Q5880199",
        "fetched_at_utc": "2026-10-07T09:50:34+00:00",
        "query_key": "heritage_sites",
        "tags": {
          "name": "Holgate Windmill",
          "wikidata": "Q5880199",
          "heritage": "2",
          "historic": "building",
          "listed_status": "grade ii",
          "wikipedia": "en:Holgate Windmill",
          "addr:city": "York"
        },
        "sitelinks": 3
      }
    },
    {
      "type": "Feature",
      "geometry": {
        "type": "Point",
        "coordinates": [
          -1.0902928,
          53.9653866
        ]
      },
      "properties": {
        "id": "osm:wikidata:15228684",
        "source": "osm",
        "title": "Ingram House",
        "address": "York",
        "description": "",
        "categories": [
          "historical",
          "architecture"
        ],
        "primary_category": "historical",
        "interest_score": 88,
        "website": "",
        "wikipedia": "en:Ingram House",
        "wikidata": "Q15228684",
        "source_url": "https://www.wikidata.org/wiki/Q15228684",
        "fetched_at_utc": "2026-10-07T09:50:34+00:00",
        "query_key": "heritage_sites",
        "tags": {
          "name": "Ingram House",
          "wikidata": "Q15228684",
          "heritage": "2",
          "historic": "building",
          "listed_status": "grade ii*",
          "wikipedia": "en:Ingram House",
          "addr:city": "York"
        },
        "sitelinks": 2
      }
    },
    {
      "type": "Feature",
      "geometry": {
        "type": "Point",
        "coordinates": [
          -1.08851,
          53.9568
        ]
      },
      "properties": {
        "id": "osm:wikidata:17530538",
        "source": "osm",
        "title": "Jacobs Well",
        "address": "5 Trinity Lane, York, England. YO1 6LL, York",
        "description": "",
        "categories": [
          "historical",
          "architecture"
        ],
        "primary_category": "historical",
        "interest_score": 88,
        "website": "",
        "wikipedia": "en:Jacobs Well, York",
        "wikidata": "Q17530538",
        "source_url": "https://www.wikidata.org/wiki/Q17530538",
        "fetched_at_utc": "2026-10-07T09:50:34+00:00",
        "query_key": "heritage_sites",
        "tags": {
          "name": "Jacobs Well",
          "wikidata": "Q17530538",
          "heritage": "2",
          "historic": "building",
          "listed_status": "grade i",
          "wikipedia": "en:Jacobs Well, York",
          "addr:street": "5 Trinity Lane, York, England. YO1 6LL",
          "addr:city": "York"
        },
        "sitelinks": 1
      }
    },
    {
      "type": "Feature",
      "geometry": {
        "type": "Point",
        "coordinates": [
          -1.08383,
          53.95925
        ]
      },
      "properties": {
        "id": "osm:wikidata:122900183",
        "source": "osm",
        "title": "Judges Court",
        "address": "York",
        "description": "",
        "categories": [
          "historical",
          "architecture"
        ],
        "primary_category": "historical",
        "interest_score": 88,
        "website": "",
        "wikipedia": "en:Judges Court",
        "wikidata": "Q122900183",
        "source_url": "https://www.wikidata.org/wiki/Q122900183",
        "fetched_at_utc": "2026-10-07T09:50:34+00:00",
        "query_key": "heritage_sites",
        "tags": {
          "name": "Judges Court",
          "wikidata": "Q122900183",
          "heritage": "2",
          "historic": "building",
          "wikipedia": "en:Judges Court",
          "start_date": "1700",
          "addr:city": "York"
        },
        "sitelinks": 1
      }
    },
    {
      "type": "Feature",
      "geometry": {
        "type": "Point",
        "coordinates": [
          -1.0853,
          53.9606
        ]
      },
      "properties": {
        "id": "osm:wikidata:6302730",
        "source": "osm",
        "title": "Judges Lodgings",
        "address": "York",
        "description": "",
        "categories": [
          "historical",
          "architecture"
        ],
        "primary_category": "historical",
        "interest_score": 88,
        "website": "",
        "wikipedia": "en:Judges' Lodgings, York",
        "wikidata": "Q6302730",
        "source_url": "https://www.wikidata.org/wiki/Q6302730",
        "fetched_at_utc": "2026-10-07T09:50:34+00:00",
        "query_key": "heritage_sites",
        "tags": {
          "name": "Judges Lodgings",
          "wikidata": "Q6302730",
          "heritage": "2",
          "historic": "building",
          "listed_status": "grade i",
          "wikipedia": "en:Judges' Lodgings, York",
          "addr:city": "York"
        },
        "sitelinks": 1
      }
    },
    {
      "type": "Feature",
      "geometry": {
        "type": "Point",
        "coordinates": [
          -1.0865,
          53.9624
        ]
      },
      "properties": {
        "id": "osm:wikidata:6411006",
        "source": "osm",
        "title": "King's Manor",
        "address": "York",
        "description": "",
        "categories": [
          "historical",
          "architecture"
        ],
        "primary_category": "historical",
        "interest_score": 88,
        "website": "",
        "wikipedia": "en:King's Manor",
        "wikidata": "Q6411006",
        "source_url": "https://www.wikidata.org/wiki/Q6411006",
        "fetched_at_utc": "2026-10-07T09:50:34+00:00",
        "query_key": "heritage_sites",
        "tags": {
          "name": "King's Manor",
          "wikidata": "Q6411006",
          "historic": "manor",
          "heritage": "2",
          "listed_status": "grade i",
          "wikipedia": "en:King's Manor",
          "addr:city": "York"
        },
        "sitelinks": 5
      }
    },
    {
      "type": "Feature",
      "geometry": {
        "type": "Point",
        "coordinates": [
          -1.08417,
          53.9553
        ]
      },
      "properties": {
        "id": "osm:wikidata:108907102",
        "source": "osm",
        "title": "Lady Anne House",
        "address": "York",
        "description": "",
        "categories": [
          "historical",
          "architecture"
        ],
        "primary_category": "historical",
        "interest_score": 88,
        "website": "",
        "wikipedia": "en:Lady Anne House",
        "wikidata": "Q108907102",
        "source_url": "https://www.wikidata.org/wiki/Q108907102",
        "fetched_at_utc": "2026-10-07T09:50:34+00:00",
        "query_key": "heritage_sites",
        "tags": {
          "name": "Lady Anne House",
          "wikidata": "Q108907102",
          "amenity": "pub",
          "heritage": "2",
          "historic": "building",
          "listed_status": "grade ii*",
          "wikipedia": "en:Lady Anne House",
          "addr:city": "York"
        },
        "sitelinks": 2
      }
    },
    {
      "type": "Feature",
      "geometry": {
        "type": "Point",
        "coordinates": [
          -1.077222,
          53.9595
        ]
      },
      "properties": {
        "id": "osm:wikidata:26548165",
        "source": "osm",
        "title": "Lady Hewley's Almshouses",
        "address": "York",
        "description": "",
        "categories": [
          "historical",
          "architecture"
        ],
        "primary_category": "historical",
        "interest_score": 88,
        "website": "",
        "wikipedia": "en:Lady Hewley's Almshouses",
        "wikidata": "Q26548165",
        "source_url": "https://www.wikidata.org/wiki/Q26548165",
        "fetched_at_utc": "2026-10-07T09:50:34+00:00",
        "query_key": "heritage_sites",
        "tags": {
          "name": "Lady Hewley's Almshouses",
          "wikidata": "Q26548165",
          "heritage": "2",
          "historic": "building",
          "listed_status": "grade ii",
          "wikipedia": "en:Lady Hewley's Almshouses",
          "addr:city": "York"
        },
        "sitelinks": 2
      }
    },
    {
      "type": "Feature",
      "geometry": {
        "type": "Point",
        "coordinates": [
          -1.08005,
          53.9609
        ]
      },
      "properties": {
        "id": "osm:wikidata:17530622",
        "source": "osm",
        "title": "Lady Row",
        "address": "York",
        "description": "",
        "categories": [
          "historical",
          "architecture"
        ],
        "primary_category": "historical",
        "interest_score": 88,
        "website": "",
        "wikipedia": "en:Lady Row",
        "wikidata": "Q17530622",
        "source_url": "https://www.wikidata.org/wiki/Q17530622",
        "fetched_at_utc": "2026-10-07T09:50:34+00:00",
        "query_key": "heritage_sites",
        "tags": {
          "name": "Lady Row",
          "wikidata": "Q17530622",
          "heritage": "2",
          "historic": "building",
          "listed_status": "grade i",
          "wikipedia": "en:Lady Row",
          "addr:city": "York"
        },
        "sitelinks": 1
      }
    },
    {
      "type": "Feature",
      "geometry": {
        "type": "Point",
        "coordinates": [
          -1.06523,
          53.951
        ]
      },
      "properties": {
        "id": "osm:wikidata:6481692",
        "source": "osm",
        "title": "Lamel Hill (Anglo-Saxon tumulus)",
        "address": "York",
        "description": "",
        "categories": [
          "historical",
          "architecture"
        ],
        "primary_category": "historical",
        "interest_score": 88,
        "website": "",
        "wikipedia": "en:Lamel Hill",
        "wikidata": "Q6481692",
        "source_url": "https://www.wikidata.org/wiki/Q6481692",
        "fetched_at_utc": "2026-10-07T09:50:34+00:00",
        "query_key": "heritage_sites",
        "tags": {
          "name": "Lamel Hill (Anglo-Saxon tumulus)",
          "wikidata": "Q6481692",
          "heritage": "2",
          "historic": "building",
          "wikipedia": "en:Lamel Hill",
          "addr:city": "York"
        },
        "sitelinks": 2
      }
    },
    {
      "type": "Feature",
      "geometry": {
        "type": "Point",
        "coordinates": [
          -1.0496,
          53.9473
        ]
      },
      "properties": {
        "id": "osm:wikidata:6486986",
        "source": "osm",
        "title": "Langwith College",
        "address": "York",
        "description": "",
        "categories": [
          "historical",
          "architecture"
        ],
        "primary_category": "historical",
        "interest_score": 88,
        "website": "",
        "wikipedia": "en:Langwith College, York",
        "wikidata": "Q6486986",
        "source_url": "https://www.wikidata.org/wiki/Q6486986",
        "fetched_at_utc": "2026-10-07T09:50:34+00:00",
        "query_key": "heritage_sites",
        "tags": {
          "name": "Langwith College",
          "wikidata": "Q6486986",
          "heritage": "2",
          "historic": "building",
          "listed_status": "grade ii",
          "wikipedia": "en:Langwith College, York",
          "addr:city": "York"
        },
        "sitelinks": 1
      }
    },
    {
      "type": "Feature",
      "geometry": {
        "type": "Point",
        "coordinates": [
          -1.085473,
          53.95994
        ]
      },
      "properties": {
        "id": "osm:wikidata:26548823",
        "source": "osm",
        "title": "Lendal Cellars",
        "address": "York",
        "description": "",
        "categories": [
          "historical",
          "architecture"
        ],
        "primary_category": "historical",
        "interest_score": 88,
        "website": "",
        "wikipedia": "en:Lendal Cellars",
        "wikidata": "Q26548823",
        "source_url": "https://www.wikidata.org/wiki/Q26548823",
        "fetched_at_utc": "2026-10-07T09:50:34+00:00",
        "query_key": "heritage_sites",
        "tags": {
          "name": "Lendal Cellars",
          "wikidata": "Q26548823",
          "amenity": "pub",
          "heritage": "2",
          "historic": "building",
          "listed_status": "grade ii",
          "wikipedia": "en:Lendal Cellars",
          "addr:city": "York"
        },
        "sitelinks": 1
      }
    },
    {
      "type": "Feature",
      "geometry": {
        "type": "Point",
        "coordinates": [
          -1.086056,
          53.960448
        ]
      },
      "properties": {
        "id": "osm:wikidata:26548833",
        "source": "osm",
        "title": "Lendal Chapel",
        "address": "York",
        "description": "",
        "categories": [
          "historical",
          "architecture"
        ],
        "primary_category": "historical",
        "interest_score": 88,
        "website": "",
        "wikipedia": "en:Lendal Chapel",
        "wikidata": "Q26548833",
        "source_url": "https://www.wikidata.org/wiki/Q26548833",
        "fetched_at_utc": "2026-10-07T09:50:34+00:00",
        "query_key": "heritage_sites",
        "tags": {
          "name": "Lendal Chapel",
          "wikidata": "Q26548833",
          "heritage": "2",
          "historic": "building",
          "listed_status": "grade ii",
          "wikipedia": "en:Lendal Chapel",
          "addr:city": "York"
        },
        "sitelinks": 1
      }
    },
    {
      "type": "Feature",
      "geometry": {
        "type": "Point",
        "coordinates": [
          -1.08717,
          53.9603
        ]
      },
      "properties": {
        "id": "osm:wikidata:17530580",
        "source": "osm",
        "title": "Lendal Tower",
        "address": "York",
        "description": "",
        "categories": [
          "architecture",
          "historical",
          "memorial"
        ],
        "primary_category": "historical",
        "interest_score": 88,
        "website": "",
        "wikipedia": "en:Lendal Tower",
        "wikidata": "Q17530580",
        "source_url": "https://www.wikidata.org/wiki/Q17530580",
        "fetched_at_utc": "2026-10-07T09:50:34+00:00",
        "query_key": "heritage_sites",
        "tags": {
          "name": "Lendal Tower",
          "wikidata": "Q17530580",
          "historic": "tower",
          "heritage": "2",
          "listed_status": "grade i",
          "wikipedia": "en:Lendal Tower",
          "addr:city": "York"
        },
        "sitelinks": 1
      }
    },
    {
      "type": "Feature",
      "geometry": {
        "type": "Point",
        "coordinates": [
          -1.08486,
          53.9599
        ]
      },
      "properties": {
        "id": "osm:wikidata:6751751",
        "source": "osm",
        "title": "Mansion House",
        "address": "St. Helens Square, York YO1 9QL, York",
        "description": "",
        "categories": [
          "architecture",
          "historical",
          "landmark"
        ],
        "primary_category": "historical",
        "interest_score": 88,
        "website": "",
        "wikipedia": "en:Mansion House, York",
        "wikidata": "Q6751751",
        "source_url": "https://www.wikidata.org/wiki/Q6751751",
        "fetched_at_utc": "2026-10-07T09:50:34+00:00",
        "query_key": "heritage_sites",
        "tags": {
          "name": "Mansion House",
          "wikidata": "Q6751751",
          "heritage": "2",
          "historic": "building",
          "listed_status": "grade i",
          "wikipedia": "en:Mansion House, York",
          "addr:street": "St. Helens Square, York YO1 9QL",
          "addr:city": "York"
        },
        "sitelinks": 1
      }
    },
    {
      "type": "Feature",
      "geometry": {
        "type": "Point",
        "coordinates": [
          -1.083949,
          53.961331
        ]
      },
      "properties": {
        "id": "osm:wikidata:26681826",
        "source": "osm",
        "title": "Masonic Hall",
        "address": "York",
        "description": "",
        "categories": [
          "historical",
          "architecture"
        ],
        "primary_category": "historical",
        "interest_score": 88,
        "website": "",
        "wikipedia": "en:Masonic Hall, Duncombe Place",
        "wikidata": "Q26681826",
        "source_url": "https://www.wikidata.org/wiki/Q26681826",
        "fetched_at_utc": "2026-10-07T09:50:34+00:00",
        "query_key": "heritage_sites",
        "tags": {
          "name": "Masonic Hall",
          "wikidata": "Q26681826",
          "heritage": "2",
          "historic": "building",
          "listed_status": "grade ii",
          "wikipedia": "en:Masonic Hall, Duncombe Place",
          "addr:city": "York"
        },
        "sitelinks": 1
      }
    },
    {
      "type": "Feature",
      "geometry": {
        "type": "Point",
        "coordinates": [
          -1.07878,
          53.9579
        ]
      },
      "properties": {
        "id": "osm:wikidata:6818359",
        "source": "osm",
        "title": "Merchant Adventurers' Hall",
        "address": "York",
        "description": "",
        "categories": [
          "historical",
          "architecture"
        ],
        "primary_category": "historical",
        "interest_score": 88,
        "website": "",
        "wikipedia": "en:Merchant Adventurers' Hall",
        "wikidata": "Q6818359",
        "source_url": "https://www.wikidata.org/wiki/Q6818359",
        "fetched_at_utc": "2026-10-07T09:50:34+00:00",
        "query_key": "heritage_sites",
        "tags": {
          "name": "Merchant Adventurers' Hall",
          "wikidata": "Q6818359",
          "heritage": "2",
          "historic": "building",
          "listed_status": "grade i",
          "wikipedia": "en:Merchant Adventurers' Hall",
          "addr:city": "York"
        },
        "sitelinks": 2
      }
    },
    {
      "type": "Feature",
      "geometry": {
        "type": "Point",
        "coordinates": [
          -1.0771,
          53.9619
        ]
      },
      "properties": {
        "id": "osm:wikidata:15253093",
        "source": "osm",
        "title": "Merchant Taylors' Hall",
        "address": "York",
        "description": "",
        "categories": [
          "historical",
          "architecture"
        ],
        "primary_category": "historical",
        "interest_score": 88,
        "website": "",
        "wikipedia": "en:Merchant Taylors' Hall, York",
        "wikidata": "Q15253093",
        "source_url": "https://www.wikidata.org/wiki/Q15253093",
        "fetched_at_utc": "2026-10-07T09:50:34+00:00",
        "query_key": "heritage_sites",
        "tags": {
          "name": "Merchant Taylors' Hall",
          "wikidata": "Q15253093",
          "heritage": "2",
          "historic": "building",
          "listed_status": "grade i",
          "wikipedia": "en:Merchant Taylors' Hall, York",
          "addr:city": "York"
        },
        "sitelinks": 1
      }
    },
    {
      "type": "Feature",
      "geometry": {
        "type": "Point",
        "coordinates": [
          -1.08933,
          53.957
        ]
      },
      "properties": {
        "id": "osm:wikidata:17530603",
        "source": "osm",
        "title": "Micklegate House",
        "address": "York",
        "description": "",
        "categories": [
          "historical",
          "architecture"
        ],
        "primary_category": "historical",
        "interest_score": 88,
        "website": "",
        "wikipedia": "en:Micklegate House",
        "wikidata": "Q17530603",
        "source_url": "https://www.wikidata.org/wiki/Q17530603",
        "fetched_at_utc": "2026-10-07T09:50:34+00:00",
        "query_key": "heritage_sites",
        "tags": {
          "name": "Micklegate House",
          "wikidata": "Q17530603",
          "heritage": "2",
          "historic": "building",
          "listed_status": "grade i",
          "wikipedia": "en:Micklegate House",
          "addr:city": "York"
        },
        "sitelinks": 1
      }
    },
    {
      "type": "Feature",
      "geometry": {
        "type": "Point",
        "coordinates": [
          -1.08998,
          53.9306
        ]
      },
      "properties": {
        "id": "osm:wikidata:6841964",
        "source": "osm",
        "title": "Middlethorpe Hall",
        "address": "York",
        "description": "",
        "categories": [
          "historical",
          "architecture"
        ],
        "primary_category": "historical",
        "interest_score": 88,
        "website": "",
        "wikipedia": "en:Middlethorpe Hall",
        "wikidata": "Q6841964",
        "source_url": "https://www.wikidata.org/wiki/Q6841964",
        "fetched_at_utc": "2026-10-07T09:50:34+00:00",
        "query_key": "heritage_sites",
        "tags": {
          "name": "Middlethorpe Hall",
          "wikidata": "Q6841964",
          "historic": "building",
          "heritage": "2",
          "listed_status": "grade ii*",
          "wikipedia": "en:Middlethorpe Hall",
          "addr:city": "York"
        },
        "sitelinks": 2
      }
    },
    {
      "type": "Feature",
      "geometry": {
        "type": "Point",
        "coordinates": [
          -1.07625,
          53.9636
        ]
      },
      "properties": {
        "id": "osm:wikidata:17549641",
        "source": "osm",
        "title": "Middleton House",
        "address": "York",
        "description": "",
        "categories": [
          "historical",
          "architecture"
        ],
        "primary_category": "historical",
        "interest_score": 88,
        "website": "",
        "wikipedia": "en:Middleton House, York",
        "wikidata": "Q17549641",
        "source_url": "https://www.wikidata.org/wiki/Q17549641",
        "fetched_at_utc": "2026-10-07T09:50:34+00:00",
        "query_key": "heritage_sites",
        "tags": {
          "name": "Middleton House",
          "wikidata": "Q17549641",
          "historic": "building",
          "heritage": "2",
          "listed_status": "grade ii*",
          "wikipedia": "en:Middleton House, York",
          "addr:city": "York"
        },
        "sitelinks": 1
      }
    },
    {
      "type": "Feature",
      "geometry": {
        "type": "Point",
        "coordinates": [
          -1.049599,
          53.944337
        ]
      },
      "properties": {
        "id": "osm:wikidata:26588328",
        "source": "osm",
        "title": "More House",
        "address": "York",
        "description": "",
        "categories": [
          "historical",
          "architecture"
        ],
        "primary_category": "historical",
        "interest_score": 88,
        "website": "",
        "wikipedia": "en:More House",
        "wikidata": "Q26588328",
        "source_url": "https://www.wikidata.org/wiki/Q26588328",
        "fetched_at_utc": "2026-10-07T09:50:34+00:00",
        "query_key": "heritage_sites",
        "tags": {
          "name": "More House",
          "wikidata": "Q26588328",
          "historic": "building",
          "heritage": "2",
          "listed_status": "grade ii",
          "wikipedia": "en:More House",
          "addr:city": "York"
        },
        "sitelinks": 2
      }
    },
    {
      "type": "Feature",
      "geometry": {
        "type": "Point",
        "coordinates": [
          -1.08328,
          53.9608
        ]
      },
      "properties": {
        "id": "osm:wikidata:17564714",
        "source": "osm",
        "title": "Mulberry Hall",
        "address": "York",
        "description": "",
        "categories": [
          "historical",
          "architecture"
        ],
        "primary_category": "historical",
        "interest_score": 88,
        "website": "",
        "wikipedia": "en:Mulberry Hall",
        "wikidata": "Q17564714",
        "source_url": "https://www.wikidata.org/wiki/Q17564714",
        "fetched_at_utc": "2026-10-07T09:50:34+00:00",
        "query_key": "heritage_sites",
        "tags": {
          "name": "Mulberry Hall",
          "wikidata": "Q17564714",
          "historic": "building",
          "heritage": "2",
          "listed_status": "grade ii*",
          "wikipedia": "en:Mulberry Hall",
          "addr:city": "York"
        },
        "sitelinks": 1
      }
    },
    {
      "type": "Feature",
      "geometry": {
        "type": "Point",
        "coordinates": [
          -1.085401,
          53.961117
        ]
      },
      "properties": {
        "id": "osm:wikidata:26548517",
        "source": "osm",
        "title": "Museum Street Tavern",
        "address": "York",
        "description": "",
        "categories": [
          "historical",
          "architecture"
        ],
        "primary_category": "historical",
        "interest_score": 88,
        "website": "",
        "wikipedia": "en:Museum Street Tavern",
        "wikidata": "Q26548517",
        "source_url": "https://www.wikidata.org/wiki/Q26548517",
        "fetched_at_utc": "2026-10-07T09:50:34+00:00",
        "query_key": "heritage_sites",
        "tags": {
          "name": "Museum Street Tavern",
          "wikidata": "Q26548517",
          "amenity": "pub",
          "heritage": "2",
          "historic": "building",
          "listed_status": "grade ii",
          "wikipedia": "en:Museum Street Tavern",
          "addr:city": "York"
        },
        "sitelinks": 1
      }
    },
    {
      "type": "Feature",
      "geometry": {
        "type": "Point",
        "coordinates": [
          -1.0897,
          53.956899
        ]
      },
      "properties": {
        "id": "osm:wikidata:26548672",
        "source": "osm",
        "title": "Nags Head",
        "address": "York",
        "description": "",
        "categories": [
          "historical",
          "architecture"
        ],
        "primary_category": "historical",
        "interest_score": 88,
        "website": "",
        "wikipedia": "en:Nags Head, York",
        "wikidata": "Q26548672",
        "source_url": "https://www.wikidata.org/wiki/Q26548672",
        "fetched_at_utc": "2026-10-07T09:50:34+00:00",
        "query_key": "heritage_sites",
        "tags": {
          "name": "Nags Head",
          "wikidata": "Q26548672",
          "amenity": "pub",
          "heritage": "2",
          "historic": "building",
          "listed_status": "grade ii",
          "wikipedia": "en:Nags Head, York",
          "addr:city": "York"
        },
        "sitelinks": 1
      }
    },
    {
      "type": "Feature",
      "geometry": {
        "type": "Point",
        "coordinates": [
          -1.140968,
          53.987997
        ]
      },
      "properties": {
        "id": "osm:wikidata:15261808",
        "source": "osm",
        "title": "Nether Poppleton Tithebarn",
        "address": "Church Lane, Nether Poppleton, York",
        "description": "",
        "categories": [
          "historical",
          "architecture"
        ],
        "primary_category": "historical",
        "interest_score": 88,
        "website": "",
        "wikipedia": "en:Nether Poppleton Tithe Barn",
        "wikidata": "Q15261808",
        "source_url": "https://www.wikidata.org/wiki/Q15261808",
        "fetched_at_utc": "2026-10-07T09:50:34+00:00",
        "query_key": "heritage_sites",
        "tags": {
          "name": "Nether Poppleton Tithebarn",
          "wikidata": "Q15261808",
          "heritage": "2",
          "historic": "building",
          "listed_status": "grade ii",
          "wikipedia": "en:Nether Poppleton Tithe Barn",
          "addr:street": "Church Lane, Nether Poppleton",
          "addr:city": "York"
        },
        "sitelinks": 1
      }
    },
    {
      "type": "Feature",
      "geometry": {
        "type": "Point",
        "coordinates": [
          -1.08978,
          53.9587
        ]
      },
      "properties": {
        "id": "osm:wikidata:17549385",
        "source": "osm",
        "title": "North Eastern Railway Company War Memorial",
        "address": "York",
        "description": "",
        "categories": [
          "historical",
          "architecture"
        ],
        "primary_category": "historical",
        "interest_score": 88,
        "website": "",
        "wikipedia": "en:North Eastern Railway War Memorial",
        "wikidata": "Q17549385",
        "source_url": "https://www.wikidata.org/wiki/Q17549385",
        "fetched_at_utc": "2026-10-07T09:50:34+00:00",
        "query_key": "heritage_sites",
        "tags": {
          "name": "North Eastern Railway Company War Memorial",
          "wikidata": "Q17549385",
          "heritage": "2",
          "historic": "building",
          "listed_status": "grade ii*",
          "wikipedia": "en:North Eastern Railway War Memorial",
          "addr:city": "York"
        },
        "sitelinks": 2
      }
    },
    {
      "type": "Feature",
      "geometry": {
        "type": "Point",
        "coordinates": [
          -1.08013,
          53.9631
        ]
      },
      "properties": {
        "id": "osm:wikidata:17550033",
        "source": "osm",
        "title": "Old Rectory House",
        "address": "York",
        "description": "",
        "categories": [
          "historical",
          "architecture"
        ],
        "primary_category": "historical",
        "interest_score": 88,
        "website": "",
        "wikipedia": "en:Old Rectory House",
        "wikidata": "Q17550033",
        "source_url": "https://www.wikidata.org/wiki/Q17550033",
        "fetched_at_utc": "2026-10-07T09:50:34+00:00",
        "query_key": "heritage_sites",
        "tags": {
          "name": "Old Rectory House",
          "wikidata": "Q17550033",
          "heritage": "2",
          "historic": "building",
          "listed_status": "grade ii*",
          "wikipedia": "en:Old Rectory House",
          "addr:city": "York"
        },
        "sitelinks": 1
      }
    },
    {
      "type": "Feature",
      "geometry": {
        "type": "Point",
        "coordinates": [
          -1.08063,
          53.962
        ]
      },
      "properties": {
        "id": "osm:wikidata:17549666",
        "source": "osm",
        "title": "Old Residence",
        "address": "York",
        "description": "",
        "categories": [
          "historical",
          "architecture"
        ],
        "primary_category": "historical",
        "interest_score": 88,
        "website": "",
        "wikipedia": "en:Old Residence",
        "wikidata": "Q17549666",
        "source_url": "https://www.wikidata.org/wiki/Q17549666",
        "fetched_at_utc": "2026-10-07T09:50:34+00:00",
        "query_key": "heritage_sites",
        "tags": {
          "name": "Old Residence",
          "wikidata": "Q17549666",
          "heritage": "2",
          "historic": "building",
          "listed_status": "grade ii*",
          "wikipedia": "en:Old Residence",
          "addr:city": "York"
        },
        "sitelinks": 1
      }
    },
    {
      "type": "Feature",
      "geometry": {
        "type": "Point",
        "coordinates": [
          -1.07949,
          53.959
        ]
      },
      "properties": {
        "id": "osm:wikidata:17549428",
        "source": "osm",
        "title": "Parish Room of St Crux",
        "address": "York",
        "description": "",
        "categories": [
          "historical",
          "architecture"
        ],
        "primary_category": "historical",
        "interest_score": 88,
        "website": "",
        "wikipedia": "en:St Crux Church, York",
        "wikidata": "Q17549428",
        "source_url": "https://www.wikidata.org/wiki/Q17549428",
        "fetched_at_utc": "2026-10-07T09:50:34+00:00",
        "query_key": "heritage_sites",
        "tags": {
          "name": "Parish Room of St Crux",
          "wikidata": "Q17549428",
          "heritage": "2",
          "historic": "building",
          "listed_status": "grade ii*",
          "wikipedia": "en:St Crux Church, York",
          "addr:city": "York"
        },
        "sitelinks": 1
      }
    },
    {
      "type": "Feature",
      "geometry": {
        "type": "Point",
        "coordinates": [
          -1.07666,
          53.9601
        ]
      },
      "properties": {
        "id": "osm:wikidata:17549469",
        "source": "osm",
        "title": "Peaseholme House",
        "address": "York",
        "description": "",
        "categories": [
          "historical",
          "architecture"
        ],
        "primary_category": "historical",
        "interest_score": 88,
        "website": "",
        "wikipedia": "en:Peaseholme House",
        "wikidata": "Q17549469",
        "source_url": "https://www.wikidata.org/wiki/Q17549469",
        "fetched_at_utc": "2026-10-07T09:50:34+00:00",
        "query_key": "heritage_sites",
        "tags": {
          "name": "Peaseholme House",
          "wikidata": "Q17549469",
          "historic": "building",
          "heritage": "2",
          "listed_status": "grade ii*",
          "wikipedia": "en:Peaseholme House",
          "addr:city": "York"
        },
        "sitelinks": 1
      }
    },
    {
      "type": "Feature",
      "geometry": {
        "type": "Point",
        "coordinates": [
          -1.08452,
          53.9623
        ]
      },
      "properties": {
        "id": "osm:wikidata:108427367",
        "source": "osm",
        "title": "Petergate House",
        "address": "York",
        "description": "",
        "categories": [
          "historical",
          "architecture"
        ],
        "primary_category": "historical",
        "interest_score": 88,
        "website": "",
        "wikipedia": "en:Petergate House",
        "wikidata": "Q108427367",
        "source_url": "https://www.wikidata.org/wiki/Q108427367",
        "fetched_at_utc": "2026-10-07T09:50:34+00:00",
        "query_key": "heritage_sites",
        "tags": {
          "name": "Petergate House",
          "wikidata": "Q108427367",
          "historic": "building",
          "heritage": "2",
          "listed_status": "grade ii*",
          "wikipedia": "en:Petergate House",
          "addr:city": "York"
        },
        "sitelinks": 2
      }
    },
    {
      "type": "Feature",
      "geometry": {
        "type": "Point",
        "coordinates": [
          -1.07842,
          53.9485
        ]
      },
      "properties": {
        "id": "osm:wikidata:17549610",
        "source": "osm",
        "title": "Pikeing Well",
        "address": "York",
        "description": "",
        "categories": [
          "architecture",
          "historical"
        ],
        "primary_category": "historical",
        "interest_score": 88,
        "website": "",
        "wikipedia": "en:Pikeing Well",
        "wikidata": "Q17549610",
        "source_url": "https://www.wikidata.org/wiki/Q17549610",
        "fetched_at_utc": "2026-10-07T09:50:34+00:00",
        "query_key": "heritage_sites",
        "tags": {
          "name": "Pikeing Well",
          "wikidata": "Q17549610",
          "heritage": "2",
          "historic": "building",
          "listed_status": "grade ii*",
          "wikipedia": "en:Pikeing Well",
          "addr:city": "York"
        },
        "sitelinks": 1
      }
    },
    {
      "type": "Feature",
      "geometry": {
        "type": "Point",
        "coordinates": [
          -1.083561,
          53.963045
        ]
      },
      "properties": {
        "id": "osm:wikidata:26549192",
        "source": "osm",
        "title": "Purey Cust Chambers",
        "address": "York",
        "description": "",
        "categories": [
          "historical",
          "architecture"
        ],
        "primary_category": "historical",
        "interest_score": 88,
        "website": "",
        "wikipedia": "en:Purey-Cust Chambers",
        "wikidata": "Q26549192",
        "source_url": "https://www.wikidata.org/wiki/Q26549192",
        "fetched_at_utc": "2026-10-07T09:50:34+00:00",
        "query_key": "heritage_sites",
        "tags": {
          "name": "Purey Cust Chambers",
          "wikidata": "Q26549192",
          "heritage": "2",
          "historic": "building",
          "listed_status": "grade ii",
          "wikipedia": "en:Purey-Cust Chambers",
          "addr:city": "York"
        },
        "sitelinks": 1
      }
    },
    {
      "type": "Feature",
      "geometry": {
        "type": "Point",
        "coordinates": [
          -1.083527,
          53.962496
        ]
      },
      "properties": {
        "id": "osm:wikidata:26549193",
        "source": "osm",
        "title": "Purey-Cust Lodge",
        "address": "York",
        "description": "",
        "categories": [
          "historical",
          "architecture"
        ],
        "primary_category": "historical",
        "interest_score": 88,
        "website": "",
        "wikipedia": "en:Purey-Cust Lodge",
        "wikidata": "Q26549193",
        "source_url": "https://www.wikidata.org/wiki/Q26549193",
        "fetched_at_utc": "2026-10-07T09:50:34+00:00",
        "query_key": "heritage_sites",
        "tags": {
          "name": "Purey-Cust Lodge",
          "wikidata": "Q26549193",
          "heritage": "2",
          "historic": "building",
          "listed_status": "grade ii",
          "wikipedia": "en:Purey-Cust Lodge",
          "addr:city": "York"
        },
        "sitelinks": 1
      }
    },
    {
      "type": "Feature",
      "geometry": {
        "type": "Point",
        "coordinates": [
          -1.092154,
          53.955197
        ]
      },
      "properties": {
        "id": "osm:wikidata:26550637",
        "source": "osm",
        "title": "Railwaymens Club And Institute",
        "address": "York",
        "description": "",
        "categories": [
          "historical",
          "architecture"
        ],
        "primary_category": "historical",
        "interest_score": 88,
        "website": "",
        "wikipedia": "en:22–26 Blossom Street",
        "wikidata": "Q26550637",
        "source_url": "https://www.wikidata.org/wiki/Q26550637",
        "fetched_at_utc": "2026-10-07T09:50:34+00:00",
        "query_key": "heritage_sites",
        "tags": {
          "name": "Railwaymens Club And Institute",
          "wikidata": "Q26550637",
          "heritage": "2",
          "historic": "building",
          "listed_status": "grade ii",
          "wikipedia": "en:22–26 Blossom Street",
          "addr:city": "York"
        },
        "sitelinks": 1
      }
    },
    {
      "type": "Feature",
      "geometry": {
        "type": "Point",
        "coordinates": [
          -1.086423,
          53.960415
        ]
      },
      "properties": {
        "id": "osm:wikidata:26548487",
        "source": "osm",
        "title": "River House",
        "address": "York",
        "description": "",
        "categories": [
          "historical",
          "architecture"
        ],
        "primary_category": "historical",
        "interest_score": 88,
        "website": "",
        "wikipedia": "en:River House, York",
        "wikidata": "Q26548487",
        "source_url": "https://www.wikidata.org/wiki/Q26548487",
        "fetched_at_utc": "2026-10-07T09:50:34+00:00",
        "query_key": "heritage_sites",
        "tags": {
          "name": "River House",
          "wikidata": "Q26548487",
          "heritage": "2",
          "historic": "building",
          "listed_status": "grade ii",
          "wikipedia": "en:River House, York",
          "addr:city": "York"
        },
        "sitelinks": 1
      }
    },
    {
      "type": "Feature",
      "geometry": {
        "type": "Point",
        "coordinates": [
          -1.081805,
          53.961619
        ]
      },
      "properties": {
        "id": "osm:wikidata:26548646",
        "source": "osm",
        "title": "Roman column",
        "address": "York",
        "description": "Roman column found during 1969 York Minster excavtions. Comes from the Great Hall / Principia.",
        "categories": [
          "architecture",
          "historical",
          "landmark",
          "memorial"
        ],
        "primary_category": "historical",
        "interest_score": 88,
        "website": "",
        "wikipedia": "en:Roman column, York",
        "wikidata": "Q26548646",
        "source_url": "https://www.wikidata.org/wiki/Q26548646",
        "fetched_at_utc": "2026-10-07T09:50:34+00:00",
        "query_key": "heritage_sites",
        "tags": {
          "name": "Roman column",
          "wikidata": "Q26548646",
          "heritage": "2",
          "historic": "building",
          "listed_status": "grade ii",
          "wikipedia": "en:Roman column, York",
          "addr:city": "York"
        },
        "sitelinks": 1
      }
    },
    {
      "type": "Feature",
      "geometry": {
        "type": "Point",
        "coordinates": [
          -1.09062,
          53.961793
        ]
      },
      "properties": {
        "id": "osm:wikidata:26548747",
        "source": "osm",
        "title": "Roots (formerly The Bay Horse)",
        "address": "York",
        "description": "",
        "categories": [
          "historical",
          "architecture"
        ],
        "primary_category": "historical",
        "interest_score": 88,
        "website": "",
        "wikipedia": "en:Roots (restaurant)",
        "wikidata": "Q26548747",
        "source_url": "https://www.wikidata.org/wiki/Q26548747",
        "fetched_at_utc": "2026-10-07T09:50:34+00:00",
        "query_key": "heritage_sites",
        "tags": {
          "name": "Roots (formerly The Bay Horse)",
          "wikidata": "Q26548747",
          "amenity": "pub",
          "heritage": "2",
          "historic": "building",
          "listed_status": "grade ii",
          "wikipedia": "en:Roots (restaurant)",
          "addr:city": "York"
        },
        "sitelinks": 1
      }
    },
    {
      "type": "Feature",
      "geometry": {
        "type": "Point",
        "coordinates": [
          -1.069533,
          53.955054
        ]
      },
      "properties": {
        "id": "osm:wikidata:26548846",
        "source": "osm",
        "title": "Rose and Crown",
        "address": "York",
        "description": "",
        "categories": [
          "historical",
          "architecture"
        ],
        "primary_category": "historical",
        "interest_score": 88,
        "website": "",
        "wikipedia": "en:Rose and Crown, York",
        "wikidata": "Q26548846",
        "source_url": "https://www.wikidata.org/wiki/Q26548846",
        "fetched_at_utc": "2026-10-07T09:50:34+00:00",
        "query_key": "heritage_sites",
        "tags": {
          "name": "Rose and Crown",
          "wikidata": "Q26548846",
          "amenity": "pub",
          "heritage": "2",
          "historic": "building",
          "listed_status": "grade ii",
          "wikipedia": "en:Rose and Crown, York",
          "addr:city": "York"
        },
        "sitelinks": 1
      }
    },
    {
      "type": "Feature",
      "geometry": {
        "type": "Point",
        "coordinates": [
          -1.074863,
          53.957972
        ]
      },
      "properties": {
        "id": "osm:wikidata:26548497",
        "source": "osm",
        "title": "Rowntree Wharf",
        "address": "York",
        "description": "",
        "categories": [
          "historical",
          "architecture"
        ],
        "primary_category": "historical",
        "interest_score": 88,
        "website": "",
        "wikipedia": "en:Rowntree Wharf",
        "wikidata": "Q26548497",
        "source_url": "https://www.wikidata.org/wiki/Q26548497",
        "fetched_at_utc": "2026-10-07T09:50:34+00:00",
        "query_key": "heritage_sites",
        "tags": {
          "name": "Rowntree Wharf",
          "wikidata": "Q26548497",
          "heritage": "2",
          "historic": "building",
          "listed_status": "grade ii",
          "wikipedia": "en:Rowntree Wharf",
          "addr:city": "York"
        },
        "sitelinks": 1
      }
    },
    {
      "type": "Feature",
      "geometry": {
        "type": "Point",
        "coordinates": [
          -1.08096,
          53.9394
        ]
      },
      "properties": {
        "id": "osm:wikidata:17550137",
        "source": "osm",
        "title": "Saint Oswald's Hall",
        "address": "York",
        "description": "",
        "categories": [
          "historical",
          "architecture"
        ],
        "primary_category": "historical",
        "interest_score": 88,
        "website": "",
        "wikipedia": "en:St Oswald's Hall",
        "wikidata": "Q17550137",
        "source_url": "https://www.wikidata.org/wiki/Q17550137",
        "fetched_at_utc": "2026-10-07T09:50:34+00:00",
        "query_key": "heritage_sites",
        "tags": {
          "name": "Saint Oswald's Hall",
          "wikidata": "Q17550137",
          "historic": "building",
          "heritage": "2",
          "listed_status": "grade ii*",
          "wikipedia": "en:St Oswald's Hall",
          "addr:city": "York"
        },
        "sitelinks": 1
      }
    },
    {
      "type": "Feature",
      "geometry": {
        "type": "Point",
        "coordinates": [
          -1.09,
          53.9527
        ]
      },
      "properties": {
        "id": "osm:wikidata:66140675",
        "source": "osm",
        "title": "Scarcroft Primary School",
        "address": "York",
        "description": "",
        "categories": [
          "historical",
          "architecture"
        ],
        "primary_category": "historical",
        "interest_score": 88,
        "website": "",
        "wikipedia": "en:Scarcroft Primary School",
        "wikidata": "Q66140675",
        "source_url": "https://www.wikidata.org/wiki/Q66140675",
        "fetched_at_utc": "2026-10-07T09:50:34+00:00",
        "query_key": "heritage_sites",
        "tags": {
          "name": "Scarcroft Primary School",
          "wikidata": "Q66140675",
          "heritage": "2",
          "historic": "building",
          "listed_status": "grade ii*",
          "wikipedia": "en:Scarcroft Primary School",
          "start_date": "2016",
          "addr:city": "York"
        },
        "sitelinks": 1
      }
    },
    {
      "type": "Feature",
      "geometry": {
        "type": "Point",
        "coordinates": [
          -1.075834,
          53.953332
        ]
      },
      "properties": {
        "id": "osm:wikidata:26549176",
        "source": "osm",
        "title": "Sea Horse Hotel",
        "address": "York",
        "description": "",
        "categories": [
          "historical",
          "architecture"
        ],
        "primary_category": "historical",
        "interest_score": 88,
        "website": "",
        "wikipedia": "en:Sea Horse Hotel",
        "wikidata": "Q26549176",
        "source_url": "https://www.wikidata.org/wiki/Q26549176",
        "fetched_at_utc": "2026-10-07T09:50:34+00:00",
        "query_key": "heritage_sites",
        "tags": {
          "name": "Sea Horse Hotel",
          "wikidata": "Q26549176",
          "amenity": "pub",
          "heritage": "2",
          "historic": "building",
          "listed_status": "grade ii",
          "wikipedia": "en:Sea Horse Hotel",
          "addr:city": "York"
        },
        "sitelinks": 1
      }
    },
    {
      "type": "Feature",
      "geometry": {
        "type": "Point",
        "coordinates": [
          -1.05394,
          53.9502
        ]
      },
      "properties": {
        "id": "osm:wikidata:17671373",
        "source": "osm",
        "title": "Siwards How",
        "address": "York",
        "description": "",
        "categories": [
          "historical",
          "architecture"
        ],
        "primary_category": "historical",
        "interest_score": 88,
        "website": "",
        "wikipedia": "en:Siward's Howe",
        "wikidata": "Q17671373",
        "source_url": "https://www.wikidata.org/wiki/Q17671373",
        "fetched_at_utc": "2026-10-07T09:50:34+00:00",
        "query_key": "heritage_sites",
        "tags": {
          "name": "Siwards How",
          "wikidata": "Q17671373",
          "heritage": "2",
          "historic": "building",
          "wikipedia": "en:Siward's Howe",
          "addr:city": "York"
        },
        "sitelinks": 1
      }
    },
    {
      "type": "Feature",
      "geometry": {
        "type": "Point",
        "coordinates": [
          -1.08359,
          53.9553
        ]
      },
      "properties": {
        "id": "osm:wikidata:17549394",
        "source": "osm",
        "title": "Skeldergate House Hotel",
        "address": "York",
        "description": "",
        "categories": [
          "historical",
          "architecture"
        ],
        "primary_category": "historical",
        "interest_score": 88,
        "website": "",
        "wikipedia": "en:Skeldergate House Hotel",
        "wikidata": "Q17549394",
        "source_url": "https://www.wikidata.org/wiki/Q17549394",
        "fetched_at_utc": "2026-10-07T09:50:34+00:00",
        "query_key": "heritage_sites",
        "tags": {
          "name": "Skeldergate House Hotel",
          "wikidata": "Q17549394",
          "heritage": "2",
          "historic": "building",
          "listed_status": "grade ii*",
          "wikipedia": "en:Skeldergate House Hotel",
          "addr:city": "York"
        },
        "sitelinks": 1
      }
    },
    {
      "type": "Feature",
      "geometry": {
        "type": "Point",
        "coordinates": [
          -1.0759,
          53.9604
        ]
      },
      "properties": {
        "id": "osm:wikidata:7592503",
        "source": "osm",
        "title": "St Anthony's Hall",
        "address": "York",
        "description": "The ancient hall of the guild of St. Anthony which was founded prior to 1418 and dissolved in 1627. From 1705 to 1946 it housed the York Blue Coat Boys' School.",
        "categories": [
          "architecture",
          "historical",
          "memorial"
        ],
        "primary_category": "historical",
        "interest_score": 88,
        "website": "",
        "wikipedia": "en:St Anthony's Hall",
        "wikidata": "Q7592503",
        "source_url": "https://www.wikidata.org/wiki/Q7592503",
        "fetched_at_utc": "2026-10-07T09:50:34+00:00",
        "query_key": "heritage_sites",
        "tags": {
          "name": "St Anthony's Hall",
          "wikidata": "Q7592503",
          "heritage": "2",
          "historic": "building",
          "listed_status": "grade i",
          "wikipedia": "en:St Anthony's Hall",
          "addr:city": "York"
        },
        "sitelinks": 1
      }
    },
    {
      "type": "Feature",
      "geometry": {
        "type": "Point",
        "coordinates": [
          -1.087222222,
          53.963611111
        ]
      },
      "properties": {
        "id": "osm:wikidata:17530591",
        "source": "osm",
        "title": "St Mary’s Tower, Marygate",
        "address": "York",
        "description": "",
        "categories": [
          "historical",
          "architecture"
        ],
        "primary_category": "historical",
        "interest_score": 88,
        "website": "",
        "wikipedia": "en:St Mary’s Tower, Marygate",
        "wikidata": "Q17530591",
        "source_url": "https://www.wikidata.org/wiki/Q17530591",
        "fetched_at_utc": "2026-10-07T09:50:34+00:00",
        "query_key": "heritage_sites",
        "tags": {
          "name": "St Mary’s Tower, Marygate",
          "wikidata": "Q17530591",
          "heritage": "2",
          "historic": "building",
          "listed_status": "grade i",
          "wikipedia": "en:St Mary’s Tower, Marygate",
          "addr:city": "York"
        },
        "sitelinks": 1
      }
    },
    {
      "type": "Feature",
      "geometry": {
        "type": "Point",
        "coordinates": [
          -1.089529,
          53.962452
        ]
      },
      "properties": {
        "id": "osm:wikidata:26548743",
        "source": "osm",
        "title": "St Olaves House",
        "address": "York",
        "description": "",
        "categories": [
          "historical",
          "architecture"
        ],
        "primary_category": "historical",
        "interest_score": 88,
        "website": "",
        "wikipedia": "en:St Olave's House",
        "wikidata": "Q26548743",
        "source_url": "https://www.wikidata.org/wiki/Q26548743",
        "fetched_at_utc": "2026-10-07T09:50:34+00:00",
        "query_key": "heritage_sites",
        "tags": {
          "name": "St Olaves House",
          "wikidata": "Q26548743",
          "historic": "building",
          "heritage": "2",
          "listed_status": "grade ii",
          "wikipedia": "en:St Olave's House",
          "addr:city": "York"
        },
        "sitelinks": 1
      }
    },
    {
      "type": "Feature",
      "geometry": {
        "type": "Point",
        "coordinates": [
          -1.08008,
          53.959836
        ]
      },
      "properties": {
        "id": "osm:wikidata:26548867",
        "source": "osm",
        "title": "St Trinity House",
        "address": "York",
        "description": "",
        "categories": [
          "historical",
          "architecture"
        ],
        "primary_category": "historical",
        "interest_score": 88,
        "website": "",
        "wikipedia": "en:St Trinity House",
        "wikidata": "Q26548867",
        "source_url": "https://www.wikidata.org/wiki/Q26548867",
        "fetched_at_utc": "2026-10-07T09:50:34+00:00",
        "query_key": "heritage_sites",
        "tags": {
          "name": "St Trinity House",
          "wikidata": "Q26548867",
          "heritage": "2",
          "historic": "building",
          "listed_status": "grade ii",
          "wikipedia": "en:St Trinity House",
          "addr:city": "York"
        },
        "sitelinks": 1
      }
    },
    {
      "type": "Feature",
      "geometry": {
        "type": "Point",
        "coordinates": [
          -1.0801,
          53.9624
        ]
      },
      "properties": {
        "id": "osm:wikidata:17530637",
        "source": "osm",
        "title": "St Williams College",
        "address": "York",
        "description": "",
        "categories": [
          "historical",
          "architecture"
        ],
        "primary_category": "historical",
        "interest_score": 88,
        "website": "",
        "wikipedia": "en:St William's College",
        "wikidata": "Q17530637",
        "source_url": "https://www.wikidata.org/wiki/Q17530637",
        "fetched_at_utc": "2026-10-07T09:50:34+00:00",
        "query_key": "heritage_sites",
        "tags": {
          "name": "St Williams College",
          "wikidata": "Q17530637",
          "heritage": "2",
          "historic": "building",
          "listed_status": "grade i",
          "wikipedia": "en:St William's College",
          "addr:city": "York"
        },
        "sitelinks": 1
      }
    },
    {
      "type": "Feature",
      "geometry": {
        "type": "Point",
        "coordinates": [
          -1.075168,
          53.955224
        ]
      },
      "properties": {
        "id": "osm:wikidata:7588164",
        "source": "osm",
        "title": "St. George's Roman Catholic Church",
        "address": "York",
        "description": "",
        "categories": [
          "historical",
          "architecture"
        ],
        "primary_category": "historical",
        "interest_score": 88,
        "website": "",
        "wikipedia": "en:St George's Roman Catholic Church, York",
        "wikidata": "Q7588164",
        "source_url": "https://www.wikidata.org/wiki/Q7588164",
        "fetched_at_utc": "2026-10-07T09:50:34+00:00",
        "query_key": "heritage_sites",
        "tags": {
          "name": "St. George's Roman Catholic Church",
          "wikidata": "Q7588164",
          "heritage": "2",
          "historic": "building",
          "listed_status": "grade ii",
          "wikipedia": "en:St George's Roman Catholic Church, York",
          "addr:city": "York"
        },
        "sitelinks": 1
      }
    },
    {
      "type": "Feature",
      "geometry": {
        "type": "Point",
        "coordinates": [
          -1.08172,
          53.9613
        ]
      },
      "properties": {
        "id": "osm:wikidata:17549808",
        "source": "osm",
        "title": "The Adams House",
        "address": "York",
        "description": "",
        "categories": [
          "historical",
          "architecture"
        ],
        "primary_category": "historical",
        "interest_score": 88,
        "website": "",
        "wikipedia": "en:The Adams House, York",
        "wikidata": "Q17549808",
        "source_url": "https://www.wikidata.org/wiki/Q17549808",
        "fetched_at_utc": "2026-10-07T09:50:34+00:00",
        "query_key": "heritage_sites",
        "tags": {
          "name": "The Adams House",
          "wikidata": "Q17549808",
          "historic": "building",
          "heritage": "2",
          "listed_status": "grade ii*",
          "wikipedia": "en:The Adams House, York",
          "addr:city": "York"
        },
        "sitelinks": 1
      }
    },
    {
      "type": "Feature",
      "geometry": {
        "type": "Point",
        "coordinates": [
          -1.090618,
          53.955895
        ]
      },
      "properties": {
        "id": "osm:wikidata:26548653",
        "source": "osm",
        "title": "The Bar Hotel",
        "address": "York",
        "description": "",
        "categories": [
          "historical",
          "architecture"
        ],
        "primary_category": "historical",
        "interest_score": 88,
        "website": "",
        "wikipedia": "en:Gibsons, York",
        "wikidata": "Q26548653",
        "source_url": "https://www.wikidata.org/wiki/Q26548653",
        "fetched_at_utc": "2026-10-07T09:50:34+00:00",
        "query_key": "heritage_sites",
        "tags": {
          "name": "The Bar Hotel",
          "wikidata": "Q26548653",
          "amenity": "pub",
          "heritage": "2",
          "historic": "building",
          "listed_status": "grade ii",
          "wikipedia": "en:Gibsons, York",
          "addr:city": "York"
        },
        "sitelinks": 1
      }
    },
    {
      "type": "Feature",
      "geometry": {
        "type": "Point",
        "coordinates": [
          -1.076929,
          53.963776
        ]
      },
      "properties": {
        "id": "osm:wikidata:26548599",
        "source": "osm",
        "title": "The Black Horse",
        "address": "York",
        "description": "",
        "categories": [
          "historical",
          "architecture"
        ],
        "primary_category": "historical",
        "interest_score": 88,
        "website": "",
        "wikipedia": "en:Black Horse, York",
        "wikidata": "Q26548599",
        "source_url": "https://www.wikidata.org/wiki/Q26548599",
        "fetched_at_utc": "2026-10-07T09:50:34+00:00",
        "query_key": "heritage_sites",
        "tags": {
          "name": "The Black Horse",
          "wikidata": "Q26548599",
          "amenity": "pub",
          "heritage": "2",
          "historic": "building",
          "listed_status": "grade ii",
          "wikipedia": "en:Black Horse, York",
          "addr:city": "York"
        },
        "sitelinks": 1
      }
    },
    {
      "type": "Feature",
      "geometry": {
        "type": "Point",
        "coordinates": [
          -1.07569,
          53.9601
        ]
      },
      "properties": {
        "id": "osm:wikidata:17549586",
        "source": "osm",
        "title": "The Black Swan",
        "address": "York",
        "description": "A fine timber-framed house. The home of William Bowes M.P., Lord Mayor of York 1417; also of his son William Bowes M.P., Lord Mayor 1443 and of his grandson Sir Martin Bowes, Lord Mayor of London in 1545 and Treasurer of the Royal Mint in the reign of Que",
        "categories": [
          "architecture",
          "historical",
          "memorial"
        ],
        "primary_category": "historical",
        "interest_score": 88,
        "website": "",
        "wikipedia": "en:The Black Swan, York",
        "wikidata": "Q17549586",
        "source_url": "https://www.wikidata.org/wiki/Q17549586",
        "fetched_at_utc": "2026-10-07T09:50:34+00:00",
        "query_key": "heritage_sites",
        "tags": {
          "name": "The Black Swan",
          "wikidata": "Q17549586",
          "amenity": "pub",
          "heritage": "2",
          "historic": "building",
          "listed_status": "grade ii*",
          "wikipedia": "en:The Black Swan, York",
          "addr:city": "York"
        },
        "sitelinks": 1
      }
    },
    {
      "type": "Feature",
      "geometry": {
        "type": "Point",
        "coordinates": [
          -1.07919,
          53.9587
        ]
      },
      "properties": {
        "id": "osm:wikidata:17549920",
        "source": "osm",
        "title": "The Blue Bell",
        "address": "York",
        "description": "",
        "categories": [
          "historical",
          "architecture"
        ],
        "primary_category": "historical",
        "interest_score": 88,
        "website": "",
        "wikipedia": "en:The Blue Bell, York",
        "wikidata": "Q17549920",
        "source_url": "https://www.wikidata.org/wiki/Q17549920",
        "fetched_at_utc": "2026-10-07T09:50:34+00:00",
        "query_key": "heritage_sites",
        "tags": {
          "name": "The Blue Bell",
          "wikidata": "Q17549920",
          "amenity": "pub",
          "heritage": "2",
          "historic": "building",
          "listed_status": "grade ii*",
          "wikipedia": "en:The Blue Bell, York",
          "addr:city": "York"
        },
        "sitelinks": 1
      }
    },
    {
      "type": "Feature",
      "geometry": {
        "type": "Point",
        "coordinates": [
          -1.08169,
          53.958698
        ]
      },
      "properties": {
        "id": "osm:wikidata:26548735",
        "source": "osm",
        "title": "The Burns Hotel",
        "address": "York",
        "description": "",
        "categories": [
          "historical",
          "architecture"
        ],
        "primary_category": "historical",
        "interest_score": 88,
        "website": "",
        "wikipedia": "en:Burns Hotel",
        "wikidata": "Q26548735",
        "source_url": "https://www.wikidata.org/wiki/Q26548735",
        "fetched_at_utc": "2026-10-07T09:50:34+00:00",
        "query_key": "heritage_sites",
        "tags": {
          "name": "The Burns Hotel",
          "wikidata": "Q26548735",
          "amenity": "pub",
          "heritage": "2",
          "historic": "building",
          "listed_status": "grade ii",
          "wikipedia": "en:Burns Hotel",
          "addr:city": "York"
        },
        "sitelinks": 1
      }
    },
    {
      "type": "Feature",
      "geometry": {
        "type": "Point",
        "coordinates": [
          -1.092981,
          53.967233
        ]
      },
      "properties": {
        "id": "osm:wikidata:26550338",
        "source": "osm",
        "title": "The Burton Stone Inn",
        "address": "York",
        "description": "",
        "categories": [
          "architecture",
          "historical"
        ],
        "primary_category": "historical",
        "interest_score": 88,
        "website": "",
        "wikipedia": "en:Burton Stone Inn",
        "wikidata": "Q26550338",
        "source_url": "https://www.wikidata.org/wiki/Q26550338",
        "fetched_at_utc": "2026-10-07T09:50:34+00:00",
        "query_key": "heritage_sites",
        "tags": {
          "name": "The Burton Stone Inn",
          "wikidata": "Q26550338",
          "amenity": "pub",
          "heritage": "2",
          "historic": "building",
          "listed_status": "grade ii",
          "wikipedia": "en:Burton Stone Inn",
          "addr:city": "York"
        },
        "sitelinks": 1
      }
    },
    {
      "type": "Feature",
      "geometry": {
        "type": "Point",
        "coordinates": [
          -1.08968,
          53.9657
        ]
      },
      "properties": {
        "id": "osm:wikidata:17550059",
        "source": "osm",
        "title": "The Churchill",
        "address": "York",
        "description": "",
        "categories": [
          "historical",
          "architecture"
        ],
        "primary_category": "historical",
        "interest_score": 88,
        "website": "",
        "wikipedia": "en:The Churchill Hotel, York",
        "wikidata": "Q17550059",
        "source_url": "https://www.wikidata.org/wiki/Q17550059",
        "fetched_at_utc": "2026-10-07T09:50:34+00:00",
        "query_key": "heritage_sites",
        "tags": {
          "name": "The Churchill",
          "wikidata": "Q17550059",
          "heritage": "2",
          "historic": "building",
          "listed_status": "grade ii*",
          "wikipedia": "en:The Churchill Hotel, York",
          "addr:city": "York"
        },
        "sitelinks": 1
      }
    },
    {
      "type": "Feature",
      "geometry": {
        "type": "Point",
        "coordinates": [
          -1.08687,
          53.958494
        ]
      },
      "properties": {
        "id": "osm:wikidata:26547982",
        "source": "osm",
        "title": "The Corner Pin",
        "address": "York",
        "description": "",
        "categories": [
          "historical",
          "architecture"
        ],
        "primary_category": "historical",
        "interest_score": 88,
        "website": "",
        "wikipedia": "en:The Corner Pin",
        "wikidata": "Q26547982",
        "source_url": "https://www.wikidata.org/wiki/Q26547982",
        "fetched_at_utc": "2026-10-07T09:50:34+00:00",
        "query_key": "heritage_sites",
        "tags": {
          "name": "The Corner Pin",
          "wikidata": "Q26547982",
          "amenity": "pub",
          "heritage": "2",
          "historic": "building",
          "listed_status": "grade ii",
          "wikipedia": "en:The Corner Pin",
          "addr:city": "York"
        },
        "sitelinks": 1
      }
    },
    {
      "type": "Feature",
      "geometry": {
        "type": "Point",
        "coordinates": [
          -1.079902,
          53.961802
        ]
      },
      "properties": {
        "id": "osm:wikidata:26549063",
        "source": "osm",
        "title": "The Cross Keys",
        "address": "York",
        "description": "",
        "categories": [
          "historical",
          "architecture"
        ],
        "primary_category": "historical",
        "interest_score": 88,
        "website": "",
        "wikipedia": "en:Cross Keys, York",
        "wikidata": "Q26549063",
        "source_url": "https://www.wikidata.org/wiki/Q26549063",
        "fetched_at_utc": "2026-10-07T09:50:34+00:00",
        "query_key": "heritage_sites",
        "tags": {
          "name": "The Cross Keys",
          "wikidata": "Q26549063",
          "amenity": "pub",
          "heritage": "2",
          "historic": "building",
          "listed_status": "grade ii",
          "wikipedia": "en:Cross Keys, York",
          "addr:city": "York"
        },
        "sitelinks": 1
      }
    },
    {
      "type": "Feature",
      "geometry": {
        "type": "Point",
        "coordinates": [
          -1.096775,
          53.953932
        ]
      },
      "properties": {
        "id": "osm:wikidata:26548932",
        "source": "osm",
        "title": "The Crystal Palace",
        "address": "York",
        "description": "",
        "categories": [
          "historical",
          "architecture"
        ],
        "primary_category": "historical",
        "interest_score": 88,
        "website": "",
        "wikipedia": "en:Crystal Palace, York",
        "wikidata": "Q26548932",
        "source_url": "https://www.wikidata.org/wiki/Q26548932",
        "fetched_at_utc": "2026-10-07T09:50:34+00:00",
        "query_key": "heritage_sites",
        "tags": {
          "name": "The Crystal Palace",
          "wikidata": "Q26548932",
          "amenity": "pub",
          "heritage": "2",
          "historic": "building",
          "listed_status": "grade ii",
          "wikipedia": "en:Crystal Palace, York",
          "addr:city": "York"
        },
        "sitelinks": 1
      }
    },
    {
      "type": "Feature",
      "geometry": {
        "type": "Point",
        "coordinates": [
          -1.081774,
          53.963694
        ]
      },
      "properties": {
        "id": "osm:wikidata:26548625",
        "source": "osm",
        "title": "The Deanery",
        "address": "York",
        "description": "",
        "categories": [
          "historical",
          "architecture"
        ],
        "primary_category": "historical",
        "interest_score": 88,
        "website": "",
        "wikipedia": "en:York Deanery",
        "wikidata": "Q26548625",
        "source_url": "https://www.wikidata.org/wiki/Q26548625",
        "fetched_at_utc": "2026-10-07T09:50:34+00:00",
        "query_key": "heritage_sites",
        "tags": {
          "name": "The Deanery",
          "wikidata": "Q26548625",
          "heritage": "2",
          "historic": "building",
          "listed_status": "grade ii",
          "wikipedia": "en:York Deanery",
          "addr:city": "York"
        },
        "sitelinks": 1
      }
    },
    {
      "type": "Feature",
      "geometry": {
        "type": "Point",
        "coordinates": [
          -1.07923,
          53.9624
        ]
      },
      "properties": {
        "id": "osm:wikidata:17549601",
        "source": "osm",
        "title": "The Dutch House",
        "address": "York",
        "description": "",
        "categories": [
          "historical",
          "architecture"
        ],
        "primary_category": "historical",
        "interest_score": 88,
        "website": "",
        "wikipedia": "en:The Dutch House, York",
        "wikidata": "Q17549601",
        "source_url": "https://www.wikidata.org/wiki/Q17549601",
        "fetched_at_utc": "2026-10-07T09:50:34+00:00",
        "query_key": "heritage_sites",
        "tags": {
          "name": "The Dutch House",
          "wikidata": "Q17549601",
          "historic": "building",
          "heritage": "2",
          "listed_status": "grade ii*",
          "wikipedia": "en:The Dutch House, York",
          "addr:city": "York"
        },
        "sitelinks": 1
      }
    },
    {
      "type": "Feature",
      "geometry": {
        "type": "Point",
        "coordinates": [
          -1.075917,
          53.953027
        ]
      },
      "properties": {
        "id": "osm:wikidata:26549158",
        "source": "osm",
        "title": "The Edinburgh Arms",
        "address": "York",
        "description": "",
        "categories": [
          "historical",
          "architecture"
        ],
        "primary_category": "historical",
        "interest_score": 88,
        "website": "",
        "wikipedia": "en:Edinburgh Arms",
        "wikidata": "Q26549158",
        "source_url": "https://www.wikidata.org/wiki/Q26549158",
        "fetched_at_utc": "2026-10-07T09:50:34+00:00",
        "query_key": "heritage_sites",
        "tags": {
          "name": "The Edinburgh Arms",
          "wikidata": "Q26549158",
          "amenity": "pub",
          "heritage": "2",
          "historic": "building",
          "listed_status": "grade ii",
          "wikipedia": "en:Edinburgh Arms",
          "addr:city": "York"
        },
        "sitelinks": 1
      }
    },
    {
      "type": "Feature",
      "geometry": {
        "type": "Point",
        "coordinates": [
          -1.106253,
          53.95536
        ]
      },
      "properties": {
        "id": "osm:wikidata:26548882",
        "source": "osm",
        "title": "The Fox",
        "address": "York",
        "description": "",
        "categories": [
          "historical",
          "architecture"
        ],
        "primary_category": "historical",
        "interest_score": 88,
        "website": "",
        "wikipedia": "en:The Fox, York",
        "wikidata": "Q26548882",
        "source_url": "https://www.wikidata.org/wiki/Q26548882",
        "fetched_at_utc": "2026-10-07T09:50:34+00:00",
        "query_key": "heritage_sites",
        "tags": {
          "name": "The Fox",
          "wikidata": "Q26548882",
          "amenity": "pub",
          "heritage": "2",
          "historic": "building",
          "listed_status": "grade ii",
          "wikipedia": "en:The Fox, York",
          "addr:city": "York"
        },
        "sitelinks": 1
      }
    },
    {
      "type": "Feature",
      "geometry": {
        "type": "Point",
        "coordinates": [
          -1.090042,
          53.962082
        ]
      },
      "properties": {
        "id": "osm:wikidata:26548744",
        "source": "osm",
        "title": "The Garth",
        "address": "York",
        "description": "",
        "categories": [
          "historical",
          "architecture"
        ],
        "primary_category": "historical",
        "interest_score": 88,
        "website": "",
        "wikipedia": "en:The Garth",
        "wikidata": "Q26548744",
        "source_url": "https://www.wikidata.org/wiki/Q26548744",
        "fetched_at_utc": "2026-10-07T09:50:34+00:00",
        "query_key": "heritage_sites",
        "tags": {
          "name": "The Garth",
          "wikidata": "Q26548744",
          "heritage": "2",
          "historic": "building",
          "listed_status": "grade ii",
          "wikipedia": "en:The Garth",
          "addr:city": "York"
        },
        "sitelinks": 1
      }
    },
    {
      "type": "Feature",
      "geometry": {
        "type": "Point",
        "coordinates": [
          -1.083812,
          53.964089
        ]
      },
      "properties": {
        "id": "osm:wikidata:26549109",
        "source": "osm",
        "title": "The Gillygate",
        "address": "York",
        "description": "",
        "categories": [
          "historical",
          "architecture"
        ],
        "primary_category": "historical",
        "interest_score": 88,
        "website": "",
        "wikipedia": "en:The Gillygate",
        "wikidata": "Q26549109",
        "source_url": "https://www.wikidata.org/wiki/Q26549109",
        "fetched_at_utc": "2026-10-07T09:50:34+00:00",
        "query_key": "heritage_sites",
        "tags": {
          "name": "The Gillygate",
          "wikidata": "Q26549109",
          "amenity": "pub",
          "heritage": "2",
          "historic": "building",
          "listed_status": "grade ii",
          "wikipedia": "en:The Gillygate",
          "addr:city": "York"
        },
        "sitelinks": 1
      }
    },
    {
      "type": "Feature",
      "geometry": {
        "type": "Point",
        "coordinates": [
          -1.085089,
          53.954864
        ]
      },
      "properties": {
        "id": "osm:wikidata:26672890",
        "source": "osm",
        "title": "The Golden Ball",
        "address": "York",
        "description": "",
        "categories": [
          "historical",
          "architecture"
        ],
        "primary_category": "historical",
        "interest_score": 88,
        "website": "",
        "wikipedia": "en:Golden Ball, York",
        "wikidata": "Q26672890",
        "source_url": "https://www.wikidata.org/wiki/Q26672890",
        "fetched_at_utc": "2026-10-07T09:50:34+00:00",
        "query_key": "heritage_sites",
        "tags": {
          "name": "The Golden Ball",
          "wikidata": "Q26672890",
          "amenity": "pub",
          "heritage": "2",
          "historic": "building",
          "listed_status": "grade ii",
          "wikipedia": "en:Golden Ball, York",
          "addr:city": "York"
        },
        "sitelinks": 1
      }
    },
    {
      "type": "Feature",
      "geometry": {
        "type": "Point",
        "coordinates": [
          -1.079165,
          53.962206
        ]
      },
      "properties": {
        "id": "osm:wikidata:109284705",
        "source": "osm",
        "title": "The Golden Slipper",
        "address": "York",
        "description": "",
        "categories": [
          "historical",
          "architecture"
        ],
        "primary_category": "historical",
        "interest_score": 88,
        "website": "",
        "wikipedia": "en:The Golden Slipper, York",
        "wikidata": "Q109284705",
        "source_url": "https://www.wikidata.org/wiki/Q109284705",
        "fetched_at_utc": "2026-10-07T09:50:34+00:00",
        "query_key": "heritage_sites",
        "tags": {
          "name": "The Golden Slipper",
          "wikidata": "Q109284705",
          "amenity": "pub",
          "heritage": "2",
          "historic": "building",
          "listed_status": "grade ii",
          "wikipedia": "en:The Golden Slipper, York",
          "addr:city": "York"
        },
        "sitelinks": 1
      }
    },
    {
      "type": "Feature",
      "geometry": {
        "type": "Point",
        "coordinates": [
          -1.08884,
          53.9585
        ]
      },
      "properties": {
        "id": "osm:wikidata:17549256",
        "source": "osm",
        "title": "The Grand Hotel and Spa",
        "address": "York",
        "description": "",
        "categories": [
          "historical",
          "architecture"
        ],
        "primary_category": "historical",
        "interest_score": 88,
        "website": "",
        "wikipedia": "en:Grand Hotel and Spa (York)",
        "wikidata": "Q17549256",
        "source_url": "https://www.wikidata.org/wiki/Q17549256",
        "fetched_at_utc": "2026-10-07T09:50:34+00:00",
        "query_key": "heritage_sites",
        "tags": {
          "name": "The Grand Hotel and Spa",
          "wikidata": "Q17549256",
          "heritage": "2",
          "historic": "building",
          "listed_status": "grade ii*",
          "wikipedia": "en:Grand Hotel and Spa (York)",
          "addr:city": "York"
        },
        "sitelinks": 1
      }
    },
    {
      "type": "Feature",
      "geometry": {
        "type": "Point",
        "coordinates": [
          -1.07966,
          53.9586
        ]
      },
      "properties": {
        "id": "osm:wikidata:17530565",
        "source": "osm",
        "title": "The Herbert House",
        "address": "York",
        "description": "",
        "categories": [
          "historical",
          "architecture"
        ],
        "primary_category": "historical",
        "interest_score": 88,
        "website": "",
        "wikipedia": "en:Sir Thomas Herbert's House",
        "wikidata": "Q17530565",
        "source_url": "https://www.wikidata.org/wiki/Q17530565",
        "fetched_at_utc": "2026-10-07T09:50:34+00:00",
        "query_key": "heritage_sites",
        "tags": {
          "name": "The Herbert House",
          "wikidata": "Q17530565",
          "historic": "building",
          "heritage": "2",
          "listed_status": "grade i",
          "wikipedia": "en:Sir Thomas Herbert's House",
          "addr:city": "York"
        },
        "sitelinks": 1
      }
    },
    {
      "type": "Feature",
      "geometry": {
        "type": "Point",
        "coordinates": [
          -1.078034,
          53.962751
        ]
      },
      "properties": {
        "id": "osm:wikidata:26548633",
        "source": "osm",
        "title": "The Keystones",
        "address": "York",
        "description": "",
        "categories": [
          "historical",
          "architecture"
        ],
        "primary_category": "historical",
        "interest_score": 88,
        "website": "",
        "wikipedia": "en:Bay Horse, Monkgate",
        "wikidata": "Q26548633",
        "source_url": "https://www.wikidata.org/wiki/Q26548633",
        "fetched_at_utc": "2026-10-07T09:50:34+00:00",
        "query_key": "heritage_sites",
        "tags": {
          "name": "The Keystones",
          "wikidata": "Q26548633",
          "amenity": "pub",
          "heritage": "2",
          "historic": "building",
          "listed_status": "grade ii",
          "wikipedia": "en:Bay Horse, Monkgate",
          "addr:city": "York"
        },
        "sitelinks": 1
      }
    },
    {
      "type": "Feature",
      "geometry": {
        "type": "Point",
        "coordinates": [
          -1.083019,
          53.957162
        ]
      },
      "properties": {
        "id": "osm:wikidata:26548870",
        "source": "osm",
        "title": "The Kings Arms",
        "address": "York",
        "description": "",
        "categories": [
          "historical",
          "architecture"
        ],
        "primary_category": "historical",
        "interest_score": 88,
        "website": "",
        "wikipedia": "en:Kings Arms, York",
        "wikidata": "Q26548870",
        "source_url": "https://www.wikidata.org/wiki/Q26548870",
        "fetched_at_utc": "2026-10-07T09:50:34+00:00",
        "query_key": "heritage_sites",
        "tags": {
          "name": "The Kings Arms",
          "wikidata": "Q26548870",
          "amenity": "pub",
          "heritage": "2",
          "historic": "building",
          "listed_status": "grade ii",
          "wikipedia": "en:Kings Arms, York",
          "addr:city": "York"
        },
        "sitelinks": 1
      }
    },
    {
      "type": "Feature",
      "geometry": {
        "type": "Point",
        "coordinates": [
          -1.079635,
          53.959968
        ]
      },
      "properties": {
        "id": "osm:wikidata:26549298",
        "source": "osm",
        "title": "The Last Drop Inn",
        "address": "York",
        "description": "",
        "categories": [
          "historical",
          "architecture"
        ],
        "primary_category": "historical",
        "interest_score": 88,
        "website": "",
        "wikipedia": "en:27 Colliergate",
        "wikidata": "Q26549298",
        "source_url": "https://www.wikidata.org/wiki/Q26549298",
        "fetched_at_utc": "2026-10-07T09:50:34+00:00",
        "query_key": "heritage_sites",
        "tags": {
          "name": "The Last Drop Inn",
          "wikidata": "Q26549298",
          "amenity": "pub",
          "heritage": "2",
          "historic": "building",
          "listed_status": "grade ii",
          "wikipedia": "en:27 Colliergate",
          "addr:city": "York"
        },
        "sitelinks": 1
      }
    },
    {
      "type": "Feature",
      "geometry": {
        "type": "Point",
        "coordinates": [
          -1.075523,
          53.950175
        ]
      },
      "properties": {
        "id": "osm:wikidata:26549126",
        "source": "osm",
        "title": "The Lighthorseman Hotel",
        "address": "York",
        "description": "",
        "categories": [
          "historical",
          "architecture"
        ],
        "primary_category": "historical",
        "interest_score": 88,
        "website": "",
        "wikipedia": "en:The Lighthorseman",
        "wikidata": "Q26549126",
        "source_url": "https://www.wikidata.org/wiki/Q26549126",
        "fetched_at_utc": "2026-10-07T09:50:34+00:00",
        "query_key": "heritage_sites",
        "tags": {
          "name": "The Lighthorseman Hotel",
          "wikidata": "Q26549126",
          "heritage": "2",
          "historic": "building",
          "listed_status": "grade ii",
          "wikipedia": "en:The Lighthorseman",
          "addr:city": "York"
        },
        "sitelinks": 1
      }
    },
    {
      "type": "Feature",
      "geometry": {
        "type": "Point",
        "coordinates": [
          -1.04527,
          53.9445
        ]
      },
      "properties": {
        "id": "osm:wikidata:17549214",
        "source": "osm",
        "title": "The Little Hall",
        "address": "York",
        "description": "",
        "categories": [
          "historical",
          "architecture"
        ],
        "primary_category": "historical",
        "interest_score": 88,
        "website": "",
        "wikipedia": "en:Little Hall, Heslington",
        "wikidata": "Q17549214",
        "source_url": "https://www.wikidata.org/wiki/Q17549214",
        "fetched_at_utc": "2026-10-07T09:50:34+00:00",
        "query_key": "heritage_sites",
        "tags": {
          "name": "The Little Hall",
          "wikidata": "Q17549214",
          "historic": "building",
          "heritage": "2",
          "listed_status": "grade ii*",
          "wikipedia": "en:Little Hall, Heslington",
          "addr:city": "York"
        },
        "sitelinks": 1
      }
    },
    {
      "type": "Feature",
      "geometry": {
        "type": "Point",
        "coordinates": [
          -1.077362,
          53.954042
        ]
      },
      "properties": {
        "id": "osm:wikidata:26549155",
        "source": "osm",
        "title": "The Masons Arms",
        "address": "York",
        "description": "",
        "categories": [
          "historical",
          "architecture"
        ],
        "primary_category": "historical",
        "interest_score": 88,
        "website": "",
        "wikipedia": "en:Masons Arms, York",
        "wikidata": "Q26549155",
        "source_url": "https://www.wikidata.org/wiki/Q26549155",
        "fetched_at_utc": "2026-10-07T09:50:34+00:00",
        "query_key": "heritage_sites",
        "tags": {
          "name": "The Masons Arms",
          "wikidata": "Q26549155",
          "amenity": "pub",
          "heritage": "2",
          "historic": "building",
          "listed_status": "grade ii",
          "wikipedia": "en:Masons Arms, York",
          "addr:city": "York"
        },
        "sitelinks": 1
      }
    },
    {
      "type": "Feature",
      "geometry": {
        "type": "Point",
        "coordinates": [
          -1.092161,
          53.958679
        ]
      },
      "properties": {
        "id": "osm:wikidata:7761744",
        "source": "osm",
        "title": "The Milner",
        "address": "York",
        "description": "",
        "categories": [
          "historical",
          "architecture"
        ],
        "primary_category": "historical",
        "interest_score": 88,
        "website": "",
        "wikipedia": "en:The Milner York",
        "wikidata": "Q7761744",
        "source_url": "https://www.wikidata.org/wiki/Q7761744",
        "fetched_at_utc": "2026-10-07T09:50:34+00:00",
        "query_key": "heritage_sites",
        "tags": {
          "name": "The Milner",
          "wikidata": "Q7761744",
          "heritage": "2",
          "historic": "building",
          "listed_status": "grade ii",
          "wikipedia": "en:The Milner York",
          "start_date": "1878",
          "addr:city": "York"
        },
        "sitelinks": 2
      }
    },
    {
      "type": "Feature",
      "geometry": {
        "type": "Point",
        "coordinates": [
          -1.09423,
          53.953922
        ]
      },
      "properties": {
        "id": "osm:wikidata:26547958",
        "source": "osm",
        "title": "The Mount",
        "address": "York",
        "description": "",
        "categories": [
          "historical",
          "architecture"
        ],
        "primary_category": "historical",
        "interest_score": 88,
        "website": "",
        "wikipedia": "en:The Mount, York (pub)",
        "wikidata": "Q26547958",
        "source_url": "https://www.wikidata.org/wiki/Q26547958",
        "fetched_at_utc": "2026-10-07T09:50:34+00:00",
        "query_key": "heritage_sites",
        "tags": {
          "name": "The Mount",
          "wikidata": "Q26547958",
          "amenity": "pub",
          "heritage": "2",
          "historic": "building",
          "listed_status": "grade ii",
          "wikipedia": "en:The Mount, York (pub)",
          "addr:city": "York"
        },
        "sitelinks": 1
      }
    },
    {
      "type": "Feature",
      "geometry": {
        "type": "Point",
        "coordinates": [
          -1.08314,
          53.9613
        ]
      },
      "properties": {
        "id": "osm:wikidata:17530543",
        "source": "osm",
        "title": "The Norman House",
        "address": "York",
        "description": "",
        "categories": [
          "architecture",
          "historical",
          "landmark"
        ],
        "primary_category": "historical",
        "interest_score": 88,
        "website": "",
        "wikipedia": "en:The Norman House (York)",
        "wikidata": "Q17530543",
        "source_url": "https://www.wikidata.org/wiki/Q17530543",
        "fetched_at_utc": "2026-10-07T09:50:34+00:00",
        "query_key": "heritage_sites",
        "tags": {
          "name": "The Norman House",
          "wikidata": "Q17530543",
          "historic": "archaeological_site",
          "heritage": "2",
          "listed_status": "grade i",
          "wikipedia": "en:The Norman House (York)",
          "addr:city": "York"
        },
        "sitelinks": 1
      }
    },
    {
      "type": "Feature",
      "geometry": {
        "type": "Point",
        "coordinates": [
          -1.096343,
          53.968966
        ]
      },
      "properties": {
        "id": "osm:wikidata:26550346",
        "source": "osm",
        "title": "The Old Grey Mare",
        "address": "York",
        "description": "",
        "categories": [
          "historical",
          "architecture"
        ],
        "primary_category": "historical",
        "interest_score": 88,
        "website": "",
        "wikipedia": "en:Old Grey Mare, York",
        "wikidata": "Q26550346",
        "source_url": "https://www.wikidata.org/wiki/Q26550346",
        "fetched_at_utc": "2026-10-07T09:50:34+00:00",
        "query_key": "heritage_sites",
        "tags": {
          "name": "The Old Grey Mare",
          "wikidata": "Q26550346",
          "amenity": "pub",
          "heritage": "2",
          "historic": "building",
          "listed_status": "grade ii",
          "wikipedia": "en:Old Grey Mare, York",
          "addr:city": "York"
        },
        "sitelinks": 1
      }
    },
    {
      "type": "Feature",
      "geometry": {
        "type": "Point",
        "coordinates": [
          -1.09407,
          53.9681
        ]
      },
      "properties": {
        "id": "osm:wikidata:17550026",
        "source": "osm",
        "title": "The Old Manor House, Clifton",
        "address": "York",
        "description": "",
        "categories": [
          "historical",
          "architecture"
        ],
        "primary_category": "historical",
        "interest_score": 88,
        "website": "",
        "wikipedia": "en:The Old Manor House, Clifton",
        "wikidata": "Q17550026",
        "source_url": "https://www.wikidata.org/wiki/Q17550026",
        "fetched_at_utc": "2026-10-07T09:50:34+00:00",
        "query_key": "heritage_sites",
        "tags": {
          "name": "The Old Manor House, Clifton",
          "wikidata": "Q17550026",
          "heritage": "2",
          "historic": "building",
          "listed_status": "grade ii*",
          "wikipedia": "en:The Old Manor House, Clifton",
          "addr:city": "York"
        },
        "sitelinks": 2
      }
    },
    {
      "type": "Feature",
      "geometry": {
        "type": "Point",
        "coordinates": [
          -1.08666,
          53.9586
        ]
      },
      "properties": {
        "id": "osm:wikidata:17549273",
        "source": "osm",
        "title": "The Old Rectory",
        "address": "7A Tanner Row, York YO1 6JB, York",
        "description": "",
        "categories": [
          "historical",
          "architecture"
        ],
        "primary_category": "historical",
        "interest_score": 88,
        "website": "",
        "wikipedia": "en:The Old Rectory, Tanner Row",
        "wikidata": "Q17549273",
        "source_url": "https://www.wikidata.org/wiki/Q17549273",
        "fetched_at_utc": "2026-10-07T09:50:34+00:00",
        "query_key": "heritage_sites",
        "tags": {
          "name": "The Old Rectory",
          "wikidata": "Q17549273",
          "heritage": "2",
          "historic": "building",
          "listed_status": "grade ii*",
          "wikipedia": "en:The Old Rectory, Tanner Row",
          "addr:street": "7A Tanner Row, York YO1 6JB",
          "addr:city": "York"
        },
        "sitelinks": 1
      }
    },
    {
      "type": "Feature",
      "geometry": {
        "type": "Point",
        "coordinates": [
          -1.080214,
          53.960655
        ]
      },
      "properties": {
        "id": "osm:wikidata:26549042",
        "source": "osm",
        "title": "The Old White Swan",
        "address": "York",
        "description": "",
        "categories": [
          "historical",
          "architecture"
        ],
        "primary_category": "historical",
        "interest_score": 88,
        "website": "",
        "wikipedia": "en:Old White Swan",
        "wikidata": "Q26549042",
        "source_url": "https://www.wikidata.org/wiki/Q26549042",
        "fetched_at_utc": "2026-10-07T09:50:34+00:00",
        "query_key": "heritage_sites",
        "tags": {
          "name": "The Old White Swan",
          "wikidata": "Q26549042",
          "amenity": "pub",
          "heritage": "2",
          "historic": "building",
          "listed_status": "grade ii",
          "wikipedia": "en:Old White Swan",
          "addr:city": "York"
        },
        "sitelinks": 1
      }
    },
    {
      "type": "Feature",
      "geometry": {
        "type": "Point",
        "coordinates": [
          -1.0775,
          53.9615
        ]
      },
      "properties": {
        "id": "osm:wikidata:17550093",
        "source": "osm",
        "title": "The Oliver Sheldon House",
        "address": "York",
        "description": "",
        "categories": [
          "historical",
          "architecture"
        ],
        "primary_category": "historical",
        "interest_score": 88,
        "website": "",
        "wikipedia": "en:Oliver Sheldon House",
        "wikidata": "Q17550093",
        "source_url": "https://www.wikidata.org/wiki/Q17550093",
        "fetched_at_utc": "2026-10-07T09:50:34+00:00",
        "query_key": "heritage_sites",
        "tags": {
          "name": "The Oliver Sheldon House",
          "wikidata": "Q17550093",
          "historic": "building",
          "heritage": "2",
          "listed_status": "grade ii*",
          "wikipedia": "en:Oliver Sheldon House",
          "addr:city": "York"
        },
        "sitelinks": 1
      }
    },
    {
      "type": "Feature",
      "geometry": {
        "type": "Point",
        "coordinates": [
          -1.085682,
          53.958132
        ]
      },
      "properties": {
        "id": "osm:wikidata:26548478",
        "source": "osm",
        "title": "The Other Tap And Spile",
        "address": "York",
        "description": "",
        "categories": [
          "historical",
          "architecture"
        ],
        "primary_category": "historical",
        "interest_score": 88,
        "website": "",
        "wikipedia": "en:Yorkshire Hussar",
        "wikidata": "Q26548478",
        "source_url": "https://www.wikidata.org/wiki/Q26548478",
        "fetched_at_utc": "2026-10-07T09:50:34+00:00",
        "query_key": "heritage_sites",
        "tags": {
          "name": "The Other Tap And Spile",
          "wikidata": "Q26548478",
          "amenity": "pub",
          "heritage": "2",
          "historic": "building",
          "listed_status": "grade ii",
          "wikipedia": "en:Yorkshire Hussar",
          "addr:city": "York"
        },
        "sitelinks": 1
      }
    },
    {
      "type": "Feature",
      "geometry": {
        "type": "Point",
        "coordinates": [
          -1.075039,
          53.954153
        ]
      },
      "properties": {
        "id": "osm:wikidata:26549100",
        "source": "osm",
        "title": "The Phoenix",
        "address": "York",
        "description": "",
        "categories": [
          "historical",
          "architecture"
        ],
        "primary_category": "historical",
        "interest_score": 88,
        "website": "",
        "wikipedia": "en:Phoenix Inn",
        "wikidata": "Q26549100",
        "source_url": "https://www.wikidata.org/wiki/Q26549100",
        "fetched_at_utc": "2026-10-07T09:50:34+00:00",
        "query_key": "heritage_sites",
        "tags": {
          "name": "The Phoenix",
          "wikidata": "Q26549100",
          "amenity": "pub",
          "heritage": "2",
          "historic": "building",
          "listed_status": "grade ii",
          "wikipedia": "en:Phoenix Inn",
          "addr:city": "York"
        },
        "sitelinks": 1
      }
    },
    {
      "type": "Feature",
      "geometry": {
        "type": "Point",
        "coordinates": [
          -1.08994,
          53.956388
        ]
      },
      "properties": {
        "id": "osm:wikidata:26548669",
        "source": "osm",
        "title": "The Priory",
        "address": "York",
        "description": "",
        "categories": [
          "historical",
          "architecture"
        ],
        "primary_category": "historical",
        "interest_score": 88,
        "website": "",
        "wikipedia": "en:The Priory, York",
        "wikidata": "Q26548669",
        "source_url": "https://www.wikidata.org/wiki/Q26548669",
        "fetched_at_utc": "2026-10-07T09:50:34+00:00",
        "query_key": "heritage_sites",
        "tags": {
          "name": "The Priory",
          "wikidata": "Q26548669",
          "amenity": "pub",
          "heritage": "2",
          "historic": "building",
          "listed_status": "grade ii",
          "wikipedia": "en:The Priory, York",
          "addr:city": "York"
        },
        "sitelinks": 1
      }
    },
    {
      "type": "Feature",
      "geometry": {
        "type": "Point",
        "coordinates": [
          -1.083744,
          53.960557
        ]
      },
      "properties": {
        "id": "osm:wikidata:26548027",
        "source": "osm",
        "title": "The Punch Bowl",
        "address": "York",
        "description": "",
        "categories": [
          "historical",
          "architecture"
        ],
        "primary_category": "historical",
        "interest_score": 88,
        "website": "",
        "wikipedia": "en:The Punch Bowl, Stonegate",
        "wikidata": "Q26548027",
        "source_url": "https://www.wikidata.org/wiki/Q26548027",
        "fetched_at_utc": "2026-10-07T09:50:34+00:00",
        "query_key": "heritage_sites",
        "tags": {
          "name": "The Punch Bowl",
          "wikidata": "Q26548027",
          "amenity": "pub",
          "heritage": "2",
          "historic": "building",
          "listed_status": "grade ii",
          "wikipedia": "en:The Punch Bowl, Stonegate",
          "addr:city": "York"
        },
        "sitelinks": 1
      }
    },
    {
      "type": "Feature",
      "geometry": {
        "type": "Point",
        "coordinates": [
          -1.090903,
          53.955533
        ]
      },
      "properties": {
        "id": "osm:wikidata:26550631",
        "source": "osm",
        "title": "The Punch Bowl",
        "address": "York",
        "description": "",
        "categories": [
          "historical",
          "architecture"
        ],
        "primary_category": "historical",
        "interest_score": 88,
        "website": "",
        "wikipedia": "en:The Punch Bowl, Blossom Street",
        "wikidata": "Q26550631",
        "source_url": "https://www.wikidata.org/wiki/Q26550631",
        "fetched_at_utc": "2026-10-07T09:50:34+00:00",
        "query_key": "heritage_sites",
        "tags": {
          "name": "The Punch Bowl",
          "wikidata": "Q26550631",
          "amenity": "pub",
          "heritage": "2",
          "historic": "building",
          "listed_status": "grade ii",
          "wikipedia": "en:The Punch Bowl, Blossom Street",
          "addr:city": "York"
        },
        "sitelinks": 1
      }
    },
    {
      "type": "Feature",
      "geometry": {
        "type": "Point",
        "coordinates": [
          -1.086889,
          53.957514
        ]
      },
      "properties": {
        "id": "osm:wikidata:26549093",
        "source": "osm",
        "title": "The Railway King",
        "address": "York",
        "description": "",
        "categories": [
          "historical",
          "architecture"
        ],
        "primary_category": "historical",
        "interest_score": 88,
        "website": "",
        "wikipedia": "en:Adelphi Hotel, York",
        "wikidata": "Q26549093",
        "source_url": "https://www.wikidata.org/wiki/Q26549093",
        "fetched_at_utc": "2026-10-07T09:50:34+00:00",
        "query_key": "heritage_sites",
        "tags": {
          "name": "The Railway King",
          "wikidata": "Q26549093",
          "amenity": "pub",
          "heritage": "2",
          "historic": "building",
          "listed_status": "grade ii",
          "wikipedia": "en:Adelphi Hotel, York",
          "addr:city": "York"
        },
        "sitelinks": 1
      }
    },
    {
      "type": "Feature",
      "geometry": {
        "type": "Point",
        "coordinates": [
          -1.0851,
          53.9616
        ]
      },
      "properties": {
        "id": "osm:wikidata:108336798",
        "source": "osm",
        "title": "The Red House",
        "address": "York",
        "description": "Built on the site of the Gatehouse of St. Leonard's Hospital by Sir W. Robinson circa 1718. Here lived Dr. John Burton, the prototype of Dr. Slop in \"Tristram Shandy\".",
        "categories": [
          "architecture",
          "historical",
          "memorial"
        ],
        "primary_category": "historical",
        "interest_score": 88,
        "website": "",
        "wikipedia": "en:The Red House (York)",
        "wikidata": "Q108336798",
        "source_url": "https://www.wikidata.org/wiki/Q108336798",
        "fetched_at_utc": "2026-10-07T09:50:34+00:00",
        "query_key": "heritage_sites",
        "tags": {
          "name": "The Red House",
          "wikidata": "Q108336798",
          "heritage": "2",
          "historic": "building",
          "listed_status": "grade ii*",
          "wikipedia": "en:The Red House (York)",
          "addr:city": "York"
        },
        "sitelinks": 1
      }
    },
    {
      "type": "Feature",
      "geometry": {
        "type": "Point",
        "coordinates": [
          -1.077729,
          53.957257
        ]
      },
      "properties": {
        "id": "osm:wikidata:26547879",
        "source": "osm",
        "title": "The Red Lion",
        "address": "York",
        "description": "",
        "categories": [
          "historical",
          "architecture"
        ],
        "primary_category": "historical",
        "interest_score": 88,
        "website": "",
        "wikipedia": "en:The Red Lion, York",
        "wikidata": "Q26547879",
        "source_url": "https://www.wikidata.org/wiki/Q26547879",
        "fetched_at_utc": "2026-10-07T09:50:34+00:00",
        "query_key": "heritage_sites",
        "tags": {
          "name": "The Red Lion",
          "wikidata": "Q26547879",
          "amenity": "pub",
          "heritage": "2",
          "historic": "building",
          "listed_status": "grade ii",
          "wikipedia": "en:The Red Lion, York",
          "addr:city": "York"
        },
        "sitelinks": 1
      }
    },
    {
      "type": "Feature",
      "geometry": {
        "type": "Point",
        "coordinates": [
          -1.0713682,
          53.957978
        ]
      },
      "properties": {
        "id": "osm:wikidata:101069839",
        "source": "osm",
        "title": "The Red Tower",
        "address": "York",
        "description": "",
        "categories": [
          "architecture",
          "historical"
        ],
        "primary_category": "historical",
        "interest_score": 88,
        "website": "",
        "wikipedia": "en:Red Tower (York)",
        "wikidata": "Q101069839",
        "source_url": "https://www.wikidata.org/wiki/Q101069839",
        "fetched_at_utc": "2026-10-07T09:50:34+00:00",
        "query_key": "heritage_sites",
        "tags": {
          "name": "The Red Tower",
          "wikidata": "Q101069839",
          "heritage": "2",
          "historic": "building",
          "listed_status": "grade i",
          "wikipedia": "en:Red Tower (York)",
          "addr:city": "York"
        },
        "sitelinks": 1
      }
    },
    {
      "type": "Feature",
      "geometry": {
        "type": "Point",
        "coordinates": [
          -1.08175,
          53.96
        ]
      },
      "properties": {
        "id": "osm:wikidata:17549513",
        "source": "osm",
        "title": "The Roman Bath",
        "address": "York",
        "description": "",
        "categories": [
          "historical",
          "architecture"
        ],
        "primary_category": "historical",
        "interest_score": 88,
        "website": "",
        "wikipedia": "en:Roman Bath, York",
        "wikidata": "Q17549513",
        "source_url": "https://www.wikidata.org/wiki/Q17549513",
        "fetched_at_utc": "2026-10-07T09:50:34+00:00",
        "query_key": "heritage_sites",
        "tags": {
          "name": "The Roman Bath",
          "wikidata": "Q17549513",
          "amenity": "pub",
          "heritage": "2",
          "historic": "building",
          "listed_status": "grade ii*",
          "wikipedia": "en:Roman Bath, York",
          "addr:city": "York"
        },
        "sitelinks": 3
      }
    },
    {
      "type": "Feature",
      "geometry": {
        "type": "Point",
        "coordinates": [
          -1.079094,
          53.962264
        ]
      },
      "properties": {
        "id": "osm:wikidata:26549089",
        "source": "osm",
        "title": "The Royal Oak",
        "address": "York",
        "description": "",
        "categories": [
          "historical",
          "architecture"
        ],
        "primary_category": "historical",
        "interest_score": 88,
        "website": "",
        "wikipedia": "en:The Royal Oak, York",
        "wikidata": "Q26549089",
        "source_url": "https://www.wikidata.org/wiki/Q26549089",
        "fetched_at_utc": "2026-10-07T09:50:34+00:00",
        "query_key": "heritage_sites",
        "tags": {
          "name": "The Royal Oak",
          "wikidata": "Q26549089",
          "amenity": "pub",
          "heritage": "2",
          "historic": "building",
          "listed_status": "grade ii",
          "wikipedia": "en:The Royal Oak, York",
          "addr:city": "York"
        },
        "sitelinks": 1
      }
    },
    {
      "type": "Feature",
      "geometry": {
        "type": "Point",
        "coordinates": [
          -1.083565,
          53.964914
        ]
      },
      "properties": {
        "id": "osm:wikidata:26549075",
        "source": "osm",
        "title": "The Salvation Army Citadel",
        "address": "York",
        "description": "",
        "categories": [
          "historical",
          "architecture"
        ],
        "primary_category": "historical",
        "interest_score": 88,
        "website": "",
        "wikipedia": "en:The Citadel, York",
        "wikidata": "Q26549075",
        "source_url": "https://www.wikidata.org/wiki/Q26549075",
        "fetched_at_utc": "2026-10-07T09:50:34+00:00",
        "query_key": "heritage_sites",
        "tags": {
          "name": "The Salvation Army Citadel",
          "wikidata": "Q26549075",
          "heritage": "2",
          "historic": "building",
          "listed_status": "grade ii",
          "wikipedia": "en:The Citadel, York",
          "addr:city": "York"
        },
        "sitelinks": 1
      }
    },
    {
      "type": "Feature",
      "geometry": {
        "type": "Point",
        "coordinates": [
          -1.07969,
          53.9615
        ]
      },
      "properties": {
        "id": "osm:wikidata:17549897",
        "source": "osm",
        "title": "The Snickleway Inn",
        "address": "York",
        "description": "",
        "categories": [
          "historical",
          "architecture"
        ],
        "primary_category": "historical",
        "interest_score": 88,
        "website": "",
        "wikipedia": "en:The Snickleway Inn",
        "wikidata": "Q17549897",
        "source_url": "https://www.wikidata.org/wiki/Q17549897",
        "fetched_at_utc": "2026-10-07T09:50:34+00:00",
        "query_key": "heritage_sites",
        "tags": {
          "name": "The Snickleway Inn",
          "wikidata": "Q17549897",
          "amenity": "pub",
          "heritage": "2",
          "historic": "building",
          "listed_status": "grade ii*",
          "wikipedia": "en:The Snickleway Inn",
          "addr:city": "York"
        },
        "sitelinks": 1
      }
    },
    {
      "type": "Feature",
      "geometry": {
        "type": "Point",
        "coordinates": [
          -1.083806,
          53.952578
        ]
      },
      "properties": {
        "id": "osm:wikidata:26672893",
        "source": "osm",
        "title": "The Swan",
        "address": "York",
        "description": "",
        "categories": [
          "historical",
          "architecture"
        ],
        "primary_category": "historical",
        "interest_score": 88,
        "website": "",
        "wikipedia": "en:The Swan, York",
        "wikidata": "Q26672893",
        "source_url": "https://www.wikidata.org/wiki/Q26672893",
        "fetched_at_utc": "2026-10-07T09:50:34+00:00",
        "query_key": "heritage_sites",
        "tags": {
          "name": "The Swan",
          "wikidata": "Q26672893",
          "amenity": "pub",
          "heritage": "2",
          "historic": "building",
          "listed_status": "grade ii",
          "wikipedia": "en:The Swan, York",
          "addr:city": "York"
        },
        "sitelinks": 1
      }
    },
    {
      "type": "Feature",
      "geometry": {
        "type": "Point",
        "coordinates": [
          -1.081588,
          53.959875
        ]
      },
      "properties": {
        "id": "osm:wikidata:26548186",
        "source": "osm",
        "title": "The Three Cranes",
        "address": "York",
        "description": "",
        "categories": [
          "historical",
          "architecture"
        ],
        "primary_category": "historical",
        "interest_score": 88,
        "website": "",
        "wikipedia": "en:Three Cranes",
        "wikidata": "Q26548186",
        "source_url": "https://www.wikidata.org/wiki/Q26548186",
        "fetched_at_utc": "2026-10-07T09:50:34+00:00",
        "query_key": "heritage_sites",
        "tags": {
          "name": "The Three Cranes",
          "wikidata": "Q26548186",
          "amenity": "pub",
          "heritage": "2",
          "historic": "building",
          "listed_status": "grade ii",
          "wikipedia": "en:Three Cranes",
          "addr:city": "York"
        },
        "sitelinks": 1
      }
    },
    {
      "type": "Feature",
      "geometry": {
        "type": "Point",
        "coordinates": [
          -1.080904,
          53.957721
        ]
      },
      "properties": {
        "id": "osm:wikidata:26549243",
        "source": "osm",
        "title": "The Three Tuns",
        "address": "York",
        "description": "",
        "categories": [
          "historical",
          "architecture"
        ],
        "primary_category": "historical",
        "interest_score": 88,
        "website": "",
        "wikipedia": "en:The Three Tuns",
        "wikidata": "Q26549243",
        "source_url": "https://www.wikidata.org/wiki/Q26549243",
        "fetched_at_utc": "2026-10-07T09:50:34+00:00",
        "query_key": "heritage_sites",
        "tags": {
          "name": "The Three Tuns",
          "wikidata": "Q26549243",
          "amenity": "pub",
          "heritage": "2",
          "historic": "building",
          "listed_status": "grade ii",
          "wikipedia": "en:The Three Tuns",
          "addr:city": "York"
        },
        "sitelinks": 1
      }
    },
    {
      "type": "Feature",
      "geometry": {
        "type": "Point",
        "coordinates": [
          -1.077116,
          53.957387
        ]
      },
      "properties": {
        "id": "osm:wikidata:26547894",
        "source": "osm",
        "title": "The Watergate Inn",
        "address": "York",
        "description": "",
        "categories": [
          "historical",
          "architecture"
        ],
        "primary_category": "historical",
        "interest_score": 88,
        "website": "",
        "wikipedia": "en:The Watergate Inn",
        "wikidata": "Q26547894",
        "source_url": "https://www.wikidata.org/wiki/Q26547894",
        "fetched_at_utc": "2026-10-07T09:50:34+00:00",
        "query_key": "heritage_sites",
        "tags": {
          "name": "The Watergate Inn",
          "wikidata": "Q26547894",
          "amenity": "pub",
          "heritage": "2",
          "historic": "building",
          "listed_status": "grade ii",
          "wikipedia": "en:The Watergate Inn",
          "addr:city": "York"
        },
        "sitelinks": 1
      }
    },
    {
      "type": "Feature",
      "geometry": {
        "type": "Point",
        "coordinates": [
          -1.07971,
          53.9614
        ]
      },
      "properties": {
        "id": "osm:wikidata:17530628",
        "source": "osm",
        "title": "The Wealden Hall",
        "address": "York",
        "description": "",
        "categories": [
          "historical",
          "architecture"
        ],
        "primary_category": "historical",
        "interest_score": 88,
        "website": "",
        "wikipedia": "en:Wealden Hall, York",
        "wikidata": "Q17530628",
        "source_url": "https://www.wikidata.org/wiki/Q17530628",
        "fetched_at_utc": "2026-10-07T09:50:34+00:00",
        "query_key": "heritage_sites",
        "tags": {
          "name": "The Wealden Hall",
          "wikidata": "Q17530628",
          "heritage": "2",
          "historic": "building",
          "listed_status": "grade i",
          "wikipedia": "en:Wealden Hall, York",
          "addr:city": "York"
        },
        "sitelinks": 1
      }
    },
    {
      "type": "Feature",
      "geometry": {
        "type": "Point",
        "coordinates": [
          -1.077004,
          53.947292
        ]
      },
      "properties": {
        "id": "osm:wikidata:26550642",
        "source": "osm",
        "title": "The Wellington Inn",
        "address": "York",
        "description": "",
        "categories": [
          "historical",
          "architecture"
        ],
        "primary_category": "historical",
        "interest_score": 88,
        "website": "",
        "wikipedia": "en:Wellington Inn",
        "wikidata": "Q26550642",
        "source_url": "https://www.wikidata.org/wiki/Q26550642",
        "fetched_at_utc": "2026-10-07T09:50:34+00:00",
        "query_key": "heritage_sites",
        "tags": {
          "name": "The Wellington Inn",
          "wikidata": "Q26550642",
          "amenity": "pub",
          "heritage": "2",
          "historic": "building",
          "listed_status": "grade ii",
          "wikipedia": "en:Wellington Inn",
          "addr:city": "York"
        },
        "sitelinks": 1
      }
    },
    {
      "type": "Feature",
      "geometry": {
        "type": "Point",
        "coordinates": [
          -1.100039,
          53.969353
        ]
      },
      "properties": {
        "id": "osm:wikidata:26547794",
        "source": "osm",
        "title": "The White House",
        "address": "York",
        "description": "",
        "categories": [
          "historical",
          "architecture"
        ],
        "primary_category": "historical",
        "interest_score": 88,
        "website": "",
        "wikipedia": "en:The White House, York",
        "wikidata": "Q26547794",
        "source_url": "https://www.wikidata.org/wiki/Q26547794",
        "fetched_at_utc": "2026-10-07T09:50:34+00:00",
        "query_key": "heritage_sites",
        "tags": {
          "name": "The White House",
          "wikidata": "Q26547794",
          "historic": "building",
          "heritage": "2",
          "listed_status": "grade ii",
          "wikipedia": "en:The White House, York",
          "addr:city": "York"
        },
        "sitelinks": 1
      }
    },
    {
      "type": "Feature",
      "geometry": {
        "type": "Point",
        "coordinates": [
          -1.075747,
          53.953134
        ]
      },
      "properties": {
        "id": "osm:wikidata:26549177",
        "source": "osm",
        "title": "The Woolpack",
        "address": "York",
        "description": "",
        "categories": [
          "historical",
          "architecture"
        ],
        "primary_category": "historical",
        "interest_score": 88,
        "website": "",
        "wikipedia": "en:The Woolpack, York",
        "wikidata": "Q26549177",
        "source_url": "https://www.wikidata.org/wiki/Q26549177",
        "fetched_at_utc": "2026-10-07T09:50:34+00:00",
        "query_key": "heritage_sites",
        "tags": {
          "name": "The Woolpack",
          "wikidata": "Q26549177",
          "amenity": "pub",
          "heritage": "2",
          "historic": "building",
          "listed_status": "grade ii",
          "wikipedia": "en:The Woolpack, York",
          "addr:city": "York"
        },
        "sitelinks": 1
      }
    },
    {
      "type": "Feature",
      "geometry": {
        "type": "Point",
        "coordinates": [
          -1.0808,
          53.963
        ]
      },
      "properties": {
        "id": "osm:wikidata:7836749",
        "source": "osm",
        "title": "Treasurer's House",
        "address": "York",
        "description": "",
        "categories": [
          "historical",
          "architecture"
        ],
        "primary_category": "historical",
        "interest_score": 88,
        "website": "",
        "wikipedia": "en:Treasurer's House, York",
        "wikidata": "Q7836749",
        "source_url": "https://www.wikidata.org/wiki/Q7836749",
        "fetched_at_utc": "2026-10-07T09:50:34+00:00",
        "query_key": "heritage_sites",
        "tags": {
          "name": "Treasurer's House",
          "wikidata": "Q7836749",
          "heritage": "2",
          "historic": "building",
          "listed_status": "grade i",
          "wikipedia": "en:Treasurer's House, York",
          "addr:city": "York"
        },
        "sitelinks": 4
      }
    },
    {
      "type": "Feature",
      "geometry": {
        "type": "Point",
        "coordinates": [
          -1.069229,
          53.954947
        ]
      },
      "properties": {
        "id": "osm:wikidata:26548847",
        "source": "osm",
        "title": "Waggon and Horses",
        "address": "York",
        "description": "",
        "categories": [
          "historical",
          "architecture"
        ],
        "primary_category": "historical",
        "interest_score": 88,
        "website": "",
        "wikipedia": "en:Waggon and Horses",
        "wikidata": "Q26548847",
        "source_url": "https://www.wikidata.org/wiki/Q26548847",
        "fetched_at_utc": "2026-10-07T09:50:34+00:00",
        "query_key": "heritage_sites",
        "tags": {
          "name": "Waggon and Horses",
          "wikidata": "Q26548847",
          "amenity": "pub",
          "heritage": "2",
          "historic": "building",
          "listed_status": "grade ii",
          "wikipedia": "en:Waggon and Horses",
          "addr:city": "York"
        },
        "sitelinks": 1
      }
    },
    {
      "type": "Feature",
      "geometry": {
        "type": "Point",
        "coordinates": [
          -1.08659,
          53.9639
        ]
      },
      "properties": {
        "id": "osm:wikidata:7967249",
        "source": "osm",
        "title": "Wandesford House",
        "address": "York",
        "description": "",
        "categories": [
          "historical",
          "architecture"
        ],
        "primary_category": "historical",
        "interest_score": 88,
        "website": "",
        "wikipedia": "en:Wandesford House",
        "wikidata": "Q7967249",
        "source_url": "https://www.wikidata.org/wiki/Q7967249",
        "fetched_at_utc": "2026-10-07T09:50:34+00:00",
        "query_key": "heritage_sites",
        "tags": {
          "name": "Wandesford House",
          "wikidata": "Q7967249",
          "historic": "building",
          "heritage": "2",
          "listed_status": "grade ii*",
          "wikipedia": "en:Wandesford House",
          "addr:city": "York"
        },
        "sitelinks": 2
      }
    },
    {
      "type": "Feature",
      "geometry": {
        "type": "Point",
        "coordinates": [
          -1.091675,
          53.955473
        ]
      },
      "properties": {
        "id": "osm:wikidata:26550632",
        "source": "osm",
        "title": "Windmill Hotel",
        "address": "York",
        "description": "",
        "categories": [
          "historical",
          "architecture"
        ],
        "primary_category": "historical",
        "interest_score": 88,
        "website": "",
        "wikipedia": "en:Windmill Inn",
        "wikidata": "Q26550632",
        "source_url": "https://www.wikidata.org/wiki/Q26550632",
        "fetched_at_utc": "2026-10-07T09:50:34+00:00",
        "query_key": "heritage_sites",
        "tags": {
          "name": "Windmill Hotel",
          "wikidata": "Q26550632",
          "amenity": "pub",
          "heritage": "2",
          "historic": "building",
          "listed_status": "grade ii",
          "wikipedia": "en:Windmill Inn",
          "addr:city": "York"
        },
        "sitelinks": 1
      }
    },
    {
      "type": "Feature",
      "geometry": {
        "type": "Point",
        "coordinates": [
          -1.083615,
          53.961248
        ]
      },
      "properties": {
        "id": "osm:wikidata:26547994",
        "source": "osm",
        "title": "Ye Olde Starre Inne",
        "address": "York",
        "description": "",
        "categories": [
          "historical",
          "architecture"
        ],
        "primary_category": "historical",
        "interest_score": 88,
        "website": "",
        "wikipedia": "en:Ye Olde Starre Inne",
        "wikidata": "Q26547994",
        "source_url": "https://www.wikidata.org/wiki/Q26547994",
        "fetched_at_utc": "2026-10-07T09:50:34+00:00",
        "query_key": "heritage_sites",
        "tags": {
          "name": "Ye Olde Starre Inne",
          "wikidata": "Q26547994",
          "amenity": "pub",
          "heritage": "2",
          "historic": "building",
          "listed_status": "grade ii",
          "wikipedia": "en:Ye Olde Starre Inne",
          "addr:city": "York"
        },
        "sitelinks": 1
      }
    },
    {
      "type": "Feature",
      "geometry": {
        "type": "Point",
        "coordinates": [
          -1.073715,
          53.956381
        ]
      },
      "properties": {
        "id": "osm:wikidata:26547873",
        "source": "osm",
        "title": "Yemen Heaven",
        "address": "York",
        "description": "",
        "categories": [
          "historical",
          "architecture"
        ],
        "primary_category": "historical",
        "interest_score": 88,
        "website": "",
        "wikipedia": "en:Spread Eagle, York",
        "wikidata": "Q26547873",
        "source_url": "https://www.wikidata.org/wiki/Q26547873",
        "fetched_at_utc": "2026-10-07T09:50:34+00:00",
        "query_key": "heritage_sites",
        "tags": {
          "name": "Yemen Heaven",
          "wikidata": "Q26547873",
          "amenity": "pub",
          "heritage": "2",
          "historic": "building",
          "listed_status": "grade ii",
          "wikipedia": "en:Spread Eagle, York",
          "addr:city": "York"
        },
        "sitelinks": 1
      }
    },
    {
      "type": "Feature",
      "geometry": {
        "type": "Point",
        "coordinates": [
          -1.083333333,
          53.95
        ]
      },
      "properties": {
        "id": "osm:wikidata:42462",
        "source": "osm",
        "title": "York",
        "address": "York",
        "description": "",
        "categories": [
          "historical",
          "architecture"
        ],
        "primary_category": "historical",
        "interest_score": 88,
        "website": "",
        "wikipedia": "en:York",
        "wikidata": "Q42462",
        "source_url": "https://www.wikidata.org/wiki/Q42462",
        "fetched_at_utc": "2026-10-07T09:50:34+00:00",
        "query_key": "heritage_sites",
        "tags": {
          "name": "York",
          "wikidata": "Q42462",
          "heritage": "2",
          "historic": "building",
          "wikipedia": "en:York",
          "start_date": "0071",
          "addr:city": "York"
        },
        "sitelinks": 114
      }
    },
    {
      "type": "Feature",
      "geometry": {
        "type": "Point",
        "coordinates": [
          -1.085192,
          53.960951
        ]
      },
      "properties": {
        "id": "osm:wikidata:4022894",
        "source": "osm",
        "title": "York Assembly Rooms",
        "address": "York",
        "description": "",
        "categories": [
          "historical",
          "architecture"
        ],
        "primary_category": "historical",
        "interest_score": 88,
        "website": "",
        "wikipedia": "en:York Assembly Rooms",
        "wikidata": "Q4022894",
        "source_url": "https://www.wikidata.org/wiki/Q4022894",
        "fetched_at_utc": "2026-10-07T09:50:34+00:00",
        "query_key": "heritage_sites",
        "tags": {
          "name": "York Assembly Rooms",
          "wikidata": "Q4022894",
          "heritage": "2",
          "historic": "building",
          "listed_status": "grade i",
          "wikipedia": "en:York Assembly Rooms",
          "addr:city": "York"
        },
        "sitelinks": 3
      }
    },
    {
      "type": "Feature",
      "geometry": {
        "type": "Point",
        "coordinates": [
          -1.08,
          53.955833333
        ]
      },
      "properties": {
        "id": "osm:wikidata:80637",
        "source": "osm",
        "title": "York Castle",
        "address": "York",
        "description": "",
        "categories": [
          "historical",
          "architecture"
        ],
        "primary_category": "historical",
        "interest_score": 88,
        "website": "",
        "wikipedia": "en:York Castle",
        "wikidata": "Q80637",
        "source_url": "https://www.wikidata.org/wiki/Q80637",
        "fetched_at_utc": "2026-10-07T09:50:34+00:00",
        "query_key": "heritage_sites",
        "tags": {
          "name": "York Castle",
          "wikidata": "Q80637",
          "historic": "castle",
          "heritage": "2",
          "wikipedia": "en:York Castle",
          "start_date": "1068",
          "addr:city": "York"
        },
        "sitelinks": 23
      }
    },
    {
      "type": "Feature",
      "geometry": {
        "type": "Point",
        "coordinates": [
          -1.075051944,
          53.953551111
        ]
      },
      "properties": {
        "id": "osm:wikidata:26549179",
        "source": "osm",
        "title": "York City Arms Sports Club",
        "address": "York",
        "description": "",
        "categories": [
          "historical",
          "architecture"
        ],
        "primary_category": "historical",
        "interest_score": 88,
        "website": "",
        "wikipedia": "en:York City Arms Sports Club",
        "wikidata": "Q26549179",
        "source_url": "https://www.wikidata.org/wiki/Q26549179",
        "fetched_at_utc": "2026-10-07T09:50:34+00:00",
        "query_key": "heritage_sites",
        "tags": {
          "name": "York City Arms Sports Club",
          "wikidata": "Q26549179",
          "amenity": "pub",
          "heritage": "2",
          "historic": "building",
          "listed_status": "grade ii",
          "wikipedia": "en:York City Arms Sports Club",
          "addr:city": "York"
        },
        "sitelinks": 1
      }
    },
    {
      "type": "Feature",
      "geometry": {
        "type": "Point",
        "coordinates": [
          -1.1167,
          53.9568
        ]
      },
      "properties": {
        "id": "osm:wikidata:12073377",
        "source": "osm",
        "title": "York Cold War Bunker",
        "address": "Monument Cl, York YO24 4HT, York",
        "description": "",
        "categories": [
          "architecture",
          "historical",
          "landmark"
        ],
        "primary_category": "historical",
        "interest_score": 88,
        "website": "https://www.english-heritage.org.uk/visit/places/york-cold-war-bunker/",
        "wikipedia": "en:York Cold War Bunker",
        "wikidata": "Q12073377",
        "source_url": "https://www.wikidata.org/wiki/Q12073377",
        "fetched_at_utc": "2026-10-07T09:50:34+00:00",
        "query_key": "heritage_sites",
        "tags": {
          "name": "York Cold War Bunker",
          "wikidata": "Q12073377",
          "heritage": "2",
          "historic": "building",
          "wikipedia": "en:York Cold War Bunker",
          "addr:street": "Monument Cl, York YO24 4HT",
          "addr:city": "York"
        },
        "sitelinks": 1
      }
    },
    {
      "type": "Feature",
      "geometry": {
        "type": "Point",
        "coordinates": [
          -1.084701,
          53.960411
        ]
      },
      "properties": {
        "id": "osm:wikidata:26548239",
        "source": "osm",
        "title": "York County Savings Bank Building",
        "address": "York",
        "description": "",
        "categories": [
          "historical",
          "architecture"
        ],
        "primary_category": "historical",
        "interest_score": 88,
        "website": "",
        "wikipedia": "en:York County Savings Bank Building",
        "wikidata": "Q26548239",
        "source_url": "https://www.wikidata.org/wiki/Q26548239",
        "fetched_at_utc": "2026-10-07T09:50:34+00:00",
        "query_key": "heritage_sites",
        "tags": {
          "name": "York County Savings Bank Building",
          "wikidata": "Q26548239",
          "heritage": "2",
          "historic": "building",
          "listed_status": "grade ii",
          "wikipedia": "en:York County Savings Bank Building",
          "addr:city": "York"
        },
        "sitelinks": 1
      }
    },
    {
      "type": "Feature",
      "geometry": {
        "type": "Point",
        "coordinates": [
          -1.07927,
          53.9552
        ]
      },
      "properties": {
        "id": "osm:wikidata:17530654",
        "source": "osm",
        "title": "York Crown Court",
        "address": "York",
        "description": "",
        "categories": [
          "historical",
          "architecture"
        ],
        "primary_category": "historical",
        "interest_score": 88,
        "website": "",
        "wikipedia": "en:York Crown Court",
        "wikidata": "Q17530654",
        "source_url": "https://www.wikidata.org/wiki/Q17530654",
        "fetched_at_utc": "2026-10-07T09:50:34+00:00",
        "query_key": "heritage_sites",
        "tags": {
          "name": "York Crown Court",
          "wikidata": "Q17530654",
          "heritage": "2",
          "historic": "building",
          "listed_status": "grade i",
          "wikipedia": "en:York Crown Court",
          "addr:city": "York"
        },
        "sitelinks": 1
      }
    },
    {
      "type": "Feature",
      "geometry": {
        "type": "Point",
        "coordinates": [
          -1.07898,
          53.9549
        ]
      },
      "properties": {
        "id": "osm:wikidata:17530660",
        "source": "osm",
        "title": "York Debtor's Prison",
        "address": "York",
        "description": "",
        "categories": [
          "historical",
          "architecture"
        ],
        "primary_category": "historical",
        "interest_score": 88,
        "website": "",
        "wikipedia": "en:York Debtor's Prison",
        "wikidata": "Q17530660",
        "source_url": "https://www.wikidata.org/wiki/Q17530660",
        "fetched_at_utc": "2026-10-07T09:50:34+00:00",
        "query_key": "heritage_sites",
        "tags": {
          "name": "York Debtor's Prison",
          "wikidata": "Q17530660",
          "heritage": "2",
          "historic": "building",
          "listed_status": "grade i",
          "wikipedia": "en:York Debtor's Prison",
          "addr:city": "York"
        },
        "sitelinks": 1
      }
    },
    {
      "type": "Feature",
      "geometry": {
        "type": "Point",
        "coordinates": [
          -1.084474,
          53.961325
        ]
      },
      "properties": {
        "id": "osm:wikidata:26549182",
        "source": "osm",
        "title": "York Dispensary",
        "address": "York",
        "description": "",
        "categories": [
          "historical",
          "architecture"
        ],
        "primary_category": "historical",
        "interest_score": 88,
        "website": "",
        "wikipedia": "en:York Dispensary",
        "wikidata": "Q26549182",
        "source_url": "https://www.wikidata.org/wiki/Q26549182",
        "fetched_at_utc": "2026-10-07T09:50:34+00:00",
        "query_key": "heritage_sites",
        "tags": {
          "name": "York Dispensary",
          "wikidata": "Q26549182",
          "heritage": "2",
          "historic": "building",
          "listed_status": "grade ii",
          "wikipedia": "en:York Dispensary",
          "addr:city": "York"
        },
        "sitelinks": 1
      }
    },
    {
      "type": "Feature",
      "geometry": {
        "type": "Point",
        "coordinates": [
          -1.08563,
          53.9596
        ]
      },
      "properties": {
        "id": "osm:wikidata:1553813",
        "source": "osm",
        "title": "York Guildhall",
        "address": "York",
        "description": "",
        "categories": [
          "architecture",
          "historical"
        ],
        "primary_category": "historical",
        "interest_score": 88,
        "website": "",
        "wikipedia": "en:York Guildhall",
        "wikidata": "Q1553813",
        "source_url": "https://www.wikidata.org/wiki/Q1553813",
        "fetched_at_utc": "2026-10-07T09:50:34+00:00",
        "query_key": "heritage_sites",
        "tags": {
          "name": "York Guildhall",
          "wikidata": "Q1553813",
          "heritage": "2",
          "historic": "building",
          "listed_status": "grade i",
          "wikipedia": "en:York Guildhall",
          "addr:city": "York"
        },
        "sitelinks": 3
      }
    },
    {
      "type": "Feature",
      "geometry": {
        "type": "Point",
        "coordinates": [
          -1.082158,
          53.956805
        ]
      },
      "properties": {
        "id": "osm:wikidata:26550377",
        "source": "osm",
        "title": "York Institute of Art, Science and Literature",
        "address": "York",
        "description": "",
        "categories": [
          "historical",
          "architecture"
        ],
        "primary_category": "historical",
        "interest_score": 88,
        "website": "",
        "wikipedia": "en:York Institute of Art, Science and Literature",
        "wikidata": "Q26550377",
        "source_url": "https://www.wikidata.org/wiki/Q26550377",
        "fetched_at_utc": "2026-10-07T09:50:34+00:00",
        "query_key": "heritage_sites",
        "tags": {
          "name": "York Institute of Art, Science and Literature",
          "wikidata": "Q26550377",
          "heritage": "2",
          "historic": "building",
          "listed_status": "grade ii",
          "wikipedia": "en:York Institute of Art, Science and Literature",
          "addr:city": "York"
        },
        "sitelinks": 1
      }
    },
    {
      "type": "Feature",
      "geometry": {
        "type": "Point",
        "coordinates": [
          -1.0862,
          53.9614
        ]
      },
      "properties": {
        "id": "osm:wikidata:8055614",
        "source": "osm",
        "title": "York Library",
        "address": "York Explore Library and Archive, Library Square, Museum Street, York, YO1 7DS, York",
        "description": "",
        "categories": [
          "historical",
          "architecture"
        ],
        "primary_category": "historical",
        "interest_score": 88,
        "website": "",
        "wikipedia": "en:York Library",
        "wikidata": "Q8055614",
        "source_url": "https://www.wikidata.org/wiki/Q8055614",
        "fetched_at_utc": "2026-10-07T09:50:34+00:00",
        "query_key": "heritage_sites",
        "tags": {
          "name": "York Library",
          "wikidata": "Q8055614",
          "heritage": "2",
          "historic": "building",
          "listed_status": "grade ii",
          "wikipedia": "en:York Library",
          "start_date": "1927",
          "addr:street": "York Explore Library and Archive, Library Square, Museum Street, York, YO1 7DS",
          "addr:city": "York"
        },
        "sitelinks": 1
      }
    },
    {
      "type": "Feature",
      "geometry": {
        "type": "Point",
        "coordinates": [
          -1.081849,
          53.956291
        ]
      },
      "properties": {
        "id": "osm:wikidata:26550378",
        "source": "osm",
        "title": "York Magistrates' Court",
        "address": "York",
        "description": "",
        "categories": [
          "historical",
          "architecture"
        ],
        "primary_category": "historical",
        "interest_score": 88,
        "website": "",
        "wikipedia": "en:York Magistrates' Court",
        "wikidata": "Q26550378",
        "source_url": "https://www.wikidata.org/wiki/Q26550378",
        "fetched_at_utc": "2026-10-07T09:50:34+00:00",
        "query_key": "heritage_sites",
        "tags": {
          "name": "York Magistrates' Court",
          "wikidata": "Q26550378",
          "heritage": "2",
          "historic": "building",
          "listed_status": "grade ii",
          "wikipedia": "en:York Magistrates' Court",
          "addr:city": "York"
        },
        "sitelinks": 1
      }
    },
    {
      "type": "Feature",
      "geometry": {
        "type": "Point",
        "coordinates": [
          -1.083381,
          53.962207
        ]
      },
      "properties": {
        "id": "osm:wikidata:26548621",
        "source": "osm",
        "title": "York Minster Lamp Standard",
        "address": "York",
        "description": "",
        "categories": [
          "historical",
          "architecture"
        ],
        "primary_category": "historical",
        "interest_score": 88,
        "website": "",
        "wikipedia": "en:York Minster Lamp Standard",
        "wikidata": "Q26548621",
        "source_url": "https://www.wikidata.org/wiki/Q26548621",
        "fetched_at_utc": "2026-10-07T09:50:34+00:00",
        "query_key": "heritage_sites",
        "tags": {
          "name": "York Minster Lamp Standard",
          "wikidata": "Q26548621",
          "heritage": "2",
          "historic": "building",
          "listed_status": "grade ii",
          "wikipedia": "en:York Minster Lamp Standard",
          "start_date": "1860",
          "addr:city": "York"
        },
        "sitelinks": 1
      }
    },
    {
      "type": "Feature",
      "geometry": {
        "type": "Point",
        "coordinates": [
          -1.084702,
          53.961741
        ]
      },
      "properties": {
        "id": "osm:wikidata:7595635",
        "source": "osm",
        "title": "York Oratory",
        "address": "York",
        "description": "",
        "categories": [
          "historical",
          "architecture"
        ],
        "primary_category": "historical",
        "interest_score": 88,
        "website": "",
        "wikipedia": "en:York Oratory",
        "wikidata": "Q7595635",
        "source_url": "https://www.wikidata.org/wiki/Q7595635",
        "fetched_at_utc": "2026-10-07T09:50:34+00:00",
        "query_key": "heritage_sites",
        "tags": {
          "name": "York Oratory",
          "wikidata": "Q7595635",
          "heritage": "2",
          "historic": "building",
          "listed_status": "grade ii",
          "wikipedia": "en:York Oratory",
          "start_date": "1864",
          "addr:city": "York"
        },
        "sitelinks": 3
      }
    },
    {
      "type": "Feature",
      "geometry": {
        "type": "Point",
        "coordinates": [
          -1.093,
          53.9583
        ]
      },
      "properties": {
        "id": "osm:wikidata:2269429",
        "source": "osm",
        "title": "York railway station",
        "address": "York",
        "description": "",
        "categories": [
          "historical",
          "architecture"
        ],
        "primary_category": "historical",
        "interest_score": 88,
        "website": "",
        "wikipedia": "en:York railway station",
        "wikidata": "Q2269429",
        "source_url": "https://www.wikidata.org/wiki/Q2269429",
        "fetched_at_utc": "2026-10-07T09:50:34+00:00",
        "query_key": "heritage_sites",
        "tags": {
          "name": "York railway station",
          "wikidata": "Q2269429",
          "heritage": "2",
          "historic": "building",
          "listed_status": "grade ii*",
          "wikipedia": "en:York railway station",
          "addr:city": "York"
        },
        "sitelinks": 12
      }
    },
    {
      "type": "Feature",
      "geometry": {
        "type": "Point",
        "coordinates": [
          -1.0894,
          53.9583
        ]
      },
      "properties": {
        "id": "osm:wikidata:8055616",
        "source": "osm",
        "title": "York railway station (1839-1877)",
        "address": "York",
        "description": "",
        "categories": [
          "historical",
          "architecture"
        ],
        "primary_category": "historical",
        "interest_score": 88,
        "website": "",
        "wikipedia": "en:York railway station (1841)",
        "wikidata": "Q8055616",
        "source_url": "https://www.wikidata.org/wiki/Q8055616",
        "fetched_at_utc": "2026-10-07T09:50:34+00:00",
        "query_key": "heritage_sites",
        "tags": {
          "name": "York railway station (1839-1877)",
          "wikidata": "Q8055616",
          "heritage": "2",
          "historic": "building",
          "listed_status": "grade ii*",
          "wikipedia": "en:York railway station (1841)",
          "addr:city": "York"
        },
        "sitelinks": 1
      }
    },
    {
      "type": "Feature",
      "geometry": {
        "type": "Point",
        "coordinates": [
          -1.0801177,
          53.9623979
        ]
      },
      "properties": {
        "id": "osm:relation:933165",
        "source": "osm",
        "title": "Saint William's College",
        "address": "College Street, York, YO1 7JF",
        "description": "Building built 1465-67 as home for chantry priests of the Cathedral",
        "categories": [
          "historical",
          "architecture",
          "landmark"
        ],
        "primary_category": "historical",
        "interest_score": 87,
        "website": "",
        "wikipedia": "en:St William's College",
        "wikidata": "Q17530637",
        "source_url": "https://www.openstreetmap.org/relation/933165",
        "fetched_at_utc": "2026-10-07T09:50:34+00:00",
        "query_key": "attractions_and_viewpoints",
        "tags": {
          "addr:city": "York",
          "addr:postcode": "YO1 7JF",
          "addr:street": "College Street",
          "alt_name": "St Williams College",
          "attraction": "historic",
          "building": "college",
          "building:levels": "2",
          "description": "Building built 1465-67 as home for chantry priests of the Cathedral",
          "historic": "building",
          "listed_status": "Grade I",
          "name": "Saint William's College",
          "start_date": "1467",
          "tourism": "attraction",
          "type": "multipolygon",
          "wikidata": "Q17530637",
          "wikipedia": "en:St William's College"
        },
        "sitelinks": 1
      }
    },
    {
      "type": "Feature",
      "geometry": {
        "type": "Point",
        "coordinates": [
          -1.0885448,
          53.9568013
        ]
      },
      "properties": {
        "id": "osm:way:146677028",
        "source": "osm",
        "title": "Jacob's Well",
        "address": "Trinity Lane, York, YO1 6EL",
        "description": "",
        "categories": [
          "historical",
          "architecture"
        ],
        "primary_category": "historical",
        "interest_score": 84,
        "website": "http://www.jacobswellyork.org.uk",
        "wikipedia": "en:Jacobs Well, York",
        "wikidata": "Q17530538",
        "source_url": "https://www.openstreetmap.org/way/146677028",
        "fetched_at_utc": "2026-10-07T09:50:34+00:00",
        "query_key": "historic_sites",
        "tags": {
          "addr:city": "York",
          "addr:postcode": "YO1 6EL",
          "addr:street": "Trinity Lane",
          "building": "yes",
          "historic": "building",
          "listed_status": "Grade I",
          "name": "Jacob's Well",
          "ref:GB:uprn": "10007239778",
          "website": "http://www.jacobswellyork.org.uk",
          "wikidata": "Q17530538",
          "wikipedia": "en:Jacobs Well, York"
        },
        "sitelinks": 1
      }
    },
    {
      "type": "Feature",
      "geometry": {
        "type": "Point",
        "coordinates": [
          -1.0787758,
          53.957884
        ]
      },
      "properties": {
        "id": "osm:way:138371703",
        "source": "osm",
        "title": "London point of interest",
        "address": "Fossgate, York, YO1 9XD",
        "description": "",
        "categories": [
          "historical",
          "architecture"
        ],
        "primary_category": "historical",
        "interest_score": 84,
        "website": "https://www.theyorkcompany.co.uk/",
        "wikipedia": "en:Merchant Adventurers' Hall",
        "wikidata": "Q6818359",
        "source_url": "https://www.openstreetmap.org/way/138371703",
        "fetched_at_utc": "2026-10-07T09:50:34+00:00",
        "query_key": "historic_sites",
        "tags": {
          "addr:city": "York",
          "addr:housename": "Merchant Adventurers' Hall",
          "addr:postcode": "YO1 9XD",
          "addr:street": "Fossgate",
          "building": "historic",
          "building:material": "timber_framed",
          "historic": "building",
          "listed_status": "Grade I",
          "source": "OS StreetView",
          "website": "https://www.theyorkcompany.co.uk/",
          "wikidata": "Q6818359",
          "wikipedia": "en:Merchant Adventurers' Hall"
        },
        "sitelinks": 2
      }
    },
    {
      "type": "Feature",
      "geometry": {
        "type": "Point",
        "coordinates": [
          -1.0758852,
          53.9604202
        ]
      },
      "properties": {
        "id": "osm:node:730637298",
        "source": "osm",
        "title": "Quilters' Guild",
        "address": "Peasholme Green, York, YO1 7PW",
        "description": "",
        "categories": [
          "museum",
          "historical",
          "cultural"
        ],
        "primary_category": "museum",
        "interest_score": 84,
        "website": "",
        "wikipedia": "",
        "wikidata": "Q125556685",
        "source_url": "https://www.openstreetmap.org/node/730637298",
        "fetched_at_utc": "2026-10-07T09:50:34+00:00",
        "query_key": "museums",
        "tags": {
          "addr:city": "York",
          "addr:postcode": "YO1 7PW",
          "addr:street": "Peasholme Green",
          "check_date": "2024-05-12",
          "name": "Quilters' Guild",
          "office": "yes",
          "tourism": "museum",
          "wheelchair": "no",
          "wikidata": "Q125556685"
        },
        "sitelinks": 0
      }
    },
    {
      "type": "Feature",
      "geometry": {
        "type": "Point",
        "coordinates": [
          -1.129637,
          53.955055
        ]
      },
      "properties": {
        "id": "osm:wikidata:26547992",
        "source": "osm",
        "title": "Acomb Green War Memorial",
        "address": "York",
        "description": "",
        "categories": [
          "historical",
          "architecture",
          "memorial"
        ],
        "primary_category": "historical",
        "interest_score": 80,
        "website": "",
        "wikipedia": "",
        "wikidata": "Q26547992",
        "source_url": "https://www.wikidata.org/wiki/Q26547992",
        "fetched_at_utc": "2026-10-07T09:50:34+00:00",
        "query_key": "heritage_sites",
        "tags": {
          "name": "Acomb Green War Memorial",
          "wikidata": "Q26547992",
          "historic": "memorial",
          "heritage": "2",
          "listed_status": "grade ii",
          "addr:city": "York"
        },
        "sitelinks": 0
      }
    },
    {
      "type": "Feature",
      "geometry": {
        "type": "Point",
        "coordinates": [
          -1.158318927,
          53.929227052
        ]
      },
      "properties": {
        "id": "osm:wikidata:66479523",
        "source": "osm",
        "title": "Askham Bryan War Memorial",
        "address": "York",
        "description": "",
        "categories": [
          "historical",
          "architecture",
          "memorial"
        ],
        "primary_category": "historical",
        "interest_score": 80,
        "website": "",
        "wikipedia": "",
        "wikidata": "Q66479523",
        "source_url": "https://www.wikidata.org/wiki/Q66479523",
        "fetched_at_utc": "2026-10-07T09:50:34+00:00",
        "query_key": "heritage_sites",
        "tags": {
          "name": "Askham Bryan War Memorial",
          "wikidata": "Q66479523",
          "historic": "memorial",
          "heritage": "2",
          "listed_status": "grade ii",
          "addr:city": "York"
        },
        "sitelinks": 0
      }
    },
    {
      "type": "Feature",
      "geometry": {
        "type": "Point",
        "coordinates": [
          -1.097694258,
          53.97062648
        ]
      },
      "properties": {
        "id": "osm:wikidata:66479571",
        "source": "osm",
        "title": "Clifton War Memorial",
        "address": "York",
        "description": "",
        "categories": [
          "historical",
          "architecture",
          "memorial"
        ],
        "primary_category": "historical",
        "interest_score": 80,
        "website": "",
        "wikipedia": "",
        "wikidata": "Q66479571",
        "source_url": "https://www.wikidata.org/wiki/Q66479571",
        "fetched_at_utc": "2026-10-07T09:50:34+00:00",
        "query_key": "heritage_sites",
        "tags": {
          "name": "Clifton War Memorial",
          "wikidata": "Q66479571",
          "historic": "memorial",
          "heritage": "2",
          "listed_status": "grade ii",
          "addr:city": "York"
        },
        "sitelinks": 0
      }
    },
    {
      "type": "Feature",
      "geometry": {
        "type": "Point",
        "coordinates": [
          -1.092992,
          53.966738
        ]
      },
      "properties": {
        "id": "osm:wikidata:26550373",
        "source": "osm",
        "title": "Former Memorial Gymnasium At St Peters School",
        "address": "York",
        "description": "",
        "categories": [
          "historical",
          "architecture",
          "memorial"
        ],
        "primary_category": "historical",
        "interest_score": 80,
        "website": "",
        "wikipedia": "",
        "wikidata": "Q26550373",
        "source_url": "https://www.wikidata.org/wiki/Q26550373",
        "fetched_at_utc": "2026-10-07T09:50:34+00:00",
        "query_key": "heritage_sites",
        "tags": {
          "name": "Former Memorial Gymnasium At St Peters School",
          "wikidata": "Q26550373",
          "historic": "memorial",
          "heritage": "2",
          "listed_status": "grade ii",
          "addr:city": "York"
        },
        "sitelinks": 0
      }
    },
    {
      "type": "Feature",
      "geometry": {
        "type": "Point",
        "coordinates": [
          -1.108289,
          53.96509
        ]
      },
      "properties": {
        "id": "osm:wikidata:26676710",
        "source": "osm",
        "title": "Leeman Road District First World War Memorial",
        "address": "York",
        "description": "",
        "categories": [
          "historical",
          "architecture",
          "memorial"
        ],
        "primary_category": "historical",
        "interest_score": 80,
        "website": "",
        "wikipedia": "",
        "wikidata": "Q26676710",
        "source_url": "https://www.wikidata.org/wiki/Q26676710",
        "fetched_at_utc": "2026-10-07T09:50:34+00:00",
        "query_key": "heritage_sites",
        "tags": {
          "name": "Leeman Road District First World War Memorial",
          "wikidata": "Q26676710",
          "historic": "memorial",
          "heritage": "2",
          "listed_status": "grade ii",
          "addr:city": "York"
        },
        "sitelinks": 0
      }
    },
    {
      "type": "Feature",
      "geometry": {
        "type": "Point",
        "coordinates": [
          -1.075333739,
          53.960803359
        ]
      },
      "properties": {
        "id": "osm:wikidata:66479581",
        "source": "osm",
        "title": "Peasholme Green War Memorial in St Cuthbert's Churchyard",
        "address": "York",
        "description": "",
        "categories": [
          "historical",
          "architecture",
          "memorial"
        ],
        "primary_category": "historical",
        "interest_score": 80,
        "website": "",
        "wikipedia": "",
        "wikidata": "Q66479581",
        "source_url": "https://www.wikidata.org/wiki/Q66479581",
        "fetched_at_utc": "2026-10-07T09:50:34+00:00",
        "query_key": "heritage_sites",
        "tags": {
          "name": "Peasholme Green War Memorial in St Cuthbert's Churchyard",
          "wikidata": "Q66479581",
          "historic": "memorial",
          "heritage": "2",
          "listed_status": "grade ii",
          "addr:city": "York"
        },
        "sitelinks": 0
      }
    },
    {
      "type": "Feature",
      "geometry": {
        "type": "Point",
        "coordinates": [
          -1.083888,
          53.955464
        ]
      },
      "properties": {
        "id": "osm:wikidata:26548087",
        "source": "osm",
        "title": "Terry Memorial Homes",
        "address": "York",
        "description": "",
        "categories": [
          "historical",
          "architecture",
          "memorial"
        ],
        "primary_category": "historical",
        "interest_score": 80,
        "website": "",
        "wikipedia": "",
        "wikidata": "Q26548087",
        "source_url": "https://www.wikidata.org/wiki/Q26548087",
        "fetched_at_utc": "2026-10-07T09:50:34+00:00",
        "query_key": "heritage_sites",
        "tags": {
          "name": "Terry Memorial Homes",
          "wikidata": "Q26548087",
          "historic": "memorial",
          "heritage": "2",
          "listed_status": "grade ii",
          "addr:city": "York"
        },
        "sitelinks": 0
      }
    },
    {
      "type": "Feature",
      "geometry": {
        "type": "Point",
        "coordinates": [
          -1.153165204,
          53.979928207
        ]
      },
      "properties": {
        "id": "osm:wikidata:66479521",
        "source": "osm",
        "title": "Upper Poppleton War Memorial",
        "address": "York",
        "description": "",
        "categories": [
          "historical",
          "architecture",
          "memorial"
        ],
        "primary_category": "historical",
        "interest_score": 80,
        "website": "",
        "wikipedia": "",
        "wikidata": "Q66479521",
        "source_url": "https://www.wikidata.org/wiki/Q66479521",
        "fetched_at_utc": "2026-10-07T09:50:34+00:00",
        "query_key": "heritage_sites",
        "tags": {
          "name": "Upper Poppleton War Memorial",
          "wikidata": "Q66479521",
          "historic": "memorial",
          "heritage": "2",
          "listed_status": "grade ii",
          "addr:city": "York"
        },
        "sitelinks": 0
      }
    },
    {
      "type": "Feature",
      "geometry": {
        "type": "Point",
        "coordinates": [
          -1.106318629,
          53.940176475
        ]
      },
      "properties": {
        "id": "osm:wikidata:66479466",
        "source": "osm",
        "title": "War Memorial at the Church of St Edward the Confessor",
        "address": "York",
        "description": "",
        "categories": [
          "historical",
          "architecture",
          "memorial"
        ],
        "primary_category": "historical",
        "interest_score": 80,
        "website": "",
        "wikipedia": "",
        "wikidata": "Q66479466",
        "source_url": "https://www.wikidata.org/wiki/Q66479466",
        "fetched_at_utc": "2026-10-07T09:50:34+00:00",
        "query_key": "heritage_sites",
        "tags": {
          "name": "War Memorial at the Church of St Edward the Confessor",
          "wikidata": "Q66479466",
          "historic": "memorial",
          "heritage": "2",
          "listed_status": "grade ii",
          "addr:city": "York"
        },
        "sitelinks": 0
      }
    },
    {
      "type": "Feature",
      "geometry": {
        "type": "Point",
        "coordinates": [
          -1.0742591,
          53.9534133
        ]
      },
      "properties": {
        "id": "osm:way:59295315",
        "source": "osm",
        "title": "York Barbican",
        "address": "Paragon Street, York, YO10 4NT",
        "description": "",
        "categories": [
          "cultural",
          "architecture",
          "art",
          "landmark"
        ],
        "primary_category": "cultural",
        "interest_score": 80,
        "website": "https://www.yorkbarbican.co.uk/",
        "wikipedia": "en:York Barbican",
        "wikidata": "Q4859653",
        "source_url": "https://www.openstreetmap.org/way/59295315",
        "fetched_at_utc": "2026-10-07T09:50:34+00:00",
        "query_key": "galleries_and_arts",
        "tags": {
          "addr:city": "York",
          "addr:postcode": "YO10 4NT",
          "addr:street": "Paragon Street",
          "amenity": "arts_centre",
          "building": "yes",
          "live_music": "yes",
          "name": "York Barbican",
          "operator": "SMG Europe",
          "phone": "+44 844 854 2757",
          "ref:GB:uprn": "10092054179;100052212029",
          "source": "OS StreetView",
          "tourism": "attraction",
          "website": "https://www.yorkbarbican.co.uk/",
          "wheelchair": "yes",
          "wikidata": "Q4859653",
          "wikipedia": "en:York Barbican"
        },
        "sitelinks": 3
      }
    },
    {
      "type": "Feature",
      "geometry": {
        "type": "Point",
        "coordinates": [
          -1.069358,
          53.949903
        ]
      },
      "properties": {
        "id": "osm:wikidata:26550440",
        "source": "osm",
        "title": "York Cemetery Plot Number 11847 Gray Monument",
        "address": "York",
        "description": "",
        "categories": [
          "historical",
          "architecture",
          "memorial"
        ],
        "primary_category": "historical",
        "interest_score": 80,
        "website": "",
        "wikipedia": "",
        "wikidata": "Q26550440",
        "source_url": "https://www.wikidata.org/wiki/Q26550440",
        "fetched_at_utc": "2026-10-07T09:50:34+00:00",
        "query_key": "heritage_sites",
        "tags": {
          "name": "York Cemetery Plot Number 11847 Gray Monument",
          "wikidata": "Q26550440",
          "historic": "monument",
          "heritage": "2",
          "listed_status": "grade ii",
          "addr:city": "York"
        },
        "sitelinks": 0
      }
    },
    {
      "type": "Feature",
      "geometry": {
        "type": "Point",
        "coordinates": [
          -1.068756,
          53.950231
        ]
      },
      "properties": {
        "id": "osm:wikidata:26550444",
        "source": "osm",
        "title": "York Cemetery Plot Number 16404 Leetham Monument",
        "address": "York",
        "description": "",
        "categories": [
          "historical",
          "architecture",
          "memorial"
        ],
        "primary_category": "historical",
        "interest_score": 80,
        "website": "",
        "wikipedia": "",
        "wikidata": "Q26550444",
        "source_url": "https://www.wikidata.org/wiki/Q26550444",
        "fetched_at_utc": "2026-10-07T09:50:34+00:00",
        "query_key": "heritage_sites",
        "tags": {
          "name": "York Cemetery Plot Number 16404 Leetham Monument",
          "wikidata": "Q26550444",
          "historic": "monument",
          "heritage": "2",
          "listed_status": "grade ii",
          "addr:city": "York"
        },
        "sitelinks": 0
      }
    },
    {
      "type": "Feature",
      "geometry": {
        "type": "Point",
        "coordinates": [
          -1.068171,
          53.950496
        ]
      },
      "properties": {
        "id": "osm:wikidata:26550445",
        "source": "osm",
        "title": "York Cemetery Plot Number 17945 Hessay Monument",
        "address": "York",
        "description": "",
        "categories": [
          "historical",
          "architecture",
          "memorial"
        ],
        "primary_category": "historical",
        "interest_score": 80,
        "website": "",
        "wikipedia": "",
        "wikidata": "Q26550445",
        "source_url": "https://www.wikidata.org/wiki/Q26550445",
        "fetched_at_utc": "2026-10-07T09:50:34+00:00",
        "query_key": "heritage_sites",
        "tags": {
          "name": "York Cemetery Plot Number 17945 Hessay Monument",
          "wikidata": "Q26550445",
          "historic": "monument",
          "heritage": "2",
          "listed_status": "grade ii",
          "addr:city": "York"
        },
        "sitelinks": 0
      }
    },
    {
      "type": "Feature",
      "geometry": {
        "type": "Point",
        "coordinates": [
          -1.069799,
          53.950634
        ]
      },
      "properties": {
        "id": "osm:wikidata:26550439",
        "source": "osm",
        "title": "York Cemetery Plot Number 1977 Terry Monument",
        "address": "York",
        "description": "",
        "categories": [
          "historical",
          "architecture",
          "memorial"
        ],
        "primary_category": "historical",
        "interest_score": 80,
        "website": "",
        "wikipedia": "",
        "wikidata": "Q26550439",
        "source_url": "https://www.wikidata.org/wiki/Q26550439",
        "fetched_at_utc": "2026-10-07T09:50:34+00:00",
        "query_key": "heritage_sites",
        "tags": {
          "name": "York Cemetery Plot Number 1977 Terry Monument",
          "wikidata": "Q26550439",
          "historic": "monument",
          "heritage": "2",
          "listed_status": "grade ii",
          "addr:city": "York"
        },
        "sitelinks": 0
      }
    },
    {
      "type": "Feature",
      "geometry": {
        "type": "Point",
        "coordinates": [
          -1.0884499,
          53.9617794
        ]
      },
      "properties": {
        "id": "osm:relation:3600440",
        "source": "osm",
        "title": "Museum Gardens",
        "address": "",
        "description": "Ten-acre botanical Museum Gardens, around the Yorkshire Museum and set in the surroundings of the medieval ruins of St. Mary’s Abbey. Established in the 1830s by the Yorkshire Philosophical Society, these gardens are famous for their col",
        "categories": [
          "natural",
          "park",
          "landmark"
        ],
        "primary_category": "natural",
        "interest_score": 79,
        "website": "https://www.yorkshiremuseum.org.uk/",
        "wikipedia": "en:York Museum Gardens",
        "wikidata": "Q2883914",
        "source_url": "https://www.openstreetmap.org/relation/3600440",
        "fetched_at_utc": "2026-10-07T09:50:34+00:00",
        "query_key": "attractions_and_viewpoints",
        "tags": {
          "access": "yes",
          "attraction": "nature",
          "description": "Ten-acre botanical Museum Gardens, around the Yorkshire Museum and set in the surroundings of the medieval ruins of St. Mary’s Abbey. Established in the 1830s by the Yorkshire Philosophical Society, these gardens are famous for their col",
          "leisure": "park",
          "name": "Museum Gardens",
          "opening_hours": "Mo-Su 09:00-18:00",
          "operator": "York Museums Trust",
          "tourism": "attraction",
          "type": "multipolygon",
          "website": "https://www.yorkshiremuseum.org.uk/",
          "wheelchair": "yes",
          "wikidata": "Q2883914",
          "wikipedia": "en:York Museum Gardens"
        },
        "sitelinks": 5
      }
    },
    {
      "type": "Feature",
      "geometry": {
        "type": "Point",
        "coordinates": [
          -1.07924,
          53.9618
        ]
      },
      "properties": {
        "id": "osm:wikidata:17550088",
        "source": "osm",
        "title": "Bedern Chapel",
        "address": "York",
        "description": "The remains of the Chapel of the College of the Vicars Choral of York Minster. It was consecrated in 1349. Nearby is the Common Hall of the College. The name Bedern (Anglo-Saxon) means House of Prayer (Bed-aer).",
        "categories": [
          "architecture",
          "historical",
          "memorial",
          "religious"
        ],
        "primary_category": "historical",
        "interest_score": 78,
        "website": "",
        "wikipedia": "",
        "wikidata": "Q17550088",
        "source_url": "https://www.wikidata.org/wiki/Q17550088",
        "fetched_at_utc": "2026-10-07T09:50:34+00:00",
        "query_key": "heritage_sites",
        "tags": {
          "name": "Bedern Chapel",
          "wikidata": "Q17550088",
          "amenity": "place_of_worship",
          "historic": "building",
          "heritage": "2",
          "listed_status": "grade ii*",
          "addr:city": "York"
        },
        "sitelinks": 0
      }
    },
    {
      "type": "Feature",
      "geometry": {
        "type": "Point",
        "coordinates": [
          -1.059746,
          53.966025
        ]
      },
      "properties": {
        "id": "osm:wikidata:26549189",
        "source": "osm",
        "title": "Church of Holy Trinity",
        "address": "York",
        "description": "",
        "categories": [
          "historical",
          "architecture",
          "religious"
        ],
        "primary_category": "historical",
        "interest_score": 78,
        "website": "",
        "wikipedia": "",
        "wikidata": "Q26549189",
        "source_url": "https://www.wikidata.org/wiki/Q26549189",
        "fetched_at_utc": "2026-10-07T09:50:34+00:00",
        "query_key": "heritage_sites",
        "tags": {
          "name": "Church of Holy Trinity",
          "wikidata": "Q26549189",
          "amenity": "place_of_worship",
          "historic": "building",
          "heritage": "2",
          "listed_status": "grade ii",
          "addr:city": "York"
        },
        "sitelinks": 0
      }
    },
    {
      "type": "Feature",
      "geometry": {
        "type": "Point",
        "coordinates": [
          -1.072951,
          53.938363
        ]
      },
      "properties": {
        "id": "osm:wikidata:26588361",
        "source": "osm",
        "title": "Church of Saint Oswald",
        "address": "York",
        "description": "",
        "categories": [
          "historical",
          "architecture",
          "religious"
        ],
        "primary_category": "historical",
        "interest_score": 78,
        "website": "",
        "wikipedia": "",
        "wikidata": "Q26588361",
        "source_url": "https://www.wikidata.org/wiki/Q26588361",
        "fetched_at_utc": "2026-10-07T09:50:34+00:00",
        "query_key": "heritage_sites",
        "tags": {
          "name": "Church of Saint Oswald",
          "wikidata": "Q26588361",
          "amenity": "place_of_worship",
          "historic": "building",
          "heritage": "2",
          "listed_status": "grade ii",
          "addr:city": "York"
        },
        "sitelinks": 0
      }
    },
    {
      "type": "Feature",
      "geometry": {
        "type": "Point",
        "coordinates": [
          -1.0752423,
          53.9540003
        ]
      },
      "properties": {
        "id": "osm:way:127257924",
        "source": "osm",
        "title": "Fishergate Bar",
        "address": "",
        "description": "",
        "categories": [
          "historical",
          "architecture"
        ],
        "primary_category": "historical",
        "interest_score": 78,
        "website": "",
        "wikipedia": "en:York city walls#Fishergate Bar",
        "wikidata": "Q101070885",
        "source_url": "https://www.openstreetmap.org/way/127257924",
        "fetched_at_utc": "2026-10-07T09:50:34+00:00",
        "query_key": "historic_sites",
        "tags": {
          "building": "yes",
          "historic": "city_gate",
          "listed_status": "Grade I",
          "name": "Fishergate Bar",
          "wikidata": "Q101070885",
          "wikipedia": "en:York city walls#Fishergate Bar"
        },
        "sitelinks": 0
      }
    },
    {
      "type": "Feature",
      "geometry": {
        "type": "Point",
        "coordinates": [
          -1.081697,
          53.9681
        ]
      },
      "properties": {
        "id": "osm:wikidata:26550407",
        "source": "osm",
        "title": "Groves Chapel",
        "address": "York",
        "description": "",
        "categories": [
          "historical",
          "architecture",
          "religious"
        ],
        "primary_category": "historical",
        "interest_score": 78,
        "website": "",
        "wikipedia": "",
        "wikidata": "Q26550407",
        "source_url": "https://www.wikidata.org/wiki/Q26550407",
        "fetched_at_utc": "2026-10-07T09:50:34+00:00",
        "query_key": "heritage_sites",
        "tags": {
          "name": "Groves Chapel",
          "wikidata": "Q26550407",
          "amenity": "place_of_worship",
          "historic": "building",
          "heritage": "2",
          "listed_status": "grade ii",
          "addr:city": "York"
        },
        "sitelinks": 0
      }
    },
    {
      "type": "Feature",
      "geometry": {
        "type": "Point",
        "coordinates": [
          -1.079719,
          53.965744
        ]
      },
      "properties": {
        "id": "osm:wikidata:26669994",
        "source": "osm",
        "title": "New Chapel At St John's College",
        "address": "York",
        "description": "",
        "categories": [
          "historical",
          "architecture",
          "religious"
        ],
        "primary_category": "historical",
        "interest_score": 78,
        "website": "",
        "wikipedia": "",
        "wikidata": "Q26669994",
        "source_url": "https://www.wikidata.org/wiki/Q26669994",
        "fetched_at_utc": "2026-10-07T09:50:34+00:00",
        "query_key": "heritage_sites",
        "tags": {
          "name": "New Chapel At St John's College",
          "wikidata": "Q26669994",
          "amenity": "place_of_worship",
          "historic": "building",
          "heritage": "2",
          "listed_status": "grade ii",
          "addr:city": "York"
        },
        "sitelinks": 0
      }
    },
    {
      "type": "Feature",
      "geometry": {
        "type": "Point",
        "coordinates": [
          -1.1409592,
          53.9880171
        ]
      },
      "properties": {
        "id": "osm:way:352908681",
        "source": "osm",
        "title": "Poppleton Tithe Barn",
        "address": "Church Lane, York, YO26 6LF",
        "description": "",
        "categories": [
          "historical",
          "architecture"
        ],
        "primary_category": "historical",
        "interest_score": 78,
        "website": "",
        "wikipedia": "en:Nether Poppleton Tithe Barn",
        "wikidata": "Q15261808",
        "source_url": "https://www.openstreetmap.org/way/352908681",
        "fetched_at_utc": "2026-10-07T09:50:34+00:00",
        "query_key": "historic_sites",
        "tags": {
          "addr:city": "York",
          "addr:postcode": "YO26 6LF",
          "addr:street": "Church Lane",
          "building": "yes",
          "historic": "building",
          "name": "Poppleton Tithe Barn",
          "ref:GB:uprn": "200004771363",
          "wikidata": "Q15261808",
          "wikipedia": "en:Nether Poppleton Tithe Barn"
        },
        "sitelinks": 1
      }
    },
    {
      "type": "Feature",
      "geometry": {
        "type": "Point",
        "coordinates": [
          -1.0793,
          53.9543
        ]
      },
      "properties": {
        "id": "osm:wikidata:17677432",
        "source": "osm",
        "title": "St George's medieval chapel 120m south of York Castle",
        "address": "York",
        "description": "",
        "categories": [
          "historical",
          "architecture",
          "religious"
        ],
        "primary_category": "historical",
        "interest_score": 78,
        "website": "",
        "wikipedia": "",
        "wikidata": "Q17677432",
        "source_url": "https://www.wikidata.org/wiki/Q17677432",
        "fetched_at_utc": "2026-10-07T09:50:34+00:00",
        "query_key": "heritage_sites",
        "tags": {
          "name": "St George's medieval chapel 120m south of York Castle",
          "wikidata": "Q17677432",
          "amenity": "place_of_worship",
          "historic": "building",
          "heritage": "2",
          "addr:city": "York"
        },
        "sitelinks": 0
      }
    },
    {
      "type": "Feature",
      "geometry": {
        "type": "Point",
        "coordinates": [
          -1.08607,
          53.954265
        ]
      },
      "properties": {
        "id": "osm:wikidata:26547910",
        "source": "osm",
        "title": "Victoria Bar Chapel",
        "address": "York",
        "description": "",
        "categories": [
          "historical",
          "architecture",
          "religious"
        ],
        "primary_category": "historical",
        "interest_score": 78,
        "website": "",
        "wikipedia": "",
        "wikidata": "Q26547910",
        "source_url": "https://www.wikidata.org/wiki/Q26547910",
        "fetched_at_utc": "2026-10-07T09:50:34+00:00",
        "query_key": "heritage_sites",
        "tags": {
          "name": "Victoria Bar Chapel",
          "wikidata": "Q26547910",
          "amenity": "place_of_worship",
          "historic": "building",
          "heritage": "2",
          "listed_status": "grade ii",
          "addr:city": "York"
        },
        "sitelinks": 0
      }
    },
    {
      "type": "Feature",
      "geometry": {
        "type": "Point",
        "coordinates": [
          -1.0707197,
          53.9551876
        ]
      },
      "properties": {
        "id": "osm:relation:1755286",
        "source": "osm",
        "title": "Walmgate Bar",
        "address": "",
        "description": "",
        "categories": [
          "historical",
          "architecture"
        ],
        "primary_category": "historical",
        "interest_score": 78,
        "website": "",
        "wikipedia": "en:York city walls#Walmgate Bar",
        "wikidata": "Q101070417",
        "source_url": "https://www.openstreetmap.org/relation/1755286",
        "fetched_at_utc": "2026-10-07T09:50:34+00:00",
        "query_key": "historic_sites",
        "tags": {
          "building": "yes",
          "building:material": "stone",
          "defensive_works": "barbican",
          "historic": "city_gate",
          "listed_status": "Grade I",
          "name": "Walmgate Bar",
          "type": "multipolygon",
          "wikidata": "Q101070417",
          "wikipedia": "en:York city walls#Walmgate Bar"
        },
        "sitelinks": 0
      }
    },
    {
      "type": "Feature",
      "geometry": {
        "type": "Point",
        "coordinates": [
          -1.044445,
          53.943865
        ]
      },
      "properties": {
        "id": "osm:wikidata:26602592",
        "source": "osm",
        "title": "Wesleyan Chapel",
        "address": "York",
        "description": "",
        "categories": [
          "historical",
          "architecture",
          "religious"
        ],
        "primary_category": "historical",
        "interest_score": 78,
        "website": "",
        "wikipedia": "",
        "wikidata": "Q26602592",
        "source_url": "https://www.wikidata.org/wiki/Q26602592",
        "fetched_at_utc": "2026-10-07T09:50:34+00:00",
        "query_key": "heritage_sites",
        "tags": {
          "name": "Wesleyan Chapel",
          "wikidata": "Q26602592",
          "amenity": "place_of_worship",
          "historic": "building",
          "heritage": "2",
          "listed_status": "grade ii",
          "addr:city": "York"
        },
        "sitelinks": 0
      }
    },
    {
      "type": "Feature",
      "geometry": {
        "type": "Point",
        "coordinates": [
          -1.090883,
          53.9558612
        ]
      },
      "properties": {
        "id": "osm:way:28759787",
        "source": "osm",
        "title": "Micklegate Bar",
        "address": "",
        "description": "Southern gateway or \"bar\" to the medieval city of York.",
        "categories": [
          "historical",
          "landmark"
        ],
        "primary_category": "historical",
        "interest_score": 77,
        "website": "",
        "wikipedia": "en:York city walls#Micklegate Bar",
        "wikidata": "Q102185955",
        "source_url": "https://www.openstreetmap.org/way/28759787",
        "fetched_at_utc": "2026-10-07T09:50:34+00:00",
        "query_key": "attractions_and_viewpoints",
        "tags": {
          "attraction": "historic",
          "building": "gatehouse",
          "building:material": "sandstone",
          "description": "Southern gateway or \"bar\" to the medieval city of York.",
          "historic": "city_gate",
          "listed_status": "Grade I",
          "name": "Micklegate Bar",
          "tourism": "attraction",
          "wheelchair": "no",
          "wikidata": "Q102185955",
          "wikipedia": "en:York city walls#Micklegate Bar"
        },
        "sitelinks": 0
      }
    },
    {
      "type": "Feature",
      "geometry": {
        "type": "Point",
        "coordinates": [
          -1.0788333,
          53.9579051
        ]
      },
      "properties": {
        "id": "osm:node:1517261532",
        "source": "osm",
        "title": "Merchant Adventurers' Hall",
        "address": "Fossgate, York, YO1 9XD",
        "description": "",
        "categories": [
          "museum",
          "historical",
          "cultural"
        ],
        "primary_category": "museum",
        "interest_score": 76,
        "website": "https://www.merchantshallyork.org/",
        "wikipedia": "",
        "wikidata": "",
        "source_url": "https://www.openstreetmap.org/node/1517261532",
        "fetched_at_utc": "2026-10-07T09:50:34+00:00",
        "query_key": "museums",
        "tags": {
          "addr:city": "York",
          "addr:postcode": "YO1 9XD",
          "addr:street": "Fossgate",
          "check_date:opening_hours": "2024-02-26",
          "fee": "yes",
          "fee:conditional": "no @ (age < 17)",
          "name": "Merchant Adventurers' Hall",
          "opening_hours": "Su-Fr 10:00-16:30; Sa 10:00-13:30",
          "tourism": "museum",
          "website": "https://www.merchantshallyork.org/",
          "wheelchair": "yes"
        }
      }
    },
    {
      "type": "Feature",
      "geometry": {
        "type": "Point",
        "coordinates": [
          -1.0824344,
          53.9635462
        ]
      },
      "properties": {
        "id": "osm:way:59267550",
        "source": "osm",
        "title": "Minster Library",
        "address": "Minster Yard, York, YO1 7JQ",
        "description": "",
        "categories": [
          "cultural",
          "architecture",
          "literary"
        ],
        "primary_category": "cultural",
        "interest_score": 76,
        "website": "https://yorkminster.org/visiting-york-minster-library-and-archives/",
        "wikipedia": "en:Old Palace, York",
        "wikidata": "Q7084690",
        "source_url": "https://www.openstreetmap.org/way/59267550",
        "fetched_at_utc": "2026-10-07T09:50:34+00:00",
        "query_key": "performance_and_literary",
        "tags": {
          "addr:city": "York",
          "addr:postcode": "YO1 7JQ",
          "addr:street": "Minster Yard",
          "amenity": "library",
          "building": "yes",
          "check_date:opening_hours": "2024-08-02",
          "listed_status": "Grade I",
          "name": "Minster Library",
          "opening_hours": "Mo-Th 09:30-12:30,13:30-16:30; PH off",
          "ref:GB:uprn": "200004774373",
          "source": "OS StreetView",
          "website": "https://yorkminster.org/visiting-york-minster-library-and-archives/",
          "wheelchair": "no",
          "wikidata": "Q7084690",
          "wikipedia": "en:Old Palace, York"
        },
        "sitelinks": 1
      }
    },
    {
      "type": "Feature",
      "geometry": {
        "type": "Point",
        "coordinates": [
          -1.0898163,
          53.95866
        ]
      },
      "properties": {
        "id": "osm:node:1414952912",
        "source": "osm",
        "title": "Railway Workers War Memorial",
        "address": "",
        "description": "",
        "categories": [
          "historical",
          "memorial"
        ],
        "primary_category": "historical",
        "interest_score": 76,
        "website": "",
        "wikipedia": "en:North Eastern Railway War Memorial",
        "wikidata": "Q17549385",
        "source_url": "https://www.openstreetmap.org/node/1414952912",
        "fetched_at_utc": "2026-10-07T09:50:34+00:00",
        "query_key": "historic_sites",
        "tags": {
          "historic": "memorial",
          "listed_status": "Grade II*",
          "memorial": "war_memorial",
          "name": "Railway Workers War Memorial",
          "wheelchair": "yes",
          "wikidata": "Q17549385",
          "wikipedia": "en:North Eastern Railway War Memorial"
        },
        "sitelinks": 2
      }
    },
    {
      "type": "Feature",
      "geometry": {
        "type": "Point",
        "coordinates": [
          -1.0818925,
          53.9598874
        ]
      },
      "properties": {
        "id": "osm:node:1931394433",
        "source": "osm",
        "title": "Roman Bath Museum",
        "address": "St Sampson's Square, York, YO1 8RN",
        "description": "",
        "categories": [
          "museum",
          "historical",
          "cultural"
        ],
        "primary_category": "museum",
        "interest_score": 76,
        "website": "https://sites.google.com/view/yorkromanbathmuseum/",
        "wikipedia": "",
        "wikidata": "",
        "source_url": "https://www.openstreetmap.org/node/1931394433",
        "fetched_at_utc": "2026-10-07T09:50:34+00:00",
        "query_key": "museums",
        "tags": {
          "addr:city": "York",
          "addr:housename": "The Roman Bath Public House",
          "addr:postcode": "YO1 8RN",
          "addr:street": "St Sampson's Square",
          "fee": "yes",
          "layer": "-1",
          "name": "Roman Bath Museum",
          "opening_hours": "Mo-Su 11:00-16:00",
          "phone": "+44 1904 620455",
          "tourism": "museum",
          "website": "https://sites.google.com/view/yorkromanbathmuseum/",
          "wheelchair": "no",
          "wheelchair:description": "Down some steep stairs"
        }
      }
    },
    {
      "type": "Feature",
      "geometry": {
        "type": "Point",
        "coordinates": [
          -1.0851515,
          53.9618786
        ]
      },
      "properties": {
        "id": "osm:way:59110287",
        "source": "osm",
        "title": "York Theatre Royal",
        "address": "St Leonard's Place, York, YO1 7HD",
        "description": "",
        "categories": [
          "cultural",
          "architecture",
          "art"
        ],
        "primary_category": "cultural",
        "interest_score": 76,
        "website": "https://www.yorktheatreroyal.co.uk/",
        "wikipedia": "en:York Theatre Royal",
        "wikidata": "Q3572609",
        "source_url": "https://www.openstreetmap.org/way/59110287",
        "fetched_at_utc": "2026-10-07T09:50:34+00:00",
        "query_key": "performance_and_literary",
        "tags": {
          "addr:city": "York",
          "addr:postcode": "YO1 7HD",
          "addr:street": "St Leonard's Place",
          "amenity": "theatre",
          "building": "yes",
          "fhrs:id": "244992",
          "name": "York Theatre Royal",
          "name:es": "Teatro Real de York",
          "name:fr": "Théâtre Royal d'York",
          "opening_hours": "Mo 09:00-17:00,Tu-Fr 09:00-17:00; Sa 10:00-21:00; Su 10:00-16:00",
          "source": "OS StreetView",
          "source:addr": "FHRS Open Data",
          "website": "https://www.yorktheatreroyal.co.uk/",
          "wheelchair": "limited",
          "wikidata": "Q3572609",
          "wikipedia": "en:York Theatre Royal"
        },
        "sitelinks": 4
      }
    },
    {
      "type": "Feature",
      "geometry": {
        "type": "Point",
        "coordinates": [
          -1.0801297,
          53.9607497
        ]
      },
      "properties": {
        "id": "osm:node:10054653032",
        "source": "osm",
        "title": "Anne Lister",
        "address": "",
        "description": "Anne Lister 1791-1840 of Shibden Hall, Halifax. Lesbian and Diarist; took sacrament here to seal her union with Ann Walker Easter 1834",
        "categories": [
          "blue_plaque",
          "historical",
          "memorial"
        ],
        "primary_category": "blue_plaque",
        "interest_score": 74,
        "website": "",
        "wikipedia": "",
        "wikidata": "",
        "source_url": "https://www.openstreetmap.org/node/10054653032",
        "fetched_at_utc": "2026-10-07T09:50:34+00:00",
        "query_key": "historic_sites",
        "tags": {
          "direction": "30",
          "historic": "memorial",
          "inscription": "Anne Lister 1791-1840 of Shibden Hall, Halifax. Lesbian and Diarist; took sacrament here to seal her union with Ann Walker Easter 1834",
          "memorial": "blue_plaque",
          "name": "Anne Lister",
          "openplaques:id": "51449;49825",
          "operator": "York Civic Trust",
          "subject:wikidata": "Q2745195",
          "subject:wikipedia": "en:Anne Lister",
          "wikimedia_commons": "File:Anne Lister plaque (cropped).jpg"
        }
      }
    },
    {
      "type": "Feature",
      "geometry": {
        "type": "Point",
        "coordinates": [
          -1.0862274,
          53.9612926
        ]
      },
      "properties": {
        "id": "osm:node:13526918577",
        "source": "osm",
        "title": "Association of Voluntary Guides to the City Of York",
        "address": "",
        "description": "Founded in 1951, the Association started their first guided tours from Library Square",
        "categories": [
          "blue_plaque",
          "historical",
          "memorial"
        ],
        "primary_category": "blue_plaque",
        "interest_score": 74,
        "website": "",
        "wikipedia": "",
        "wikidata": "",
        "source_url": "https://www.openstreetmap.org/node/13526918577",
        "fetched_at_utc": "2026-10-07T09:50:34+00:00",
        "query_key": "historic_sites",
        "tags": {
          "direction": "140",
          "historic": "memorial",
          "inscription": "Founded in 1951, the Association started their first guided tours from Library Square",
          "memorial": "blue_plaque",
          "name": "Association of Voluntary Guides to the City Of York",
          "openplaques:id": "51451",
          "operator": "York Civic Trust"
        }
      }
    },
    {
      "type": "Feature",
      "geometry": {
        "type": "Point",
        "coordinates": [
          -1.1539941,
          53.9795551
        ]
      },
      "properties": {
        "id": "osm:node:13526727521",
        "source": "osm",
        "title": "Austin Wright",
        "address": "",
        "description": "Austin Wright (1911-1997) Sculptor Lived and worked here from 1946: the barn his studio, the garden his inspiration.",
        "categories": [
          "blue_plaque",
          "historical",
          "memorial"
        ],
        "primary_category": "blue_plaque",
        "interest_score": 74,
        "website": "",
        "wikipedia": "",
        "wikidata": "",
        "source_url": "https://www.openstreetmap.org/node/13526727521",
        "fetched_at_utc": "2026-10-07T09:50:34+00:00",
        "query_key": "historic_sites",
        "tags": {
          "direction": "135",
          "historic": "memorial",
          "inscription": "Austin Wright (1911-1997) Sculptor Lived and worked here from 1946: the barn his studio, the garden his inspiration.",
          "memorial": "blue_plaque",
          "name": "Austin Wright",
          "openplaques:id": "60156",
          "operator": "York Civic Trust",
          "subject:wikidata": "Q4822962",
          "subject:wikipedia": "en:Austin Andrew Wright"
        }
      }
    },
    {
      "type": "Feature",
      "geometry": {
        "type": "Point",
        "coordinates": [
          -1.0926263,
          53.9670669
        ]
      },
      "properties": {
        "id": "osm:node:13527354836",
        "source": "osm",
        "title": "Edna Annie Crichton",
        "address": "",
        "description": "Edna Annie Crichton first woman Lord Mayor of York 1941-42 Member of York City Council 1919-1955 Alderman and Honorary Freeman of the City Lived here",
        "categories": [
          "blue_plaque",
          "historical",
          "memorial"
        ],
        "primary_category": "blue_plaque",
        "interest_score": 74,
        "website": "",
        "wikipedia": "",
        "wikidata": "",
        "source_url": "https://www.openstreetmap.org/node/13527354836",
        "fetched_at_utc": "2026-10-07T09:50:34+00:00",
        "query_key": "historic_sites",
        "tags": {
          "direction": "205",
          "historic": "memorial",
          "inscription": "Edna Annie Crichton first woman Lord Mayor of York 1941-42 Member of York City Council 1919-1955 Alderman and Honorary Freeman of the City Lived here",
          "memorial": "blue_plaque",
          "name": "Edna Annie Crichton",
          "openplaques:id": "49237",
          "operator": "York Civic Trust"
        }
      }
    },
    {
      "type": "Feature",
      "geometry": {
        "type": "Point",
        "coordinates": [
          -1.0859032,
          53.9584873
        ]
      },
      "properties": {
        "id": "osm:node:13526918394",
        "source": "osm",
        "title": "Edwin Ridsdale Tate",
        "address": "",
        "description": "Edwin Ridsdale Tate 1862-1922 Architect, York Artist, Antiquarian, Archaeologist, Illuminator, Graphic Designer Designer of the church chancel screen",
        "categories": [
          "blue_plaque",
          "historical",
          "memorial"
        ],
        "primary_category": "blue_plaque",
        "interest_score": 74,
        "website": "",
        "wikipedia": "",
        "wikidata": "",
        "source_url": "https://www.openstreetmap.org/node/13526918394",
        "fetched_at_utc": "2026-10-07T09:50:34+00:00",
        "query_key": "historic_sites",
        "tags": {
          "direction": "55",
          "historic": "memorial",
          "inscription": "Edwin Ridsdale Tate 1862-1922 Architect, York Artist, Antiquarian, Archaeologist, Illuminator, Graphic Designer Designer of the church chancel screen",
          "memorial": "blue_plaque",
          "name": "Edwin Ridsdale Tate",
          "openplaques:id": "49759",
          "operator": "York Civic Trust",
          "subject:wikidata": "Q5324817",
          "subject:wikipedia": "en:E. Ridsdale Tate"
        }
      }
    },
    {
      "type": "Feature",
      "geometry": {
        "type": "Point",
        "coordinates": [
          -1.0811986,
          53.9627696
        ]
      },
      "properties": {
        "id": "osm:node:13527036346",
        "source": "osm",
        "title": "Elizabeth Montagu",
        "address": "",
        "description": "Elizabeth Monatagu 1718-1800 Founder member of the 'Bluestocking' movement writer and patron of the arts lived here",
        "categories": [
          "blue_plaque",
          "historical",
          "memorial"
        ],
        "primary_category": "blue_plaque",
        "interest_score": 74,
        "website": "",
        "wikipedia": "",
        "wikidata": "",
        "source_url": "https://www.openstreetmap.org/node/13527036346",
        "fetched_at_utc": "2026-10-07T09:50:34+00:00",
        "query_key": "historic_sites",
        "tags": {
          "direction": "230",
          "historic": "memorial",
          "inscription": "Elizabeth Monatagu 1718-1800 Founder member of the 'Bluestocking' movement writer and patron of the arts lived here",
          "memorial": "blue_plaque",
          "name": "Elizabeth Montagu",
          "openplaques:id": "52952",
          "operator": "York Civic Trust",
          "subject:wikidata": "Q443320",
          "subject:wikipedia": "en:Elizabeth Montagu"
        }
      }
    },
    {
      "type": "Feature",
      "geometry": {
        "type": "Point",
        "coordinates": [
          -1.079103,
          53.9588708
        ]
      },
      "properties": {
        "id": "osm:node:13527125960",
        "source": "osm",
        "title": "Fossgate Banner",
        "address": "",
        "description": "Fossgate Banner 2018 Fish were sold on Fossgate and Foss Bridge from the 13th Century",
        "categories": [
          "blue_plaque",
          "historical",
          "memorial"
        ],
        "primary_category": "blue_plaque",
        "interest_score": 74,
        "website": "",
        "wikipedia": "",
        "wikidata": "",
        "source_url": "https://www.openstreetmap.org/node/13527125960",
        "fetched_at_utc": "2026-10-07T09:50:34+00:00",
        "query_key": "historic_sites",
        "tags": {
          "direction": "240",
          "historic": "memorial",
          "inscription": "Fossgate Banner 2018 Fish were sold on Fossgate and Foss Bridge from the 13th Century",
          "memorial": "blue_plaque",
          "name": "Fossgate Banner",
          "openplaques:id": "50928",
          "operator": "York Civic Trust",
          "subject:wikidata": "Q98969156",
          "subject:wikipedia": "en:Fossgate"
        }
      }
    },
    {
      "type": "Feature",
      "geometry": {
        "type": "Point",
        "coordinates": [
          -1.0821753,
          53.9569925
        ]
      },
      "properties": {
        "id": "osm:node:13526646109",
        "source": "osm",
        "title": "Frankie Howerd OBE",
        "address": "",
        "description": "Frankie Howerd O.B.E. 1917-1992 Son of York",
        "categories": [
          "blue_plaque",
          "historical",
          "memorial"
        ],
        "primary_category": "blue_plaque",
        "interest_score": 74,
        "website": "",
        "wikipedia": "",
        "wikidata": "",
        "source_url": "https://www.openstreetmap.org/node/13526646109",
        "fetched_at_utc": "2026-10-07T09:50:34+00:00",
        "query_key": "historic_sites",
        "tags": {
          "direction": "140",
          "historic": "memorial",
          "inscription": "Frankie Howerd O.B.E. 1917-1992 Son of York",
          "memorial": "blue_plaque",
          "name": "Frankie Howerd OBE",
          "openplaques:id": "5954",
          "operator": "Comic Heritage",
          "subject:wikidata": "Q979233",
          "subject:wikipedia": "en:Frankie Howerd"
        }
      }
    },
    {
      "type": "Feature",
      "geometry": {
        "type": "Point",
        "coordinates": [
          -1.097491,
          53.952034
        ]
      },
      "properties": {
        "id": "osm:node:13526677202",
        "source": "osm",
        "title": "George Butterworth MC",
        "address": "",
        "description": "The childhood home of George Butterworth, MC (1885-1916) English composer, Folk song arranger Killed at the Battle of the Somme August 1916",
        "categories": [
          "blue_plaque",
          "historical",
          "memorial"
        ],
        "primary_category": "blue_plaque",
        "interest_score": 74,
        "website": "",
        "wikipedia": "",
        "wikidata": "",
        "source_url": "https://www.openstreetmap.org/node/13526677202",
        "fetched_at_utc": "2026-10-07T09:50:34+00:00",
        "query_key": "historic_sites",
        "tags": {
          "direction": "310",
          "historic": "memorial",
          "inscription": "The childhood home of George Butterworth, MC (1885-1916) English composer, Folk song arranger Killed at the Battle of the Somme August 1916",
          "memorial": "blue_plaque",
          "name": "George Butterworth MC",
          "openplaques:id": "42576",
          "operator": "York Civic Trust",
          "subject:wikidata": "Q774863",
          "subject:wikipedia": "en:George Butterworth"
        }
      }
    },
    {
      "type": "Feature",
      "geometry": {
        "type": "Point",
        "coordinates": [
          -1.0879125,
          53.9447339
        ]
      },
      "properties": {
        "id": "osm:node:13526905934",
        "source": "osm",
        "title": "George Russell",
        "address": "",
        "description": "George Russell 1857-1951 Gardener and Plantsman developed Russell Hybrid Lupins lived here",
        "categories": [
          "blue_plaque",
          "historical",
          "memorial"
        ],
        "primary_category": "blue_plaque",
        "interest_score": 74,
        "website": "",
        "wikipedia": "",
        "wikidata": "",
        "source_url": "https://www.openstreetmap.org/node/13526905934",
        "fetched_at_utc": "2026-10-07T09:50:34+00:00",
        "query_key": "historic_sites",
        "tags": {
          "direction": "270",
          "historic": "memorial",
          "inscription": "George Russell 1857-1951 Gardener and Plantsman developed Russell Hybrid Lupins lived here",
          "memorial": "blue_plaque",
          "name": "George Russell",
          "openplaques:id": "49747",
          "operator": "York Civic Trust",
          "subject:wikidata": "Q24573576",
          "subject:wikipedia": "en:George Russell (horticulturist)"
        }
      }
    },
    {
      "type": "Feature",
      "geometry": {
        "type": "Point",
        "coordinates": [
          -1.0933233,
          53.967063
        ]
      },
      "properties": {
        "id": "osm:node:13526902692",
        "source": "osm",
        "title": "George Yeld",
        "address": "",
        "description": "George Yeld 1845-1938 Horticulturalist, Explorer, Educator RHS Victoria Medal of Honour 1925 Schoolmaster at St. Peter's School (52 years) lived here",
        "categories": [
          "blue_plaque",
          "historical",
          "memorial"
        ],
        "primary_category": "blue_plaque",
        "interest_score": 74,
        "website": "",
        "wikipedia": "",
        "wikidata": "",
        "source_url": "https://www.openstreetmap.org/node/13526902692",
        "fetched_at_utc": "2026-10-07T09:50:34+00:00",
        "query_key": "historic_sites",
        "tags": {
          "direction": "50",
          "historic": "memorial",
          "inscription": "George Yeld 1845-1938 Horticulturalist, Explorer, Educator RHS Victoria Medal of Honour 1925 Schoolmaster at St. Peter's School (52 years) lived here",
          "memorial": "blue_plaque",
          "name": "George Yeld",
          "openplaques:id": "49748",
          "operator": "York Civic Trust",
          "subject:wikidata": "Q16466638",
          "subject:wikipedia": "en:George Yeld"
        }
      }
    },
    {
      "type": "Feature",
      "geometry": {
        "type": "Point",
        "coordinates": [
          -1.1033032,
          53.9402004
        ]
      },
      "properties": {
        "id": "osm:way:590885344",
        "source": "osm",
        "title": "Goddards Garden",
        "address": "",
        "description": "",
        "categories": [
          "natural",
          "garden",
          "landmark"
        ],
        "primary_category": "natural",
        "interest_score": 74,
        "website": "https://www.nationaltrust.org.uk/goddards/",
        "wikipedia": "en:Goddards House and Garden",
        "wikidata": "Q17530540",
        "source_url": "https://www.openstreetmap.org/way/590885344",
        "fetched_at_utc": "2026-10-07T09:50:34+00:00",
        "query_key": "attractions_and_viewpoints",
        "tags": {
          "leisure": "garden",
          "name": "Goddards Garden",
          "opening_hours": "Sa-Su 11:00-15:30",
          "operator": "National Trust",
          "tourism": "attraction",
          "website": "https://www.nationaltrust.org.uk/goddards/",
          "wikidata": "Q17530540",
          "wikipedia": "en:Goddards House and Garden"
        },
        "sitelinks": 1
      }
    },
    {
      "type": "Feature",
      "geometry": {
        "type": "Point",
        "coordinates": [
          -1.0892538,
          53.9569567
        ]
      },
      "properties": {
        "id": "osm:node:13527016846",
        "source": "osm",
        "title": "James Backhouse",
        "address": "",
        "description": "James Backhouse of York 1794-1869 Botanist, Nurseryman and Quaker Missionary lived here with his brother Thomas 1792-1845",
        "categories": [
          "blue_plaque",
          "historical",
          "memorial"
        ],
        "primary_category": "blue_plaque",
        "interest_score": 74,
        "website": "",
        "wikipedia": "",
        "wikidata": "",
        "source_url": "https://www.openstreetmap.org/node/13527016846",
        "fetched_at_utc": "2026-10-07T09:50:34+00:00",
        "query_key": "historic_sites",
        "tags": {
          "direction": "145",
          "historic": "memorial",
          "inscription": "James Backhouse of York 1794-1869 Botanist, Nurseryman and Quaker Missionary lived here with his brother Thomas 1792-1845",
          "memorial": "blue_plaque",
          "name": "James Backhouse",
          "openplaques:id": "42574",
          "operator": "York Civic Trust",
          "subject:wikidata": "Q2587046",
          "subject:wikipedia": "en:James Backhouse"
        }
      }
    },
    {
      "type": "Feature",
      "geometry": {
        "type": "Point",
        "coordinates": [
          -1.071021,
          53.9499687
        ]
      },
      "properties": {
        "id": "osm:node:13527343119",
        "source": "osm",
        "title": "James Pigott Pritchett",
        "address": "",
        "description": "James Pigott Pritchett 1789-1868 York Architect of many prominent religious and secular buildings designed this chapel 1837",
        "categories": [
          "blue_plaque",
          "historical",
          "memorial"
        ],
        "primary_category": "blue_plaque",
        "interest_score": 74,
        "website": "",
        "wikipedia": "",
        "wikidata": "",
        "source_url": "https://www.openstreetmap.org/node/13527343119",
        "fetched_at_utc": "2026-10-07T09:50:34+00:00",
        "query_key": "historic_sites",
        "tags": {
          "direction": "0",
          "historic": "memorial",
          "inscription": "James Pigott Pritchett 1789-1868 York Architect of many prominent religious and secular buildings designed this chapel 1837",
          "memorial": "blue_plaque",
          "name": "James Pigott Pritchett",
          "openplaques:id": "51661",
          "operator": "York Civic Trust",
          "subject:wikidata": "Q6141278",
          "subject:wikipedia": "en:James Pigott Pritchett"
        }
      }
    },
    {
      "type": "Feature",
      "geometry": {
        "type": "Point",
        "coordinates": [
          -1.0721502,
          53.9363699
        ]
      },
      "properties": {
        "id": "osm:node:10776982332",
        "source": "osm",
        "title": "John Barry",
        "address": "",
        "description": "John Barry (Prendergast) born York 1933, died New York 2011 lived here as a boy. Composer and musician. Academy Award Winner for his film music",
        "categories": [
          "blue_plaque",
          "historical",
          "memorial"
        ],
        "primary_category": "blue_plaque",
        "interest_score": 74,
        "website": "",
        "wikipedia": "",
        "wikidata": "",
        "source_url": "https://www.openstreetmap.org/node/10776982332",
        "fetched_at_utc": "2026-10-07T09:50:34+00:00",
        "query_key": "historic_sites",
        "tags": {
          "direction": "250",
          "historic": "memorial",
          "inscription": "John Barry (Prendergast) born York 1933, died New York 2011 lived here as a boy. Composer and musician. Academy Award Winner for his film music",
          "memorial": "blue_plaque",
          "name": "John Barry",
          "openplaques:id": "42953",
          "operator": "York Civic Trust",
          "subject:wikidata": "Q111074",
          "subject:wikipedia": "en:John Barry (composer)"
        }
      }
    },
    {
      "type": "Feature",
      "geometry": {
        "type": "Point",
        "coordinates": [
          -1.0812711,
          53.9628262
        ]
      },
      "properties": {
        "id": "osm:node:12111441085",
        "source": "osm",
        "title": "John Goodricke FRS",
        "address": "",
        "description": "From Treasurer's House, the deaf astronomer John Goodricke FRS 1764 - 1786 observed variable stars including ALGOL and δCEPHEI making possible the modern measurement of the Universe",
        "categories": [
          "blue_plaque",
          "historical",
          "memorial"
        ],
        "primary_category": "blue_plaque",
        "interest_score": 74,
        "website": "",
        "wikipedia": "",
        "wikidata": "",
        "source_url": "https://www.openstreetmap.org/node/12111441085",
        "fetched_at_utc": "2026-10-07T09:50:34+00:00",
        "query_key": "historic_sites",
        "tags": {
          "direction": "230",
          "flickr": "https://www.flickr.com/photos/16349984@N07/51486409097/",
          "historic": "memorial",
          "inscription": "From Treasurer's House, the deaf astronomer John Goodricke FRS 1764 - 1786 observed variable stars including ALGOL and δCEPHEI making possible the modern measurement of the Universe",
          "memorial": "blue_plaque",
          "name": "John Goodricke FRS",
          "openplaques:id": "55773",
          "operator": "York Civic Trust",
          "subject:wikidata": "Q375172",
          "subject:wikipedia": "en:John Goodricke"
        }
      }
    },
    {
      "type": "Feature",
      "geometry": {
        "type": "Point",
        "coordinates": [
          -1.0845896,
          53.9605567
        ]
      },
      "properties": {
        "id": "osm:node:13526717203",
        "source": "osm",
        "title": "John Shannon CBE",
        "address": "",
        "description": "John Shannon CBE York Civic Trust Chairman 1962-2001 Lawyer and Conservationist worked here at Munby and Scott 1935-1995",
        "categories": [
          "blue_plaque",
          "historical",
          "memorial"
        ],
        "primary_category": "blue_plaque",
        "interest_score": 74,
        "website": "",
        "wikipedia": "",
        "wikidata": "",
        "source_url": "https://www.openstreetmap.org/node/13526717203",
        "fetched_at_utc": "2026-10-07T09:50:34+00:00",
        "query_key": "historic_sites",
        "tags": {
          "direction": "85",
          "historic": "memorial",
          "inscription": "John Shannon CBE York Civic Trust Chairman 1962-2001 Lawyer and Conservationist worked here at Munby and Scott 1935-1995",
          "memorial": "blue_plaque",
          "name": "John Shannon CBE",
          "openplaques:id": "12226",
          "operator": "York Civic Trust"
        }
      }
    },
    {
      "type": "Feature",
      "geometry": {
        "type": "Point",
        "coordinates": [
          -1.079852,
          53.9586103
        ]
      },
      "properties": {
        "id": "osm:node:9788761717",
        "source": "osm",
        "title": "Joseph Rowntree",
        "address": "",
        "description": "Joseph Rowntree (1836-1925) Was born here over the Rowntree shop which opened on this site in 1822. A Quaker businessman, social reformer and philanthropist, he worked here until 1869 before leaving to run the famous Rowntree confectionery company.",
        "categories": [
          "blue_plaque",
          "historical",
          "memorial"
        ],
        "primary_category": "blue_plaque",
        "interest_score": 74,
        "website": "",
        "wikipedia": "",
        "wikidata": "",
        "source_url": "https://www.openstreetmap.org/node/9788761717",
        "fetched_at_utc": "2026-10-07T09:50:34+00:00",
        "query_key": "historic_sites",
        "tags": {
          "direction": "225",
          "historic": "memorial",
          "inscription": "Joseph Rowntree (1836-1925) Was born here over the Rowntree shop which opened on this site in 1822. A Quaker businessman, social reformer and philanthropist, he worked here until 1869 before leaving to run the famous Rowntree confectionery company.",
          "memorial": "blue_plaque",
          "name": "Joseph Rowntree",
          "openplaques:id": "30564",
          "operator": "York Civic Trust",
          "subject:wikidata": "Q6286678",
          "subject:wikipedia": "en:Joseph Rowntree (philanthropist)"
        }
      }
    },
    {
      "type": "Feature",
      "geometry": {
        "type": "Point",
        "coordinates": [
          -1.0775176,
          53.9601055
        ]
      },
      "properties": {
        "id": "osm:node:13527350223",
        "source": "osm",
        "title": "Lady Sarah Hewley",
        "address": "",
        "description": "Lady Sarah Hewley 1627-1710 founded the Unitarian Chapel and the St. Saviourgate almshouses lived in a house on this site from 1699",
        "categories": [
          "blue_plaque",
          "historical",
          "memorial"
        ],
        "primary_category": "blue_plaque",
        "interest_score": 74,
        "website": "",
        "wikipedia": "",
        "wikidata": "",
        "source_url": "https://www.openstreetmap.org/node/13527350223",
        "fetched_at_utc": "2026-10-07T09:50:34+00:00",
        "query_key": "historic_sites",
        "tags": {
          "direction": "125",
          "historic": "memorial",
          "inscription": "Lady Sarah Hewley 1627-1710 founded the Unitarian Chapel and the St. Saviourgate almshouses lived in a house on this site from 1699",
          "memorial": "blue_plaque",
          "name": "Lady Sarah Hewley",
          "openplaques:id": "51939",
          "operator": "York Civic Trust",
          "subject:wikidata": "Q18528119",
          "subject:wikipedia": "en:Sarah Hewley"
        }
      }
    },
    {
      "type": "Feature",
      "geometry": {
        "type": "Point",
        "coordinates": [
          -1.0807282,
          53.9578202
        ]
      },
      "properties": {
        "id": "osm:node:13526536478",
        "source": "osm",
        "title": "Mary Ann Craven",
        "address": "",
        "description": "Mary Ann Craven 1826-1900 Master Sugar Confectioner established a factory on this site. Later known as Craven’s French Almond Works, it continued here until 1966.",
        "categories": [
          "blue_plaque",
          "historical",
          "memorial"
        ],
        "primary_category": "blue_plaque",
        "interest_score": 74,
        "website": "",
        "wikipedia": "",
        "wikidata": "",
        "source_url": "https://www.openstreetmap.org/node/13526536478",
        "fetched_at_utc": "2026-10-07T09:50:34+00:00",
        "query_key": "historic_sites",
        "tags": {
          "historic": "memorial",
          "inscription": "Mary Ann Craven 1826-1900 Master Sugar Confectioner established a factory on this site. Later known as Craven’s French Almond Works, it continued here until 1966.",
          "memorial": "blue_plaque",
          "name": "Mary Ann Craven",
          "openplaques:id": "49571"
        }
      }
    },
    {
      "type": "Feature",
      "geometry": {
        "type": "Point",
        "coordinates": [
          -1.0841313,
          53.9591217
        ]
      },
      "properties": {
        "id": "osm:node:13527304430",
        "source": "osm",
        "title": "On this site in the 13th century stood the York Synagogue and the house of Aaron",
        "address": "",
        "description": "On this site in the 13th century stood the York Synagogue and the house of Aaron of York, a significant figure in civic, Jewish and national life and Justiciar for the Jews to Henry III",
        "categories": [
          "blue_plaque",
          "historical",
          "memorial"
        ],
        "primary_category": "blue_plaque",
        "interest_score": 74,
        "website": "",
        "wikipedia": "",
        "wikidata": "",
        "source_url": "https://www.openstreetmap.org/node/13527304430",
        "fetched_at_utc": "2026-10-07T09:50:34+00:00",
        "query_key": "historic_sites",
        "tags": {
          "direction": "60",
          "historic": "memorial",
          "inscription": "On this site in the 13th century stood the York Synagogue and the house of Aaron of York, a significant figure in civic, Jewish and national life and Justiciar for the Jews to Henry III",
          "memorial": "blue_plaque",
          "openplaques:id": "66039",
          "operator": "York Civic Trust"
        }
      }
    },
    {
      "type": "Feature",
      "geometry": {
        "type": "Point",
        "coordinates": [
          -1.0497154,
          53.944386
        ]
      },
      "properties": {
        "id": "osm:node:13527293734",
        "source": "osm",
        "title": "Revd Sydney Smith",
        "address": "",
        "description": "The Revd Sydney Smith 1771-1845 Anglican Priest, Wit and Social Reformer fought for Catholic Emancipation Lived here",
        "categories": [
          "blue_plaque",
          "historical",
          "memorial"
        ],
        "primary_category": "blue_plaque",
        "interest_score": 74,
        "website": "",
        "wikipedia": "",
        "wikidata": "",
        "source_url": "https://www.openstreetmap.org/node/13527293734",
        "fetched_at_utc": "2026-10-07T09:50:34+00:00",
        "query_key": "historic_sites",
        "tags": {
          "direction": "20",
          "historic": "memorial",
          "inscription": "The Revd Sydney Smith 1771-1845 Anglican Priest, Wit and Social Reformer fought for Catholic Emancipation Lived here",
          "memorial": "blue_plaque",
          "name": "Revd Sydney Smith",
          "openplaques:id": "51459",
          "operator": "York Civic Trust",
          "subject:wikidata": "Q6182166",
          "subject:wikipedia": "en:Sydney Smith"
        }
      }
    },
    {
      "type": "Feature",
      "geometry": {
        "type": "Point",
        "coordinates": [
          -1.080372,
          53.9561803
        ]
      },
      "properties": {
        "id": "osm:node:10611498406",
        "source": "osm",
        "title": "Robert Aske",
        "address": "",
        "description": "Near this place, Robert Aske leader of the Pilgrimage of Grace died for his faith in 1537, martyred by Henry VIII.",
        "categories": [
          "blue_plaque",
          "historical",
          "memorial"
        ],
        "primary_category": "blue_plaque",
        "interest_score": 74,
        "website": "",
        "wikipedia": "",
        "wikidata": "",
        "source_url": "https://www.openstreetmap.org/node/10611498406",
        "fetched_at_utc": "2026-10-07T09:50:34+00:00",
        "query_key": "historic_sites",
        "tags": {
          "direction": "325",
          "historic": "memorial",
          "inscription": "Near this place, Robert Aske leader of the Pilgrimage of Grace died for his faith in 1537, martyred by Henry VIII.",
          "memorial": "blue_plaque",
          "name": "Robert Aske",
          "openplaques:id": "50785",
          "operator": "York Civic Trust",
          "subject:wikidata": "Q591307",
          "subject:wikipedia": "en:Robert Aske (political leader)",
          "survey:date": "2023-02-06"
        }
      }
    },
    {
      "type": "Feature",
      "geometry": {
        "type": "Point",
        "coordinates": [
          -1.0684593,
          53.9548838
        ]
      },
      "properties": {
        "id": "osm:node:13526975480",
        "source": "osm",
        "title": "Samuel Tuke",
        "address": "",
        "description": "Samuel Tuke 1784-1857 Prominent Quaker and social campaigner Pioneer in the treatment of mental health and Manager of York Retreat Lived here",
        "categories": [
          "blue_plaque",
          "historical",
          "memorial"
        ],
        "primary_category": "blue_plaque",
        "interest_score": 74,
        "website": "",
        "wikipedia": "",
        "wikidata": "",
        "source_url": "https://www.openstreetmap.org/node/13526975480",
        "fetched_at_utc": "2026-10-07T09:50:34+00:00",
        "query_key": "historic_sites",
        "tags": {
          "direction": "190",
          "historic": "memorial",
          "inscription": "Samuel Tuke 1784-1857 Prominent Quaker and social campaigner Pioneer in the treatment of mental health and Manager of York Retreat Lived here",
          "memorial": "blue_plaque",
          "name": "Samuel Tuke",
          "openplaques:id": "43687",
          "operator": "York Civic Trust",
          "subject:wikidata": "Q7412803",
          "subject:wikipedia": "en:Samuel Tuke (reformer)"
        }
      }
    },
    {
      "type": "Feature",
      "geometry": {
        "type": "Point",
        "coordinates": [
          -1.088939,
          53.9646551
        ]
      },
      "properties": {
        "id": "osm:node:13526935356",
        "source": "osm",
        "title": "Seebohm Rowntree",
        "address": "",
        "description": "Birthplace of Benjamin Seebohm Rowntree (1871-1954) Quaker, innovator in business management, pioneering social scientist and author of 'Poverty, a Study of Town Life' (1901), which influenced the founders of the welfare state.",
        "categories": [
          "blue_plaque",
          "historical",
          "memorial"
        ],
        "primary_category": "blue_plaque",
        "interest_score": 74,
        "website": "",
        "wikipedia": "",
        "wikidata": "",
        "source_url": "https://www.openstreetmap.org/node/13526935356",
        "fetched_at_utc": "2026-10-07T09:50:34+00:00",
        "query_key": "historic_sites",
        "tags": {
          "direction": "130",
          "historic": "memorial",
          "inscription": "Birthplace of Benjamin Seebohm Rowntree (1871-1954) Quaker, innovator in business management, pioneering social scientist and author of 'Poverty, a Study of Town Life' (1901), which influenced the founders of the welfare state.",
          "memorial": "blue_plaque",
          "name": "Seebohm Rowntree",
          "openplaques:id": "41706",
          "operator": "York Civic Trust",
          "subject:wikidata": "Q2896227",
          "subject:wikipedia": "en:Seebohm Rowntree"
        }
      }
    },
    {
      "type": "Feature",
      "geometry": {
        "type": "Point",
        "coordinates": [
          -1.0877092,
          53.9642228
        ]
      },
      "properties": {
        "id": "osm:node:13527309702",
        "source": "osm",
        "title": "Silvanus Phillips Thompson",
        "address": "",
        "description": "born York 1851 died London 1916 PHYSICIST TEACHER FRIEND studied and taught here 1858-1874",
        "categories": [
          "blue_plaque",
          "historical",
          "memorial"
        ],
        "primary_category": "blue_plaque",
        "interest_score": 74,
        "website": "",
        "wikipedia": "",
        "wikidata": "",
        "source_url": "https://www.openstreetmap.org/node/13527309702",
        "fetched_at_utc": "2026-10-07T09:50:34+00:00",
        "query_key": "historic_sites",
        "tags": {
          "direction": "210",
          "historic": "memorial",
          "inscription": "born York 1851 died London 1916 PHYSICIST TEACHER FRIEND studied and taught here 1858-1874",
          "memorial": "blue_plaque",
          "name": "Silvanus Phillips Thompson",
          "openplaques:id": "9356",
          "operator": "The Institute of Physics",
          "subject:wikidata": "Q706571",
          "subject:wikipedia": "en:Silvanus P. Thompson"
        }
      }
    },
    {
      "type": "Feature",
      "geometry": {
        "type": "Point",
        "coordinates": [
          -1.0946952,
          53.9531063
        ]
      },
      "properties": {
        "id": "osm:node:13526988308",
        "source": "osm",
        "title": "St Stephen's Orphanage",
        "address": "",
        "description": "St Stephen's Orphanage (founded 1870) moved to this building from Trinity Lane after World War I. With the assistance of many notable patrons, including Dean Duncombe, the Worsley family of Hovingham and Dr W A Evelyn, it provided accommodation, support a",
        "categories": [
          "blue_plaque",
          "historical",
          "memorial"
        ],
        "primary_category": "blue_plaque",
        "interest_score": 74,
        "website": "",
        "wikipedia": "",
        "wikidata": "",
        "source_url": "https://www.openstreetmap.org/node/13526988308",
        "fetched_at_utc": "2026-10-07T09:50:34+00:00",
        "query_key": "historic_sites",
        "tags": {
          "direction": "310",
          "historic": "memorial",
          "inscription": "St Stephen's Orphanage (founded 1870) moved to this building from Trinity Lane after World War I. With the assistance of many notable patrons, including Dean Duncombe, the Worsley family of Hovingham and Dr W A Evelyn, it provided accommodation, support a",
          "memorial": "blue_plaque",
          "name": "St Stephen's Orphanage",
          "openplaques:id": "41381",
          "operator": "York Civic Trust"
        }
      }
    },
    {
      "type": "Feature",
      "geometry": {
        "type": "Point",
        "coordinates": [
          -1.0905553,
          53.9646683
        ]
      },
      "properties": {
        "id": "osm:node:13527300336",
        "source": "osm",
        "title": "Stephen Pit Corder",
        "address": "",
        "description": "(Stephen) Pit Corder 1918-1990 Pioneering Applied Linguist, Professor and Quaker, inspired generations of English language teachers and researchers Lived here",
        "categories": [
          "blue_plaque",
          "historical",
          "memorial"
        ],
        "primary_category": "blue_plaque",
        "interest_score": 74,
        "website": "",
        "wikipedia": "",
        "wikidata": "",
        "source_url": "https://www.openstreetmap.org/node/13527300336",
        "fetched_at_utc": "2026-10-07T09:50:34+00:00",
        "query_key": "historic_sites",
        "tags": {
          "direction": "120",
          "historic": "memorial",
          "inscription": "(Stephen) Pit Corder 1918-1990 Pioneering Applied Linguist, Professor and Quaker, inspired generations of English language teachers and researchers Lived here",
          "memorial": "blue_plaque",
          "name": "Stephen Pit Corder",
          "openplaques:id": "56618",
          "operator": "York Civic Trust",
          "subject:wikidata": "Q7198553",
          "subject:wikipedia": "en:Pit Corder"
        }
      }
    },
    {
      "type": "Feature",
      "geometry": {
        "type": "Point",
        "coordinates": [
          -1.0875756,
          53.9409132
        ]
      },
      "properties": {
        "id": "osm:node:13527367227",
        "source": "osm",
        "title": "Terry's Chocolate Works",
        "address": "",
        "description": "Opened here in 1926 by Francis W. Terry (1878-1960) and Noel Terry (1889-1980)",
        "categories": [
          "blue_plaque",
          "historical",
          "memorial"
        ],
        "primary_category": "blue_plaque",
        "interest_score": 74,
        "website": "",
        "wikipedia": "",
        "wikidata": "",
        "source_url": "https://www.openstreetmap.org/node/13527367227",
        "fetched_at_utc": "2026-10-07T09:50:34+00:00",
        "query_key": "historic_sites",
        "tags": {
          "direction": "85",
          "historic": "memorial",
          "inscription": "Opened here in 1926 by Francis W. Terry (1878-1960) and Noel Terry (1889-1980)",
          "memorial": "blue_plaque",
          "name": "Terry's Chocolate Works",
          "openplaques:id": "51484",
          "operator": "York Civic Trust",
          "subject:wikidata": "Q7722614",
          "subject:wikipedia": "en:The Chocolate Works"
        }
      }
    },
    {
      "type": "Feature",
      "geometry": {
        "type": "Point",
        "coordinates": [
          -1.0847103,
          53.9599093
        ]
      },
      "properties": {
        "id": "osm:node:13527231844",
        "source": "osm",
        "title": "The Mansion House",
        "address": "",
        "description": "Official residence of Lord Mayors of York during their year of office Built 1725-1734 The first, purpose-built, mayoral residence in the country",
        "categories": [
          "blue_plaque",
          "historical",
          "memorial"
        ],
        "primary_category": "blue_plaque",
        "interest_score": 74,
        "website": "",
        "wikipedia": "",
        "wikidata": "",
        "source_url": "https://www.openstreetmap.org/node/13527231844",
        "fetched_at_utc": "2026-10-07T09:50:34+00:00",
        "query_key": "historic_sites",
        "tags": {
          "direction": "70",
          "historic": "memorial",
          "inscription": "Official residence of Lord Mayors of York during their year of office Built 1725-1734 The first, purpose-built, mayoral residence in the country",
          "memorial": "blue_plaque",
          "name": "The Mansion House",
          "openplaques:id": "51450",
          "operator": "York Civic Trust",
          "subject:wikidata": "Q6751751",
          "subject:wikipedia": "en:Mansion House, York"
        }
      }
    },
    {
      "type": "Feature",
      "geometry": {
        "type": "Point",
        "coordinates": [
          -1.0837423,
          53.9589059
        ]
      },
      "properties": {
        "id": "osm:node:13526863837",
        "source": "osm",
        "title": "The York Women’s Social and Political Union (Suffragettes) had their first HQ in",
        "address": "",
        "description": "The York Women’s Social and Political Union (Suffragettes) had their first HQ in this building 1910-1911.",
        "categories": [
          "blue_plaque",
          "historical",
          "memorial"
        ],
        "primary_category": "blue_plaque",
        "interest_score": 74,
        "website": "",
        "wikipedia": "",
        "wikidata": "",
        "source_url": "https://www.openstreetmap.org/node/13526863837",
        "fetched_at_utc": "2026-10-07T09:50:34+00:00",
        "query_key": "historic_sites",
        "tags": {
          "direction": "225",
          "historic": "memorial",
          "inscription": "The York Women’s Social and Political Union (Suffragettes) had their first HQ in this building 1910-1911.",
          "memorial": "blue_plaque",
          "openplaques:id": "50992",
          "operator": "York Civic Trust"
        }
      }
    },
    {
      "type": "Feature",
      "geometry": {
        "type": "Point",
        "coordinates": [
          -1.0880055,
          53.9612671
        ]
      },
      "properties": {
        "id": "osm:node:13527361432",
        "source": "osm",
        "title": "Thomas Cooke FRAS",
        "address": "",
        "description": "Thomas Cooke FRAS 1807-1868 Optical Instrument Maker designed the 1850 refracting telescope in this observatory built by the Yorkshire Philosophical Society 1833",
        "categories": [
          "blue_plaque",
          "historical",
          "memorial"
        ],
        "primary_category": "blue_plaque",
        "interest_score": 74,
        "website": "",
        "wikipedia": "",
        "wikidata": "",
        "source_url": "https://www.openstreetmap.org/node/13527361432",
        "fetched_at_utc": "2026-10-07T09:50:34+00:00",
        "query_key": "historic_sites",
        "tags": {
          "direction": "5",
          "historic": "memorial",
          "inscription": "Thomas Cooke FRAS 1807-1868 Optical Instrument Maker designed the 1850 refracting telescope in this observatory built by the Yorkshire Philosophical Society 1833",
          "memorial": "blue_plaque",
          "name": "Thomas Cooke FRAS",
          "openplaques:id": "52065",
          "operator": "York Civic Trust",
          "subject:wikidata": "Q7788596",
          "subject:wikipedia": "en:Thomas Cooke (scientific instrument maker)"
        }
      }
    },
    {
      "type": "Feature",
      "geometry": {
        "type": "Point",
        "coordinates": [
          -1.0803832,
          53.9647016
        ]
      },
      "properties": {
        "id": "osm:node:13526934347",
        "source": "osm",
        "title": "Winifred, Catherine and Mary Cruse",
        "address": "",
        "description": "Winifred, Catherine and Mary Cruse Sisters and pioneers of women’s education at the York and Ripon Teacher Training College for Women, now York St John University. 1846-1862",
        "categories": [
          "blue_plaque",
          "historical",
          "memorial"
        ],
        "primary_category": "blue_plaque",
        "interest_score": 74,
        "website": "",
        "wikipedia": "",
        "wikidata": "",
        "source_url": "https://www.openstreetmap.org/node/13526934347",
        "fetched_at_utc": "2026-10-07T09:50:34+00:00",
        "query_key": "historic_sites",
        "tags": {
          "direction": "220",
          "historic": "memorial",
          "inscription": "Winifred, Catherine and Mary Cruse Sisters and pioneers of women’s education at the York and Ripon Teacher Training College for Women, now York St John University. 1846-1862",
          "memorial": "blue_plaque",
          "name": "Winifred, Catherine and Mary Cruse",
          "openplaques:id": "49749",
          "operator": "York Civic Trust"
        }
      }
    },
    {
      "type": "Feature",
      "geometry": {
        "type": "Point",
        "coordinates": [
          -1.0843006,
          53.9592899
        ]
      },
      "properties": {
        "id": "osm:node:13526592641",
        "source": "osm",
        "title": "Yves Mahé",
        "address": "",
        "description": "P/O Yves Mahé 1919-1962 Free French fighter pilot, 253 Squadron Royal Air Force, who helped save York from Luftwaffe bombers on the morning of 29th April 1942",
        "categories": [
          "blue_plaque",
          "historical",
          "memorial"
        ],
        "primary_category": "blue_plaque",
        "interest_score": 74,
        "website": "",
        "wikipedia": "",
        "wikidata": "",
        "source_url": "https://www.openstreetmap.org/node/13526592641",
        "fetched_at_utc": "2026-10-07T09:50:34+00:00",
        "query_key": "historic_sites",
        "tags": {
          "direction": "335",
          "historic": "memorial",
          "inscription": "P/O Yves Mahé 1919-1962 Free French fighter pilot, 253 Squadron Royal Air Force, who helped save York from Luftwaffe bombers on the morning of 29th April 1942",
          "memorial": "blue_plaque",
          "name": "Yves Mahé",
          "openplaques:id": "31029",
          "operator": "York Civic Trust",
          "subject:wikidata": "Q3573812"
        }
      }
    },
    {
      "type": "Feature",
      "geometry": {
        "type": "Point",
        "coordinates": [
          -1.0696198,
          53.9305758
        ]
      },
      "properties": {
        "id": "osm:node:1251102492",
        "source": "osm",
        "title": "Battle of Fulford",
        "address": "",
        "description": "Part of the Norman consquest; Harald Hardrada of Norway and Englishman Tostig Godwinson defeated the Earls Edwin and Morcar",
        "categories": [
          "historical"
        ],
        "primary_category": "historical",
        "interest_score": 73,
        "website": "",
        "wikipedia": "en:Battle of Fulford",
        "wikidata": "Q1113659",
        "source_url": "https://www.openstreetmap.org/node/1251102492",
        "fetched_at_utc": "2026-10-07T09:50:34+00:00",
        "query_key": "historic_sites",
        "tags": {
          "date": "1066-09-20",
          "description": "Part of the Norman consquest; Harald Hardrada of Norway and Englishman Tostig Godwinson defeated the Earls Edwin and Morcar",
          "historic": "battlefield",
          "name": "Battle of Fulford",
          "wikidata": "Q1113659",
          "wikipedia": "en:Battle of Fulford"
        },
        "sitelinks": 30
      }
    },
    {
      "type": "Feature",
      "geometry": {
        "type": "Point",
        "coordinates": [
          -1.08076,
          53.9629726
        ]
      },
      "properties": {
        "id": "osm:way:241061247",
        "source": "osm",
        "title": "Treasurer's House",
        "address": "Minster Yard, York, YO1 7JL",
        "description": "Home of treasurers of York Minster until 1547, then a private house. Now a National Trust property with a collection of antique furniture, ceramics, textiles and paintings.",
        "categories": [
          "architecture",
          "landmark"
        ],
        "primary_category": "architecture",
        "interest_score": 73,
        "website": "https://www.nationaltrust.org.uk/treasurers-house-york",
        "wikipedia": "en:Treasurer's House, York",
        "wikidata": "Q7836749",
        "source_url": "https://www.openstreetmap.org/way/241061247",
        "fetched_at_utc": "2026-10-07T09:50:34+00:00",
        "query_key": "attractions_and_viewpoints",
        "tags": {
          "addr:city": "York",
          "addr:postcode": "YO1 7JL",
          "addr:street": "Minster Yard",
          "attraction": "historic",
          "building": "yes",
          "building:levels": "3",
          "cafe": "yes",
          "description": "Home of treasurers of York Minster until 1547, then a private house. Now a National Trust property with a collection of antique furniture, ceramics, textiles and paintings.",
          "fee": "yes",
          "listed_status": "Grade I",
          "name": "Treasurer's House",
          "opening_hours": "Mo-Su 11:00-16:00",
          "operator": "National Trust",
          "phone": "+44 1904 624247",
          "tourism": "attraction",
          "website": "https://www.nationaltrust.org.uk/treasurers-house-york",
          "wheelchair": "no",
          "wikidata": "Q7836749",
          "wikimedia_commons": "File:The Treasurer's House1.jpg",
          "wikipedia": "en:Treasurer's House, York"
        },
        "sitelinks": 4
      }
    },
    {
      "type": "Feature",
      "geometry": {
        "type": "Point",
        "coordinates": [
          -1.127458,
          53.954303
        ]
      },
      "properties": {
        "id": "osm:wikidata:26549116",
        "source": "osm",
        "title": "Acomb Manor House",
        "address": "York",
        "description": "",
        "categories": [
          "historical",
          "architecture"
        ],
        "primary_category": "historical",
        "interest_score": 72,
        "website": "",
        "wikipedia": "",
        "wikidata": "Q26549116",
        "source_url": "https://www.wikidata.org/wiki/Q26549116",
        "fetched_at_utc": "2026-10-07T09:50:34+00:00",
        "query_key": "heritage_sites",
        "tags": {
          "name": "Acomb Manor House",
          "wikidata": "Q26549116",
          "historic": "building",
          "heritage": "2",
          "listed_status": "grade ii",
          "addr:city": "York"
        },
        "sitelinks": 0
      }
    },
    {
      "type": "Feature",
      "geometry": {
        "type": "Point",
        "coordinates": [
          -1.090222,
          53.962222
        ]
      },
      "properties": {
        "id": "osm:wikidata:26548717",
        "source": "osm",
        "title": "Almery Garth And Little Garth",
        "address": "York",
        "description": "",
        "categories": [
          "historical",
          "architecture"
        ],
        "primary_category": "historical",
        "interest_score": 72,
        "website": "",
        "wikipedia": "",
        "wikidata": "Q26548717",
        "source_url": "https://www.wikidata.org/wiki/Q26548717",
        "fetched_at_utc": "2026-10-07T09:50:34+00:00",
        "query_key": "heritage_sites",
        "tags": {
          "name": "Almery Garth And Little Garth",
          "wikidata": "Q26548717",
          "historic": "building",
          "heritage": "2",
          "listed_status": "grade ii",
          "addr:city": "York"
        },
        "sitelinks": 0
      }
    },
    {
      "type": "Feature",
      "geometry": {
        "type": "Point",
        "coordinates": [
          -1.147414,
          53.987513
        ]
      },
      "properties": {
        "id": "osm:wikidata:26443222",
        "source": "osm",
        "title": "Bankside",
        "address": "York",
        "description": "",
        "categories": [
          "historical",
          "architecture"
        ],
        "primary_category": "historical",
        "interest_score": 72,
        "website": "",
        "wikipedia": "",
        "wikidata": "Q26443222",
        "source_url": "https://www.wikidata.org/wiki/Q26443222",
        "fetched_at_utc": "2026-10-07T09:50:34+00:00",
        "query_key": "heritage_sites",
        "tags": {
          "name": "Bankside",
          "wikidata": "Q26443222",
          "historic": "building",
          "heritage": "2",
          "listed_status": "grade ii",
          "addr:city": "York"
        },
        "sitelinks": 0
      }
    },
    {
      "type": "Feature",
      "geometry": {
        "type": "Point",
        "coordinates": [
          -1.0789997,
          53.9615531
        ]
      },
      "properties": {
        "id": "osm:wikidata:4879075",
        "source": "osm",
        "title": "Bedern Hall",
        "address": "York",
        "description": "",
        "categories": [
          "architecture",
          "historical"
        ],
        "primary_category": "historical",
        "interest_score": 72,
        "website": "https://www.bedernhall.co.uk/",
        "wikipedia": "",
        "wikidata": "Q4879075",
        "source_url": "https://www.wikidata.org/wiki/Q4879075",
        "fetched_at_utc": "2026-10-07T09:50:34+00:00",
        "query_key": "heritage_sites",
        "tags": {
          "name": "Bedern Hall",
          "wikidata": "Q4879075",
          "historic": "building",
          "heritage": "2",
          "listed_status": "grade ii*",
          "addr:city": "York"
        },
        "sitelinks": 0
      }
    },
    {
      "type": "Feature",
      "geometry": {
        "type": "Point",
        "coordinates": [
          -1.086201,
          53.956274
        ]
      },
      "properties": {
        "id": "osm:wikidata:26550653",
        "source": "osm",
        "title": "Bishophill House",
        "address": "York",
        "description": "",
        "categories": [
          "historical",
          "architecture"
        ],
        "primary_category": "historical",
        "interest_score": 72,
        "website": "",
        "wikipedia": "",
        "wikidata": "Q26550653",
        "source_url": "https://www.wikidata.org/wiki/Q26550653",
        "fetched_at_utc": "2026-10-07T09:50:34+00:00",
        "query_key": "heritage_sites",
        "tags": {
          "name": "Bishophill House",
          "wikidata": "Q26550653",
          "historic": "building",
          "heritage": "2",
          "listed_status": "grade ii",
          "addr:city": "York"
        },
        "sitelinks": 0
      }
    },
    {
      "type": "Feature",
      "geometry": {
        "type": "Point",
        "coordinates": [
          -1.088297,
          53.964609
        ]
      },
      "properties": {
        "id": "osm:wikidata:26550555",
        "source": "osm",
        "title": "Bootham House",
        "address": "York",
        "description": "",
        "categories": [
          "historical",
          "architecture"
        ],
        "primary_category": "historical",
        "interest_score": 72,
        "website": "",
        "wikipedia": "",
        "wikidata": "Q26550555",
        "source_url": "https://www.wikidata.org/wiki/Q26550555",
        "fetched_at_utc": "2026-10-07T09:50:34+00:00",
        "query_key": "heritage_sites",
        "tags": {
          "name": "Bootham House",
          "wikidata": "Q26550555",
          "historic": "building",
          "heritage": "2",
          "listed_status": "grade ii",
          "addr:city": "York"
        },
        "sitelinks": 0
      }
    },
    {
      "type": "Feature",
      "geometry": {
        "type": "Point",
        "coordinates": [
          -1.084366,
          53.967769
        ]
      },
      "properties": {
        "id": "osm:wikidata:26678007",
        "source": "osm",
        "title": "Bootham Park Hospital: Medical Superintendent's House",
        "address": "York",
        "description": "",
        "categories": [
          "historical",
          "architecture"
        ],
        "primary_category": "historical",
        "interest_score": 72,
        "website": "",
        "wikipedia": "",
        "wikidata": "Q26678007",
        "source_url": "https://www.wikidata.org/wiki/Q26678007",
        "fetched_at_utc": "2026-10-07T09:50:34+00:00",
        "query_key": "heritage_sites",
        "tags": {
          "name": "Bootham Park Hospital: Medical Superintendent's House",
          "wikidata": "Q26678007",
          "historic": "building",
          "heritage": "2",
          "listed_status": "grade ii",
          "addr:city": "York"
        },
        "sitelinks": 0
      }
    },
    {
      "type": "Feature",
      "geometry": {
        "type": "Point",
        "coordinates": [
          -1.04401,
          53.944257
        ]
      },
      "properties": {
        "id": "osm:wikidata:26460577",
        "source": "osm",
        "title": "Chapel House",
        "address": "York",
        "description": "",
        "categories": [
          "historical",
          "architecture"
        ],
        "primary_category": "historical",
        "interest_score": 72,
        "website": "",
        "wikipedia": "",
        "wikidata": "Q26460577",
        "source_url": "https://www.wikidata.org/wiki/Q26460577",
        "fetched_at_utc": "2026-10-07T09:50:34+00:00",
        "query_key": "heritage_sites",
        "tags": {
          "name": "Chapel House",
          "wikidata": "Q26460577",
          "historic": "building",
          "heritage": "2",
          "listed_status": "grade ii",
          "addr:city": "York"
        },
        "sitelinks": 0
      }
    },
    {
      "type": "Feature",
      "geometry": {
        "type": "Point",
        "coordinates": [
          -1.08261,
          53.9643
        ]
      },
      "properties": {
        "id": "osm:wikidata:17530650",
        "source": "osm",
        "title": "City Wall From Bootham Bar To Layerthorpe Monk Bar Robin Hoods Tower",
        "address": "York",
        "description": "",
        "categories": [
          "historical",
          "architecture"
        ],
        "primary_category": "historical",
        "interest_score": 72,
        "website": "",
        "wikipedia": "",
        "wikidata": "Q17530650",
        "source_url": "https://www.wikidata.org/wiki/Q17530650",
        "fetched_at_utc": "2026-10-07T09:50:34+00:00",
        "query_key": "heritage_sites",
        "tags": {
          "name": "City Wall From Bootham Bar To Layerthorpe Monk Bar Robin Hoods Tower",
          "wikidata": "Q17530650",
          "historic": "city_gate",
          "heritage": "2",
          "listed_status": "grade i",
          "addr:city": "York"
        },
        "sitelinks": 0
      }
    },
    {
      "type": "Feature",
      "geometry": {
        "type": "Point",
        "coordinates": [
          -1.08681,
          53.9607
        ]
      },
      "properties": {
        "id": "osm:wikidata:17530643",
        "source": "osm",
        "title": "City Wall From Lendal Hill House To The Lodge, Museum Gardens",
        "address": "York",
        "description": "",
        "categories": [
          "historical",
          "architecture"
        ],
        "primary_category": "historical",
        "interest_score": 72,
        "website": "",
        "wikipedia": "",
        "wikidata": "Q17530643",
        "source_url": "https://www.wikidata.org/wiki/Q17530643",
        "fetched_at_utc": "2026-10-07T09:50:34+00:00",
        "query_key": "heritage_sites",
        "tags": {
          "name": "City Wall From Lendal Hill House To The Lodge, Museum Gardens",
          "wikidata": "Q17530643",
          "historic": "city_gate",
          "heritage": "2",
          "listed_status": "grade i",
          "addr:city": "York"
        },
        "sitelinks": 0
      }
    },
    {
      "type": "Feature",
      "geometry": {
        "type": "Point",
        "coordinates": [
          -1.0897326,
          53.9642052
        ]
      },
      "properties": {
        "id": "osm:wikidata:5163813",
        "source": "osm",
        "title": "Constantine House",
        "address": "York",
        "description": "",
        "categories": [
          "historical",
          "architecture"
        ],
        "primary_category": "historical",
        "interest_score": 72,
        "website": "",
        "wikipedia": "",
        "wikidata": "Q5163813",
        "source_url": "https://www.wikidata.org/wiki/Q5163813",
        "fetched_at_utc": "2026-10-07T09:50:34+00:00",
        "query_key": "heritage_sites",
        "tags": {
          "name": "Constantine House",
          "wikidata": "Q5163813",
          "historic": "building",
          "heritage": "2",
          "listed_status": "grade ii",
          "addr:city": "York"
        },
        "sitelinks": 0
      }
    },
    {
      "type": "Feature",
      "geometry": {
        "type": "Point",
        "coordinates": [
          -1.097671,
          53.953337
        ]
      },
      "properties": {
        "id": "osm:wikidata:26548567",
        "source": "osm",
        "title": "Cumberland House",
        "address": "York",
        "description": "",
        "categories": [
          "historical",
          "architecture"
        ],
        "primary_category": "historical",
        "interest_score": 72,
        "website": "",
        "wikipedia": "",
        "wikidata": "Q26548567",
        "source_url": "https://www.wikidata.org/wiki/Q26548567",
        "fetched_at_utc": "2026-10-07T09:50:34+00:00",
        "query_key": "heritage_sites",
        "tags": {
          "name": "Cumberland House",
          "wikidata": "Q26548567",
          "historic": "building",
          "heritage": "2",
          "listed_status": "grade ii",
          "addr:city": "York"
        },
        "sitelinks": 0
      }
    },
    {
      "type": "Feature",
      "geometry": {
        "type": "Point",
        "coordinates": [
          -1.087019,
          53.961715
        ]
      },
      "properties": {
        "id": "osm:wikidata:26548523",
        "source": "osm",
        "title": "Curators House",
        "address": "York",
        "description": "",
        "categories": [
          "historical",
          "architecture"
        ],
        "primary_category": "historical",
        "interest_score": 72,
        "website": "",
        "wikipedia": "",
        "wikidata": "Q26548523",
        "source_url": "https://www.wikidata.org/wiki/Q26548523",
        "fetched_at_utc": "2026-10-07T09:50:34+00:00",
        "query_key": "heritage_sites",
        "tags": {
          "name": "Curators House",
          "wikidata": "Q26548523",
          "historic": "building",
          "heritage": "2",
          "listed_status": "grade ii",
          "addr:city": "York"
        },
        "sitelinks": 0
      }
    },
    {
      "type": "Feature",
      "geometry": {
        "type": "Point",
        "coordinates": [
          -1.07468,
          53.942816
        ]
      },
      "properties": {
        "id": "osm:wikidata:26547778",
        "source": "osm",
        "title": "Danesmead",
        "address": "262 Fulford Road, York YO10 4PD, York",
        "description": "",
        "categories": [
          "historical",
          "architecture"
        ],
        "primary_category": "historical",
        "interest_score": 72,
        "website": "",
        "wikipedia": "",
        "wikidata": "Q26547778",
        "source_url": "https://www.wikidata.org/wiki/Q26547778",
        "fetched_at_utc": "2026-10-07T09:50:34+00:00",
        "query_key": "heritage_sites",
        "tags": {
          "name": "Danesmead",
          "wikidata": "Q26547778",
          "historic": "building",
          "heritage": "2",
          "listed_status": "grade ii",
          "start_date": "1904",
          "addr:street": "262 Fulford Road, York YO10 4PD",
          "addr:city": "York"
        },
        "sitelinks": 0
      }
    },
    {
      "type": "Feature",
      "geometry": {
        "type": "Point",
        "coordinates": [
          -1.107661,
          53.939363
        ]
      },
      "properties": {
        "id": "osm:wikidata:26547976",
        "source": "osm",
        "title": "Dringhouses Library",
        "address": "Dringhouses Library, Tadcaster Road, Dringhouses, York, YO24 1LR, York",
        "description": "",
        "categories": [
          "historical",
          "architecture"
        ],
        "primary_category": "historical",
        "interest_score": 72,
        "website": "",
        "wikipedia": "",
        "wikidata": "Q26547976",
        "source_url": "https://www.wikidata.org/wiki/Q26547976",
        "fetched_at_utc": "2026-10-07T09:50:34+00:00",
        "query_key": "heritage_sites",
        "tags": {
          "name": "Dringhouses Library",
          "wikidata": "Q26547976",
          "historic": "building",
          "heritage": "2",
          "listed_status": "grade ii",
          "start_date": "1852",
          "addr:street": "Dringhouses Library, Tadcaster Road, Dringhouses, York, YO24 1LR",
          "addr:city": "York"
        },
        "sitelinks": 0
      }
    },
    {
      "type": "Feature",
      "geometry": {
        "type": "Point",
        "coordinates": [
          -1.076748,
          53.951272
        ]
      },
      "properties": {
        "id": "osm:wikidata:26549163",
        "source": "osm",
        "title": "Fishergate House",
        "address": "Fishergate, York, York",
        "description": "",
        "categories": [
          "historical",
          "architecture"
        ],
        "primary_category": "historical",
        "interest_score": 72,
        "website": "",
        "wikipedia": "",
        "wikidata": "Q26549163",
        "source_url": "https://www.wikidata.org/wiki/Q26549163",
        "fetched_at_utc": "2026-10-07T09:50:34+00:00",
        "query_key": "heritage_sites",
        "tags": {
          "name": "Fishergate House",
          "wikidata": "Q26549163",
          "historic": "building",
          "heritage": "2",
          "listed_status": "grade ii",
          "addr:street": "Fishergate, York",
          "addr:city": "York"
        },
        "sitelinks": 0
      }
    },
    {
      "type": "Feature",
      "geometry": {
        "type": "Point",
        "coordinates": [
          -1.080968,
          53.95712
        ]
      },
      "properties": {
        "id": "osm:wikidata:26550460",
        "source": "osm",
        "title": "Friargate House",
        "address": "York",
        "description": "",
        "categories": [
          "historical",
          "architecture"
        ],
        "primary_category": "historical",
        "interest_score": 72,
        "website": "",
        "wikipedia": "",
        "wikidata": "Q26550460",
        "source_url": "https://www.wikidata.org/wiki/Q26550460",
        "fetched_at_utc": "2026-10-07T09:50:34+00:00",
        "query_key": "heritage_sites",
        "tags": {
          "name": "Friargate House",
          "wikidata": "Q26550460",
          "historic": "building",
          "heritage": "2",
          "listed_status": "grade ii",
          "addr:city": "York"
        },
        "sitelinks": 0
      }
    },
    {
      "type": "Feature",
      "geometry": {
        "type": "Point",
        "coordinates": [
          -1.076445,
          53.928422
        ]
      },
      "properties": {
        "id": "osm:wikidata:26602606",
        "source": "osm",
        "title": "Fulford Hall",
        "address": "York",
        "description": "",
        "categories": [
          "historical",
          "architecture"
        ],
        "primary_category": "historical",
        "interest_score": 72,
        "website": "",
        "wikipedia": "",
        "wikidata": "Q26602606",
        "source_url": "https://www.wikidata.org/wiki/Q26602606",
        "fetched_at_utc": "2026-10-07T09:50:34+00:00",
        "query_key": "heritage_sites",
        "tags": {
          "name": "Fulford Hall",
          "wikidata": "Q26602606",
          "historic": "building",
          "heritage": "2",
          "listed_status": "grade ii",
          "addr:city": "York"
        },
        "sitelinks": 0
      }
    },
    {
      "type": "Feature",
      "geometry": {
        "type": "Point",
        "coordinates": [
          -1.072051,
          53.936343
        ]
      },
      "properties": {
        "id": "osm:wikidata:26602573",
        "source": "osm",
        "title": "Fulford House",
        "address": "York",
        "description": "",
        "categories": [
          "historical",
          "architecture"
        ],
        "primary_category": "historical",
        "interest_score": 72,
        "website": "",
        "wikipedia": "",
        "wikidata": "Q26602573",
        "source_url": "https://www.wikidata.org/wiki/Q26602573",
        "fetched_at_utc": "2026-10-07T09:50:34+00:00",
        "query_key": "heritage_sites",
        "tags": {
          "name": "Fulford House",
          "wikidata": "Q26602573",
          "historic": "building",
          "heritage": "2",
          "listed_status": "grade ii",
          "addr:city": "York"
        },
        "sitelinks": 0
      }
    },
    {
      "type": "Feature",
      "geometry": {
        "type": "Point",
        "coordinates": [
          -1.073807,
          53.969873
        ]
      },
      "properties": {
        "id": "osm:wikidata:26548892",
        "source": "osm",
        "title": "Grange House",
        "address": "York",
        "description": "",
        "categories": [
          "historical",
          "architecture"
        ],
        "primary_category": "historical",
        "interest_score": 72,
        "website": "",
        "wikipedia": "",
        "wikidata": "Q26548892",
        "source_url": "https://www.wikidata.org/wiki/Q26548892",
        "fetched_at_utc": "2026-10-07T09:50:34+00:00",
        "query_key": "heritage_sites",
        "tags": {
          "name": "Grange House",
          "wikidata": "Q26548892",
          "historic": "building",
          "heritage": "2",
          "listed_status": "grade ii",
          "addr:city": "York"
        },
        "sitelinks": 0
      }
    },
    {
      "type": "Feature",
      "geometry": {
        "type": "Point",
        "coordinates": [
          -1.154027,
          53.97956
        ]
      },
      "properties": {
        "id": "osm:wikidata:26485872",
        "source": "osm",
        "title": "Green View",
        "address": "York",
        "description": "",
        "categories": [
          "historical",
          "architecture"
        ],
        "primary_category": "historical",
        "interest_score": 72,
        "website": "",
        "wikipedia": "",
        "wikidata": "Q26485872",
        "source_url": "https://www.wikidata.org/wiki/Q26485872",
        "fetched_at_utc": "2026-10-07T09:50:34+00:00",
        "query_key": "heritage_sites",
        "tags": {
          "name": "Green View",
          "wikidata": "Q26485872",
          "historic": "building",
          "heritage": "2",
          "listed_status": "grade ii",
          "addr:city": "York"
        },
        "sitelinks": 0
      }
    },
    {
      "type": "Feature",
      "geometry": {
        "type": "Point",
        "coordinates": [
          -1.148765,
          53.98781
        ]
      },
      "properties": {
        "id": "osm:wikidata:26581496",
        "source": "osm",
        "title": "Hall Garth",
        "address": "York",
        "description": "",
        "categories": [
          "historical",
          "architecture"
        ],
        "primary_category": "historical",
        "interest_score": 72,
        "website": "",
        "wikipedia": "",
        "wikidata": "Q26581496",
        "source_url": "https://www.wikidata.org/wiki/Q26581496",
        "fetched_at_utc": "2026-10-07T09:50:34+00:00",
        "query_key": "heritage_sites",
        "tags": {
          "name": "Hall Garth",
          "wikidata": "Q26581496",
          "historic": "building",
          "heritage": "2",
          "listed_status": "grade ii",
          "addr:city": "York"
        },
        "sitelinks": 0
      }
    },
    {
      "type": "Feature",
      "geometry": {
        "type": "Point",
        "coordinates": [
          -1.086435,
          53.962678
        ]
      },
      "properties": {
        "id": "osm:wikidata:26549170",
        "source": "osm",
        "title": "Headmasters House",
        "address": "York",
        "description": "",
        "categories": [
          "historical",
          "architecture"
        ],
        "primary_category": "historical",
        "interest_score": 72,
        "website": "",
        "wikipedia": "",
        "wikidata": "Q26549170",
        "source_url": "https://www.wikidata.org/wiki/Q26549170",
        "fetched_at_utc": "2026-10-07T09:50:34+00:00",
        "query_key": "heritage_sites",
        "tags": {
          "name": "Headmasters House",
          "wikidata": "Q26549170",
          "historic": "building",
          "heritage": "2",
          "listed_status": "grade ii",
          "addr:city": "York"
        },
        "sitelinks": 0
      }
    },
    {
      "type": "Feature",
      "geometry": {
        "type": "Point",
        "coordinates": [
          -1.072395,
          53.936642
        ]
      },
      "properties": {
        "id": "osm:wikidata:26441463",
        "source": "osm",
        "title": "Holly House  The Old Manor House",
        "address": "York",
        "description": "",
        "categories": [
          "historical",
          "architecture"
        ],
        "primary_category": "historical",
        "interest_score": 72,
        "website": "",
        "wikipedia": "",
        "wikidata": "Q26441463",
        "source_url": "https://www.wikidata.org/wiki/Q26441463",
        "fetched_at_utc": "2026-10-07T09:50:34+00:00",
        "query_key": "heritage_sites",
        "tags": {
          "name": "Holly House  The Old Manor House",
          "wikidata": "Q26441463",
          "historic": "building",
          "heritage": "2",
          "listed_status": "grade ii",
          "addr:city": "York"
        },
        "sitelinks": 0
      }
    },
    {
      "type": "Feature",
      "geometry": {
        "type": "Point",
        "coordinates": [
          -1.035649,
          53.959955
        ]
      },
      "properties": {
        "id": "osm:wikidata:26442060",
        "source": "osm",
        "title": "Hollytree House",
        "address": "York",
        "description": "",
        "categories": [
          "historical",
          "architecture"
        ],
        "primary_category": "historical",
        "interest_score": 72,
        "website": "",
        "wikipedia": "",
        "wikidata": "Q26442060",
        "source_url": "https://www.wikidata.org/wiki/Q26442060",
        "fetched_at_utc": "2026-10-07T09:50:34+00:00",
        "query_key": "heritage_sites",
        "tags": {
          "name": "Hollytree House",
          "wikidata": "Q26442060",
          "historic": "building",
          "heritage": "2",
          "listed_status": "grade ii",
          "addr:city": "York"
        },
        "sitelinks": 0
      }
    },
    {
      "type": "Feature",
      "geometry": {
        "type": "Point",
        "coordinates": [
          -1.094492,
          53.953088
        ]
      },
      "properties": {
        "id": "osm:wikidata:26547962",
        "source": "osm",
        "title": "Hotel du Vin",
        "address": "York",
        "description": "",
        "categories": [
          "historical",
          "architecture"
        ],
        "primary_category": "historical",
        "interest_score": 72,
        "website": "",
        "wikipedia": "",
        "wikidata": "Q26547962",
        "source_url": "https://www.wikidata.org/wiki/Q26547962",
        "fetched_at_utc": "2026-10-07T09:50:34+00:00",
        "query_key": "heritage_sites",
        "tags": {
          "name": "Hotel du Vin",
          "wikidata": "Q26547962",
          "amenity": "pub",
          "heritage": "2",
          "historic": "building",
          "listed_status": "grade ii",
          "addr:city": "York"
        },
        "sitelinks": 0
      }
    },
    {
      "type": "Feature",
      "geometry": {
        "type": "Point",
        "coordinates": [
          -1.082006,
          53.960957
        ]
      },
      "properties": {
        "id": "osm:wikidata:26548998",
        "source": "osm",
        "title": "Jackson House",
        "address": "York",
        "description": "",
        "categories": [
          "historical",
          "architecture"
        ],
        "primary_category": "historical",
        "interest_score": 72,
        "website": "",
        "wikipedia": "",
        "wikidata": "Q26548998",
        "source_url": "https://www.wikidata.org/wiki/Q26548998",
        "fetched_at_utc": "2026-10-07T09:50:34+00:00",
        "query_key": "heritage_sites",
        "tags": {
          "name": "Jackson House",
          "wikidata": "Q26548998",
          "historic": "building",
          "heritage": "2",
          "listed_status": "grade ii",
          "addr:city": "York"
        },
        "sitelinks": 0
      }
    },
    {
      "type": "Feature",
      "geometry": {
        "type": "Point",
        "coordinates": [
          -1.146882,
          53.987455
        ]
      },
      "properties": {
        "id": "osm:wikidata:26443221",
        "source": "osm",
        "title": "Kilburn House",
        "address": "2 Church Lane, Nether Poppleton, York",
        "description": "",
        "categories": [
          "historical",
          "architecture"
        ],
        "primary_category": "historical",
        "interest_score": 72,
        "website": "",
        "wikipedia": "",
        "wikidata": "Q26443221",
        "source_url": "https://www.wikidata.org/wiki/Q26443221",
        "fetched_at_utc": "2026-10-07T09:50:34+00:00",
        "query_key": "heritage_sites",
        "tags": {
          "name": "Kilburn House",
          "wikidata": "Q26443221",
          "historic": "building",
          "heritage": "2",
          "listed_status": "grade ii",
          "addr:street": "2 Church Lane, Nether Poppleton",
          "addr:city": "York"
        },
        "sitelinks": 0
      }
    },
    {
      "type": "Feature",
      "geometry": {
        "type": "Point",
        "coordinates": [
          -1.065276,
          53.951836
        ]
      },
      "properties": {
        "id": "osm:wikidata:136357705",
        "source": "osm",
        "title": "Lamel Beeches",
        "address": "York",
        "description": "",
        "categories": [
          "historical",
          "architecture"
        ],
        "primary_category": "historical",
        "interest_score": 72,
        "website": "",
        "wikipedia": "",
        "wikidata": "Q136357705",
        "source_url": "https://www.wikidata.org/wiki/Q136357705",
        "fetched_at_utc": "2026-10-07T09:50:34+00:00",
        "query_key": "heritage_sites",
        "tags": {
          "name": "Lamel Beeches",
          "wikidata": "Q136357705",
          "historic": "building",
          "heritage": "2",
          "listed_status": "grade ii",
          "addr:city": "York"
        },
        "sitelinks": 0
      }
    },
    {
      "type": "Feature",
      "geometry": {
        "type": "Point",
        "coordinates": [
          -1.087095,
          53.960348
        ]
      },
      "properties": {
        "id": "osm:wikidata:26548494",
        "source": "osm",
        "title": "Lendal Hill House",
        "address": "York",
        "description": "",
        "categories": [
          "historical",
          "architecture"
        ],
        "primary_category": "historical",
        "interest_score": 72,
        "website": "",
        "wikipedia": "",
        "wikidata": "Q26548494",
        "source_url": "https://www.wikidata.org/wiki/Q26548494",
        "fetched_at_utc": "2026-10-07T09:50:34+00:00",
        "query_key": "heritage_sites",
        "tags": {
          "name": "Lendal Hill House",
          "wikidata": "Q26548494",
          "historic": "building",
          "heritage": "2",
          "listed_status": "grade ii",
          "addr:city": "York"
        },
        "sitelinks": 0
      }
    },
    {
      "type": "Feature",
      "geometry": {
        "type": "Point",
        "coordinates": [
          -1.085341,
          53.960389
        ]
      },
      "properties": {
        "id": "osm:wikidata:26548842",
        "source": "osm",
        "title": "Lendal House",
        "address": "York",
        "description": "",
        "categories": [
          "historical",
          "architecture"
        ],
        "primary_category": "historical",
        "interest_score": 72,
        "website": "",
        "wikipedia": "",
        "wikidata": "Q26548842",
        "source_url": "https://www.wikidata.org/wiki/Q26548842",
        "fetched_at_utc": "2026-10-07T09:50:34+00:00",
        "query_key": "heritage_sites",
        "tags": {
          "name": "Lendal House",
          "wikidata": "Q26548842",
          "historic": "building",
          "heritage": "2",
          "listed_status": "grade ii",
          "addr:city": "York"
        },
        "sitelinks": 0
      }
    },
    {
      "type": "Feature",
      "geometry": {
        "type": "Point",
        "coordinates": [
          -1.043889,
          53.943564
        ]
      },
      "properties": {
        "id": "osm:wikidata:26441436",
        "source": "osm",
        "title": "Limetree Farm",
        "address": "York",
        "description": "",
        "categories": [
          "historical",
          "architecture"
        ],
        "primary_category": "historical",
        "interest_score": 72,
        "website": "",
        "wikipedia": "",
        "wikidata": "Q26441436",
        "source_url": "https://www.wikidata.org/wiki/Q26441436",
        "fetched_at_utc": "2026-10-07T09:50:34+00:00",
        "query_key": "heritage_sites",
        "tags": {
          "name": "Limetree Farm",
          "wikidata": "Q26441436",
          "historic": "building",
          "heritage": "2",
          "listed_status": "grade ii",
          "addr:city": "York"
        },
        "sitelinks": 0
      }
    },
    {
      "type": "Feature",
      "geometry": {
        "type": "Point",
        "coordinates": [
          -1.086226,
          53.931067
        ]
      },
      "properties": {
        "id": "osm:wikidata:26550621",
        "source": "osm",
        "title": "Middlethorpe Manor",
        "address": "York",
        "description": "",
        "categories": [
          "historical",
          "architecture"
        ],
        "primary_category": "historical",
        "interest_score": 72,
        "website": "",
        "wikipedia": "",
        "wikidata": "Q26550621",
        "source_url": "https://www.wikidata.org/wiki/Q26550621",
        "fetched_at_utc": "2026-10-07T09:50:34+00:00",
        "query_key": "heritage_sites",
        "tags": {
          "name": "Middlethorpe Manor",
          "wikidata": "Q26550621",
          "historic": "manor",
          "heritage": "2",
          "listed_status": "grade ii",
          "addr:city": "York"
        },
        "sitelinks": 0
      }
    },
    {
      "type": "Feature",
      "geometry": {
        "type": "Point",
        "coordinates": [
          -1.157802,
          53.994992
        ]
      },
      "properties": {
        "id": "osm:wikidata:26485571",
        "source": "osm",
        "title": "Moat House",
        "address": "York",
        "description": "",
        "categories": [
          "historical",
          "architecture"
        ],
        "primary_category": "historical",
        "interest_score": 72,
        "website": "",
        "wikipedia": "",
        "wikidata": "Q26485571",
        "source_url": "https://www.wikidata.org/wiki/Q26485571",
        "fetched_at_utc": "2026-10-07T09:50:34+00:00",
        "query_key": "heritage_sites",
        "tags": {
          "name": "Moat House",
          "wikidata": "Q26485571",
          "historic": "building",
          "heritage": "2",
          "listed_status": "grade ii",
          "addr:city": "York"
        },
        "sitelinks": 0
      }
    },
    {
      "type": "Feature",
      "geometry": {
        "type": "Point",
        "coordinates": [
          -1.075962,
          53.963814
        ]
      },
      "properties": {
        "id": "osm:wikidata:26548614",
        "source": "osm",
        "title": "Monkgate House",
        "address": "York",
        "description": "",
        "categories": [
          "historical",
          "architecture"
        ],
        "primary_category": "historical",
        "interest_score": 72,
        "website": "",
        "wikipedia": "",
        "wikidata": "Q26548614",
        "source_url": "https://www.wikidata.org/wiki/Q26548614",
        "fetched_at_utc": "2026-10-07T09:50:34+00:00",
        "query_key": "heritage_sites",
        "tags": {
          "name": "Monkgate House",
          "wikidata": "Q26548614",
          "historic": "building",
          "heritage": "2",
          "listed_status": "grade ii",
          "addr:city": "York"
        },
        "sitelinks": 0
      }
    },
    {
      "type": "Feature",
      "geometry": {
        "type": "Point",
        "coordinates": [
          -1.097395,
          53.953442
        ]
      },
      "properties": {
        "id": "osm:wikidata:26548564",
        "source": "osm",
        "title": "Mount House",
        "address": "York",
        "description": "",
        "categories": [
          "historical",
          "architecture"
        ],
        "primary_category": "historical",
        "interest_score": 72,
        "website": "",
        "wikipedia": "",
        "wikidata": "Q26548564",
        "source_url": "https://www.wikidata.org/wiki/Q26548564",
        "fetched_at_utc": "2026-10-07T09:50:34+00:00",
        "query_key": "heritage_sites",
        "tags": {
          "name": "Mount House",
          "wikidata": "Q26548564",
          "historic": "building",
          "heritage": "2",
          "listed_status": "grade ii",
          "addr:city": "York"
        },
        "sitelinks": 0
      }
    },
    {
      "type": "Feature",
      "geometry": {
        "type": "Point",
        "coordinates": [
          -1.098183,
          53.953628
        ]
      },
      "properties": {
        "id": "osm:wikidata:26548537",
        "source": "osm",
        "title": "Mount Terrace House",
        "address": "York",
        "description": "",
        "categories": [
          "historical",
          "architecture"
        ],
        "primary_category": "historical",
        "interest_score": 72,
        "website": "",
        "wikipedia": "",
        "wikidata": "Q26548537",
        "source_url": "https://www.wikidata.org/wiki/Q26548537",
        "fetched_at_utc": "2026-10-07T09:50:34+00:00",
        "query_key": "heritage_sites",
        "tags": {
          "name": "Mount Terrace House",
          "wikidata": "Q26548537",
          "historic": "building",
          "heritage": "2",
          "listed_status": "grade ii",
          "addr:city": "York"
        },
        "sitelinks": 0
      }
    },
    {
      "type": "Feature",
      "geometry": {
        "type": "Point",
        "coordinates": [
          -1.0727469,
          53.9566453
        ]
      },
      "properties": {
        "id": "osm:way:59294529",
        "source": "osm",
        "title": "National Centre for Early Music",
        "address": "Percys Lane, York, YO1 9TL",
        "description": "",
        "categories": [
          "cultural",
          "music"
        ],
        "primary_category": "cultural",
        "interest_score": 72,
        "website": "https://www.ncem.co.uk/",
        "wikipedia": "en:National Centre for Early Music",
        "wikidata": "Q6971404",
        "source_url": "https://www.openstreetmap.org/way/59294529",
        "fetched_at_utc": "2026-10-07T09:50:34+00:00",
        "query_key": "performance_and_literary",
        "tags": {
          "addr:city": "York",
          "addr:country": "GB",
          "addr:postcode": "YO1 9TL",
          "addr:street": "Percys Lane",
          "amenity": "music_venue",
          "name": "National Centre for Early Music",
          "source": "OS StreetView",
          "website": "https://www.ncem.co.uk/",
          "wikidata": "Q6971404",
          "wikipedia": "en:National Centre for Early Music"
        },
        "sitelinks": 2
      }
    },
    {
      "type": "Feature",
      "geometry": {
        "type": "Point",
        "coordinates": [
          -1.095621,
          53.952323
        ]
      },
      "properties": {
        "id": "osm:wikidata:26547970",
        "source": "osm",
        "title": "Nunroyd",
        "address": "York",
        "description": "",
        "categories": [
          "historical",
          "architecture"
        ],
        "primary_category": "historical",
        "interest_score": 72,
        "website": "",
        "wikipedia": "",
        "wikidata": "Q26547970",
        "source_url": "https://www.wikidata.org/wiki/Q26547970",
        "fetched_at_utc": "2026-10-07T09:50:34+00:00",
        "query_key": "heritage_sites",
        "tags": {
          "name": "Nunroyd",
          "wikidata": "Q26547970",
          "historic": "building",
          "heritage": "2",
          "listed_status": "grade ii",
          "addr:city": "York"
        },
        "sitelinks": 0
      }
    },
    {
      "type": "Feature",
      "geometry": {
        "type": "Point",
        "coordinates": [
          -1.043788,
          53.945963
        ]
      },
      "properties": {
        "id": "osm:wikidata:26441437",
        "source": "osm",
        "title": "Old School House",
        "address": "York",
        "description": "",
        "categories": [
          "historical",
          "architecture"
        ],
        "primary_category": "historical",
        "interest_score": 72,
        "website": "",
        "wikipedia": "",
        "wikidata": "Q26441437",
        "source_url": "https://www.wikidata.org/wiki/Q26441437",
        "fetched_at_utc": "2026-10-07T09:50:34+00:00",
        "query_key": "heritage_sites",
        "tags": {
          "name": "Old School House",
          "wikidata": "Q26441437",
          "historic": "building",
          "heritage": "2",
          "listed_status": "grade ii",
          "addr:city": "York"
        },
        "sitelinks": 0
      }
    },
    {
      "type": "Feature",
      "geometry": {
        "type": "Point",
        "coordinates": [
          -1.15544,
          53.978258
        ]
      },
      "properties": {
        "id": "osm:wikidata:26485914",
        "source": "osm",
        "title": "Orchard House",
        "address": "York",
        "description": "",
        "categories": [
          "historical",
          "architecture"
        ],
        "primary_category": "historical",
        "interest_score": 72,
        "website": "",
        "wikipedia": "",
        "wikidata": "Q26485914",
        "source_url": "https://www.wikidata.org/wiki/Q26485914",
        "fetched_at_utc": "2026-10-07T09:50:34+00:00",
        "query_key": "heritage_sites",
        "tags": {
          "name": "Orchard House",
          "wikidata": "Q26485914",
          "historic": "building",
          "heritage": "2",
          "listed_status": "grade ii",
          "addr:city": "York"
        },
        "sitelinks": 0
      }
    },
    {
      "type": "Feature",
      "geometry": {
        "type": "Point",
        "coordinates": [
          -1.034036,
          53.959844
        ]
      },
      "properties": {
        "id": "osm:wikidata:26442059",
        "source": "osm",
        "title": "Osbaldwick Hall",
        "address": "York",
        "description": "",
        "categories": [
          "historical",
          "architecture"
        ],
        "primary_category": "historical",
        "interest_score": 72,
        "website": "",
        "wikipedia": "",
        "wikidata": "Q26442059",
        "source_url": "https://www.wikidata.org/wiki/Q26442059",
        "fetched_at_utc": "2026-10-07T09:50:34+00:00",
        "query_key": "heritage_sites",
        "tags": {
          "name": "Osbaldwick Hall",
          "wikidata": "Q26442059",
          "historic": "building",
          "heritage": "2",
          "listed_status": "grade ii",
          "addr:city": "York"
        },
        "sitelinks": 0
      }
    },
    {
      "type": "Feature",
      "geometry": {
        "type": "Point",
        "coordinates": [
          -1.075122,
          53.94211
        ]
      },
      "properties": {
        "id": "osm:wikidata:26547776",
        "source": "osm",
        "title": "Ousefield",
        "address": "Ousefield House, Fulford Road, York YO10 4PD, York",
        "description": "",
        "categories": [
          "historical",
          "architecture"
        ],
        "primary_category": "historical",
        "interest_score": 72,
        "website": "",
        "wikipedia": "",
        "wikidata": "Q26547776",
        "source_url": "https://www.wikidata.org/wiki/Q26547776",
        "fetched_at_utc": "2026-10-07T09:50:34+00:00",
        "query_key": "heritage_sites",
        "tags": {
          "name": "Ousefield",
          "wikidata": "Q26547776",
          "historic": "building",
          "heritage": "2",
          "listed_status": "grade ii",
          "start_date": "1899",
          "addr:street": "Ousefield House, Fulford Road, York YO10 4PD",
          "addr:city": "York"
        },
        "sitelinks": 0
      }
    },
    {
      "type": "Feature",
      "geometry": {
        "type": "Point",
        "coordinates": [
          -1.148155,
          53.987095
        ]
      },
      "properties": {
        "id": "osm:wikidata:26668548",
        "source": "osm",
        "title": "Poppleton House",
        "address": "York",
        "description": "",
        "categories": [
          "historical",
          "architecture"
        ],
        "primary_category": "historical",
        "interest_score": 72,
        "website": "",
        "wikipedia": "",
        "wikidata": "Q26668548",
        "source_url": "https://www.wikidata.org/wiki/Q26668548",
        "fetched_at_utc": "2026-10-07T09:50:34+00:00",
        "query_key": "heritage_sites",
        "tags": {
          "name": "Poppleton House",
          "wikidata": "Q26668548",
          "historic": "building",
          "heritage": "2",
          "listed_status": "grade ii",
          "addr:city": "York"
        },
        "sitelinks": 0
      }
    },
    {
      "type": "Feature",
      "geometry": {
        "type": "Point",
        "coordinates": [
          -1.080956,
          53.955349
        ]
      },
      "properties": {
        "id": "osm:wikidata:26547926",
        "source": "osm",
        "title": "Postern House",
        "address": "York",
        "description": "",
        "categories": [
          "historical",
          "architecture"
        ],
        "primary_category": "historical",
        "interest_score": 72,
        "website": "",
        "wikipedia": "",
        "wikidata": "Q26547926",
        "source_url": "https://www.wikidata.org/wiki/Q26547926",
        "fetched_at_utc": "2026-10-07T09:50:34+00:00",
        "query_key": "heritage_sites",
        "tags": {
          "name": "Postern House",
          "wikidata": "Q26547926",
          "historic": "building",
          "heritage": "2",
          "listed_status": "grade ii",
          "addr:city": "York"
        },
        "sitelinks": 0
      }
    },
    {
      "type": "Feature",
      "geometry": {
        "type": "Point",
        "coordinates": [
          -1.102162,
          53.954269
        ]
      },
      "properties": {
        "id": "osm:wikidata:26548207",
        "source": "osm",
        "title": "Priory House",
        "address": "York",
        "description": "",
        "categories": [
          "historical",
          "architecture"
        ],
        "primary_category": "historical",
        "interest_score": 72,
        "website": "",
        "wikipedia": "",
        "wikidata": "Q26548207",
        "source_url": "https://www.wikidata.org/wiki/Q26548207",
        "fetched_at_utc": "2026-10-07T09:50:34+00:00",
        "query_key": "heritage_sites",
        "tags": {
          "name": "Priory House",
          "wikidata": "Q26548207",
          "historic": "building",
          "heritage": "2",
          "listed_status": "grade ii",
          "addr:city": "York"
        },
        "sitelinks": 0
      }
    },
    {
      "type": "Feature",
      "geometry": {
        "type": "Point",
        "coordinates": [
          -1.076476,
          53.962209
        ]
      },
      "properties": {
        "id": "osm:wikidata:26548895",
        "source": "osm",
        "title": "Rockingham House",
        "address": "York",
        "description": "",
        "categories": [
          "historical",
          "architecture"
        ],
        "primary_category": "historical",
        "interest_score": 72,
        "website": "",
        "wikipedia": "",
        "wikidata": "Q26548895",
        "source_url": "https://www.wikidata.org/wiki/Q26548895",
        "fetched_at_utc": "2026-10-07T09:50:34+00:00",
        "query_key": "heritage_sites",
        "tags": {
          "name": "Rockingham House",
          "wikidata": "Q26548895",
          "historic": "building",
          "heritage": "2",
          "listed_status": "grade ii",
          "addr:city": "York"
        },
        "sitelinks": 0
      }
    },
    {
      "type": "Feature",
      "geometry": {
        "type": "Point",
        "coordinates": [
          -1.08835,
          53.9867
        ]
      },
      "properties": {
        "id": "osm:wikidata:17674493",
        "source": "osm",
        "title": "Roman camp on Bootham Stray, 450m north east of Moor Farm",
        "address": "York",
        "description": "",
        "categories": [
          "historical",
          "architecture"
        ],
        "primary_category": "historical",
        "interest_score": 72,
        "website": "",
        "wikipedia": "",
        "wikidata": "Q17674493",
        "source_url": "https://www.wikidata.org/wiki/Q17674493",
        "fetched_at_utc": "2026-10-07T09:50:34+00:00",
        "query_key": "heritage_sites",
        "tags": {
          "name": "Roman camp on Bootham Stray, 450m north east of Moor Farm",
          "wikidata": "Q17674493",
          "historic": "archaeological_site",
          "heritage": "2",
          "addr:city": "York"
        },
        "sitelinks": 0
      }
    },
    {
      "type": "Feature",
      "geometry": {
        "type": "Point",
        "coordinates": [
          -1.09182,
          53.9863
        ]
      },
      "properties": {
        "id": "osm:wikidata:17664648",
        "source": "osm",
        "title": "Roman camp on Clifton Moor, 275m NNE of Moor Farm",
        "address": "York",
        "description": "",
        "categories": [
          "historical",
          "architecture"
        ],
        "primary_category": "historical",
        "interest_score": 72,
        "website": "",
        "wikipedia": "",
        "wikidata": "Q17664648",
        "source_url": "https://www.wikidata.org/wiki/Q17664648",
        "fetched_at_utc": "2026-10-07T09:50:34+00:00",
        "query_key": "heritage_sites",
        "tags": {
          "name": "Roman camp on Clifton Moor, 275m NNE of Moor Farm",
          "wikidata": "Q17664648",
          "historic": "archaeological_site",
          "heritage": "2",
          "addr:city": "York"
        },
        "sitelinks": 0
      }
    },
    {
      "type": "Feature",
      "geometry": {
        "type": "Point",
        "coordinates": [
          -1.05459,
          53.9846
        ]
      },
      "properties": {
        "id": "osm:wikidata:17675499",
        "source": "osm",
        "title": "Roman camp on Huntington South Moor, 300m east of Huntington Grange",
        "address": "York",
        "description": "",
        "categories": [
          "historical",
          "architecture"
        ],
        "primary_category": "historical",
        "interest_score": 72,
        "website": "",
        "wikipedia": "",
        "wikidata": "Q17675499",
        "source_url": "https://www.wikidata.org/wiki/Q17675499",
        "fetched_at_utc": "2026-10-07T09:50:34+00:00",
        "query_key": "heritage_sites",
        "tags": {
          "name": "Roman camp on Huntington South Moor, 300m east of Huntington Grange",
          "wikidata": "Q17675499",
          "historic": "archaeological_site",
          "heritage": "2",
          "addr:city": "York"
        },
        "sitelinks": 0
      }
    },
    {
      "type": "Feature",
      "geometry": {
        "type": "Point",
        "coordinates": [
          -1.153902,
          53.978957
        ]
      },
      "properties": {
        "id": "osm:wikidata:26601765",
        "source": "osm",
        "title": "Russett House",
        "address": "York",
        "description": "",
        "categories": [
          "historical",
          "architecture"
        ],
        "primary_category": "historical",
        "interest_score": 72,
        "website": "",
        "wikipedia": "",
        "wikidata": "Q26601765",
        "source_url": "https://www.wikidata.org/wiki/Q26601765",
        "fetched_at_utc": "2026-10-07T09:50:34+00:00",
        "query_key": "heritage_sites",
        "tags": {
          "name": "Russett House",
          "wikidata": "Q26601765",
          "historic": "building",
          "heritage": "2",
          "listed_status": "grade ii",
          "addr:city": "York"
        },
        "sitelinks": 0
      }
    },
    {
      "type": "Feature",
      "geometry": {
        "type": "Point",
        "coordinates": [
          -1.147074,
          53.987744
        ]
      },
      "properties": {
        "id": "osm:wikidata:26581490",
        "source": "osm",
        "title": "School House",
        "address": "1 Church Lane, Nether Poppleton, York",
        "description": "",
        "categories": [
          "historical",
          "architecture"
        ],
        "primary_category": "historical",
        "interest_score": 72,
        "website": "",
        "wikipedia": "",
        "wikidata": "Q26581490",
        "source_url": "https://www.wikidata.org/wiki/Q26581490",
        "fetched_at_utc": "2026-10-07T09:50:34+00:00",
        "query_key": "heritage_sites",
        "tags": {
          "name": "School House",
          "wikidata": "Q26581490",
          "historic": "building",
          "heritage": "2",
          "listed_status": "grade ii",
          "addr:street": "1 Church Lane, Nether Poppleton",
          "addr:city": "York"
        },
        "sitelinks": 0
      }
    },
    {
      "type": "Feature",
      "geometry": {
        "type": "Point",
        "coordinates": [
          -1.08223,
          53.959
        ]
      },
      "properties": {
        "id": "osm:wikidata:17649942",
        "source": "osm",
        "title": "South angle tower of Roman fortress",
        "address": "York",
        "description": "",
        "categories": [
          "historical",
          "architecture"
        ],
        "primary_category": "historical",
        "interest_score": 72,
        "website": "",
        "wikipedia": "",
        "wikidata": "Q17649942",
        "source_url": "https://www.wikidata.org/wiki/Q17649942",
        "fetched_at_utc": "2026-10-07T09:50:34+00:00",
        "query_key": "heritage_sites",
        "tags": {
          "name": "South angle tower of Roman fortress",
          "wikidata": "Q17649942",
          "historic": "fort",
          "heritage": "2",
          "addr:city": "York"
        },
        "sitelinks": 0
      }
    },
    {
      "type": "Feature",
      "geometry": {
        "type": "Point",
        "coordinates": [
          -1.077547,
          53.960635
        ]
      },
      "properties": {
        "id": "osm:wikidata:26548099",
        "source": "osm",
        "title": "St Andrew's House",
        "address": "York",
        "description": "",
        "categories": [
          "historical",
          "architecture"
        ],
        "primary_category": "historical",
        "interest_score": 72,
        "website": "",
        "wikipedia": "",
        "wikidata": "Q26548099",
        "source_url": "https://www.wikidata.org/wiki/Q26548099",
        "fetched_at_utc": "2026-10-07T09:50:34+00:00",
        "query_key": "heritage_sites",
        "tags": {
          "name": "St Andrew's House",
          "wikidata": "Q26548099",
          "historic": "building",
          "heritage": "2",
          "listed_status": "grade ii",
          "addr:city": "York"
        },
        "sitelinks": 0
      }
    },
    {
      "type": "Feature",
      "geometry": {
        "type": "Point",
        "coordinates": [
          -1.089025,
          53.952894
        ]
      },
      "properties": {
        "id": "osm:wikidata:26549215",
        "source": "osm",
        "title": "St Clements Church House",
        "address": "16 Cygnet Street, York YO23 1AG, York",
        "description": "",
        "categories": [
          "historical",
          "architecture"
        ],
        "primary_category": "historical",
        "interest_score": 72,
        "website": "",
        "wikipedia": "",
        "wikidata": "Q26549215",
        "source_url": "https://www.wikidata.org/wiki/Q26549215",
        "fetched_at_utc": "2026-10-07T09:50:34+00:00",
        "query_key": "heritage_sites",
        "tags": {
          "name": "St Clements Church House",
          "wikidata": "Q26549215",
          "historic": "building",
          "heritage": "2",
          "listed_status": "grade ii",
          "addr:street": "16 Cygnet Street, York YO23 1AG",
          "addr:city": "York"
        },
        "sitelinks": 0
      }
    },
    {
      "type": "Feature",
      "geometry": {
        "type": "Point",
        "coordinates": [
          -1.099992,
          53.967303
        ]
      },
      "properties": {
        "id": "osm:wikidata:26548429",
        "source": "osm",
        "title": "St Hildas Garth",
        "address": "York",
        "description": "",
        "categories": [
          "historical",
          "architecture"
        ],
        "primary_category": "historical",
        "interest_score": 72,
        "website": "",
        "wikipedia": "",
        "wikidata": "Q26548429",
        "source_url": "https://www.wikidata.org/wiki/Q26548429",
        "fetched_at_utc": "2026-10-07T09:50:34+00:00",
        "query_key": "heritage_sites",
        "tags": {
          "name": "St Hildas Garth",
          "wikidata": "Q26548429",
          "historic": "building",
          "heritage": "2",
          "listed_status": "grade ii",
          "addr:city": "York"
        },
        "sitelinks": 0
      }
    },
    {
      "type": "Feature",
      "geometry": {
        "type": "Point",
        "coordinates": [
          -1.074143,
          53.969821
        ]
      },
      "properties": {
        "id": "osm:wikidata:26548894",
        "source": "osm",
        "title": "St Marys House",
        "address": "York",
        "description": "",
        "categories": [
          "historical",
          "architecture"
        ],
        "primary_category": "historical",
        "interest_score": 72,
        "website": "",
        "wikipedia": "",
        "wikidata": "Q26548894",
        "source_url": "https://www.wikidata.org/wiki/Q26548894",
        "fetched_at_utc": "2026-10-07T09:50:34+00:00",
        "query_key": "heritage_sites",
        "tags": {
          "name": "St Marys House",
          "wikidata": "Q26548894",
          "historic": "building",
          "heritage": "2",
          "listed_status": "grade ii",
          "addr:city": "York"
        },
        "sitelinks": 0
      }
    },
    {
      "type": "Feature",
      "geometry": {
        "type": "Point",
        "coordinates": [
          -1.034829,
          53.95985
        ]
      },
      "properties": {
        "id": "osm:wikidata:26468545",
        "source": "osm",
        "title": "Stanley House",
        "address": "York",
        "description": "",
        "categories": [
          "historical",
          "architecture"
        ],
        "primary_category": "historical",
        "interest_score": 72,
        "website": "",
        "wikipedia": "",
        "wikidata": "Q26468545",
        "source_url": "https://www.wikidata.org/wiki/Q26468545",
        "fetched_at_utc": "2026-10-07T09:50:34+00:00",
        "query_key": "heritage_sites",
        "tags": {
          "name": "Stanley House",
          "wikidata": "Q26468545",
          "historic": "building",
          "heritage": "2",
          "listed_status": "grade ii",
          "addr:city": "York"
        },
        "sitelinks": 0
      }
    },
    {
      "type": "Feature",
      "geometry": {
        "type": "Point",
        "coordinates": [
          -1.082011,
          53.957272
        ]
      },
      "properties": {
        "id": "osm:wikidata:26548897",
        "source": "osm",
        "title": "Stone Roses Bar (formerly The Grapes public house)",
        "address": "York",
        "description": "",
        "categories": [
          "historical",
          "architecture"
        ],
        "primary_category": "historical",
        "interest_score": 72,
        "website": "",
        "wikipedia": "",
        "wikidata": "Q26548897",
        "source_url": "https://www.wikidata.org/wiki/Q26548897",
        "fetched_at_utc": "2026-10-07T09:50:34+00:00",
        "query_key": "heritage_sites",
        "tags": {
          "name": "Stone Roses Bar (formerly The Grapes public house)",
          "wikidata": "Q26548897",
          "amenity": "pub",
          "heritage": "2",
          "historic": "building",
          "listed_status": "grade ii",
          "addr:city": "York"
        },
        "sitelinks": 0
      }
    },
    {
      "type": "Feature",
      "geometry": {
        "type": "Point",
        "coordinates": [
          -1.063071,
          53.967282
        ]
      },
      "properties": {
        "id": "osm:wikidata:26548977",
        "source": "osm",
        "title": "The Limes",
        "address": "York",
        "description": "",
        "categories": [
          "historical",
          "architecture"
        ],
        "primary_category": "historical",
        "interest_score": 72,
        "website": "",
        "wikipedia": "",
        "wikidata": "Q26548977",
        "source_url": "https://www.wikidata.org/wiki/Q26548977",
        "fetched_at_utc": "2026-10-07T09:50:34+00:00",
        "query_key": "heritage_sites",
        "tags": {
          "name": "The Limes",
          "wikidata": "Q26548977",
          "historic": "building",
          "heritage": "2",
          "listed_status": "grade ii",
          "addr:city": "York"
        },
        "sitelinks": 0
      }
    },
    {
      "type": "Feature",
      "geometry": {
        "type": "Point",
        "coordinates": [
          -1.050307,
          53.944729
        ]
      },
      "properties": {
        "id": "osm:wikidata:26441466",
        "source": "osm",
        "title": "The Lodge",
        "address": "York",
        "description": "",
        "categories": [
          "historical",
          "architecture"
        ],
        "primary_category": "historical",
        "interest_score": 72,
        "website": "",
        "wikipedia": "",
        "wikidata": "Q26441466",
        "source_url": "https://www.wikidata.org/wiki/Q26441466",
        "fetched_at_utc": "2026-10-07T09:50:34+00:00",
        "query_key": "heritage_sites",
        "tags": {
          "name": "The Lodge",
          "wikidata": "Q26441466",
          "historic": "building",
          "heritage": "2",
          "listed_status": "grade ii",
          "addr:city": "York"
        },
        "sitelinks": 0
      }
    },
    {
      "type": "Feature",
      "geometry": {
        "type": "Point",
        "coordinates": [
          -1.043275,
          53.943739
        ]
      },
      "properties": {
        "id": "osm:wikidata:26441434",
        "source": "osm",
        "title": "The Manor House",
        "address": "York",
        "description": "",
        "categories": [
          "historical",
          "architecture"
        ],
        "primary_category": "historical",
        "interest_score": 72,
        "website": "",
        "wikipedia": "",
        "wikidata": "Q26441434",
        "source_url": "https://www.wikidata.org/wiki/Q26441434",
        "fetched_at_utc": "2026-10-07T09:50:34+00:00",
        "query_key": "heritage_sites",
        "tags": {
          "name": "The Manor House",
          "wikidata": "Q26441434",
          "historic": "building",
          "heritage": "2",
          "listed_status": "grade ii",
          "addr:city": "York"
        },
        "sitelinks": 0
      }
    },
    {
      "type": "Feature",
      "geometry": {
        "type": "Point",
        "coordinates": [
          -1.07349,
          53.937405
        ]
      },
      "properties": {
        "id": "osm:wikidata:26588367",
        "source": "osm",
        "title": "The Old House",
        "address": "The Old House, 4 Main Street, Fulford, York YO10 4PQ, York",
        "description": "",
        "categories": [
          "historical",
          "architecture"
        ],
        "primary_category": "historical",
        "interest_score": 72,
        "website": "",
        "wikipedia": "",
        "wikidata": "Q26588367",
        "source_url": "https://www.wikidata.org/wiki/Q26588367",
        "fetched_at_utc": "2026-10-07T09:50:34+00:00",
        "query_key": "heritage_sites",
        "tags": {
          "name": "The Old House",
          "wikidata": "Q26588367",
          "historic": "building",
          "heritage": "2",
          "listed_status": "grade ii",
          "addr:street": "The Old House, 4 Main Street, Fulford, York YO10 4PQ",
          "addr:city": "York"
        },
        "sitelinks": 0
      }
    },
    {
      "type": "Feature",
      "geometry": {
        "type": "Point",
        "coordinates": [
          -1.0912624,
          53.9662605
        ]
      },
      "properties": {
        "id": "osm:wikidata:26681848",
        "source": "osm",
        "title": "The White House",
        "address": "York",
        "description": "",
        "categories": [
          "historical",
          "architecture"
        ],
        "primary_category": "historical",
        "interest_score": 72,
        "website": "",
        "wikipedia": "",
        "wikidata": "Q26681848",
        "source_url": "https://www.wikidata.org/wiki/Q26681848",
        "fetched_at_utc": "2026-10-07T09:50:34+00:00",
        "query_key": "heritage_sites",
        "tags": {
          "name": "The White House",
          "wikidata": "Q26681848",
          "historic": "building",
          "heritage": "2",
          "listed_status": "grade ii",
          "addr:city": "York"
        },
        "sitelinks": 0
      }
    },
    {
      "type": "Feature",
      "geometry": {
        "type": "Point",
        "coordinates": [
          -1.084979,
          53.961626
        ]
      },
      "properties": {
        "id": "osm:wikidata:26549188",
        "source": "osm",
        "title": "Theatre House",
        "address": "York",
        "description": "",
        "categories": [
          "historical",
          "architecture"
        ],
        "primary_category": "historical",
        "interest_score": 72,
        "website": "",
        "wikipedia": "",
        "wikidata": "Q26549188",
        "source_url": "https://www.wikidata.org/wiki/Q26549188",
        "fetched_at_utc": "2026-10-07T09:50:34+00:00",
        "query_key": "heritage_sites",
        "tags": {
          "name": "Theatre House",
          "wikidata": "Q26549188",
          "historic": "building",
          "heritage": "2",
          "listed_status": "grade ii",
          "addr:city": "York"
        },
        "sitelinks": 0
      }
    },
    {
      "type": "Feature",
      "geometry": {
        "type": "Point",
        "coordinates": [
          -1.04486,
          53.945073
        ]
      },
      "properties": {
        "id": "osm:wikidata:26588333",
        "source": "osm",
        "title": "Tolley House",
        "address": "York",
        "description": "",
        "categories": [
          "historical",
          "architecture"
        ],
        "primary_category": "historical",
        "interest_score": 72,
        "website": "",
        "wikipedia": "",
        "wikidata": "Q26588333",
        "source_url": "https://www.wikidata.org/wiki/Q26588333",
        "fetched_at_utc": "2026-10-07T09:50:34+00:00",
        "query_key": "heritage_sites",
        "tags": {
          "name": "Tolley House",
          "wikidata": "Q26588333",
          "historic": "building",
          "heritage": "2",
          "listed_status": "grade ii",
          "addr:city": "York"
        },
        "sitelinks": 0
      }
    },
    {
      "type": "Feature",
      "geometry": {
        "type": "Point",
        "coordinates": [
          -1.04428,
          53.944448
        ]
      },
      "properties": {
        "id": "osm:wikidata:26441469",
        "source": "osm",
        "title": "Village Farm",
        "address": "York",
        "description": "",
        "categories": [
          "historical",
          "architecture"
        ],
        "primary_category": "historical",
        "interest_score": 72,
        "website": "",
        "wikipedia": "",
        "wikidata": "Q26441469",
        "source_url": "https://www.wikidata.org/wiki/Q26441469",
        "fetched_at_utc": "2026-10-07T09:50:34+00:00",
        "query_key": "heritage_sites",
        "tags": {
          "name": "Village Farm",
          "wikidata": "Q26441469",
          "historic": "building",
          "heritage": "2",
          "listed_status": "grade ii",
          "addr:city": "York"
        },
        "sitelinks": 0
      }
    },
    {
      "type": "Feature",
      "geometry": {
        "type": "Point",
        "coordinates": [
          -1.0859104,
          53.962794
        ]
      },
      "properties": {
        "id": "osm:node:9859219081",
        "source": "osm",
        "title": "William Etty",
        "address": "",
        "description": "William Etty RA Born in York 1787 Elected Royal Academician 1828 Died 1849",
        "categories": [
          "historical",
          "cultural",
          "art",
          "memorial"
        ],
        "primary_category": "historical",
        "interest_score": 72,
        "website": "",
        "wikipedia": "",
        "wikidata": "Q26549171",
        "source_url": "https://www.openstreetmap.org/node/9859219081",
        "fetched_at_utc": "2026-10-07T09:50:34+00:00",
        "query_key": "galleries_and_arts",
        "tags": {
          "artist_name": "George Walker Millburn",
          "artwork_type": "statue",
          "historic": "memorial",
          "inscription": "William Etty RA Born in York 1787 Elected Royal Academician 1828 Died 1849",
          "listed_status": "Grade II",
          "material": "stone",
          "memorial": "statue",
          "name": "William Etty",
          "start_date": "1911",
          "subject:wikidata": "Q766362",
          "tourism": "artwork",
          "wikidata": "Q26549171"
        },
        "sitelinks": 0
      }
    },
    {
      "type": "Feature",
      "geometry": {
        "type": "Point",
        "coordinates": [
          -1.0831233,
          53.9540577
        ]
      },
      "properties": {
        "id": "osm:node:1415573669",
        "source": "osm",
        "title": "Baile Hill",
        "address": "",
        "description": "",
        "categories": [
          "historical"
        ],
        "primary_category": "historical",
        "interest_score": 68,
        "website": "",
        "wikipedia": "en:Baile Hill",
        "wikidata": "Q4848305",
        "source_url": "https://www.openstreetmap.org/node/1415573669",
        "fetched_at_utc": "2026-10-07T09:50:34+00:00",
        "query_key": "historic_sites",
        "tags": {
          "historic": "archaeological_site",
          "man_made": "mound",
          "name": "Baile Hill",
          "wikidata": "Q4848305",
          "wikipedia": "en:Baile Hill"
        },
        "sitelinks": 6
      }
    },
    {
      "type": "Feature",
      "geometry": {
        "type": "Point",
        "coordinates": [
          -1.1112226,
          53.9561144
        ]
      },
      "properties": {
        "id": "osm:way:443789299",
        "source": "osm",
        "title": "Holgate Windmill",
        "address": "42 Windmill Rise, York, YO26 4TX",
        "description": "",
        "categories": [
          "architecture",
          "landmark"
        ],
        "primary_category": "architecture",
        "interest_score": 68,
        "website": "https://www.holgatewindmill.org/",
        "wikipedia": "en:Holgate Windmill",
        "wikidata": "Q5880199",
        "source_url": "https://www.openstreetmap.org/way/443789299",
        "fetched_at_utc": "2026-10-07T09:50:34+00:00",
        "query_key": "attractions_and_viewpoints",
        "tags": {
          "addr:city": "York",
          "addr:housenumber": "42",
          "addr:postcode": "YO26 4TX",
          "addr:street": "Windmill Rise",
          "building": "yes",
          "man_made": "windmill",
          "name": "Holgate Windmill",
          "ref:GB:uprn": "10002495815",
          "tourism": "attraction",
          "website": "https://www.holgatewindmill.org/",
          "wikidata": "Q5880199",
          "wikipedia": "en:Holgate Windmill"
        },
        "sitelinks": 3
      }
    },
    {
      "type": "Feature",
      "geometry": {
        "type": "Point",
        "coordinates": [
          -1.0652445,
          53.9509947
        ]
      },
      "properties": {
        "id": "osm:node:1405102391",
        "source": "osm",
        "title": "Lamel Hill Battery",
        "address": "",
        "description": "",
        "categories": [
          "historical"
        ],
        "primary_category": "historical",
        "interest_score": 68,
        "website": "",
        "wikipedia": "en:Lamel Hill",
        "wikidata": "Q6481692",
        "source_url": "https://www.openstreetmap.org/node/1405102391",
        "fetched_at_utc": "2026-10-07T09:50:34+00:00",
        "query_key": "historic_sites",
        "tags": {
          "historic": "archaeological_site",
          "name": "Lamel Hill Battery",
          "wikidata": "Q6481692",
          "wikipedia": "en:Lamel Hill"
        },
        "sitelinks": 2
      }
    },
    {
      "type": "Feature",
      "geometry": {
        "type": "Point",
        "coordinates": [
          -1.0863729,
          53.9630187
        ]
      },
      "properties": {
        "id": "osm:way:128245106",
        "source": "osm",
        "title": "York Art Gallery",
        "address": "Exhibition Square, York, YO1 7EW",
        "description": "",
        "categories": [
          "cultural",
          "art"
        ],
        "primary_category": "cultural",
        "interest_score": 66,
        "website": "https://www.yorkartgallery.org.uk/",
        "wikipedia": "en:York Art Gallery",
        "wikidata": "Q8055361",
        "source_url": "https://www.openstreetmap.org/way/128245106",
        "fetched_at_utc": "2026-10-07T09:50:34+00:00",
        "query_key": "galleries_and_arts",
        "tags": {
          "addr:city": "York",
          "addr:postcode": "YO1 7EW",
          "addr:street": "Exhibition Square",
          "amenity": "arts_centre",
          "building": "public",
          "fee:conditional": "yes",
          "name": "York Art Gallery",
          "tourism": "gallery",
          "website": "https://www.yorkartgallery.org.uk/",
          "wheelchair": "yes",
          "wikidata": "Q8055361",
          "wikipedia": "en:York Art Gallery"
        },
        "sitelinks": 9
      }
    },
    {
      "type": "Feature",
      "geometry": {
        "type": "Point",
        "coordinates": [
          -1.0817647,
          53.9618416
        ]
      },
      "properties": {
        "id": "osm:node:9859219075",
        "source": "osm",
        "title": "Emperor Constantine",
        "address": "",
        "description": "Modern statue of Emperor Constantine in seated postion.",
        "categories": [
          "cultural",
          "art"
        ],
        "primary_category": "cultural",
        "interest_score": 65,
        "website": "",
        "wikipedia": "en:Statue of Constantine the Great, York",
        "wikidata": "Q60748188",
        "source_url": "https://www.openstreetmap.org/node/9859219075",
        "fetched_at_utc": "2026-10-07T09:50:34+00:00",
        "query_key": "galleries_and_arts",
        "tags": {
          "access": "yes",
          "artwork_type": "statue",
          "attraction": "historic",
          "description": "Modern statue of Emperor Constantine in seated postion.",
          "inscription": "CONSTANTINE THE GREAT / A.D. 274-337 / PROCLAIMED ROMAN EMPEROR / IN YORK A.D. 306",
          "name": "Emperor Constantine",
          "subject:wikidata": "Q8413",
          "subject:wikipedia": "en:Constantine the Great",
          "tourism": "artwork",
          "wheelchair": "yes",
          "wikidata": "Q60748188",
          "wikipedia": "en:Statue of Constantine the Great, York"
        },
        "sitelinks": 3
      }
    },
    {
      "type": "Feature",
      "geometry": {
        "type": "Point",
        "coordinates": [
          -1.098119444,
          53.942038888
        ]
      },
      "properties": {
        "id": "osm:wikidata:5210471",
        "source": "osm",
        "title": "Knavesmire",
        "address": "York",
        "description": "",
        "categories": [
          "natural",
          "park"
        ],
        "primary_category": "natural",
        "interest_score": 64,
        "website": "",
        "wikipedia": "en:Knavesmire",
        "wikidata": "Q5210471",
        "source_url": "https://www.wikidata.org/wiki/Q5210471",
        "fetched_at_utc": "2026-10-07T09:50:34+00:00",
        "query_key": "parks",
        "tags": {
          "name": "Knavesmire",
          "wikidata": "Q5210471",
          "leisure": "park",
          "wikipedia": "en:Knavesmire",
          "addr:city": "York"
        },
        "sitelinks": 3
      }
    },
    {
      "type": "Feature",
      "geometry": {
        "type": "Point",
        "coordinates": [
          -1.0779929,
          53.9595663
        ]
      },
      "properties": {
        "id": "osm:node:12528757952",
        "source": "osm",
        "title": "Jorvik DIG",
        "address": "St Saviourgate, York, YO1 8NN",
        "description": "Interactive archaelogy exhibit.",
        "categories": [
          "landmark"
        ],
        "primary_category": "landmark",
        "interest_score": 63,
        "website": "https://digyork.com/",
        "wikipedia": "en:DIG: An Archaeological Adventure",
        "wikidata": "Q5205109",
        "source_url": "https://www.openstreetmap.org/node/12528757952",
        "fetched_at_utc": "2026-10-07T09:50:34+00:00",
        "query_key": "attractions_and_viewpoints",
        "tags": {
          "addr:city": "York",
          "addr:postcode": "YO1 8NN",
          "addr:street": "St Saviourgate",
          "description": "Interactive archaelogy exhibit.",
          "designation": "Archeaology",
          "name": "Jorvik DIG",
          "opening_hours": "10:00-17:00",
          "operator": "York Archaeological Trust",
          "phone": "+44 1904 615505",
          "tourism": "attraction",
          "website": "https://digyork.com/",
          "wheelchair": "yes",
          "wikidata": "Q5205109",
          "wikipedia": "en:DIG: An Archaeological Adventure"
        },
        "sitelinks": 1
      }
    },
    {
      "type": "Feature",
      "geometry": {
        "type": "Point",
        "coordinates": [
          -1.076819,
          53.954427
        ]
      },
      "properties": {
        "id": "osm:way:91888555",
        "source": "osm",
        "title": "Fishergate Postern Tower",
        "address": "Piccadilly, York, YO1 9AF",
        "description": "",
        "categories": [
          "historical",
          "architecture"
        ],
        "primary_category": "historical",
        "interest_score": 62,
        "website": "",
        "wikipedia": "",
        "wikidata": "Q101070586",
        "source_url": "https://www.openstreetmap.org/way/91888555",
        "fetched_at_utc": "2026-10-07T09:50:34+00:00",
        "query_key": "historic_sites",
        "tags": {
          "addr:city": "York",
          "addr:postcode": "YO1 9AF",
          "addr:street": "Piccadilly",
          "building": "yes",
          "building:levels": "2",
          "historic": "castle",
          "listed_status": "Grade I",
          "name": "Fishergate Postern Tower",
          "ref:GB:uprn": "200004769476",
          "roof:shape": "hipped",
          "wikidata": "Q101070586"
        },
        "sitelinks": 0
      }
    },
    {
      "type": "Feature",
      "geometry": {
        "type": "Point",
        "coordinates": [
          -1.0759995,
          53.9548191
        ]
      },
      "properties": {
        "id": "osm:node:1533530910",
        "source": "osm",
        "title": "Dick Turpin's grave",
        "address": "",
        "description": "",
        "categories": [
          "historical",
          "memorial"
        ],
        "primary_category": "historical",
        "interest_score": 60,
        "website": "",
        "wikipedia": "",
        "wikidata": "Q26549103",
        "source_url": "https://www.openstreetmap.org/node/1533530910",
        "fetched_at_utc": "2026-10-07T09:50:34+00:00",
        "query_key": "historic_sites",
        "tags": {
          "designation": "Dick Turpin's Grave",
          "historic": "memorial",
          "listed_status": "Grade II",
          "name": "Dick Turpin's grave",
          "source": "Ive been to it",
          "wikidata": "Q26549103"
        },
        "sitelinks": 0
      }
    },
    {
      "type": "Feature",
      "geometry": {
        "type": "Point",
        "coordinates": [
          -1.074167,
          53.9437215
        ]
      },
      "properties": {
        "id": "osm:node:1374286557",
        "source": "osm",
        "title": "Fulford Cross",
        "address": "",
        "description": "",
        "categories": [
          "historical",
          "memorial"
        ],
        "primary_category": "historical",
        "interest_score": 60,
        "website": "",
        "wikipedia": "",
        "wikidata": "Q17662344",
        "source_url": "https://www.openstreetmap.org/node/1374286557",
        "fetched_at_utc": "2026-10-07T09:50:34+00:00",
        "query_key": "historic_sites",
        "tags": {
          "historic": "monument",
          "listed_status": "Grade II",
          "name": "Fulford Cross",
          "wikidata": "Q17662344"
        },
        "sitelinks": 0
      }
    },
    {
      "type": "Feature",
      "geometry": {
        "type": "Point",
        "coordinates": [
          -1.0822816,
          53.9571348
        ]
      },
      "properties": {
        "id": "osm:node:1415945880",
        "source": "osm",
        "title": "Grand Opera House",
        "address": "Cumberland Street, York, YO1 9SW",
        "description": "",
        "categories": [
          "cultural",
          "art"
        ],
        "primary_category": "cultural",
        "interest_score": 60,
        "website": "",
        "wikipedia": "en:Grand Opera House, York",
        "wikidata": "Q5594856",
        "source_url": "https://www.openstreetmap.org/node/1415945880",
        "fetched_at_utc": "2026-10-07T09:50:34+00:00",
        "query_key": "performance_and_literary",
        "tags": {
          "addr:city": "York",
          "addr:postcode": "YO1 9SW",
          "addr:street": "Cumberland Street",
          "amenity": "theatre",
          "check_date": "2026-09-11",
          "fhrs:id": "244873",
          "name": "Grand Opera House",
          "source:addr": "FHRS Open Data",
          "wheelchair": "limited",
          "wikidata": "Q5594856",
          "wikipedia": "en:Grand Opera House, York"
        },
        "sitelinks": 3
      }
    },
    {
      "type": "Feature",
      "geometry": {
        "type": "Point",
        "coordinates": [
          -1.1082932,
          53.9651001
        ]
      },
      "properties": {
        "id": "osm:node:1593939831",
        "source": "osm",
        "title": "Leeman Road District War Memorial",
        "address": "",
        "description": "In proud and loving memory of the men and women of Leeman Road District who gave their lives in the great war.",
        "categories": [
          "historical",
          "memorial"
        ],
        "primary_category": "historical",
        "interest_score": 60,
        "website": "",
        "wikipedia": "",
        "wikidata": "Q26676710",
        "source_url": "https://www.openstreetmap.org/node/1593939831",
        "fetched_at_utc": "2026-10-07T09:50:34+00:00",
        "query_key": "historic_sites",
        "tags": {
          "historic": "memorial",
          "inscription": "In proud and loving memory of the men and women of Leeman Road District who gave their lives in the great war.",
          "listed_status": "Grade II",
          "memorial": "war_memorial",
          "name": "Leeman Road District War Memorial",
          "wheelchair": "yes",
          "wikidata": "Q26676710"
        },
        "sitelinks": 0
      }
    },
    {
      "type": "Feature",
      "geometry": {
        "type": "Point",
        "coordinates": [
          -1.1120124,
          53.9541664
        ]
      },
      "properties": {
        "id": "osm:node:1322858584",
        "source": "osm",
        "title": "Queen Victoria",
        "address": "",
        "description": "",
        "categories": [
          "historical",
          "memorial"
        ],
        "primary_category": "historical",
        "interest_score": 60,
        "website": "",
        "wikipedia": "",
        "wikidata": "Q26547763",
        "source_url": "https://www.openstreetmap.org/node/1322858584",
        "fetched_at_utc": "2026-10-07T09:50:34+00:00",
        "query_key": "historic_sites",
        "tags": {
          "historic": "memorial",
          "memorial": "statue",
          "name": "Queen Victoria",
          "subject:wikidata": "Q9439",
          "subject:wikipedia": "en:Queen Victoria",
          "wikidata": "Q26547763"
        },
        "sitelinks": 0
      }
    },
    {
      "type": "Feature",
      "geometry": {
        "type": "Point",
        "coordinates": [
          -1.0863563,
          53.9614735
        ]
      },
      "properties": {
        "id": "osm:way:56077520",
        "source": "osm",
        "title": "York Library",
        "address": "Museum Street, York, YO1 7DS",
        "description": "",
        "categories": [
          "cultural",
          "literary"
        ],
        "primary_category": "cultural",
        "interest_score": 60,
        "website": "",
        "wikipedia": "en:York Library",
        "wikidata": "Q8055614",
        "source_url": "https://www.openstreetmap.org/way/56077520",
        "fetched_at_utc": "2026-10-07T09:50:34+00:00",
        "query_key": "performance_and_literary",
        "tags": {
          "addr:city": "York",
          "addr:postcode": "YO1 7DS",
          "addr:street": "Museum Street",
          "air_conditioning": "yes",
          "amenity": "library",
          "building": "library",
          "check_date:opening_hours": "2023-02-24",
          "internet_access": "wlan",
          "internet_access:fee": "no",
          "name": "York Library",
          "opening_hours": "Mo-Th 09:00-20:00; Fr 10:00-18:00; Sa 09:00-17:00; Su 11:00-16:00",
          "operator": "City of York Council",
          "ref:GB:uprn": "200004774369;10034765095",
          "source": "OS StreetView",
          "wheelchair": "yes",
          "wheelchair:description": "Changing Places Toilet",
          "wikidata": "Q8055614",
          "wikipedia": "en:York Library"
        },
        "sitelinks": 1
      }
    },
    {
      "type": "Feature",
      "geometry": {
        "type": "Point",
        "coordinates": [
          -1.086682,
          53.9638554
        ]
      },
      "properties": {
        "id": "osm:node:7607057808",
        "source": "osm",
        "title": "Mary Wandesford",
        "address": "",
        "description": "Mary Wandesford 1725",
        "categories": [
          "historical",
          "cultural",
          "art",
          "memorial"
        ],
        "primary_category": "historical",
        "interest_score": 58,
        "website": "",
        "wikipedia": "",
        "wikidata": "",
        "source_url": "https://www.openstreetmap.org/node/7607057808",
        "fetched_at_utc": "2026-10-07T09:50:34+00:00",
        "query_key": "galleries_and_arts",
        "tags": {
          "artwork_type": "bust",
          "historic": "memorial",
          "inscription": "Mary Wandesford 1725",
          "memorial": "bust",
          "name": "Mary Wandesford",
          "note": "mounted on front of building above entrance",
          "subject:wikipedia": "en:Mary Wandesford",
          "tourism": "artwork"
        }
      }
    },
    {
      "type": "Feature",
      "geometry": {
        "type": "Point",
        "coordinates": [
          -1.0819782,
          53.9568953
        ]
      },
      "properties": {
        "id": "osm:node:316115931",
        "source": "osm",
        "title": "York Dungeon",
        "address": "Clifford Street, York, YO1 9RD",
        "description": "",
        "categories": [
          "landmark"
        ],
        "primary_category": "landmark",
        "interest_score": 58,
        "website": "https://www.thedungeons.com/york/",
        "wikipedia": "en:York Dungeon",
        "wikidata": "Q8055440",
        "source_url": "https://www.openstreetmap.org/node/316115931",
        "fetched_at_utc": "2026-10-07T09:50:34+00:00",
        "query_key": "attractions_and_viewpoints",
        "tags": {
          "addr:city": "York",
          "addr:postcode": "YO1 9RD",
          "addr:street": "Clifford Street",
          "fee": "yes",
          "fhrs:id": "245599",
          "name": "York Dungeon",
          "tourism": "attraction",
          "website": "https://www.thedungeons.com/york/",
          "wheelchair": "limited",
          "wikidata": "Q8055440",
          "wikipedia": "en:York Dungeon"
        },
        "sitelinks": 2
      }
    },
    {
      "type": "Feature",
      "geometry": {
        "type": "Point",
        "coordinates": [
          -1.0855238,
          53.9596564
        ]
      },
      "properties": {
        "id": "osm:way:373978290",
        "source": "osm",
        "title": "York Guildhall",
        "address": "St Martins Courtyard Coney Street, York, YO1 9QN",
        "description": "15th century building. Meeting place for the guilds of York.",
        "categories": [
          "landmark"
        ],
        "primary_category": "landmark",
        "interest_score": 57,
        "website": "",
        "wikipedia": "en:York Guildhall",
        "wikidata": "Q1553813",
        "source_url": "https://www.openstreetmap.org/way/373978290",
        "fetched_at_utc": "2026-10-07T09:50:34+00:00",
        "query_key": "attractions_and_viewpoints",
        "tags": {
          "addr:city": "York",
          "addr:housename": "The Guildhall York",
          "addr:housenumber": "St Martins Courtyard",
          "addr:postcode": "YO1 9QN",
          "addr:street": "Coney Street",
          "building": "public",
          "description": "15th century building. Meeting place for the guilds of York.",
          "name": "York Guildhall",
          "tourism": "attraction",
          "wheelchair": "yes",
          "wikidata": "Q1553813",
          "wikipedia": "en:York Guildhall"
        },
        "sitelinks": 3
      }
    },
    {
      "type": "Feature",
      "geometry": {
        "type": "Point",
        "coordinates": [
          -1.0811902,
          53.926383
        ]
      },
      "properties": {
        "id": "osm:node:6515014843",
        "source": "osm",
        "title": "Diamond Jubilee",
        "address": "",
        "description": "This stone was placed here by Trustees of the Carstairs Countryside Trust to celebrate the Diamond Jubilee of Her Majesty Queen Elizabeth II the 800th Anniversary of the City of York and the Royal Entomological Society's National Insect Week 2012",
        "categories": [
          "historical",
          "memorial"
        ],
        "primary_category": "historical",
        "interest_score": 53,
        "website": "",
        "wikipedia": "",
        "wikidata": "",
        "source_url": "https://www.openstreetmap.org/node/6515014843",
        "fetched_at_utc": "2026-10-07T09:50:34+00:00",
        "query_key": "historic_sites",
        "tags": {
          "historic": "memorial",
          "image": "https://map.atownsend.org.uk/tmp/258467.jpg",
          "inscription": "This stone was placed here by Trustees of the Carstairs Countryside Trust to celebrate the Diamond Jubilee of Her Majesty Queen Elizabeth II the 800th Anniversary of the City of York and the Royal Entomological Society's National Insect Week 2012",
          "material": "stone",
          "memorial": "stele",
          "name": "Diamond Jubilee"
        }
      }
    },
    {
      "type": "Feature",
      "geometry": {
        "type": "Point",
        "coordinates": [
          -1.0850846,
          53.9627134
        ]
      },
      "properties": {
        "id": "osm:node:316209311",
        "source": "osm",
        "title": "Bootham Bar",
        "address": "",
        "description": "",
        "categories": [
          "architecture",
          "historical",
          "landmark"
        ],
        "primary_category": "historical",
        "interest_score": 52,
        "website": "",
        "wikipedia": "",
        "wikidata": "",
        "source_url": "https://www.openstreetmap.org/node/316209311",
        "fetched_at_utc": "2026-10-07T09:50:34+00:00",
        "query_key": "attractions_and_viewpoints",
        "tags": {
          "castle_type": "defensive",
          "historic": "castle",
          "name": "Bootham Bar",
          "tourism": "attraction",
          "wheelchair": "no"
        }
      }
    },
    {
      "type": "Feature",
      "geometry": {
        "type": "Point",
        "coordinates": [
          -1.0785529,
          53.962743
        ]
      },
      "properties": {
        "id": "osm:way:25950009",
        "source": "osm",
        "title": "Monk Bar",
        "address": "Goodramgate, York, YO1 7LQ",
        "description": "",
        "categories": [
          "historical"
        ],
        "primary_category": "historical",
        "interest_score": 52,
        "website": "",
        "wikipedia": "",
        "wikidata": "Q20058536",
        "source_url": "https://www.openstreetmap.org/way/25950009",
        "fetched_at_utc": "2026-10-07T09:50:34+00:00",
        "query_key": "historic_sites",
        "tags": {
          "addr:city": "York",
          "addr:housename": "Monk Bar",
          "addr:postcode": "YO1 7LQ",
          "addr:street": "Goodramgate",
          "building": "gatehouse",
          "historic": "city_gate",
          "name": "Monk Bar",
          "opening_hours": "Apr-Oct 10:00-17:00; Nov-Mar 11:00-16:00",
          "source": "OS StreetView",
          "wikidata": "Q20058536"
        },
        "sitelinks": 0
      }
    },
    {
      "type": "Feature",
      "geometry": {
        "type": "Point",
        "coordinates": [
          -1.0274211,
          53.9601764
        ]
      },
      "properties": {
        "id": "osm:node:6587178841",
        "source": "osm",
        "title": "Murton Airfield",
        "address": "",
        "description": "",
        "categories": [
          "historical",
          "memorial"
        ],
        "primary_category": "historical",
        "interest_score": 52,
        "website": "https://www.abct.org.uk/airfields/airfield-finder/murton/",
        "wikipedia": "",
        "wikidata": "",
        "source_url": "https://www.openstreetmap.org/node/6587178841",
        "fetched_at_utc": "2026-10-07T09:50:34+00:00",
        "query_key": "historic_sites",
        "tags": {
          "historic": "memorial",
          "memorial": "stone",
          "name": "Murton Airfield",
          "website": "https://www.abct.org.uk/airfields/airfield-finder/murton/"
        }
      }
    },
    {
      "type": "Feature",
      "geometry": {
        "type": "Point",
        "coordinates": [
          -1.0800103,
          53.9593046
        ]
      },
      "properties": {
        "id": "osm:way:23693559",
        "source": "osm",
        "title": "Shambles",
        "address": "",
        "description": "",
        "categories": [
          "landmark"
        ],
        "primary_category": "landmark",
        "interest_score": 52,
        "website": "",
        "wikipedia": "en:The Shambles",
        "wikidata": "Q7763628",
        "source_url": "https://www.openstreetmap.org/way/23693559",
        "fetched_at_utc": "2026-10-07T09:50:34+00:00",
        "query_key": "attractions_and_viewpoints",
        "tags": {
          "alt_name": "The Shambles",
          "highway": "pedestrian",
          "lit": "yes",
          "name": "Shambles",
          "narrow": "yes",
          "not:name": "Diagon Alley",
          "old_name": "Haymongergate",
          "oneway": "yes",
          "oneway:foot": "no",
          "surface": "unhewn_cobblestone",
          "tourism": "attraction",
          "vehicle": "delivery",
          "wheelchair": "limited",
          "wikidata": "Q7763628",
          "wikipedia": "en:The Shambles"
        },
        "sitelinks": 10
      }
    },
    {
      "type": "Feature",
      "geometry": {
        "type": "Point",
        "coordinates": [
          -1.0867564,
          53.9541634
        ]
      },
      "properties": {
        "id": "osm:way:133326570",
        "source": "osm",
        "title": "Victoria Bar",
        "address": "",
        "description": "",
        "categories": [
          "historical"
        ],
        "primary_category": "historical",
        "interest_score": 52,
        "website": "",
        "wikipedia": "",
        "wikidata": "Q102185753",
        "source_url": "https://www.openstreetmap.org/way/133326570",
        "fetched_at_utc": "2026-10-07T09:50:34+00:00",
        "query_key": "historic_sites",
        "tags": {
          "barrier": "city_wall",
          "bridge": "yes",
          "highway": "footway",
          "historic": "city_gate",
          "layer": "1",
          "listed_status": "Grade I",
          "lit": "no",
          "material": "limestone",
          "name": "Victoria Bar",
          "old_name": "Lounelith",
          "smoothness": "intermediate",
          "surface": "paving_stones",
          "two_sided": "yes",
          "wikidata": "Q102185753"
        },
        "sitelinks": 0
      }
    },
    {
      "type": "Feature",
      "geometry": {
        "type": "Point",
        "coordinates": [
          -1.0797791,
          53.9556233
        ]
      },
      "properties": {
        "id": "osm:node:316116174",
        "source": "osm",
        "title": "Jewish Massacre 1190",
        "address": "",
        "description": "In 1190, 150 local Jews were killed in a pogrom in the castle keep. (Source: Wikipedia:en)",
        "categories": [
          "historical",
          "memorial"
        ],
        "primary_category": "historical",
        "interest_score": 51,
        "website": "",
        "wikipedia": "",
        "wikidata": "",
        "source_url": "https://www.openstreetmap.org/node/316116174",
        "fetched_at_utc": "2026-10-07T09:50:34+00:00",
        "query_key": "historic_sites",
        "tags": {
          "description": "In 1190, 150 local Jews were killed in a pogrom in the castle keep. (Source: Wikipedia:en)",
          "historic": "memorial",
          "name": "Jewish Massacre 1190",
          "wheelchair": "yes"
        }
      }
    },
    {
      "type": "Feature",
      "geometry": {
        "type": "Point",
        "coordinates": [
          -1.1215709,
          53.986045
        ]
      },
      "properties": {
        "id": "osm:node:3587004514",
        "source": "osm",
        "title": "Memorial plaque beneath a weather vane",
        "address": "",
        "description": "Memorial plaque beneath a weather vane",
        "categories": [
          "historical",
          "memorial"
        ],
        "primary_category": "historical",
        "interest_score": 51,
        "website": "",
        "wikipedia": "",
        "wikidata": "",
        "source_url": "https://www.openstreetmap.org/node/3587004514",
        "fetched_at_utc": "2026-10-07T09:50:34+00:00",
        "query_key": "historic_sites",
        "tags": {
          "description": "Memorial plaque beneath a weather vane",
          "fixme": "The illegible section of the inscription is readable on the plaque but not on my photo of it.",
          "historic": "memorial",
          "inscription": "The weather vane centred within the 'Teardrop Turret' is a lasting tribute to all of those army, RAF and airfield staff that served at or flew from the former nearby Clifton Airfield.\n\n(The airfield now lies beneath Clifton Moor due [illegible])",
          "material": "metal",
          "memorial": "plaque"
        }
      }
    },
    {
      "type": "Feature",
      "geometry": {
        "type": "Point",
        "coordinates": [
          -1.1215688,
          53.986046
        ]
      },
      "properties": {
        "id": "osm:node:11809967617",
        "source": "osm",
        "title": "Plaque dedicating the site to Councillor Bob Eccles JP",
        "address": "",
        "description": "Plaque dedicating the site to Councillor Bob Eccles JP",
        "categories": [
          "historical",
          "memorial"
        ],
        "primary_category": "historical",
        "interest_score": 51,
        "website": "",
        "wikipedia": "",
        "wikidata": "",
        "source_url": "https://www.openstreetmap.org/node/11809967617",
        "fetched_at_utc": "2026-10-07T09:50:34+00:00",
        "query_key": "historic_sites",
        "tags": {
          "description": "Plaque dedicating the site to Councillor Bob Eccles JP",
          "historic": "memorial",
          "memorial": "plaque"
        }
      }
    },
    {
      "type": "Feature",
      "geometry": {
        "type": "Point",
        "coordinates": [
          -1.0822845,
          53.9565108
        ]
      },
      "properties": {
        "id": "osm:node:1415945862",
        "source": "osm",
        "title": "Friargate Theatre",
        "address": "Lower Friargate, York, YO1 9SL",
        "description": "",
        "categories": [
          "cultural",
          "art"
        ],
        "primary_category": "cultural",
        "interest_score": 50,
        "website": "https://ridinglights.org/",
        "wikipedia": "",
        "wikidata": "Q31546795",
        "source_url": "https://www.openstreetmap.org/node/1415945862",
        "fetched_at_utc": "2026-10-07T09:50:34+00:00",
        "query_key": "performance_and_literary",
        "tags": {
          "addr:city": "York",
          "addr:postcode": "YO1 9SL",
          "addr:street": "Lower Friargate",
          "amenity": "theatre",
          "name": "Friargate Theatre",
          "operator": "Riding Lights Theatre Co",
          "website": "https://ridinglights.org/",
          "wikidata": "Q31546795"
        },
        "sitelinks": 0
      }
    },
    {
      "type": "Feature",
      "geometry": {
        "type": "Point",
        "coordinates": [
          -1.0755795,
          53.9747522
        ]
      },
      "properties": {
        "id": "osm:way:158422291",
        "source": "osm",
        "title": "Joseph Rowntree Theatre",
        "address": "Haxby Road, York, YO31 8TA",
        "description": "",
        "categories": [
          "cultural",
          "art"
        ],
        "primary_category": "cultural",
        "interest_score": 50,
        "website": "https://www.josephrowntreetheatre.co.uk/",
        "wikipedia": "",
        "wikidata": "Q26388451",
        "source_url": "https://www.openstreetmap.org/way/158422291",
        "fetched_at_utc": "2026-10-07T09:50:34+00:00",
        "query_key": "performance_and_literary",
        "tags": {
          "addr:city": "York",
          "addr:postcode": "YO31 8TA",
          "addr:street": "Haxby Road",
          "amenity": "theatre",
          "building": "public",
          "building:levels": "3",
          "email": "boxoffice@jrtheatre.co.uk",
          "fhrs:id": "245343",
          "listed_status": "Grade II",
          "name": "Joseph Rowntree Theatre",
          "phone": "+44 1904 501935",
          "ref:GB:uprn": "200004777519",
          "start_date": "1935",
          "website": "https://www.josephrowntreetheatre.co.uk/",
          "wheelchair": "yes",
          "wikidata": "Q26388451"
        },
        "sitelinks": 1
      }
    },
    {
      "type": "Feature",
      "geometry": {
        "type": "Point",
        "coordinates": [
          -1.0965613,
          53.9602648
        ]
      },
      "properties": {
        "id": "osm:node:10694451598",
        "source": "osm",
        "title": "Search Engine",
        "address": "",
        "description": "",
        "categories": [
          "cultural",
          "literary"
        ],
        "primary_category": "cultural",
        "interest_score": 50,
        "website": "https://www.railwaymuseum.org.uk/research-and-archive",
        "wikipedia": "",
        "wikidata": "Q81165369",
        "source_url": "https://www.openstreetmap.org/node/10694451598",
        "fetched_at_utc": "2026-10-07T09:50:34+00:00",
        "query_key": "performance_and_literary",
        "tags": {
          "amenity": "library",
          "level": "1",
          "name": "Search Engine",
          "opening_hours": "Th-Sa 10:00-16:30",
          "toilets": "no",
          "website": "https://www.railwaymuseum.org.uk/research-and-archive",
          "wheelchair": "yes",
          "wikidata": "Q81165369"
        },
        "sitelinks": 0
      }
    },
    {
      "type": "Feature",
      "geometry": {
        "type": "Point",
        "coordinates": [
          -1.0855625,
          53.9629076
        ]
      },
      "properties": {
        "id": "osm:way:145577394",
        "source": "osm",
        "title": "Bootham Tower",
        "address": "Exhibition Square, York, YO1 7EW",
        "description": "",
        "categories": [
          "historical",
          "architecture"
        ],
        "primary_category": "historical",
        "interest_score": 48,
        "website": "",
        "wikipedia": "",
        "wikidata": "",
        "source_url": "https://www.openstreetmap.org/way/145577394",
        "fetched_at_utc": "2026-10-07T09:50:34+00:00",
        "query_key": "historic_sites",
        "tags": {
          "addr:city": "York",
          "addr:postcode": "YO1 7EW",
          "addr:street": "Exhibition Square",
          "building": "yes",
          "historic": "building",
          "name": "Bootham Tower",
          "roof:shape": "hipped"
        }
      }
    },
    {
      "type": "Feature",
      "geometry": {
        "type": "Point",
        "coordinates": [
          -1.0778892,
          53.9624849
        ]
      },
      "properties": {
        "id": "osm:way:253360512",
        "source": "osm",
        "title": "Ice House",
        "address": "",
        "description": "",
        "categories": [
          "historical",
          "architecture"
        ],
        "primary_category": "historical",
        "interest_score": 48,
        "website": "",
        "wikipedia": "",
        "wikidata": "",
        "source_url": "https://www.openstreetmap.org/way/253360512",
        "fetched_at_utc": "2026-10-07T09:50:34+00:00",
        "query_key": "historic_sites",
        "tags": {
          "historic": "ruins",
          "name": "Ice House",
          "ruins": "ice_house"
        }
      }
    },
    {
      "type": "Feature",
      "geometry": {
        "type": "Point",
        "coordinates": [
          -1.0854948,
          53.9628504
        ]
      },
      "properties": {
        "id": "osm:way:1074961380",
        "source": "osm",
        "title": "Queen Margaret's Arch",
        "address": "",
        "description": "",
        "categories": [
          "historical",
          "architecture"
        ],
        "primary_category": "historical",
        "interest_score": 48,
        "website": "",
        "wikipedia": "",
        "wikidata": "",
        "source_url": "https://www.openstreetmap.org/way/1074961380",
        "fetched_at_utc": "2026-10-07T09:50:34+00:00",
        "query_key": "historic_sites",
        "tags": {
          "building": "yes",
          "historic": "city_gate",
          "layer": "1",
          "name": "Queen Margaret's Arch"
        }
      }
    },
    {
      "type": "Feature",
      "geometry": {
        "type": "Point",
        "coordinates": [
          -1.0798888,
          53.9546673
        ]
      },
      "properties": {
        "id": "osm:node:1069690458",
        "source": "osm",
        "title": "Boer War Memorial",
        "address": "",
        "description": "",
        "categories": [
          "historical",
          "memorial"
        ],
        "primary_category": "historical",
        "interest_score": 46,
        "website": "",
        "wikipedia": "",
        "wikidata": "",
        "source_url": "https://www.openstreetmap.org/node/1069690458",
        "fetched_at_utc": "2026-10-07T09:50:34+00:00",
        "query_key": "historic_sites",
        "tags": {
          "historic": "memorial",
          "memorial": "war_memorial",
          "memorial:conflict": "Boer_Wars",
          "memorial:conflict:wikidata": "Q1676845",
          "name": "Boer War Memorial",
          "wheelchair": "no"
        }
      }
    },
    {
      "type": "Feature",
      "geometry": {
        "type": "Point",
        "coordinates": [
          -1.0912547,
          53.9584628
        ]
      },
      "properties": {
        "id": "osm:node:13527414616",
        "source": "osm",
        "title": "Cholera Burial Ground",
        "address": "",
        "description": "Specially acquired for the burial of some of the 185 victims of a plague of cholera which lasted from 3rd June to 22nd October 1832. There are 20 surviving memorial stones, all of sandstone.",
        "categories": [
          "historical",
          "memorial"
        ],
        "primary_category": "historical",
        "interest_score": 46,
        "website": "",
        "wikipedia": "",
        "wikidata": "",
        "source_url": "https://www.openstreetmap.org/node/13527414616",
        "fetched_at_utc": "2026-10-07T09:50:34+00:00",
        "query_key": "historic_sites",
        "tags": {
          "colour": "black",
          "direction": "185",
          "historic": "memorial",
          "inscription": "Specially acquired for the burial of some of the 185 victims of a plague of cholera which lasted from 3rd June to 22nd October 1832. There are 20 surviving memorial stones, all of sandstone.",
          "memorial": "plaque",
          "name": "Cholera Burial Ground",
          "openplaques:id": "9060",
          "operator": "York Civic Trust"
        }
      }
    },
    {
      "type": "Feature",
      "geometry": {
        "type": "Point",
        "coordinates": [
          -1.1031449,
          53.9678866
        ]
      },
      "properties": {
        "id": "osm:node:10166940718",
        "source": "osm",
        "title": "Clifton Bridge",
        "address": "",
        "description": "",
        "categories": [
          "historical",
          "memorial"
        ],
        "primary_category": "historical",
        "interest_score": 46,
        "website": "",
        "wikipedia": "",
        "wikidata": "",
        "source_url": "https://www.openstreetmap.org/node/10166940718",
        "fetched_at_utc": "2026-10-07T09:50:34+00:00",
        "query_key": "historic_sites",
        "tags": {
          "historic": "memorial",
          "memorial": "plaque",
          "name": "Clifton Bridge",
          "survey:date": "2022-11-07"
        }
      }
    },
    {
      "type": "Feature",
      "geometry": {
        "type": "Point",
        "coordinates": [
          -1.0761977,
          53.9604801
        ]
      },
      "properties": {
        "id": "osm:node:13527372430",
        "source": "osm",
        "title": "Cuthbert Morrell House",
        "address": "",
        "description": "Acquired and restored by York Conservation Trust in 2006, this building is named after Cuthbert Morrell (1872-1959), co-founder of the trust. It was originally built in the late 19th century as an extension of St Anthony's Hall to accommodate part of the",
        "categories": [
          "historical",
          "memorial"
        ],
        "primary_category": "historical",
        "interest_score": 46,
        "website": "",
        "wikipedia": "",
        "wikidata": "",
        "source_url": "https://www.openstreetmap.org/node/13527372430",
        "fetched_at_utc": "2026-10-07T09:50:34+00:00",
        "query_key": "historic_sites",
        "tags": {
          "direction": "225",
          "historic": "memorial",
          "inscription": "Acquired and restored by York Conservation Trust in 2006, this building is named after Cuthbert Morrell (1872-1959), co-founder of the trust. It was originally built in the late 19th century as an extension of St Anthony's Hall to accommodate part of the",
          "memorial": "plaque",
          "name": "Cuthbert Morrell House",
          "openplaques:id": "9116"
        }
      }
    },
    {
      "type": "Feature",
      "geometry": {
        "type": "Point",
        "coordinates": [
          -1.0840994,
          53.9602644
        ]
      },
      "properties": {
        "id": "osm:node:13527219771",
        "source": "osm",
        "title": "Davygate",
        "address": "",
        "description": "A thoroughfare for over 800 years and named after David, the King's Lardiner in the reign of King Stephen (1135) whose great grandfather had come over with William the Conqueror. He had control over the nearby Forest of Galtres and supplied the Royal Lard",
        "categories": [
          "historical",
          "memorial"
        ],
        "primary_category": "historical",
        "interest_score": 46,
        "website": "",
        "wikipedia": "",
        "wikidata": "",
        "source_url": "https://www.openstreetmap.org/node/13527219771",
        "fetched_at_utc": "2026-10-07T09:50:34+00:00",
        "query_key": "historic_sites",
        "tags": {
          "colour": "black",
          "direction": "225",
          "historic": "memorial",
          "inscription": "A thoroughfare for over 800 years and named after David, the King's Lardiner in the reign of King Stephen (1135) whose great grandfather had come over with William the Conqueror. He had control over the nearby Forest of Galtres and supplied the Royal Lard",
          "memorial": "plaque",
          "name": "Davygate",
          "openplaques:id": "9341",
          "operator": "York Civic Trust",
          "subject:wikidata": "Q98414092",
          "subject:wikipedia": "en:Davygate"
        }
      }
    },
    {
      "type": "Feature",
      "geometry": {
        "type": "Point",
        "coordinates": [
          -1.086505,
          53.963581
        ]
      },
      "properties": {
        "id": "osm:node:13527439986",
        "source": "osm",
        "title": "Dr William Arthur Evelyn",
        "address": "",
        "description": "Dr. William Arthur Evelyn 1860-1935 A pioneer of conservation of the City of York between 1891 and 1935, he lived in this house from 1910 to 1931. This plaque was erected by York Civic Trust and the Yorkshire Architectural and York Archaeological Society",
        "categories": [
          "historical",
          "memorial"
        ],
        "primary_category": "historical",
        "interest_score": 46,
        "website": "",
        "wikipedia": "",
        "wikidata": "",
        "source_url": "https://www.openstreetmap.org/node/13527439986",
        "fetched_at_utc": "2026-10-07T09:50:34+00:00",
        "query_key": "historic_sites",
        "tags": {
          "direction": "215",
          "historic": "memorial",
          "inscription": "Dr. William Arthur Evelyn 1860-1935 A pioneer of conservation of the City of York between 1891 and 1935, he lived in this house from 1910 to 1931. This plaque was erected by York Civic Trust and the Yorkshire Architectural and York Archaeological Society",
          "memorial": "plaque",
          "name": "Dr William Arthur Evelyn",
          "openplaques:id": "9353",
          "operator": "York Civic Trust",
          "subject:wikidata": "Q16026316",
          "subject:wikipedia": "en:William Arthur Evelyn"
        }
      }
    },
    {
      "type": "Feature",
      "geometry": {
        "type": "Point",
        "coordinates": [
          -1.0760077,
          53.9638843
        ]
      },
      "properties": {
        "id": "osm:node:13526836113",
        "source": "osm",
        "title": "George Hudson",
        "address": "",
        "description": "George Hudson M.P. 1800-1871 Lived in this house. An Alderman and three times Lord Mayor of York, he became known as The Railway King for his work in bringing the railways to York.",
        "categories": [
          "historical",
          "memorial"
        ],
        "primary_category": "historical",
        "interest_score": 46,
        "website": "",
        "wikipedia": "",
        "wikidata": "",
        "source_url": "https://www.openstreetmap.org/node/13526836113",
        "fetched_at_utc": "2026-10-07T09:50:34+00:00",
        "query_key": "historic_sites",
        "tags": {
          "colour": "black",
          "direction": "320",
          "historic": "memorial",
          "inscription": "George Hudson M.P. 1800-1871 Lived in this house. An Alderman and three times Lord Mayor of York, he became known as The Railway King for his work in bringing the railways to York.",
          "memorial": "plaque",
          "name": "George Hudson",
          "openplaques:id": "9283",
          "operator": "York Civic Trust",
          "subject:wikidata": "Q645346",
          "subject:wikipedia": "en:George Hudson"
        }
      }
    },
    {
      "type": "Feature",
      "geometry": {
        "type": "Point",
        "coordinates": [
          -1.083403,
          53.9609514
        ]
      },
      "properties": {
        "id": "osm:node:10054649452",
        "source": "osm",
        "title": "Guy Fawkes",
        "address": "",
        "description": "Hereabouts lived the parents of Guy Fawkes of Gunpowder Plot fame, who was baptized in St. Michael-le-Belfrey Church in 1570.",
        "categories": [
          "historical",
          "memorial"
        ],
        "primary_category": "historical",
        "interest_score": 46,
        "website": "",
        "wikipedia": "",
        "wikidata": "",
        "source_url": "https://www.openstreetmap.org/node/10054649452",
        "fetched_at_utc": "2026-10-07T09:50:34+00:00",
        "query_key": "historic_sites",
        "tags": {
          "colour": "black",
          "direction": "135",
          "historic": "memorial",
          "inscription": "Hereabouts lived the parents of Guy Fawkes of Gunpowder Plot fame, who was baptized in St. Michael-le-Belfrey Church in 1570.",
          "material": "metal",
          "memorial": "plaque",
          "name": "Guy Fawkes",
          "openplaques:id": "6302",
          "operator": "York Civic Trust",
          "subject:wikidata": "Q13898",
          "subject:wikipedia": "en:Guy Fawkes"
        }
      }
    },
    {
      "type": "Feature",
      "geometry": {
        "type": "Point",
        "coordinates": [
          -1.1329712,
          53.9910664
        ]
      },
      "properties": {
        "id": "osm:node:9405544454",
        "source": "osm",
        "title": "Halifax Bomber HR664 Memorial Board",
        "address": "",
        "description": "",
        "categories": [
          "historical",
          "memorial"
        ],
        "primary_category": "historical",
        "interest_score": 46,
        "website": "",
        "wikipedia": "",
        "wikidata": "",
        "source_url": "https://www.openstreetmap.org/node/9405544454",
        "fetched_at_utc": "2026-10-07T09:50:34+00:00",
        "query_key": "historic_sites",
        "tags": {
          "historic": "memorial",
          "memorial": "board",
          "name": "Halifax Bomber HR664 Memorial Board"
        }
      }
    },
    {
      "type": "Feature",
      "geometry": {
        "type": "Point",
        "coordinates": [
          -1.1039033,
          53.946532
        ]
      },
      "properties": {
        "id": "osm:node:2438042041",
        "source": "osm",
        "title": "Hob Stone",
        "address": "",
        "description": "",
        "categories": [
          "historical",
          "memorial"
        ],
        "primary_category": "historical",
        "interest_score": 46,
        "website": "",
        "wikipedia": "",
        "wikidata": "",
        "source_url": "https://www.openstreetmap.org/node/2438042041",
        "fetched_at_utc": "2026-10-07T09:50:34+00:00",
        "query_key": "historic_sites",
        "tags": {
          "historic": "monument",
          "name": "Hob Stone"
        }
      }
    },
    {
      "type": "Feature",
      "geometry": {
        "type": "Point",
        "coordinates": [
          -1.0467552,
          53.9539665
        ]
      },
      "properties": {
        "id": "osm:node:13526474364",
        "source": "osm",
        "title": "John Barry OBE",
        "address": "",
        "description": "JOHN BARRY (Born 3rd November 1933) Oscar Winning Film Music Composer Lived here 1933-1947",
        "categories": [
          "historical",
          "memorial"
        ],
        "primary_category": "historical",
        "interest_score": 46,
        "website": "",
        "wikipedia": "",
        "wikidata": "",
        "source_url": "https://www.openstreetmap.org/node/13526474364",
        "fetched_at_utc": "2026-10-07T09:50:34+00:00",
        "query_key": "historic_sites",
        "tags": {
          "direction": "180",
          "historic": "memorial",
          "inscription": "JOHN BARRY (Born 3rd November 1933) Oscar Winning Film Music Composer Lived here 1933-1947",
          "memorial": "plaque",
          "name": "John Barry OBE",
          "openplaques:id": "11884",
          "operator": "British Film Institute",
          "subject:wikidata": "Q111074",
          "subject:wikipedia": "en:John Barry (composer)"
        }
      }
    },
    {
      "type": "Feature",
      "geometry": {
        "type": "Point",
        "coordinates": [
          -1.0858311,
          53.9588356
        ]
      },
      "properties": {
        "id": "osm:node:12916918686",
        "source": "osm",
        "title": "John Snow",
        "address": "",
        "description": "",
        "categories": [
          "historical",
          "memorial"
        ],
        "primary_category": "historical",
        "interest_score": 46,
        "website": "",
        "wikipedia": "",
        "wikidata": "",
        "source_url": "https://www.openstreetmap.org/node/12916918686",
        "fetched_at_utc": "2026-10-07T09:50:34+00:00",
        "query_key": "historic_sites",
        "tags": {
          "historic": "memorial",
          "name": "John Snow",
          "survey:date": "2025-06-15"
        }
      }
    },
    {
      "type": "Feature",
      "geometry": {
        "type": "Point",
        "coordinates": [
          -1.0874507,
          53.9640705
        ]
      },
      "properties": {
        "id": "osm:node:13526882595",
        "source": "osm",
        "title": "Joseph Rowntree",
        "address": "",
        "description": "JOSEPH ROWNTREE 1836-1925 In this house lived a man whose life was to exercise a profound influence upon a City of which he became in 1911 an Honorary Freeman. A pioneer of research and reform in social policy and industrial relations, he became Chairman",
        "categories": [
          "historical",
          "memorial"
        ],
        "primary_category": "historical",
        "interest_score": 46,
        "website": "",
        "wikipedia": "",
        "wikidata": "",
        "source_url": "https://www.openstreetmap.org/node/13526882595",
        "fetched_at_utc": "2026-10-07T09:50:34+00:00",
        "query_key": "historic_sites",
        "tags": {
          "colour": "black",
          "direction": "215",
          "historic": "memorial",
          "inscription": "JOSEPH ROWNTREE 1836-1925 In this house lived a man whose life was to exercise a profound influence upon a City of which he became in 1911 an Honorary Freeman. A pioneer of research and reform in social policy and industrial relations, he became Chairman",
          "memorial": "plaque",
          "name": "Joseph Rowntree",
          "openplaques:id": "9351",
          "operator": "York Civic Trust",
          "subject:wikidata": "Q6286678",
          "subject:wikipedia": "en:Joseph Rowntree (philanthropist)"
        }
      }
    },
    {
      "type": "Feature",
      "geometry": {
        "type": "Point",
        "coordinates": [
          -1.0842953,
          53.9573304
        ]
      },
      "properties": {
        "id": "osm:node:10574412009",
        "source": "osm",
        "title": "Margaret Clitherow",
        "address": "",
        "description": "Near to this place, Margaret Clitherow of York, Saint of the Catholic Church, was martyred for her Christian Faith, on 25th March 1586.",
        "categories": [
          "historical",
          "memorial"
        ],
        "primary_category": "historical",
        "interest_score": 46,
        "website": "",
        "wikipedia": "",
        "wikidata": "",
        "source_url": "https://www.openstreetmap.org/node/10574412009",
        "fetched_at_utc": "2026-10-07T09:50:34+00:00",
        "query_key": "historic_sites",
        "tags": {
          "direction": "350",
          "historic": "memorial",
          "inscription": "Near to this place, Margaret Clitherow of York, Saint of the Catholic Church, was martyred for her Christian Faith, on 25th March 1586.",
          "memorial": "plaque",
          "name": "Margaret Clitherow",
          "openplaques:id": "9281",
          "operator": "York Civic Trust",
          "subject:wikidata": "Q587909",
          "subject:wikipedia": "en:Margaret Clitherow",
          "survey:date": "2023-01-22"
        }
      }
    },
    {
      "type": "Feature",
      "geometry": {
        "type": "Point",
        "coordinates": [
          -1.0912919,
          53.9553375
        ]
      },
      "properties": {
        "id": "osm:node:13527337466",
        "source": "osm",
        "title": "Mary Ward",
        "address": "",
        "description": "Born in Yorkshire MARY WARD 1585-1645 Foundress and Educator",
        "categories": [
          "historical",
          "memorial"
        ],
        "primary_category": "historical",
        "interest_score": 46,
        "website": "",
        "wikipedia": "",
        "wikidata": "",
        "source_url": "https://www.openstreetmap.org/node/13527337466",
        "fetched_at_utc": "2026-10-07T09:50:34+00:00",
        "query_key": "historic_sites",
        "tags": {
          "direction": "310",
          "historic": "memorial",
          "inscription": "Born in Yorkshire MARY WARD 1585-1645 Foundress and Educator",
          "memorial": "plaque",
          "name": "Mary Ward",
          "openplaques:id": "9583",
          "operator": "The Yorkshire Society",
          "subject:wikidata": "Q291061",
          "subject:wikipedia": "en:Mary Ward (nun)"
        }
      }
    },
    {
      "type": "Feature",
      "geometry": {
        "type": "Point",
        "coordinates": [
          -1.0798543,
          53.9600433
        ]
      },
      "properties": {
        "id": "osm:node:13526886668",
        "source": "osm",
        "title": "On this site in 1768, The Ancient Society of York Florists held their first flow",
        "address": "",
        "description": "On this site in 1768, The Ancient Society of York Florists held their first flower show. \"Happiness being the ultimate end proposed by the Society\".",
        "categories": [
          "historical",
          "memorial"
        ],
        "primary_category": "historical",
        "interest_score": 46,
        "website": "",
        "wikipedia": "",
        "wikidata": "",
        "source_url": "https://www.openstreetmap.org/node/13526886668",
        "fetched_at_utc": "2026-10-07T09:50:34+00:00",
        "query_key": "historic_sites",
        "tags": {
          "direction": "235",
          "historic": "memorial",
          "inscription": "On this site in 1768, The Ancient Society of York Florists held their first flower show. \"Happiness being the ultimate end proposed by the Society\".",
          "memorial": "plaque",
          "openplaques:id": "9205",
          "operator": "York Civic Trust"
        }
      }
    },
    {
      "type": "Feature",
      "geometry": {
        "type": "Point",
        "coordinates": [
          -1.0807186,
          53.9454108
        ]
      },
      "properties": {
        "id": "osm:node:10151517317",
        "source": "osm",
        "title": "Ordnance Depot Railway",
        "address": "",
        "description": "These tracks carried munitions into the army depot behind this wall from the 1890s until the 1950s, delivered by a 'Powder Boat' from Woolwich Arsenal in London.",
        "categories": [
          "historical",
          "memorial"
        ],
        "primary_category": "historical",
        "interest_score": 46,
        "website": "",
        "wikipedia": "",
        "wikidata": "",
        "source_url": "https://www.openstreetmap.org/node/10151517317",
        "fetched_at_utc": "2026-10-07T09:50:34+00:00",
        "query_key": "historic_sites",
        "tags": {
          "direction": "295",
          "historic": "memorial",
          "inscription": "These tracks carried munitions into the army depot behind this wall from the 1890s until the 1950s, delivered by a 'Powder Boat' from Woolwich Arsenal in London.",
          "memorial": "plaque",
          "name": "Ordnance Depot Railway",
          "openplaques:id": "55535",
          "operator": "York Civic Trust",
          "survey:date": "2022-11-02"
        }
      }
    },
    {
      "type": "Feature",
      "geometry": {
        "type": "Point",
        "coordinates": [
          -1.0848057,
          53.9601092
        ]
      },
      "properties": {
        "id": "osm:node:13527142857",
        "source": "osm",
        "title": "Praetorian Gate",
        "address": "",
        "description": "Near here stood the principal entrance into the City in the days of the Romans. Original date uncertain but probably rebuilt circa 300A.D.",
        "categories": [
          "historical",
          "memorial"
        ],
        "primary_category": "historical",
        "interest_score": 46,
        "website": "",
        "wikipedia": "",
        "wikidata": "",
        "source_url": "https://www.openstreetmap.org/node/13527142857",
        "fetched_at_utc": "2026-10-07T09:50:34+00:00",
        "query_key": "historic_sites",
        "tags": {
          "direction": "135",
          "historic": "memorial",
          "inscription": "Near here stood the principal entrance into the City in the days of the Romans. Original date uncertain but probably rebuilt circa 300A.D.",
          "memorial": "plaque",
          "name": "Praetorian Gate",
          "openplaques:id": "9343"
        }
      }
    },
    {
      "type": "Feature",
      "geometry": {
        "type": "Point",
        "coordinates": [
          -1.0824282,
          53.963398
        ]
      },
      "properties": {
        "id": "osm:node:13527343102",
        "source": "osm",
        "title": "Richard III",
        "address": "",
        "description": "Within the Archbishop's palace here, King Richard III invested his son as Prince of Wales on the 8th September, 1483.",
        "categories": [
          "historical",
          "memorial"
        ],
        "primary_category": "historical",
        "interest_score": 46,
        "website": "",
        "wikipedia": "",
        "wikidata": "",
        "source_url": "https://www.openstreetmap.org/node/13527343102",
        "fetched_at_utc": "2026-10-07T09:50:34+00:00",
        "query_key": "historic_sites",
        "tags": {
          "colour": "black",
          "direction": "235",
          "historic": "memorial",
          "inscription": "Within the Archbishop's palace here, King Richard III invested his son as Prince of Wales on the 8th September, 1483.",
          "memorial": "plaque",
          "name": "Richard III",
          "openplaques:id": "9227",
          "operator": "York Civic Trust",
          "subject:wikidata": "Q133028",
          "subject:wikipedia": "en:Richard III of England"
        }
      }
    },
    {
      "type": "Feature",
      "geometry": {
        "type": "Point",
        "coordinates": [
          -1.0857179,
          53.9621827
        ]
      },
      "properties": {
        "id": "osm:node:13527148116",
        "source": "osm",
        "title": "Roman Wall",
        "address": "",
        "description": "This ancient wall, a portion of the defences of the Legionary Fortress of Eboracum, was built circa 300 A. D. by the Roman Emperor, Constantius Chlorus, who died in this City in the year 306. He was the father of Constantine the Great.",
        "categories": [
          "historical",
          "memorial"
        ],
        "primary_category": "historical",
        "interest_score": 46,
        "website": "",
        "wikipedia": "",
        "wikidata": "",
        "source_url": "https://www.openstreetmap.org/node/13527148116",
        "fetched_at_utc": "2026-10-07T09:50:34+00:00",
        "query_key": "historic_sites",
        "tags": {
          "direction": "95",
          "historic": "memorial",
          "inscription": "This ancient wall, a portion of the defences of the Legionary Fortress of Eboracum, was built circa 300 A. D. by the Roman Emperor, Constantius Chlorus, who died in this City in the year 306. He was the father of Constantine the Great.",
          "memorial": "plaque",
          "name": "Roman Wall",
          "openplaques:id": "9023",
          "subject:wikidata": "Q17530548"
        }
      }
    },
    {
      "type": "Feature",
      "geometry": {
        "type": "Point",
        "coordinates": [
          -1.0831436,
          53.9631679
        ]
      },
      "properties": {
        "id": "osm:node:1596730279",
        "source": "osm",
        "title": "Second Division",
        "address": "",
        "description": "MEMORIAL TO THE SECOND DIVISION RAISED IN PORTUGAL AT ALBUERA 18th JUNE 1809",
        "categories": [
          "historical",
          "memorial"
        ],
        "primary_category": "historical",
        "interest_score": 46,
        "website": "",
        "wikipedia": "",
        "wikidata": "",
        "source_url": "https://www.openstreetmap.org/node/1596730279",
        "fetched_at_utc": "2026-10-07T09:50:34+00:00",
        "query_key": "historic_sites",
        "tags": {
          "historic": "memorial",
          "inscription": "MEMORIAL TO THE SECOND DIVISION RAISED IN PORTUGAL AT ALBUERA 18th JUNE 1809",
          "memorial": "war_memorial",
          "name": "Second Division"
        }
      }
    },
    {
      "type": "Feature",
      "geometry": {
        "type": "Point",
        "coordinates": [
          -1.0515586,
          53.9468912
        ]
      },
      "properties": {
        "id": "osm:node:7925250664",
        "source": "osm",
        "title": "Sir Andrew Derbyshire",
        "address": "",
        "description": "1923-2016\nPrincipal architect & lifelong friend of the University of York\nRemembered with love",
        "categories": [
          "historical",
          "memorial"
        ],
        "primary_category": "historical",
        "interest_score": 46,
        "website": "",
        "wikipedia": "",
        "wikidata": "",
        "source_url": "https://www.openstreetmap.org/node/7925250664",
        "fetched_at_utc": "2026-10-07T09:50:34+00:00",
        "query_key": "historic_sites",
        "tags": {
          "historic": "memorial",
          "inscription": "1923-2016\nPrincipal architect & lifelong friend of the University of York\nRemembered with love",
          "material": "stone",
          "memorial": "sculpture",
          "name": "Sir Andrew Derbyshire"
        }
      }
    },
    {
      "type": "Feature",
      "geometry": {
        "type": "Point",
        "coordinates": [
          -1.0877984,
          53.9574252
        ]
      },
      "properties": {
        "id": "osm:node:13527409231",
        "source": "osm",
        "title": "St Margaret's School for Girls",
        "address": "",
        "description": "This school (opened in 1905) moved to this house in 1912 where it remained until it was closed in 1968.",
        "categories": [
          "historical",
          "memorial"
        ],
        "primary_category": "historical",
        "interest_score": 46,
        "website": "",
        "wikipedia": "",
        "wikidata": "",
        "source_url": "https://www.openstreetmap.org/node/13527409231",
        "fetched_at_utc": "2026-10-07T09:50:34+00:00",
        "query_key": "historic_sites",
        "tags": {
          "colour": "black",
          "direction": "165",
          "historic": "memorial",
          "inscription": "This school (opened in 1905) moved to this house in 1912 where it remained until it was closed in 1968.",
          "memorial": "plaque",
          "name": "St Margaret's School for Girls",
          "openplaques:id": "9585",
          "operator": "York Civic Trust"
        }
      }
    },
    {
      "type": "Feature",
      "geometry": {
        "type": "Point",
        "coordinates": [
          -1.0839318,
          53.9589124
        ]
      },
      "properties": {
        "id": "osm:node:13527176128",
        "source": "osm",
        "title": "The George Inn",
        "address": "",
        "description": "In Elizabethan times Ralph Rokeby Esq. (d. 1575) secretary of the Council of the North lived in a house on this site. Subsequently for about two and a half centuries there existed here a Hostelry known since 1614 as the George Inn, from which horsedrawn c",
        "categories": [
          "historical",
          "memorial"
        ],
        "primary_category": "historical",
        "interest_score": 46,
        "website": "",
        "wikipedia": "",
        "wikidata": "",
        "source_url": "https://www.openstreetmap.org/node/13527176128",
        "fetched_at_utc": "2026-10-07T09:50:34+00:00",
        "query_key": "historic_sites",
        "tags": {
          "colour": "black",
          "direction": "60",
          "historic": "memorial",
          "inscription": "In Elizabethan times Ralph Rokeby Esq. (d. 1575) secretary of the Council of the North lived in a house on this site. Subsequently for about two and a half centuries there existed here a Hostelry known since 1614 as the George Inn, from which horsedrawn c",
          "memorial": "plaque",
          "name": "The George Inn",
          "openplaques:id": "9528",
          "operator": "York Civic Trust"
        }
      }
    },
    {
      "type": "Feature",
      "geometry": {
        "type": "Point",
        "coordinates": [
          -1.080056,
          53.9586174
        ]
      },
      "properties": {
        "id": "osm:node:13527316322",
        "source": "osm",
        "title": "The Pavement",
        "address": "",
        "description": "So called as early as 1378. Perhaps one of the first medieval streets in the City to have a paved way. It was the scene of public markets and gatherings, proclamations and punishments. Thomas Percy, Earl of Northumberland, was beheaded here on 22nd August",
        "categories": [
          "historical",
          "memorial"
        ],
        "primary_category": "historical",
        "interest_score": 46,
        "website": "",
        "wikipedia": "",
        "wikidata": "",
        "source_url": "https://www.openstreetmap.org/node/13527316322",
        "fetched_at_utc": "2026-10-07T09:50:34+00:00",
        "query_key": "historic_sites",
        "tags": {
          "direction": "120",
          "historic": "memorial",
          "inscription": "So called as early as 1378. Perhaps one of the first medieval streets in the City to have a paved way. It was the scene of public markets and gatherings, proclamations and punishments. Thomas Percy, Earl of Northumberland, was beheaded here on 22nd August",
          "memorial": "plaque",
          "name": "The Pavement",
          "openplaques:id": "9284",
          "operator": "York Civic Trust"
        }
      }
    },
    {
      "type": "Feature",
      "geometry": {
        "type": "Point",
        "coordinates": [
          -1.0809528,
          53.9619361
        ]
      },
      "properties": {
        "id": "osm:node:13526915877",
        "source": "osm",
        "title": "The Queen's Path",
        "address": "",
        "description": "Her Majesty Queen Elizabeth II distributed the Royal Maundy in York on 30 March 1972 and in her Diamond Jubilee year on 5 April 2012",
        "categories": [
          "historical",
          "memorial"
        ],
        "primary_category": "historical",
        "interest_score": 46,
        "website": "",
        "wikipedia": "",
        "wikidata": "",
        "source_url": "https://www.openstreetmap.org/node/13526915877",
        "fetched_at_utc": "2026-10-07T09:50:34+00:00",
        "query_key": "historic_sites",
        "tags": {
          "direction": "315",
          "historic": "memorial",
          "inscription": "Her Majesty Queen Elizabeth II distributed the Royal Maundy in York on 30 March 1972 and in her Diamond Jubilee year on 5 April 2012",
          "memorial": "plaque",
          "name": "The Queen's Path",
          "openplaques:id": "49765",
          "operator": "York Civic Trust",
          "subject:wikidata": "Q9682",
          "subject:wikipedia": "en:Elizabeth II"
        }
      }
    },
    {
      "type": "Feature",
      "geometry": {
        "type": "Point",
        "coordinates": [
          -1.0813742,
          53.9580465
        ]
      },
      "properties": {
        "id": "osm:node:13526871217",
        "source": "osm",
        "title": "The St. Andrew Society of York",
        "address": "",
        "description": "This Society was founded in the Coffee Rooms in these premises on the 7th. December 1894.",
        "categories": [
          "historical",
          "memorial"
        ],
        "primary_category": "historical",
        "interest_score": 46,
        "website": "",
        "wikipedia": "",
        "wikidata": "",
        "source_url": "https://www.openstreetmap.org/node/13526871217",
        "fetched_at_utc": "2026-10-07T09:50:34+00:00",
        "query_key": "historic_sites",
        "tags": {
          "colour": "black",
          "direction": "325",
          "historic": "memorial",
          "inscription": "This Society was founded in the Coffee Rooms in these premises on the 7th. December 1894.",
          "memorial": "plaque",
          "name": "The St. Andrew Society of York",
          "openplaques:id": "9287",
          "operator": "York Civic Trust"
        }
      }
    },
    {
      "type": "Feature",
      "geometry": {
        "type": "Point",
        "coordinates": [
          -1.084154,
          53.9601587
        ]
      },
      "properties": {
        "id": "osm:node:13526926296",
        "source": "osm",
        "title": "The Yorkshire Gentlemen's Cricket Club",
        "address": "",
        "description": "The YGCC was formed at a meeting held on this site, in Harker's Hotel, on 30th September 1863",
        "categories": [
          "historical",
          "memorial"
        ],
        "primary_category": "historical",
        "interest_score": 46,
        "website": "",
        "wikipedia": "",
        "wikidata": "",
        "source_url": "https://www.openstreetmap.org/node/13526926296",
        "fetched_at_utc": "2026-10-07T09:50:34+00:00",
        "query_key": "historic_sites",
        "tags": {
          "direction": "35",
          "historic": "memorial",
          "inscription": "The YGCC was formed at a meeting held on this site, in Harker's Hotel, on 30th September 1863",
          "memorial": "plaque",
          "name": "The Yorkshire Gentlemen's Cricket Club",
          "openplaques:id": "28241",
          "operator": "York Civic Trust"
        }
      }
    },
    {
      "type": "Feature",
      "geometry": {
        "type": "Point",
        "coordinates": [
          -1.0801584,
          53.9636276
        ]
      },
      "properties": {
        "id": "osm:node:13527056960",
        "source": "osm",
        "title": "This Tablet was placed here by the Council of the City of York, October 1898 to",
        "address": "",
        "description": "This Tablet was placed here by the Council of the City of York, October 1898 to record that this portion of the Wall (37 linl Yds) was in the year 1889 restored to the City by Edwin Gray, who served the office of Lord Mayor in 1898.",
        "categories": [
          "historical",
          "memorial"
        ],
        "primary_category": "historical",
        "interest_score": 46,
        "website": "",
        "wikipedia": "",
        "wikidata": "",
        "source_url": "https://www.openstreetmap.org/node/13527056960",
        "fetched_at_utc": "2026-10-07T09:50:34+00:00",
        "query_key": "historic_sites",
        "tags": {
          "direction": "215",
          "historic": "memorial",
          "inscription": "This Tablet was placed here by the Council of the City of York, October 1898 to record that this portion of the Wall (37 linl Yds) was in the year 1889 restored to the City by Edwin Gray, who served the office of Lord Mayor in 1898.",
          "memorial": "plaque",
          "openplaques:id": "42396",
          "operator": "City of York Council"
        }
      }
    },
    {
      "type": "Feature",
      "geometry": {
        "type": "Point",
        "coordinates": [
          -1.0879121,
          53.9640735
        ]
      },
      "properties": {
        "id": "osm:node:13526864785",
        "source": "osm",
        "title": "W.H. Auden",
        "address": "",
        "description": "W. H. AUDEN (1907 - 1973) Wystan Hugh Auden, poet, was born in this house on the 21st February 1907.",
        "categories": [
          "historical",
          "memorial"
        ],
        "primary_category": "historical",
        "interest_score": 46,
        "website": "",
        "wikipedia": "",
        "wikidata": "",
        "source_url": "https://www.openstreetmap.org/node/13526864785",
        "fetched_at_utc": "2026-10-07T09:50:34+00:00",
        "query_key": "historic_sites",
        "tags": {
          "direction": "45",
          "historic": "memorial",
          "inscription": "W. H. AUDEN (1907 - 1973) Wystan Hugh Auden, poet, was born in this house on the 21st February 1907.",
          "memorial": "plaque",
          "name": "W.H. Auden",
          "openplaques:id": "6970",
          "operator": "York Civic Trust",
          "subject:wikidata": "Q178698",
          "subject:wikipedia": "en:W. H. Auden"
        }
      }
    },
    {
      "type": "Feature",
      "geometry": {
        "type": "Point",
        "coordinates": [
          -1.0720961,
          53.9494202
        ]
      },
      "properties": {
        "id": "osm:node:1369648096",
        "source": "osm",
        "title": "War Memorial",
        "address": "",
        "description": "",
        "categories": [
          "historical",
          "memorial"
        ],
        "primary_category": "historical",
        "interest_score": 46,
        "website": "",
        "wikipedia": "",
        "wikidata": "",
        "source_url": "https://www.openstreetmap.org/node/1369648096",
        "fetched_at_utc": "2026-10-07T09:50:34+00:00",
        "query_key": "historic_sites",
        "tags": {
          "historic": "memorial",
          "name": "War Memorial"
        }
      }
    },
    {
      "type": "Feature",
      "geometry": {
        "type": "Point",
        "coordinates": [
          -1.0812581,
          53.9609516
        ]
      },
      "properties": {
        "id": "osm:node:13527214825",
        "source": "osm",
        "title": "York College for Girls",
        "address": "",
        "description": "NON NOBIS SOLUM This house was occupied by the College from its foundation in 1908 to its closure in 1997",
        "categories": [
          "historical",
          "memorial"
        ],
        "primary_category": "historical",
        "interest_score": 46,
        "website": "",
        "wikipedia": "",
        "wikidata": "",
        "source_url": "https://www.openstreetmap.org/node/13527214825",
        "fetched_at_utc": "2026-10-07T09:50:34+00:00",
        "query_key": "historic_sites",
        "tags": {
          "direction": "230",
          "historic": "memorial",
          "inscription": "NON NOBIS SOLUM This house was occupied by the College from its foundation in 1908 to its closure in 1997",
          "memorial": "plaque",
          "name": "York College for Girls",
          "openplaques:id": "9347",
          "operator": "York Civic Trust",
          "subject:wikidata": "Q65087205",
          "subject:wikipedia": "en:York College for Girls"
        }
      }
    },
    {
      "type": "Feature",
      "geometry": {
        "type": "Point",
        "coordinates": [
          -1.0892123,
          53.9588455
        ]
      },
      "properties": {
        "id": "osm:node:13527381175",
        "source": "osm",
        "title": "York has been a centre of railway management since 1840. This building, now the",
        "address": "",
        "description": "York has been a centre of railway management since 1840. This building, now the Headquarters of British Rail, Eastern Region, was the head office of the North Eastern Railway from 1906 (designed by William Bell and Horace Field). The badges above are of t",
        "categories": [
          "historical",
          "memorial"
        ],
        "primary_category": "historical",
        "interest_score": 46,
        "website": "",
        "wikipedia": "",
        "wikidata": "",
        "source_url": "https://www.openstreetmap.org/node/13527381175",
        "fetched_at_utc": "2026-10-07T09:50:34+00:00",
        "query_key": "historic_sites",
        "tags": {
          "direction": "320",
          "historic": "memorial",
          "inscription": "York has been a centre of railway management since 1840. This building, now the Headquarters of British Rail, Eastern Region, was the head office of the North Eastern Railway from 1906 (designed by William Bell and Horace Field). The badges above are of t",
          "memorial": "plaque",
          "openplaques:id": "9059",
          "operator": "York Civic Trust"
        }
      }
    },
    {
      "type": "Feature",
      "geometry": {
        "type": "Point",
        "coordinates": [
          -1.0807292,
          53.9553612
        ]
      },
      "properties": {
        "id": "osm:node:316116539",
        "source": "osm",
        "title": "York Highwater Flood Marks",
        "address": "",
        "description": "",
        "categories": [
          "historical",
          "memorial"
        ],
        "primary_category": "historical",
        "interest_score": 46,
        "website": "",
        "wikipedia": "",
        "wikidata": "",
        "source_url": "https://www.openstreetmap.org/node/316116539",
        "fetched_at_utc": "2026-10-07T09:50:34+00:00",
        "query_key": "historic_sites",
        "tags": {
          "historic": "memorial",
          "memorial": "plaque",
          "name": "York Highwater Flood Marks",
          "wheelchair": "yes"
        }
      }
    },
    {
      "type": "Feature",
      "geometry": {
        "type": "Point",
        "coordinates": [
          -1.101495,
          53.9463442
        ]
      },
      "properties": {
        "id": "osm:node:3555244021",
        "source": "osm",
        "title": "York Tyburn",
        "address": "",
        "description": "Tyburn",
        "categories": [
          "historical",
          "memorial"
        ],
        "primary_category": "historical",
        "interest_score": 46,
        "website": "",
        "wikipedia": "",
        "wikidata": "",
        "source_url": "https://www.openstreetmap.org/node/3555244021",
        "fetched_at_utc": "2026-10-07T09:50:34+00:00",
        "query_key": "historic_sites",
        "tags": {
          "historic": "monument",
          "inscription": "Tyburn",
          "name": "York Tyburn",
          "note": "former execution site marked with stone and paved area"
        }
      }
    },
    {
      "type": "Feature",
      "geometry": {
        "type": "Point",
        "coordinates": [
          -1.0952808,
          53.9549173
        ]
      },
      "properties": {
        "id": "osm:node:762138831",
        "source": "osm",
        "title": "Y. N. M. R. \nCoy Property.",
        "address": "",
        "description": "Y. N. M. R. \nCoy Property.",
        "categories": [
          "historical"
        ],
        "primary_category": "historical",
        "interest_score": 45,
        "website": "",
        "wikipedia": "",
        "wikidata": "",
        "source_url": "https://www.openstreetmap.org/node/762138831",
        "fetched_at_utc": "2026-10-07T09:50:34+00:00",
        "query_key": "historic_sites",
        "tags": {
          "historic": "boundary_stone",
          "image": "https://map.atownsend.org.uk/tmp/258965.jpg",
          "inscription": "Y. N. M. R. \nCoy Property."
        }
      }
    },
    {
      "type": "Feature",
      "geometry": {
        "type": "Point",
        "coordinates": [
          -1.1292417,
          53.9536856
        ]
      },
      "properties": {
        "id": "osm:way:133334716",
        "source": "osm",
        "title": "Acomb Library",
        "address": "Front Street, Acomb, York, YO24 3BZ",
        "description": "",
        "categories": [
          "cultural",
          "literary"
        ],
        "primary_category": "cultural",
        "interest_score": 44,
        "website": "",
        "wikipedia": "",
        "wikidata": "Q54807170",
        "source_url": "https://www.openstreetmap.org/way/133334716",
        "fetched_at_utc": "2026-10-07T09:50:34+00:00",
        "query_key": "performance_and_literary",
        "tags": {
          "addr:city": "York",
          "addr:postcode": "YO24 3BZ",
          "addr:street": "Front Street",
          "addr:suburb": "Acomb",
          "amenity": "library",
          "building": "library",
          "name": "Acomb Library",
          "ref:GB:uprn": "100052211617",
          "wheelchair": "yes",
          "wikidata": "Q54807170"
        },
        "sitelinks": 0
      }
    },
    {
      "type": "Feature",
      "geometry": {
        "type": "Point",
        "coordinates": [
          -1.107809,
          53.9392522
        ]
      },
      "properties": {
        "id": "osm:way:183040221",
        "source": "osm",
        "title": "Dringhouses Library",
        "address": "Tadcaster Road Dringhouses, York, YO24 1LR",
        "description": "",
        "categories": [
          "cultural",
          "literary"
        ],
        "primary_category": "cultural",
        "interest_score": 44,
        "website": "",
        "wikipedia": "",
        "wikidata": "Q26547976",
        "source_url": "https://www.openstreetmap.org/way/183040221",
        "fetched_at_utc": "2026-10-07T09:50:34+00:00",
        "query_key": "performance_and_literary",
        "tags": {
          "addr:city": "York",
          "addr:country": "GB",
          "addr:postcode": "YO24 1LR",
          "addr:street": "Tadcaster Road Dringhouses",
          "amenity": "library",
          "building": "public",
          "name": "Dringhouses Library",
          "ref:GB:uprn": "100052162628",
          "wikidata": "Q26547976"
        },
        "sitelinks": 0
      }
    },
    {
      "type": "Feature",
      "geometry": {
        "type": "Point",
        "coordinates": [
          -1.0478925,
          53.9457413
        ]
      },
      "properties": {
        "id": "osm:node:2011709651",
        "source": "osm",
        "title": "Dryad",
        "address": "",
        "description": "",
        "categories": [
          "cultural",
          "art"
        ],
        "primary_category": "cultural",
        "interest_score": 44,
        "website": "",
        "wikipedia": "",
        "wikidata": "Q56255293",
        "source_url": "https://www.openstreetmap.org/node/2011709651",
        "fetched_at_utc": "2026-10-07T09:50:34+00:00",
        "query_key": "galleries_and_arts",
        "tags": {
          "artist_name": "Austin Wright",
          "artwork_type": "sculpture",
          "listed_status": "Grade II",
          "name": "Dryad",
          "start_date": "1984",
          "tourism": "artwork",
          "wikidata": "Q56255293"
        },
        "sitelinks": 0
      }
    },
    {
      "type": "Feature",
      "geometry": {
        "type": "Point",
        "coordinates": [
          -1.0481946,
          53.9646696
        ]
      },
      "properties": {
        "id": "osm:node:6127267030",
        "source": "osm",
        "title": "Explore Library",
        "address": "Mossdale Avenue, York, YO31 0HA",
        "description": "",
        "categories": [
          "cultural",
          "literary"
        ],
        "primary_category": "cultural",
        "interest_score": 44,
        "website": "",
        "wikipedia": "",
        "wikidata": "Q54807166",
        "source_url": "https://www.openstreetmap.org/node/6127267030",
        "fetched_at_utc": "2026-10-07T09:50:34+00:00",
        "query_key": "performance_and_literary",
        "tags": {
          "addr:city": "York",
          "addr:postcode": "YO31 0HA",
          "addr:street": "Mossdale Avenue",
          "alt_name": "Tang Hall Library",
          "amenity": "library",
          "name": "Explore Library",
          "source": "View from road, books inside",
          "wikidata": "Q54807166"
        },
        "sitelinks": 0
      }
    },
    {
      "type": "Feature",
      "geometry": {
        "type": "Point",
        "coordinates": [
          -1.0899928,
          53.9591472
        ]
      },
      "properties": {
        "id": "osm:node:1955977926",
        "source": "osm",
        "title": "George Leeman",
        "address": "",
        "description": "George Leeman",
        "categories": [
          "cultural",
          "art"
        ],
        "primary_category": "cultural",
        "interest_score": 44,
        "website": "",
        "wikipedia": "",
        "wikidata": "Q26548079",
        "source_url": "https://www.openstreetmap.org/node/1955977926",
        "fetched_at_utc": "2026-10-07T09:50:34+00:00",
        "query_key": "galleries_and_arts",
        "tags": {
          "artist_name": "George Walker Milburn",
          "artwork_type": "statue",
          "inscription": "George Leeman",
          "listed_status": "Grade II",
          "name": "George Leeman",
          "start_date": "1885",
          "subject:wikidata": "Q5541633",
          "tourism": "artwork",
          "wikidata": "Q26548079"
        },
        "sitelinks": 0
      }
    },
    {
      "type": "Feature",
      "geometry": {
        "type": "Point",
        "coordinates": [
          -1.0491222,
          53.9467933
        ]
      },
      "properties": {
        "id": "osm:node:12202104696",
        "source": "osm",
        "title": "Long Boi",
        "address": "",
        "description": "",
        "categories": [
          "cultural",
          "art"
        ],
        "primary_category": "cultural",
        "interest_score": 44,
        "website": "",
        "wikipedia": "",
        "wikidata": "Q137582910",
        "source_url": "https://www.openstreetmap.org/node/12202104696",
        "fetched_at_utc": "2026-10-07T09:50:34+00:00",
        "query_key": "galleries_and_arts",
        "tags": {
          "artist_name": "Neil Mason",
          "artwork_type": "statue",
          "material": "bronze",
          "name": "Long Boi",
          "start_date": "2024-09-26",
          "subject:wikidata": "Q106647853",
          "subject:wikipedia": "en:Long Boi",
          "tourism": "artwork",
          "wikidata": "Q137582910",
          "wikimedia_commons": "File:Statue of Long Boi Aug25 05.jpg"
        },
        "sitelinks": 0
      }
    },
    {
      "type": "Feature",
      "geometry": {
        "type": "Point",
        "coordinates": [
          -1.1541161,
          53.9841342
        ]
      },
      "properties": {
        "id": "osm:way:133335269",
        "source": "osm",
        "title": "Poppleton Library",
        "address": "Main Street, York, YO26 6JT",
        "description": "",
        "categories": [
          "cultural",
          "literary"
        ],
        "primary_category": "cultural",
        "interest_score": 44,
        "website": "",
        "wikipedia": "",
        "wikidata": "Q54807438",
        "source_url": "https://www.openstreetmap.org/way/133335269",
        "fetched_at_utc": "2026-10-07T09:50:34+00:00",
        "query_key": "performance_and_literary",
        "tags": {
          "addr:city": "York",
          "addr:postcode": "YO26 6JT",
          "addr:street": "Main Street",
          "amenity": "library",
          "building": "library",
          "internet_access": "wlan",
          "name": "Poppleton Library",
          "ref:GB:uprn": "100052166815",
          "wheelchair": "yes",
          "wikidata": "Q54807438"
        },
        "sitelinks": 0
      }
    },
    {
      "type": "Feature",
      "geometry": {
        "type": "Point",
        "coordinates": [
          -1.0806966,
          53.959315
        ]
      },
      "properties": {
        "id": "osm:way:59338112",
        "source": "osm",
        "title": "Newgate Market",
        "address": "",
        "description": "",
        "categories": [
          "cultural",
          "market",
          "landmark"
        ],
        "primary_category": "cultural",
        "interest_score": 40,
        "website": "",
        "wikipedia": "",
        "wikidata": "",
        "source_url": "https://www.openstreetmap.org/way/59338112",
        "fetched_at_utc": "2026-10-07T09:50:34+00:00",
        "query_key": "attractions_and_viewpoints",
        "tags": {
          "alt_name": "Shambles Market",
          "amenity": "marketplace",
          "area": "yes",
          "highway": "pedestrian",
          "lit": "yes",
          "name": "Newgate Market",
          "note": "Newgate Market is still called Newgate Market.  The \"Shambles Market\" name was made up by visityork.org and is just a tourist-trap tagline",
          "surface": "sett",
          "tourism": "attraction",
          "wheelchair": "yes"
        }
      }
    },
    {
      "type": "Feature",
      "geometry": {
        "type": "Point",
        "coordinates": [
          -1.0909353,
          53.9559236
        ]
      },
      "properties": {
        "id": "osm:way:173550447",
        "source": "osm",
        "title": "City Walls",
        "address": "",
        "description": "",
        "categories": [
          "historical"
        ],
        "primary_category": "historical",
        "interest_score": 38,
        "website": "",
        "wikipedia": "",
        "wikidata": "",
        "source_url": "https://www.openstreetmap.org/way/173550447",
        "fetched_at_utc": "2026-10-07T09:50:34+00:00",
        "query_key": "historic_sites",
        "tags": {
          "barrier": "city_wall",
          "bridge": "yes",
          "highway": "footway",
          "historic": "city_gate",
          "layer": "1",
          "listed_status": "Grade I",
          "lit": "no",
          "material": "limestone",
          "name": "City Walls",
          "oneway": "no",
          "surface": "paving_stones",
          "two_sided": "yes"
        }
      }
    },
    {
      "type": "Feature",
      "geometry": {
        "type": "Point",
        "coordinates": [
          -1.0789338,
          53.9634901
        ]
      },
      "properties": {
        "id": "osm:way:468790357",
        "source": "osm",
        "title": "Bile Beans",
        "address": "",
        "description": "Nightly Bile Beans Keep you Healthy Bright-eyed & Slim",
        "categories": [
          "cultural",
          "art"
        ],
        "primary_category": "cultural",
        "interest_score": 37,
        "website": "",
        "wikipedia": "",
        "wikidata": "",
        "source_url": "https://www.openstreetmap.org/way/468790357",
        "fetched_at_utc": "2026-10-07T09:50:34+00:00",
        "query_key": "galleries_and_arts",
        "tags": {
          "advertising": "wall_painting",
          "artwork_type": "mural",
          "image": "https://commons.wikimedia.org/wiki/File:Bile_Beans_keep_you_healthy_-_geograph.org.uk_-_3250464.jpg",
          "inscription": "Nightly Bile Beans Keep you Healthy Bright-eyed & Slim",
          "name": "Bile Beans",
          "note": "was originally an advert, but is now more of a local landmark",
          "tourism": "artwork"
        }
      }
    },
    {
      "type": "Feature",
      "geometry": {
        "type": "Point",
        "coordinates": [
          -1.1126664,
          53.9253329
        ]
      },
      "properties": {
        "id": "osm:node:334481750",
        "source": "osm",
        "title": "The Sun",
        "address": "",
        "description": "",
        "categories": [
          "cultural",
          "art"
        ],
        "primary_category": "cultural",
        "interest_score": 37,
        "website": "",
        "wikipedia": "",
        "wikidata": "",
        "source_url": "https://www.openstreetmap.org/node/334481750",
        "fetched_at_utc": "2026-10-07T09:50:34+00:00",
        "query_key": "galleries_and_arts",
        "tags": {
          "artist_name": "York University",
          "artwork_type": "sculpture",
          "image": "https://map.atownsend.org.uk/tmp/318991.jpg",
          "name": "The Sun",
          "sustrans_ref": "231a",
          "tourism": "artwork"
        }
      }
    },
    {
      "type": "Feature",
      "geometry": {
        "type": "Point",
        "coordinates": [
          -1.0854895,
          53.9510365
        ]
      },
      "properties": {
        "id": "osm:node:1834027023",
        "source": "osm",
        "title": "Conversation Piece",
        "address": "",
        "description": "",
        "categories": [
          "cultural",
          "art"
        ],
        "primary_category": "cultural",
        "interest_score": 36,
        "website": "http://ailsamagnus.blogspot.co.uk/2009_12_01_archive.html",
        "wikipedia": "",
        "wikidata": "",
        "source_url": "https://www.openstreetmap.org/node/1834027023",
        "fetched_at_utc": "2026-10-07T09:50:34+00:00",
        "query_key": "galleries_and_arts",
        "tags": {
          "artist_name": "Ailsa Magnus",
          "artwork_type": "sculpture",
          "name": "Conversation Piece",
          "start_date": "22/05/2010",
          "tourism": "artwork",
          "website": "http://ailsamagnus.blogspot.co.uk/2009_12_01_archive.html"
        }
      }
    },
    {
      "type": "Feature",
      "geometry": {
        "type": "Point",
        "coordinates": [
          -1.0761834,
          53.96444
        ]
      },
      "properties": {
        "id": "osm:way:1341975781",
        "source": "osm",
        "title": "Theatre@41",
        "address": "Monkgate, York, YO31 7PB",
        "description": "",
        "categories": [
          "cultural",
          "art"
        ],
        "primary_category": "cultural",
        "interest_score": 36,
        "website": "https://www.41monkgate.co.uk/",
        "wikipedia": "",
        "wikidata": "",
        "source_url": "https://www.openstreetmap.org/way/1341975781",
        "fetched_at_utc": "2026-10-07T09:50:34+00:00",
        "query_key": "performance_and_literary",
        "tags": {
          "addr:city": "York",
          "addr:postcode": "YO31 7PB",
          "addr:street": "Monkgate",
          "amenity": "theatre",
          "building": "school",
          "disused:amenity": "school",
          "name": "Theatre@41",
          "website": "https://www.41monkgate.co.uk/"
        }
      }
    },
    {
      "type": "Feature",
      "geometry": {
        "type": "Point",
        "coordinates": [
          -1.0738393,
          53.9715011
        ]
      },
      "properties": {
        "id": "osm:node:5710758070",
        "source": "osm",
        "title": "blue pipe alongside path",
        "address": "",
        "description": "blue pipe alongside path",
        "categories": [
          "cultural",
          "art"
        ],
        "primary_category": "cultural",
        "interest_score": 35,
        "website": "",
        "wikipedia": "",
        "wikidata": "",
        "source_url": "https://www.openstreetmap.org/node/5710758070",
        "fetched_at_utc": "2026-10-07T09:50:34+00:00",
        "query_key": "galleries_and_arts",
        "tags": {
          "artist_name": "George Cutts",
          "artwork_type": "sculpture",
          "description": "blue pipe alongside path",
          "material": "steel",
          "note": "Part of a series of 10 sculptures placed along the Foss Islands Cycle Route called Big Blue Pipe commissioned by The Walk Wheel Cycle Trust in the 1980s",
          "start_date": "1980s",
          "tourism": "artwork"
        }
      }
    },
    {
      "type": "Feature",
      "geometry": {
        "type": "Point",
        "coordinates": [
          -1.0819762,
          53.9744158
        ]
      },
      "properties": {
        "id": "osm:node:9834678859",
        "source": "osm",
        "title": "Designed to look a bit like a cycle barrier, but wide enough to cause no obstacl",
        "address": "",
        "description": "Designed to look a bit like a cycle barrier, but wide enough to cause no obstacle, it just says \"here is the cycle path\"",
        "categories": [
          "cultural",
          "art"
        ],
        "primary_category": "cultural",
        "interest_score": 35,
        "website": "",
        "wikipedia": "",
        "wikidata": "",
        "source_url": "https://www.openstreetmap.org/node/9834678859",
        "fetched_at_utc": "2026-10-07T09:50:34+00:00",
        "query_key": "galleries_and_arts",
        "tags": {
          "description": "Designed to look a bit like a cycle barrier, but wide enough to cause no obstacle, it just says \"here is the cycle path\"",
          "tourism": "artwork"
        }
      }
    },
    {
      "type": "Feature",
      "geometry": {
        "type": "Point",
        "coordinates": [
          -1.072,
          53.9698962
        ]
      },
      "properties": {
        "id": "osm:node:1262131276",
        "source": "osm",
        "title": "From memory a bit of blue pipework artwork that serves as a bench",
        "address": "",
        "description": "From memory a bit of blue pipework artwork that serves as a bench",
        "categories": [
          "cultural",
          "art"
        ],
        "primary_category": "cultural",
        "interest_score": 35,
        "website": "",
        "wikipedia": "",
        "wikidata": "",
        "source_url": "https://www.openstreetmap.org/node/1262131276",
        "fetched_at_utc": "2026-10-07T09:50:34+00:00",
        "query_key": "galleries_and_arts",
        "tags": {
          "amenity": "bench",
          "artist_name": "George Cutts",
          "artwork_type": "sculpture",
          "backrest": "no",
          "description": "From memory a bit of blue pipework artwork that serves as a bench",
          "ele": "26",
          "material": "steel",
          "note": "Part of a series of 10 sculptures placed along the Foss Islands Cycle Route called Big Blue Pipe commissioned by The Walk Wheel Cycle Trust in the 1980s",
          "start_date": "1980s",
          "tourism": "artwork"
        }
      }
    },
    {
      "type": "Feature",
      "geometry": {
        "type": "Point",
        "coordinates": [
          -1.0711725,
          53.9692159
        ]
      },
      "properties": {
        "id": "osm:node:1415157952",
        "source": "osm",
        "title": "From memory a bit of blue pipework artwork that serves as a bench",
        "address": "",
        "description": "From memory a bit of blue pipework artwork that serves as a bench",
        "categories": [
          "cultural",
          "art"
        ],
        "primary_category": "cultural",
        "interest_score": 35,
        "website": "",
        "wikipedia": "",
        "wikidata": "",
        "source_url": "https://www.openstreetmap.org/node/1415157952",
        "fetched_at_utc": "2026-10-07T09:50:34+00:00",
        "query_key": "galleries_and_arts",
        "tags": {
          "amenity": "bench",
          "artist_name": "George Cutts",
          "artwork_type": "sculpture",
          "backrest": "no",
          "description": "From memory a bit of blue pipework artwork that serves as a bench",
          "material": "steel",
          "note": "Part of a series of 10 sculptures placed along the Foss Islands Cycle Route called Big Blue Pipe commissioned by The Walk Wheel Cycle Trust in the 1980s",
          "start_date": "1980s",
          "tourism": "artwork"
        }
      }
    },
    {
      "type": "Feature",
      "geometry": {
        "type": "Point",
        "coordinates": [
          -1.0926254,
          53.9580132
        ]
      },
      "properties": {
        "id": "osm:node:5842514283",
        "source": "osm",
        "title": "NER distant signal stuck in a raised plant bed",
        "address": "",
        "description": "NER distant signal stuck in a raised plant bed",
        "categories": [
          "cultural",
          "art"
        ],
        "primary_category": "cultural",
        "interest_score": 35,
        "website": "",
        "wikipedia": "",
        "wikidata": "",
        "source_url": "https://www.openstreetmap.org/node/5842514283",
        "fetched_at_utc": "2026-10-07T09:50:34+00:00",
        "query_key": "galleries_and_arts",
        "tags": {
          "artwork_type": "sculpture",
          "description": "NER distant signal stuck in a raised plant bed",
          "tourism": "artwork"
        }
      }
    },
    {
      "type": "Feature",
      "geometry": {
        "type": "Point",
        "coordinates": [
          -1.0863009,
          53.9688176
        ]
      },
      "properties": {
        "id": "osm:node:8529441347",
        "source": "osm",
        "title": "NHS Mural",
        "address": "",
        "description": "Faces of two NHS workers with foxgloves and willow painted on the insides of the bridge walkway.",
        "categories": [
          "cultural",
          "art"
        ],
        "primary_category": "cultural",
        "interest_score": 35,
        "website": "",
        "wikipedia": "",
        "wikidata": "",
        "source_url": "https://www.openstreetmap.org/node/8529441347",
        "fetched_at_utc": "2026-10-07T09:50:34+00:00",
        "query_key": "galleries_and_arts",
        "tags": {
          "artist_name": "Emma Garness",
          "artwork_type": "mural",
          "description": "Faces of two NHS workers with foxgloves and willow painted on the insides of the bridge walkway.",
          "name": "NHS Mural",
          "start_date": "2021-03",
          "tourism": "artwork"
        }
      }
    },
    {
      "type": "Feature",
      "geometry": {
        "type": "Point",
        "coordinates": [
          -1.0706776,
          53.9373244
        ]
      },
      "properties": {
        "id": "osm:node:6242217755",
        "source": "osm",
        "title": "owl",
        "address": "",
        "description": "owl",
        "categories": [
          "cultural",
          "art"
        ],
        "primary_category": "cultural",
        "interest_score": 35,
        "website": "",
        "wikipedia": "",
        "wikidata": "",
        "source_url": "https://www.openstreetmap.org/node/6242217755",
        "fetched_at_utc": "2026-10-07T09:50:34+00:00",
        "query_key": "galleries_and_arts",
        "tags": {
          "description": "owl",
          "tourism": "artwork"
        }
      }
    },
    {
      "type": "Feature",
      "geometry": {
        "type": "Point",
        "coordinates": [
          -1.0829751,
          53.9596597
        ]
      },
      "properties": {
        "id": "osm:node:7101786800",
        "source": "osm",
        "title": "Owl Mosaic",
        "address": "",
        "description": "Owl Mosaic",
        "categories": [
          "cultural",
          "art"
        ],
        "primary_category": "cultural",
        "interest_score": 35,
        "website": "",
        "wikipedia": "",
        "wikidata": "",
        "source_url": "https://www.openstreetmap.org/node/7101786800",
        "fetched_at_utc": "2026-10-07T09:50:34+00:00",
        "query_key": "galleries_and_arts",
        "tags": {
          "artist_name": "Pam Estdale",
          "artwork_subject": "owl",
          "artwork_type": "mosaic",
          "description": "Owl Mosaic",
          "tourism": "artwork"
        }
      }
    },
    {
      "type": "Feature",
      "geometry": {
        "type": "Point",
        "coordinates": [
          -1.0693086,
          53.9620958
        ]
      },
      "properties": {
        "id": "osm:node:1516059618",
        "source": "osm",
        "title": "person on a bicycle",
        "address": "",
        "description": "person on a bicycle",
        "categories": [
          "cultural",
          "art"
        ],
        "primary_category": "cultural",
        "interest_score": 35,
        "website": "",
        "wikipedia": "",
        "wikidata": "",
        "source_url": "https://www.openstreetmap.org/node/1516059618",
        "fetched_at_utc": "2026-10-07T09:50:34+00:00",
        "query_key": "galleries_and_arts",
        "tags": {
          "artwork_type": "sculpture",
          "description": "person on a bicycle",
          "material": "metal",
          "tourism": "artwork"
        }
      }
    },
    {
      "type": "Feature",
      "geometry": {
        "type": "Point",
        "coordinates": [
          -1.0824281,
          53.9733132
        ]
      },
      "properties": {
        "id": "osm:node:1482563759",
        "source": "osm",
        "title": "Round and Down",
        "address": "",
        "description": "spiral blue pipes",
        "categories": [
          "cultural",
          "art"
        ],
        "primary_category": "cultural",
        "interest_score": 35,
        "website": "",
        "wikipedia": "",
        "wikidata": "",
        "source_url": "https://www.openstreetmap.org/node/1482563759",
        "fetched_at_utc": "2026-10-07T09:50:34+00:00",
        "query_key": "galleries_and_arts",
        "tags": {
          "artist_name": "George Cutts",
          "artwork_type": "sculpture",
          "description": "spiral blue pipes",
          "height": "6 m",
          "material": "steel",
          "name": "Round and Down",
          "note": "Part of a series of 10 sculptures placed along the Foss Islands Cycle Route called Big Blue Pipe commissioned by The Walk Wheel Cycle Trust in the 1980s",
          "start_date": "1980s",
          "tourism": "artwork"
        }
      }
    },
    {
      "type": "Feature",
      "geometry": {
        "type": "Point",
        "coordinates": [
          -1.0520856,
          53.9823351
        ]
      },
      "properties": {
        "id": "osm:node:13278826598",
        "source": "osm",
        "title": "Tansy Beetle",
        "address": "",
        "description": "Tansy Beetle",
        "categories": [
          "cultural",
          "art"
        ],
        "primary_category": "cultural",
        "interest_score": 35,
        "website": "",
        "wikipedia": "",
        "wikidata": "",
        "source_url": "https://www.openstreetmap.org/node/13278826598",
        "fetched_at_utc": "2026-10-07T09:50:34+00:00",
        "query_key": "galleries_and_arts",
        "tags": {
          "artwork_subject": "figurative",
          "artwork_type": "sculpture",
          "description": "Tansy Beetle",
          "tourism": "artwork"
        }
      }
    },
    {
      "type": "Feature",
      "geometry": {
        "type": "Point",
        "coordinates": [
          -1.0510263,
          53.9838123
        ]
      },
      "properties": {
        "id": "osm:way:431587219",
        "source": "osm",
        "title": "vertical pipes",
        "address": "",
        "description": "vertical pipes",
        "categories": [
          "cultural",
          "art"
        ],
        "primary_category": "cultural",
        "interest_score": 35,
        "website": "",
        "wikipedia": "",
        "wikidata": "",
        "source_url": "https://www.openstreetmap.org/way/431587219",
        "fetched_at_utc": "2026-10-07T09:50:34+00:00",
        "query_key": "galleries_and_arts",
        "tags": {
          "area": "yes",
          "description": "vertical pipes",
          "tourism": "artwork"
        }
      }
    },
    {
      "type": "Feature",
      "geometry": {
        "type": "Point",
        "coordinates": [
          -1.1104777,
          53.9556294
        ]
      },
      "properties": {
        "id": "osm:node:4464564725",
        "source": "osm",
        "title": "4 Seasons",
        "address": "",
        "description": "",
        "categories": [
          "cultural",
          "art"
        ],
        "primary_category": "cultural",
        "interest_score": 30,
        "website": "",
        "wikipedia": "",
        "wikidata": "",
        "source_url": "https://www.openstreetmap.org/node/4464564725",
        "fetched_at_utc": "2026-10-07T09:50:34+00:00",
        "query_key": "galleries_and_arts",
        "tags": {
          "artist_name": "Lynne O'Dowd",
          "artwork_type": "relief",
          "name": "4 Seasons",
          "tourism": "artwork"
        }
      }
    },
    {
      "type": "Feature",
      "geometry": {
        "type": "Point",
        "coordinates": [
          -1.0308629,
          53.9485364
        ]
      },
      "properties": {
        "id": "osm:node:566423269",
        "source": "osm",
        "title": "Algol",
        "address": "",
        "description": "",
        "categories": [
          "cultural",
          "art"
        ],
        "primary_category": "cultural",
        "interest_score": 30,
        "website": "",
        "wikipedia": "",
        "wikidata": "",
        "source_url": "https://www.openstreetmap.org/node/566423269",
        "fetched_at_utc": "2026-10-07T09:50:34+00:00",
        "query_key": "galleries_and_arts",
        "tags": {
          "artwork_type": "sculpture",
          "name": "Algol",
          "subject:wikidata": "Q375172",
          "subject:wikipedia": "en:John Goodricke",
          "tourism": "artwork",
          "wheelchair": "yes"
        }
      }
    },
    {
      "type": "Feature",
      "geometry": {
        "type": "Point",
        "coordinates": [
          -1.0552663,
          53.9485145
        ]
      },
      "properties": {
        "id": "osm:node:3569128693",
        "source": "osm",
        "title": "Antiphon",
        "address": "",
        "description": "",
        "categories": [
          "cultural",
          "art"
        ],
        "primary_category": "cultural",
        "interest_score": 30,
        "website": "",
        "wikipedia": "",
        "wikidata": "",
        "source_url": "https://www.openstreetmap.org/node/3569128693",
        "fetched_at_utc": "2026-10-07T09:50:34+00:00",
        "query_key": "galleries_and_arts",
        "tags": {
          "artist_name": "Barbara Hepworth",
          "artwork_type": "sculpture",
          "name": "Antiphon",
          "tourism": "artwork"
        }
      }
    },
    {
      "type": "Feature",
      "geometry": {
        "type": "Point",
        "coordinates": [
          -1.0486562,
          53.9458708
        ]
      },
      "properties": {
        "id": "osm:node:2011709656",
        "source": "osm",
        "title": "Aspiration",
        "address": "",
        "description": "",
        "categories": [
          "cultural",
          "art"
        ],
        "primary_category": "cultural",
        "interest_score": 30,
        "website": "",
        "wikipedia": "",
        "wikidata": "",
        "source_url": "https://www.openstreetmap.org/node/2011709656",
        "fetched_at_utc": "2026-10-07T09:50:34+00:00",
        "query_key": "galleries_and_arts",
        "tags": {
          "artist_name": "Bill Hodgson",
          "artwork_type": "sculpture",
          "material": "wood",
          "name": "Aspiration",
          "survey:date": "2023-09-14",
          "tourism": "artwork"
        }
      }
    },
    {
      "type": "Feature",
      "geometry": {
        "type": "Point",
        "coordinates": [
          -1.0516234,
          53.9845514
        ]
      },
      "properties": {
        "id": "osm:node:8265446030",
        "source": "osm",
        "title": "Better York Library Centre",
        "address": "",
        "description": "",
        "categories": [
          "cultural",
          "literary"
        ],
        "primary_category": "cultural",
        "interest_score": 30,
        "website": "",
        "wikipedia": "",
        "wikidata": "",
        "source_url": "https://www.openstreetmap.org/node/8265446030",
        "fetched_at_utc": "2026-10-07T09:50:34+00:00",
        "query_key": "performance_and_literary",
        "tags": {
          "amenity": "library",
          "name": "Better York Library Centre",
          "source": "Books viisble through window"
        }
      }
    },
    {
      "type": "Feature",
      "geometry": {
        "type": "Point",
        "coordinates": [
          -1.0585855,
          53.9464981
        ]
      },
      "properties": {
        "id": "osm:node:376042986",
        "source": "osm",
        "title": "Beyond and Within",
        "address": "",
        "description": "",
        "categories": [
          "cultural",
          "art"
        ],
        "primary_category": "cultural",
        "interest_score": 30,
        "website": "",
        "wikipedia": "",
        "wikidata": "",
        "source_url": "https://www.openstreetmap.org/node/376042986",
        "fetched_at_utc": "2026-10-07T09:50:34+00:00",
        "query_key": "galleries_and_arts",
        "tags": {
          "artist_name": "Joanna Mowbray",
          "artwork_type": "sculpture",
          "name": "Beyond and Within",
          "tourism": "artwork"
        }
      }
    },
    {
      "type": "Feature",
      "geometry": {
        "type": "Point",
        "coordinates": [
          -1.0522099,
          53.9476217
        ]
      },
      "properties": {
        "id": "osm:node:1134760688",
        "source": "osm",
        "title": "Buddha",
        "address": "",
        "description": "",
        "categories": [
          "cultural",
          "art"
        ],
        "primary_category": "cultural",
        "interest_score": 30,
        "website": "",
        "wikipedia": "",
        "wikidata": "",
        "source_url": "https://www.openstreetmap.org/node/1134760688",
        "fetched_at_utc": "2026-10-07T09:50:34+00:00",
        "query_key": "galleries_and_arts",
        "tags": {
          "artwork_type": "sculpture",
          "name": "Buddha",
          "tourism": "artwork"
        }
      }
    },
    {
      "type": "Feature",
      "geometry": {
        "type": "Point",
        "coordinates": [
          -1.105403,
          53.9444747
        ]
      },
      "properties": {
        "id": "osm:node:7157147154",
        "source": "osm",
        "title": "Chalfonts Bear",
        "address": "",
        "description": "Ministry of Housing and Local Government. Award for Good Design MCMLXIX",
        "categories": [
          "cultural",
          "art"
        ],
        "primary_category": "cultural",
        "interest_score": 30,
        "website": "",
        "wikipedia": "",
        "wikidata": "",
        "source_url": "https://www.openstreetmap.org/node/7157147154",
        "fetched_at_utc": "2026-10-07T09:50:34+00:00",
        "query_key": "galleries_and_arts",
        "tags": {
          "artwork_type": "statue",
          "inscription": "Ministry of Housing and Local Government. Award for Good Design MCMLXIX",
          "name": "Chalfonts Bear",
          "start_date": "1969",
          "subject": "bear",
          "tourism": "artwork"
        }
      }
    },
    {
      "type": "Feature",
      "geometry": {
        "type": "Point",
        "coordinates": [
          -1.0830082,
          53.961077
        ]
      },
      "properties": {
        "id": "osm:node:7377361709",
        "source": "osm",
        "title": "devil",
        "address": "",
        "description": "",
        "categories": [
          "cultural",
          "art"
        ],
        "primary_category": "cultural",
        "interest_score": 30,
        "website": "",
        "wikipedia": "",
        "wikidata": "",
        "source_url": "https://www.openstreetmap.org/node/7377361709",
        "fetched_at_utc": "2026-10-07T09:50:34+00:00",
        "query_key": "galleries_and_arts",
        "tags": {
          "name": "devil",
          "tourism": "artwork"
        }
      }
    },
    {
      "type": "Feature",
      "geometry": {
        "type": "Point",
        "coordinates": [
          -1.056659,
          53.9440462
        ]
      },
      "properties": {
        "id": "osm:node:4804409708",
        "source": "osm",
        "title": "Earth",
        "address": "",
        "description": "",
        "categories": [
          "cultural",
          "art"
        ],
        "primary_category": "cultural",
        "interest_score": 30,
        "website": "",
        "wikipedia": "",
        "wikidata": "",
        "source_url": "https://www.openstreetmap.org/node/4804409708",
        "fetched_at_utc": "2026-10-07T09:50:34+00:00",
        "query_key": "galleries_and_arts",
        "tags": {
          "name": "Earth",
          "survey:date": "2023-09-14",
          "tourism": "artwork"
        }
      }
    },
    {
      "type": "Feature",
      "geometry": {
        "type": "Point",
        "coordinates": [
          -1.082524,
          53.9602518
        ]
      },
      "properties": {
        "id": "osm:node:12013432363",
        "source": "osm",
        "title": "Ey up York",
        "address": "",
        "description": "",
        "categories": [
          "cultural",
          "art"
        ],
        "primary_category": "cultural",
        "interest_score": 30,
        "website": "",
        "wikipedia": "",
        "wikidata": "",
        "source_url": "https://www.openstreetmap.org/node/12013432363",
        "fetched_at_utc": "2026-10-07T09:50:34+00:00",
        "query_key": "galleries_and_arts",
        "tags": {
          "artist_name": "SledOne",
          "artwork_type": "mural",
          "name": "Ey up York",
          "start_date": "June 2024",
          "tourism": "artwork"
        }
      }
    },
    {
      "type": "Feature",
      "geometry": {
        "type": "Point",
        "coordinates": [
          -1.0866423,
          53.9622357
        ]
      },
      "properties": {
        "id": "osm:node:3990188344",
        "source": "osm",
        "title": "Friesan Calf",
        "address": "",
        "description": "",
        "categories": [
          "cultural",
          "art"
        ],
        "primary_category": "cultural",
        "interest_score": 30,
        "website": "",
        "wikipedia": "",
        "wikidata": "",
        "source_url": "https://www.openstreetmap.org/node/3990188344",
        "fetched_at_utc": "2026-10-07T09:50:34+00:00",
        "query_key": "galleries_and_arts",
        "tags": {
          "artist_name": "Sally Arnup",
          "artwork_type": "statue",
          "name": "Friesan Calf",
          "tourism": "artwork"
        }
      }
    },
    {
      "type": "Feature",
      "geometry": {
        "type": "Point",
        "coordinates": [
          -1.07035,
          53.9371616
        ]
      },
      "properties": {
        "id": "osm:node:1549340531",
        "source": "osm",
        "title": "Fulford Library",
        "address": "Heslington Lane, Fulford, York, YO10 4LX",
        "description": "",
        "categories": [
          "cultural",
          "literary"
        ],
        "primary_category": "cultural",
        "interest_score": 30,
        "website": "",
        "wikipedia": "",
        "wikidata": "",
        "source_url": "https://www.openstreetmap.org/node/1549340531",
        "fetched_at_utc": "2026-10-07T09:50:34+00:00",
        "query_key": "performance_and_literary",
        "tags": {
          "addr:city": "York",
          "addr:postcode": "YO10 4LX",
          "addr:street": "Heslington Lane",
          "addr:suburb": "Fulford",
          "amenity": "library",
          "name": "Fulford Library"
        }
      }
    },
    {
      "type": "Feature",
      "geometry": {
        "type": "Point",
        "coordinates": [
          -1.0528791,
          53.9495951
        ]
      },
      "properties": {
        "id": "osm:way:41215468",
        "source": "osm",
        "title": "Harry Fairhurst Building",
        "address": "",
        "description": "",
        "categories": [
          "cultural",
          "literary"
        ],
        "primary_category": "cultural",
        "interest_score": 30,
        "website": "",
        "wikipedia": "",
        "wikidata": "",
        "source_url": "https://www.openstreetmap.org/way/41215468",
        "fetched_at_utc": "2026-10-07T09:50:34+00:00",
        "query_key": "performance_and_literary",
        "tags": {
          "amenity": "library",
          "building": "university",
          "building:levels": "3",
          "check_date:opening_hours": "2024-04-14",
          "name": "Harry Fairhurst Building",
          "nohousenumber": "yes",
          "opening_hours": "Mo-Su 08:00-24:00",
          "ref": "LFA",
          "source": "OS_OpenData_StreetView",
          "wheelchair": "yes"
        }
      }
    },
    {
      "type": "Feature",
      "geometry": {
        "type": "Point",
        "coordinates": [
          -1.081153,
          53.949195
        ]
      },
      "properties": {
        "id": "osm:node:1904778755",
        "source": "osm",
        "title": "Helmet",
        "address": "",
        "description": "",
        "categories": [
          "cultural",
          "art"
        ],
        "primary_category": "cultural",
        "interest_score": 30,
        "website": "",
        "wikipedia": "",
        "wikidata": "",
        "source_url": "https://www.openstreetmap.org/node/1904778755",
        "fetched_at_utc": "2026-10-07T09:50:34+00:00",
        "query_key": "galleries_and_arts",
        "tags": {
          "name": "Helmet",
          "tourism": "artwork"
        }
      }
    },
    {
      "type": "Feature",
      "geometry": {
        "type": "Point",
        "coordinates": [
          -1.0461572,
          53.9464823
        ]
      },
      "properties": {
        "id": "osm:node:11642298315",
        "source": "osm",
        "title": "Heslington Village Sign",
        "address": "",
        "description": "",
        "categories": [
          "cultural",
          "art"
        ],
        "primary_category": "cultural",
        "interest_score": 30,
        "website": "",
        "wikipedia": "",
        "wikidata": "",
        "source_url": "https://www.openstreetmap.org/node/11642298315",
        "fetched_at_utc": "2026-10-07T09:50:34+00:00",
        "query_key": "galleries_and_arts",
        "tags": {
          "man_made": "village_sign",
          "name": "Heslington Village Sign",
          "sign": "yes",
          "tourism": "artwork"
        }
      }
    },
    {
      "type": "Feature",
      "geometry": {
        "type": "Point",
        "coordinates": [
          -1.1107076,
          53.9592979
        ]
      },
      "properties": {
        "id": "osm:node:5629071014",
        "source": "osm",
        "title": "Holgate Arch",
        "address": "",
        "description": "",
        "categories": [
          "cultural",
          "art"
        ],
        "primary_category": "cultural",
        "interest_score": 30,
        "website": "",
        "wikipedia": "",
        "wikidata": "",
        "source_url": "https://www.openstreetmap.org/node/5629071014",
        "fetched_at_utc": "2026-10-07T09:50:34+00:00",
        "query_key": "galleries_and_arts",
        "tags": {
          "artwork_type": "sculpture",
          "name": "Holgate Arch",
          "tourism": "artwork"
        }
      }
    },
    {
      "type": "Feature",
      "geometry": {
        "type": "Point",
        "coordinates": [
          -1.0830966,
          53.9476783
        ]
      },
      "properties": {
        "id": "osm:node:1813259305",
        "source": "osm",
        "title": "Horse",
        "address": "",
        "description": "",
        "categories": [
          "cultural",
          "art"
        ],
        "primary_category": "cultural",
        "interest_score": 30,
        "website": "",
        "wikipedia": "",
        "wikidata": "",
        "source_url": "https://www.openstreetmap.org/node/1813259305",
        "fetched_at_utc": "2026-10-07T09:50:34+00:00",
        "query_key": "galleries_and_arts",
        "tags": {
          "name": "Horse",
          "tourism": "artwork"
        }
      }
    },
    {
      "type": "Feature",
      "geometry": {
        "type": "Point",
        "coordinates": [
          -1.0517648,
          53.9491704
        ]
      },
      "properties": {
        "id": "osm:way:41218000",
        "source": "osm",
        "title": "JB Morrell Library",
        "address": "York, YO10 5DD",
        "description": "",
        "categories": [
          "cultural",
          "literary"
        ],
        "primary_category": "cultural",
        "interest_score": 30,
        "website": "",
        "wikipedia": "",
        "wikidata": "",
        "source_url": "https://www.openstreetmap.org/way/41218000",
        "fetched_at_utc": "2026-10-07T09:50:34+00:00",
        "query_key": "performance_and_literary",
        "tags": {
          "addr:city": "York",
          "addr:place": "University of York",
          "addr:postcode": "YO10 5DD",
          "air_conditioning": "yes",
          "amenity": "library",
          "building": "university",
          "building:levels": "4",
          "check_date:opening_hours": "2025-10-15",
          "internet_access": "wlan;terminal",
          "name": "JB Morrell Library",
          "nohousenumber": "yes",
          "opening_hours": "Mo-Su 08:00-24:00",
          "ref": "LMO",
          "source": "OS_OpenData_StreetView",
          "wheelchair": "yes"
        }
      }
    },
    {
      "type": "Feature",
      "geometry": {
        "type": "Point",
        "coordinates": [
          -1.0545389,
          53.9458964
        ]
      },
      "properties": {
        "id": "osm:node:4805620561",
        "source": "osm",
        "title": "Jupiter",
        "address": "",
        "description": "",
        "categories": [
          "cultural",
          "art"
        ],
        "primary_category": "cultural",
        "interest_score": 30,
        "website": "",
        "wikipedia": "",
        "wikidata": "",
        "source_url": "https://www.openstreetmap.org/node/4805620561",
        "fetched_at_utc": "2026-10-07T09:50:34+00:00",
        "query_key": "galleries_and_arts",
        "tags": {
          "artwork_type": "sculpture",
          "name": "Jupiter",
          "survey:date": "2023-09-14",
          "tourism": "artwork"
        }
      }
    },
    {
      "type": "Feature",
      "geometry": {
        "type": "Point",
        "coordinates": [
          -1.0798301,
          53.9569213
        ]
      },
      "properties": {
        "id": "osm:node:11592886813",
        "source": "osm",
        "title": "Make History Every Day",
        "address": "",
        "description": "",
        "categories": [
          "cultural",
          "art"
        ],
        "primary_category": "cultural",
        "interest_score": 30,
        "website": "",
        "wikipedia": "",
        "wikidata": "",
        "source_url": "https://www.openstreetmap.org/node/11592886813",
        "fetched_at_utc": "2026-10-07T09:50:34+00:00",
        "query_key": "galleries_and_arts",
        "tags": {
          "artist_name": "Leah Pendleton",
          "artwork_type": "mural",
          "name": "Make History Every Day",
          "start_date": "2024",
          "tourism": "artwork"
        }
      }
    },
    {
      "type": "Feature",
      "geometry": {
        "type": "Point",
        "coordinates": [
          -1.0562334,
          53.9443212
        ]
      },
      "properties": {
        "id": "osm:node:4805620560",
        "source": "osm",
        "title": "Mars",
        "address": "",
        "description": "",
        "categories": [
          "cultural",
          "art"
        ],
        "primary_category": "cultural",
        "interest_score": 30,
        "website": "",
        "wikipedia": "",
        "wikidata": "",
        "source_url": "https://www.openstreetmap.org/node/4805620560",
        "fetched_at_utc": "2026-10-07T09:50:34+00:00",
        "query_key": "galleries_and_arts",
        "tags": {
          "artwork_type": "sculpture",
          "name": "Mars",
          "survey:date": "2023-09-17",
          "tourism": "artwork"
        }
      }
    },
    {
      "type": "Feature",
      "geometry": {
        "type": "Point",
        "coordinates": [
          -1.0522418,
          53.9470612
        ]
      },
      "properties": {
        "id": "osm:node:1784178627",
        "source": "osm",
        "title": "Meditation on Exhaustion",
        "address": "",
        "description": "",
        "categories": [
          "cultural",
          "art"
        ],
        "primary_category": "cultural",
        "interest_score": 30,
        "website": "",
        "wikipedia": "",
        "wikidata": "",
        "source_url": "https://www.openstreetmap.org/node/1784178627",
        "fetched_at_utc": "2026-10-07T09:50:34+00:00",
        "query_key": "galleries_and_arts",
        "tags": {
          "artist_name": "Thomas Taylor",
          "artwork_type": "sculpture",
          "name": "Meditation on Exhaustion",
          "tourism": "artwork"
        }
      }
    },
    {
      "type": "Feature",
      "geometry": {
        "type": "Point",
        "coordinates": [
          -1.057626,
          53.9435817
        ]
      },
      "properties": {
        "id": "osm:node:4804409706",
        "source": "osm",
        "title": "Mercury",
        "address": "",
        "description": "",
        "categories": [
          "cultural",
          "art"
        ],
        "primary_category": "cultural",
        "interest_score": 30,
        "website": "",
        "wikipedia": "",
        "wikidata": "",
        "source_url": "https://www.openstreetmap.org/node/4804409706",
        "fetched_at_utc": "2026-10-07T09:50:34+00:00",
        "query_key": "galleries_and_arts",
        "tags": {
          "name": "Mercury",
          "tourism": "artwork"
        }
      }
    },
    {
      "type": "Feature",
      "geometry": {
        "type": "Point",
        "coordinates": [
          -1.0817539,
          53.9485089
        ]
      },
      "properties": {
        "id": "osm:node:7576348166",
        "source": "osm",
        "title": "Mercury",
        "address": "",
        "description": "",
        "categories": [
          "cultural",
          "art"
        ],
        "primary_category": "cultural",
        "interest_score": 30,
        "website": "",
        "wikipedia": "",
        "wikidata": "",
        "source_url": "https://www.openstreetmap.org/node/7576348166",
        "fetched_at_utc": "2026-10-07T09:50:34+00:00",
        "query_key": "galleries_and_arts",
        "tags": {
          "artwork_type": "statue",
          "name": "Mercury",
          "subject:wikidata": "Q1150",
          "subject:wikipedia": "en:Mercury (mythology)",
          "tourism": "artwork"
        }
      }
    },
    {
      "type": "Feature",
      "geometry": {
        "type": "Point",
        "coordinates": [
          -1.0560656,
          53.9485966
        ]
      },
      "properties": {
        "id": "osm:node:3569121538",
        "source": "osm",
        "title": "Moondancer",
        "address": "",
        "description": "",
        "categories": [
          "cultural",
          "art"
        ],
        "primary_category": "cultural",
        "interest_score": 30,
        "website": "",
        "wikipedia": "",
        "wikidata": "",
        "source_url": "https://www.openstreetmap.org/node/3569121538",
        "fetched_at_utc": "2026-10-07T09:50:34+00:00",
        "query_key": "galleries_and_arts",
        "tags": {
          "artist_name": "Polly Ionides",
          "artwork_type": "sculpture",
          "name": "Moondancer",
          "survey:date": "2023-09-17",
          "tourism": "artwork"
        }
      }
    },
    {
      "type": "Feature",
      "geometry": {
        "type": "Point",
        "coordinates": [
          -1.0299493,
          53.9485379
        ]
      },
      "properties": {
        "id": "osm:node:4807388253",
        "source": "osm",
        "title": "Neptune",
        "address": "",
        "description": "",
        "categories": [
          "cultural",
          "art"
        ],
        "primary_category": "cultural",
        "interest_score": 30,
        "website": "",
        "wikipedia": "",
        "wikidata": "",
        "source_url": "https://www.openstreetmap.org/node/4807388253",
        "fetched_at_utc": "2026-10-07T09:50:34+00:00",
        "query_key": "galleries_and_arts",
        "tags": {
          "artwork_type": "sculpture",
          "name": "Neptune",
          "tourism": "artwork",
          "wheelchair": "yes"
        }
      }
    },
    {
      "type": "Feature",
      "geometry": {
        "type": "Point",
        "coordinates": [
          -1.0730166,
          53.9921656
        ]
      },
      "properties": {
        "id": "osm:node:1927728915",
        "source": "osm",
        "title": "New Earswick Library",
        "address": "York, YO32 4AQ",
        "description": "",
        "categories": [
          "cultural",
          "literary"
        ],
        "primary_category": "cultural",
        "interest_score": 30,
        "website": "",
        "wikipedia": "",
        "wikidata": "",
        "source_url": "https://www.openstreetmap.org/node/1927728915",
        "fetched_at_utc": "2026-10-07T09:50:34+00:00",
        "query_key": "performance_and_literary",
        "tags": {
          "addr:city": "York",
          "addr:postcode": "YO32 4AQ",
          "amenity": "library",
          "name": "New Earswick Library"
        }
      }
    },
    {
      "type": "Feature",
      "geometry": {
        "type": "Point",
        "coordinates": [
          -1.0498061,
          53.9474391
        ]
      },
      "properties": {
        "id": "osm:node:2011709659",
        "source": "osm",
        "title": "Norman Rea Art Gallery",
        "address": "York, YO10 5DD",
        "description": "",
        "categories": [
          "cultural",
          "art"
        ],
        "primary_category": "cultural",
        "interest_score": 30,
        "website": "",
        "wikipedia": "",
        "wikidata": "",
        "source_url": "https://www.openstreetmap.org/node/2011709659",
        "fetched_at_utc": "2026-10-07T09:50:34+00:00",
        "query_key": "galleries_and_arts",
        "tags": {
          "addr:city": "York",
          "addr:housename": "Derwent College",
          "addr:place": "University of York",
          "addr:postcode": "YO10 5DD",
          "check_date": "2024-10-21",
          "fee": "no",
          "layer": "2",
          "name": "Norman Rea Art Gallery",
          "opening_hours": "\"Exhibitions\"",
          "tourism": "gallery"
        }
      }
    },
    {
      "type": "Feature",
      "geometry": {
        "type": "Point",
        "coordinates": [
          -1.0253164,
          53.9490632
        ]
      },
      "properties": {
        "id": "osm:node:4807388254",
        "source": "osm",
        "title": "Pluto",
        "address": "",
        "description": "",
        "categories": [
          "cultural",
          "art"
        ],
        "primary_category": "cultural",
        "interest_score": 30,
        "website": "",
        "wikipedia": "",
        "wikidata": "",
        "source_url": "https://www.openstreetmap.org/node/4807388254",
        "fetched_at_utc": "2026-10-07T09:50:34+00:00",
        "query_key": "galleries_and_arts",
        "tags": {
          "artwork_type": "sculpture",
          "name": "Pluto",
          "tourism": "artwork"
        }
      }
    },
    {
      "type": "Feature",
      "geometry": {
        "type": "Point",
        "coordinates": [
          -1.0557991,
          53.9462447
        ]
      },
      "properties": {
        "id": "osm:node:1784178313",
        "source": "osm",
        "title": "Rail Sculpture",
        "address": "",
        "description": "",
        "categories": [
          "cultural",
          "art"
        ],
        "primary_category": "cultural",
        "interest_score": 30,
        "website": "",
        "wikipedia": "",
        "wikidata": "",
        "source_url": "https://www.openstreetmap.org/node/1784178313",
        "fetched_at_utc": "2026-10-07T09:50:34+00:00",
        "query_key": "galleries_and_arts",
        "tags": {
          "artist_name": "Harry Mercer",
          "artwork_type": "sculpture",
          "name": "Rail Sculpture",
          "tourism": "artwork"
        }
      }
    },
    {
      "type": "Feature",
      "geometry": {
        "type": "Point",
        "coordinates": [
          -1.0513617,
          53.94903
        ]
      },
      "properties": {
        "id": "osm:node:1610235459",
        "source": "osm",
        "title": "Raymond Burton Library for Humanities Research",
        "address": "",
        "description": "",
        "categories": [
          "cultural",
          "literary"
        ],
        "primary_category": "cultural",
        "interest_score": 30,
        "website": "",
        "wikipedia": "",
        "wikidata": "",
        "source_url": "https://www.openstreetmap.org/node/1610235459",
        "fetched_at_utc": "2026-10-07T09:50:34+00:00",
        "query_key": "performance_and_literary",
        "tags": {
          "amenity": "library",
          "check_date:opening_hours": "2025-10-15",
          "name": "Raymond Burton Library for Humanities Research",
          "opening_hours": "Mo-Su 08:00-24:00",
          "ref": "LBU"
        }
      }
    },
    {
      "type": "Feature",
      "geometry": {
        "type": "Point",
        "coordinates": [
          -1.0814254,
          53.963016
        ]
      },
      "properties": {
        "id": "osm:node:9859219080",
        "source": "osm",
        "title": "Saint Peter",
        "address": "",
        "description": "",
        "categories": [
          "cultural",
          "art"
        ],
        "primary_category": "cultural",
        "interest_score": 30,
        "website": "",
        "wikipedia": "",
        "wikidata": "",
        "source_url": "https://www.openstreetmap.org/node/9859219080",
        "fetched_at_utc": "2026-10-07T09:50:34+00:00",
        "query_key": "galleries_and_arts",
        "tags": {
          "artwork_type": "statue",
          "name": "Saint Peter",
          "subject:wikidata": "Q33923",
          "subject:wikipedia": "en:Saint Peter",
          "tourism": "artwork"
        }
      }
    },
    {
      "type": "Feature",
      "geometry": {
        "type": "Point",
        "coordinates": [
          -1.0488765,
          53.9458377
        ]
      },
      "properties": {
        "id": "osm:node:4724882077",
        "source": "osm",
        "title": "Saturn",
        "address": "",
        "description": "",
        "categories": [
          "cultural",
          "art"
        ],
        "primary_category": "cultural",
        "interest_score": 30,
        "website": "",
        "wikipedia": "",
        "wikidata": "",
        "source_url": "https://www.openstreetmap.org/node/4724882077",
        "fetched_at_utc": "2026-10-07T09:50:34+00:00",
        "query_key": "galleries_and_arts",
        "tags": {
          "name": "Saturn",
          "tourism": "artwork"
        }
      }
    },
    {
      "type": "Feature",
      "geometry": {
        "type": "Point",
        "coordinates": [
          -1.0559801,
          53.9485181
        ]
      },
      "properties": {
        "id": "osm:node:3990202618",
        "source": "osm",
        "title": "Singing Stone",
        "address": "",
        "description": "",
        "categories": [
          "cultural",
          "art"
        ],
        "primary_category": "cultural",
        "interest_score": 30,
        "website": "",
        "wikipedia": "",
        "wikidata": "",
        "source_url": "https://www.openstreetmap.org/node/3990202618",
        "fetched_at_utc": "2026-10-07T09:50:34+00:00",
        "query_key": "galleries_and_arts",
        "tags": {
          "artist_name": "Gordon Young",
          "artwork_type": "sculpture",
          "material": "stone",
          "name": "Singing Stone",
          "survey:date": "2023-09-17",
          "tourism": "artwork"
        }
      }
    },
    {
      "type": "Feature",
      "geometry": {
        "type": "Point",
        "coordinates": [
          -1.0742936,
          53.9907165
        ]
      },
      "properties": {
        "id": "osm:way:559540553",
        "source": "osm",
        "title": "Smoki Gallery",
        "address": "York",
        "description": "",
        "categories": [
          "cultural",
          "art"
        ],
        "primary_category": "cultural",
        "interest_score": 30,
        "website": "",
        "wikipedia": "",
        "wikidata": "",
        "source_url": "https://www.openstreetmap.org/way/559540553",
        "fetched_at_utc": "2026-10-07T09:50:34+00:00",
        "query_key": "galleries_and_arts",
        "tags": {
          "addr:city": "York",
          "amenity": "arts_centre",
          "building:part": "private",
          "name": "Smoki Gallery",
          "tourism": "gallery"
        }
      }
    },
    {
      "type": "Feature",
      "geometry": {
        "type": "Point",
        "coordinates": [
          -1.0578804,
          53.943611
        ]
      },
      "properties": {
        "id": "osm:node:10616748847",
        "source": "osm",
        "title": "Sun",
        "address": "",
        "description": "",
        "categories": [
          "cultural",
          "art"
        ],
        "primary_category": "cultural",
        "interest_score": 30,
        "website": "",
        "wikipedia": "",
        "wikidata": "",
        "source_url": "https://www.openstreetmap.org/node/10616748847",
        "fetched_at_utc": "2026-10-07T09:50:34+00:00",
        "query_key": "galleries_and_arts",
        "tags": {
          "name": "Sun",
          "tourism": "artwork"
        }
      }
    },
    {
      "type": "Feature",
      "geometry": {
        "type": "Point",
        "coordinates": [
          -1.0921413,
          53.9559472
        ]
      },
      "properties": {
        "id": "osm:node:6860312834",
        "source": "osm",
        "title": "Tansy Beetle",
        "address": "",
        "description": "",
        "categories": [
          "cultural",
          "art"
        ],
        "primary_category": "cultural",
        "interest_score": 30,
        "website": "",
        "wikipedia": "",
        "wikidata": "",
        "source_url": "https://www.openstreetmap.org/node/6860312834",
        "fetched_at_utc": "2026-10-07T09:50:34+00:00",
        "query_key": "galleries_and_arts",
        "tags": {
          "artist_name": "ATM",
          "artwork_subject": "figurative",
          "artwork_type": "mural",
          "name": "Tansy Beetle",
          "start_date": "2019",
          "subject:wikidata": "Q1301929",
          "tourism": "artwork"
        }
      }
    },
    {
      "type": "Feature",
      "geometry": {
        "type": "Point",
        "coordinates": [
          -1.0885796,
          53.9422922
        ]
      },
      "properties": {
        "id": "osm:node:7347139374",
        "source": "osm",
        "title": "Terrys Chocolate Orange",
        "address": "",
        "description": "",
        "categories": [
          "cultural",
          "art"
        ],
        "primary_category": "cultural",
        "interest_score": 30,
        "website": "",
        "wikipedia": "",
        "wikidata": "",
        "source_url": "https://www.openstreetmap.org/node/7347139374",
        "fetched_at_utc": "2026-10-07T09:50:34+00:00",
        "query_key": "galleries_and_arts",
        "tags": {
          "artwork_type": "sculpture",
          "material": "steel",
          "name": "Terrys Chocolate Orange",
          "tourism": "artwork"
        }
      }
    },
    {
      "type": "Feature",
      "geometry": {
        "type": "Point",
        "coordinates": [
          -1.0501404,
          53.9466587
        ]
      },
      "properties": {
        "id": "osm:node:3042296859",
        "source": "osm",
        "title": "Totem IV \"Figural Amplification\"",
        "address": "",
        "description": "",
        "categories": [
          "cultural",
          "art"
        ],
        "primary_category": "cultural",
        "interest_score": 30,
        "website": "",
        "wikipedia": "",
        "wikidata": "",
        "source_url": "https://www.openstreetmap.org/node/3042296859",
        "fetched_at_utc": "2026-10-07T09:50:34+00:00",
        "query_key": "galleries_and_arts",
        "tags": {
          "artist_name": "Thomas Taylor",
          "artwork_type": "sculpture",
          "material": "steel",
          "name": "Totem IV \"Figural Amplification\"",
          "start_date": "2006",
          "tourism": "artwork"
        }
      }
    },
    {
      "type": "Feature",
      "geometry": {
        "type": "Point",
        "coordinates": [
          -1.0818598,
          53.9499212
        ]
      },
      "properties": {
        "id": "osm:node:1904778754",
        "source": "osm",
        "title": "Totem Pole",
        "address": "",
        "description": "",
        "categories": [
          "cultural",
          "art"
        ],
        "primary_category": "cultural",
        "interest_score": 30,
        "website": "",
        "wikipedia": "",
        "wikidata": "",
        "source_url": "https://www.openstreetmap.org/node/1904778754",
        "fetched_at_utc": "2026-10-07T09:50:34+00:00",
        "query_key": "galleries_and_arts",
        "tags": {
          "artist_name": "Mike Oakenfull and Chris Wormald",
          "artwork_subject": "abstract",
          "artwork_type": "sculpture",
          "material": "wood",
          "name": "Totem Pole",
          "note": "Created to mark Rowntree Park's 82nd anniversary",
          "start_date": "2003",
          "tourism": "artwork"
        }
      }
    },
    {
      "type": "Feature",
      "geometry": {
        "type": "Point",
        "coordinates": [
          -1.0762896,
          53.9643671
        ]
      },
      "properties": {
        "id": "osm:node:2726497924",
        "source": "osm",
        "title": "Upstage Centre Youth Theatre",
        "address": "41 Monkgate, York, YO31 7PB",
        "description": "",
        "categories": [
          "cultural",
          "art"
        ],
        "primary_category": "cultural",
        "interest_score": 30,
        "website": "",
        "wikipedia": "",
        "wikidata": "",
        "source_url": "https://www.openstreetmap.org/node/2726497924",
        "fetched_at_utc": "2026-10-07T09:50:34+00:00",
        "query_key": "performance_and_literary",
        "tags": {
          "addr:city": "York",
          "addr:housenumber": "41",
          "addr:postcode": "YO31 7PB",
          "addr:street": "Monkgate",
          "amenity": "theatre",
          "name": "Upstage Centre Youth Theatre"
        }
      }
    },
    {
      "type": "Feature",
      "geometry": {
        "type": "Point",
        "coordinates": [
          -1.0387663,
          53.9473965
        ]
      },
      "properties": {
        "id": "osm:node:4807388252",
        "source": "osm",
        "title": "Uranus",
        "address": "",
        "description": "",
        "categories": [
          "cultural",
          "art"
        ],
        "primary_category": "cultural",
        "interest_score": 30,
        "website": "",
        "wikipedia": "",
        "wikidata": "",
        "source_url": "https://www.openstreetmap.org/node/4807388252",
        "fetched_at_utc": "2026-10-07T09:50:34+00:00",
        "query_key": "galleries_and_arts",
        "tags": {
          "artwork_type": "sculpture",
          "name": "Uranus",
          "tourism": "artwork"
        }
      }
    },
    {
      "type": "Feature",
      "geometry": {
        "type": "Point",
        "coordinates": [
          -1.0747523,
          53.9535767
        ]
      },
      "properties": {
        "id": "osm:way:1185177049",
        "source": "osm",
        "title": "Urban Rhythm",
        "address": "",
        "description": "",
        "categories": [
          "cultural",
          "art"
        ],
        "primary_category": "cultural",
        "interest_score": 30,
        "website": "",
        "wikipedia": "",
        "wikidata": "",
        "source_url": "https://www.openstreetmap.org/way/1185177049",
        "fetched_at_utc": "2026-10-07T09:50:34+00:00",
        "query_key": "galleries_and_arts",
        "tags": {
          "artist_name": "Emmeline - Charlotte North",
          "artwork_type": "mural",
          "name": "Urban Rhythm",
          "start_date": "2023",
          "tourism": "artwork"
        }
      }
    },
    {
      "type": "Feature",
      "geometry": {
        "type": "Point",
        "coordinates": [
          -1.057092,
          53.9435006
        ]
      },
      "properties": {
        "id": "osm:node:4804409707",
        "source": "osm",
        "title": "Venus",
        "address": "",
        "description": "",
        "categories": [
          "cultural",
          "art"
        ],
        "primary_category": "cultural",
        "interest_score": 30,
        "website": "",
        "wikipedia": "",
        "wikidata": "",
        "source_url": "https://www.openstreetmap.org/node/4804409707",
        "fetched_at_utc": "2026-10-07T09:50:34+00:00",
        "query_key": "galleries_and_arts",
        "tags": {
          "name": "Venus",
          "survey:date": "2023-09-14",
          "tourism": "artwork"
        }
      }
    },
    {
      "type": "Feature",
      "geometry": {
        "type": "Point",
        "coordinates": [
          -1.0820725,
          53.9646123
        ]
      },
      "properties": {
        "id": "osm:way:28759731",
        "source": "osm",
        "title": "Robin Hood Tower",
        "address": "",
        "description": "Tower on the City Walls. There has been a tower here since at least 1370, but te present one was built 1888-89.",
        "categories": [
          "landmark"
        ],
        "primary_category": "landmark",
        "interest_score": 27,
        "website": "",
        "wikipedia": "",
        "wikidata": "",
        "source_url": "https://www.openstreetmap.org/way/28759731",
        "fetched_at_utc": "2026-10-07T09:50:34+00:00",
        "query_key": "attractions_and_viewpoints",
        "tags": {
          "attraction": "historic",
          "castle_type": "defensive",
          "description": "Tower on the City Walls. There has been a tower here since at least 1370, but te present one was built 1888-89.",
          "man_made": "tower",
          "name": "Robin Hood Tower",
          "old_name": "Bawing Tower;The Bawing Tower;Frost Tower",
          "tourism": "attraction",
          "tower:type": "defensive",
          "wheelchair": "no"
        }
      }
    },
    {
      "type": "Feature",
      "geometry": {
        "type": "Point",
        "coordinates": [
          -1.078256,
          53.9573026
        ]
      },
      "properties": {
        "id": "osm:node:4033087825",
        "source": "osm",
        "title": "Puzzling World of Professor Kettlestring",
        "address": "14 Merchantgate, York, YO1 9TU",
        "description": "",
        "categories": [
          "landmark"
        ],
        "primary_category": "landmark",
        "interest_score": 22,
        "website": "",
        "wikipedia": "",
        "wikidata": "",
        "source_url": "https://www.openstreetmap.org/node/4033087825",
        "fetched_at_utc": "2026-10-07T09:50:34+00:00",
        "query_key": "attractions_and_viewpoints",
        "tags": {
          "addr:city": "York",
          "addr:housenumber": "14",
          "addr:postcode": "YO1 9TU",
          "addr:street": "Merchantgate",
          "name": "Puzzling World of Professor Kettlestring",
          "old_name": "MySight York",
          "old_name_2": "Briar House Resources",
          "old_name_3": "Savills",
          "tourism": "attraction"
        }
      }
    }
  ]
}