{
  "type": "FeatureCollection",
  "features": [
    {
      "type": "Feature",
      "geometry": {
        "type": "Point",
        "coordinates": [
          -1.093159,
          53.95412
        ]
      },
      "properties": {
        "name": "Bay Horse Inn",
        "osm_type": "wikidata",
        "osm_id": 26550607,
        "address": "York",
        "house_name": "",
        "house_number": "",
        "street": "",
        "suburb": "",
        "city": "York",
        "postcode": "",
        "country": "",
        "operator": "",
        "brewery": "",
        "website": "",
        "phone": "",
        "opening_hours": "",
        "cuisine": "",
        "food": "",
        "drink": "",
        "outdoor_seating": "",
        "indoor_seating": "",
        "internet_access": "",
        "real_ale": "",
        "real_cider": "",
        "live_music": "",
        "dog": "",
        "wheelchair": "",
        "toilets": "",
        "smoking": "",
        "wikidata": "Q26550607",
        "wikipedia": "en:Bay Horse, Blossom Street",
        "fetched_at_utc": "2026-10-01T14:46:45+00:00",
        "source_endpoint": "wikidata",
        "tags": {
          "name": "Bay Horse Inn",
          "wikidata": "Q26550607",
          "amenity": "pub",
          "heritage": "2",
          "historic": "building",
          "listed_status": "grade ii",
          "wikipedia": "en:Bay Horse, Blossom Street",
          "addr:city": "York"
        }
      }
    },
    {
      "type": "Feature",
      "geometry": {
        "type": "Point",
        "coordinates": [
          -1.0557274,
          53.953948
        ]
      },
      "properties": {
        "name": "Beeswing",
        "osm_type": "wikidata",
        "osm_id": 136770705,
        "address": "York",
        "house_name": "",
        "house_number": "",
        "street": "",
        "suburb": "",
        "city": "York",
        "postcode": "",
        "country": "",
        "operator": "",
        "brewery": "",
        "website": "",
        "phone": "",
        "opening_hours": "",
        "cuisine": "",
        "food": "",
        "drink": "",
        "outdoor_seating": "",
        "indoor_seating": "",
        "internet_access": "",
        "real_ale": "",
        "real_cider": "",
        "live_music": "",
        "dog": "",
        "wheelchair": "",
        "toilets": "",
        "smoking": "",
        "wikidata": "Q136770705",
        "wikipedia": "",
        "fetched_at_utc": "2026-10-01T14:46:45+00:00",
        "source_endpoint": "wikidata",
        "tags": {
          "name": "Beeswing",
          "wikidata": "Q136770705",
          "amenity": "pub",
          "addr:city": "York"
        }
      }
    },
    {
      "type": "Feature",
      "geometry": {
        "type": "Point",
        "coordinates": [
          -1.043682,
          53.95355
        ]
      },
      "properties": {
        "name": "Black Bull",
        "osm_type": "wikidata",
        "osm_id": 136489368,
        "address": "York",
        "house_name": "",
        "house_number": "",
        "street": "",
        "suburb": "",
        "city": "York",
        "postcode": "",
        "country": "",
        "operator": "",
        "brewery": "",
        "website": "",
        "phone": "",
        "opening_hours": "",
        "cuisine": "",
        "food": "",
        "drink": "",
        "outdoor_seating": "",
        "indoor_seating": "",
        "internet_access": "",
        "real_ale": "",
        "real_cider": "",
        "live_music": "",
        "dog": "",
        "wheelchair": "",
        "toilets": "",
        "smoking": "",
        "wikidata": "Q136489368",
        "wikipedia": "",
        "fetched_at_utc": "2026-10-01T14:46:45+00:00",
        "source_endpoint": "wikidata",
        "tags": {
          "name": "Black Bull",
          "wikidata": "Q136489368",
          "amenity": "pub",
          "addr:city": "York"
        }
      }
    },
    {
      "type": "Feature",
      "geometry": {
        "type": "Point",
        "coordinates": [
          -1.081245,
          53.957423
        ]
      },
      "properties": {
        "name": "Blue Boar",
        "osm_type": "wikidata",
        "osm_id": 26550457,
        "address": "York",
        "house_name": "",
        "house_number": "",
        "street": "",
        "suburb": "",
        "city": "York",
        "postcode": "",
        "country": "",
        "operator": "",
        "brewery": "",
        "website": "",
        "phone": "",
        "opening_hours": "",
        "cuisine": "",
        "food": "",
        "drink": "",
        "outdoor_seating": "",
        "indoor_seating": "",
        "internet_access": "",
        "real_ale": "",
        "real_cider": "",
        "live_music": "",
        "dog": "",
        "wheelchair": "",
        "toilets": "",
        "smoking": "",
        "wikidata": "Q26550457",
        "wikipedia": "en:Blue Boar, York",
        "fetched_at_utc": "2026-10-01T14:46:45+00:00",
        "source_endpoint": "wikidata",
        "tags": {
          "name": "Blue Boar",
          "wikidata": "Q26550457",
          "amenity": "pub",
          "heritage": "2",
          "historic": "building",
          "listed_status": "grade ii",
          "wikipedia": "en:Blue Boar, York",
          "addr:city": "York"
        }
      }
    },
    {
      "type": "Feature",
      "geometry": {
        "type": "Point",
        "coordinates": [
          -1.074505,
          53.9645521
        ]
      },
      "properties": {
        "name": "Brigadier Gerard",
        "osm_type": "wikidata",
        "osm_id": 136772133,
        "address": "York",
        "house_name": "",
        "house_number": "",
        "street": "",
        "suburb": "",
        "city": "York",
        "postcode": "",
        "country": "",
        "operator": "",
        "brewery": "",
        "website": "",
        "phone": "",
        "opening_hours": "",
        "cuisine": "",
        "food": "",
        "drink": "",
        "outdoor_seating": "",
        "indoor_seating": "",
        "internet_access": "",
        "real_ale": "",
        "real_cider": "",
        "live_music": "",
        "dog": "",
        "wheelchair": "",
        "toilets": "",
        "smoking": "",
        "wikidata": "Q136772133",
        "wikipedia": "",
        "fetched_at_utc": "2026-10-01T14:46:45+00:00",
        "source_endpoint": "wikidata",
        "tags": {
          "name": "Brigadier Gerard",
          "wikidata": "Q136772133",
          "amenity": "pub",
          "addr:city": "York"
        }
      }
    },
    {
      "type": "Feature",
      "geometry": {
        "type": "Point",
        "coordinates": [
          -1.0731878,
          53.9547131
        ]
      },
      "properties": {
        "name": "Brown Cow",
        "osm_type": "wikidata",
        "osm_id": 136794217,
        "address": "York",
        "house_name": "",
        "house_number": "",
        "street": "",
        "suburb": "",
        "city": "York",
        "postcode": "",
        "country": "",
        "operator": "",
        "brewery": "",
        "website": "",
        "phone": "",
        "opening_hours": "",
        "cuisine": "",
        "food": "",
        "drink": "",
        "outdoor_seating": "",
        "indoor_seating": "",
        "internet_access": "",
        "real_ale": "",
        "real_cider": "",
        "live_music": "",
        "dog": "",
        "wheelchair": "",
        "toilets": "",
        "smoking": "",
        "wikidata": "Q136794217",
        "wikipedia": "",
        "fetched_at_utc": "2026-10-01T14:46:45+00:00",
        "source_endpoint": "wikidata",
        "tags": {
          "name": "Brown Cow",
          "wikidata": "Q136794217",
          "amenity": "pub",
          "addr:city": "York"
        }
      }
    },
    {
      "type": "Feature",
      "geometry": {
        "type": "Point",
        "coordinates": [
          -1.0842147,
          53.9560044
        ]
      },
      "properties": {
        "name": "Cock & Bottle",
        "osm_type": "wikidata",
        "osm_id": 136794160,
        "address": "York",
        "house_name": "",
        "house_number": "",
        "street": "",
        "suburb": "",
        "city": "York",
        "postcode": "",
        "country": "",
        "operator": "",
        "brewery": "",
        "website": "",
        "phone": "",
        "opening_hours": "",
        "cuisine": "",
        "food": "",
        "drink": "",
        "outdoor_seating": "",
        "indoor_seating": "",
        "internet_access": "",
        "real_ale": "",
        "real_cider": "",
        "live_music": "",
        "dog": "",
        "wheelchair": "",
        "toilets": "",
        "smoking": "",
        "wikidata": "Q136794160",
        "wikipedia": "",
        "fetched_at_utc": "2026-10-01T14:46:45+00:00",
        "source_endpoint": "wikidata",
        "tags": {
          "name": "Cock & Bottle",
          "wikidata": "Q136794160",
          "amenity": "pub",
          "addr:city": "York"
        }
      }
    },
    {
      "type": "Feature",
      "geometry": {
        "type": "Point",
        "coordinates": [
          -1.106663,
          53.940461
        ]
      },
      "properties": {
        "name": "Cross Keys Hotel",
        "osm_type": "wikidata",
        "osm_id": 26547974,
        "address": "York",
        "house_name": "",
        "house_number": "",
        "street": "",
        "suburb": "",
        "city": "York",
        "postcode": "",
        "country": "",
        "operator": "",
        "brewery": "",
        "website": "",
        "phone": "",
        "opening_hours": "",
        "cuisine": "",
        "food": "",
        "drink": "",
        "outdoor_seating": "",
        "indoor_seating": "",
        "internet_access": "",
        "real_ale": "",
        "real_cider": "",
        "live_music": "",
        "dog": "",
        "wheelchair": "",
        "toilets": "",
        "smoking": "",
        "wikidata": "Q26547974",
        "wikipedia": "en:Cross Keys, Dringhouses",
        "fetched_at_utc": "2026-10-01T14:46:45+00:00",
        "source_endpoint": "wikidata",
        "tags": {
          "name": "Cross Keys Hotel",
          "wikidata": "Q26547974",
          "amenity": "pub",
          "heritage": "2",
          "historic": "building",
          "listed_status": "grade ii",
          "wikipedia": "en:Cross Keys, Dringhouses",
          "addr:city": "York"
        }
      }
    },
    {
      "type": "Feature",
      "geometry": {
        "type": "Point",
        "coordinates": [
          -1.0799897,
          53.9598996
        ]
      },
      "properties": {
        "name": "Duke of York",
        "osm_type": "wikidata",
        "osm_id": 136659959,
        "address": "York",
        "house_name": "",
        "house_number": "",
        "street": "",
        "suburb": "",
        "city": "York",
        "postcode": "",
        "country": "",
        "operator": "",
        "brewery": "",
        "website": "",
        "phone": "",
        "opening_hours": "",
        "cuisine": "",
        "food": "",
        "drink": "",
        "outdoor_seating": "",
        "indoor_seating": "",
        "internet_access": "",
        "real_ale": "",
        "real_cider": "",
        "live_music": "",
        "dog": "",
        "wheelchair": "",
        "toilets": "",
        "smoking": "",
        "wikidata": "Q136659959",
        "wikipedia": "",
        "fetched_at_utc": "2026-10-01T14:46:45+00:00",
        "source_endpoint": "wikidata",
        "tags": {
          "name": "Duke of York",
          "wikidata": "Q136659959",
          "amenity": "pub",
          "addr:city": "York"
        }
      }
    },
    {
      "type": "Feature",
      "geometry": {
        "type": "Point",
        "coordinates": [
          -1.08467,
          53.9624
        ]
      },
      "properties": {
        "name": "Eagle & Child",
        "osm_type": "wikidata",
        "osm_id": 17549881,
        "address": "York",
        "house_name": "",
        "house_number": "",
        "street": "",
        "suburb": "",
        "city": "York",
        "postcode": "",
        "country": "",
        "operator": "",
        "brewery": "",
        "website": "",
        "phone": "",
        "opening_hours": "",
        "cuisine": "",
        "food": "",
        "drink": "",
        "outdoor_seating": "",
        "indoor_seating": "",
        "internet_access": "",
        "real_ale": "",
        "real_cider": "",
        "live_music": "",
        "dog": "",
        "wheelchair": "",
        "toilets": "",
        "smoking": "",
        "wikidata": "Q17549881",
        "wikipedia": "en:Eagle & Child, York",
        "fetched_at_utc": "2026-10-01T14:46:45+00:00",
        "source_endpoint": "wikidata",
        "tags": {
          "name": "Eagle & Child",
          "wikidata": "Q17549881",
          "amenity": "pub",
          "historic": "building",
          "heritage": "2",
          "listed_status": "grade ii*",
          "wikipedia": "en:Eagle & Child, York",
          "addr:city": "York"
        }
      }
    },
    {
      "type": "Feature",
      "geometry": {
        "type": "Point",
        "coordinates": [
          -1.085583,
          53.963249
        ]
      },
      "properties": {
        "name": "Exhibition Hotel",
        "osm_type": "wikidata",
        "osm_id": 26550583,
        "address": "York",
        "house_name": "",
        "house_number": "",
        "street": "",
        "suburb": "",
        "city": "York",
        "postcode": "",
        "country": "",
        "operator": "",
        "brewery": "",
        "website": "",
        "phone": "",
        "opening_hours": "",
        "cuisine": "",
        "food": "",
        "drink": "",
        "outdoor_seating": "",
        "indoor_seating": "",
        "internet_access": "",
        "real_ale": "",
        "real_cider": "",
        "live_music": "",
        "dog": "",
        "wheelchair": "",
        "toilets": "",
        "smoking": "",
        "wikidata": "Q26550583",
        "wikipedia": "en:The Exhibition, York",
        "fetched_at_utc": "2026-10-01T14:46:45+00:00",
        "source_endpoint": "wikidata",
        "tags": {
          "name": "Exhibition Hotel",
          "wikidata": "Q26550583",
          "amenity": "pub",
          "heritage": "2",
          "historic": "building",
          "listed_status": "grade ii",
          "wikipedia": "en:The Exhibition, York",
          "addr:city": "York"
        }
      }
    },
    {
      "type": "Feature",
      "geometry": {
        "type": "Point",
        "coordinates": [
          -1.10485,
          53.989818
        ]
      },
      "properties": {
        "name": "Flying Legends",
        "osm_type": "wikidata",
        "osm_id": 137770097,
        "address": "York",
        "house_name": "",
        "house_number": "",
        "street": "",
        "suburb": "",
        "city": "York",
        "postcode": "",
        "country": "",
        "operator": "",
        "brewery": "",
        "website": "",
        "phone": "",
        "opening_hours": "",
        "cuisine": "",
        "food": "",
        "drink": "",
        "outdoor_seating": "",
        "indoor_seating": "",
        "internet_access": "",
        "real_ale": "",
        "real_cider": "",
        "live_music": "",
        "dog": "",
        "wheelchair": "",
        "toilets": "",
        "smoking": "",
        "wikidata": "Q137770097",
        "wikipedia": "",
        "fetched_at_utc": "2026-10-01T14:46:45+00:00",
        "source_endpoint": "wikidata",
        "tags": {
          "name": "Flying Legends",
          "wikidata": "Q137770097",
          "amenity": "pub",
          "addr:city": "York"
        }
      }
    },
    {
      "type": "Feature",
      "geometry": {
        "type": "Point",
        "coordinates": [
          -1.0792448,
          53.958884
        ]
      },
      "properties": {
        "name": "Fossgate Tap",
        "osm_type": "wikidata",
        "osm_id": 137770059,
        "address": "York",
        "house_name": "",
        "house_number": "",
        "street": "",
        "suburb": "",
        "city": "York",
        "postcode": "",
        "country": "",
        "operator": "",
        "brewery": "",
        "website": "",
        "phone": "",
        "opening_hours": "",
        "cuisine": "",
        "food": "",
        "drink": "",
        "outdoor_seating": "",
        "indoor_seating": "",
        "internet_access": "",
        "real_ale": "",
        "real_cider": "",
        "live_music": "",
        "dog": "",
        "wheelchair": "",
        "toilets": "",
        "smoking": "",
        "wikidata": "Q137770059",
        "wikipedia": "",
        "fetched_at_utc": "2026-10-01T14:46:45+00:00",
        "source_endpoint": "wikidata",
        "tags": {
          "name": "Fossgate Tap",
          "wikidata": "Q137770059",
          "amenity": "pub",
          "addr:city": "York"
        }
      }
    },
    {
      "type": "Feature",
      "geometry": {
        "type": "Point",
        "coordinates": [
          -1.073676,
          53.947168
        ]
      },
      "properties": {
        "name": "Fulford Arms",
        "osm_type": "wikidata",
        "osm_id": 137758651,
        "address": "York",
        "house_name": "",
        "house_number": "",
        "street": "",
        "suburb": "",
        "city": "York",
        "postcode": "",
        "country": "",
        "operator": "",
        "brewery": "",
        "website": "",
        "phone": "",
        "opening_hours": "",
        "cuisine": "",
        "food": "",
        "drink": "",
        "outdoor_seating": "",
        "indoor_seating": "",
        "internet_access": "",
        "real_ale": "",
        "real_cider": "",
        "live_music": "",
        "dog": "",
        "wheelchair": "",
        "toilets": "",
        "smoking": "",
        "wikidata": "Q137758651",
        "wikipedia": "",
        "fetched_at_utc": "2026-10-01T14:46:45+00:00",
        "source_endpoint": "wikidata",
        "tags": {
          "name": "Fulford Arms",
          "wikidata": "Q137758651",
          "amenity": "pub",
          "addr:city": "York"
        }
      }
    },
    {
      "type": "Feature",
      "geometry": {
        "type": "Point",
        "coordinates": [
          -1.07967,
          53.9587
        ]
      },
      "properties": {
        "name": "Golden Fleece Inn",
        "osm_type": "wikidata",
        "osm_id": 5579404,
        "address": "York",
        "house_name": "",
        "house_number": "",
        "street": "",
        "suburb": "",
        "city": "York",
        "postcode": "",
        "country": "",
        "operator": "",
        "brewery": "",
        "website": "",
        "phone": "",
        "opening_hours": "",
        "cuisine": "",
        "food": "",
        "drink": "",
        "outdoor_seating": "",
        "indoor_seating": "",
        "internet_access": "",
        "real_ale": "",
        "real_cider": "",
        "live_music": "",
        "dog": "",
        "wheelchair": "",
        "toilets": "",
        "smoking": "",
        "wikidata": "Q5579404",
        "wikipedia": "en:Golden Fleece, York",
        "fetched_at_utc": "2026-10-01T14:46:45+00:00",
        "source_endpoint": "wikidata",
        "tags": {
          "name": "Golden Fleece Inn",
          "wikidata": "Q5579404",
          "amenity": "pub",
          "heritage": "2",
          "historic": "building",
          "listed_status": "grade ii",
          "wikipedia": "en:Golden Fleece, York",
          "addr:city": "York"
        }
      }
    },
    {
      "type": "Feature",
      "geometry": {
        "type": "Point",
        "coordinates": [
          -1.0808328,
          53.9602053
        ]
      },
      "properties": {
        "name": "Golden Lion",
        "osm_type": "wikidata",
        "osm_id": 136487886,
        "address": "York",
        "house_name": "",
        "house_number": "",
        "street": "",
        "suburb": "",
        "city": "York",
        "postcode": "",
        "country": "",
        "operator": "",
        "brewery": "",
        "website": "",
        "phone": "",
        "opening_hours": "",
        "cuisine": "",
        "food": "",
        "drink": "",
        "outdoor_seating": "",
        "indoor_seating": "",
        "internet_access": "",
        "real_ale": "",
        "real_cider": "",
        "live_music": "",
        "dog": "",
        "wheelchair": "",
        "toilets": "",
        "smoking": "",
        "wikidata": "Q136487886",
        "wikipedia": "",
        "fetched_at_utc": "2026-10-01T14:46:45+00:00",
        "source_endpoint": "wikidata",
        "tags": {
          "name": "Golden Lion",
          "wikidata": "Q136487886",
          "amenity": "pub",
          "addr:city": "York"
        }
      }
    },
    {
      "type": "Feature",
      "geometry": {
        "type": "Point",
        "coordinates": [
          -1.08306,
          53.9616
        ]
      },
      "properties": {
        "name": "Guy Fawkes Inn",
        "osm_type": "wikidata",
        "osm_id": 115460524,
        "address": "York",
        "house_name": "",
        "house_number": "",
        "street": "",
        "suburb": "",
        "city": "York",
        "postcode": "",
        "country": "",
        "operator": "",
        "brewery": "",
        "website": "",
        "phone": "",
        "opening_hours": "",
        "cuisine": "",
        "food": "",
        "drink": "",
        "outdoor_seating": "",
        "indoor_seating": "",
        "internet_access": "",
        "real_ale": "",
        "real_cider": "",
        "live_music": "",
        "dog": "",
        "wheelchair": "",
        "toilets": "",
        "smoking": "",
        "wikidata": "Q115460524",
        "wikipedia": "",
        "fetched_at_utc": "2026-10-01T14:46:45+00:00",
        "source_endpoint": "wikidata",
        "tags": {
          "name": "Guy Fawkes Inn",
          "wikidata": "Q115460524",
          "amenity": "pub",
          "addr:city": "York"
        }
      }
    },
    {
      "type": "Feature",
      "geometry": {
        "type": "Point",
        "coordinates": [
          -1.084858,
          53.960196
        ]
      },
      "properties": {
        "name": "Harkers",
        "osm_type": "wikidata",
        "osm_id": 26548236,
        "address": "York",
        "house_name": "",
        "house_number": "",
        "street": "",
        "suburb": "",
        "city": "York",
        "postcode": "",
        "country": "",
        "operator": "",
        "brewery": "",
        "website": "",
        "phone": "",
        "opening_hours": "",
        "cuisine": "",
        "food": "",
        "drink": "",
        "outdoor_seating": "",
        "indoor_seating": "",
        "internet_access": "",
        "real_ale": "",
        "real_cider": "",
        "live_music": "",
        "dog": "",
        "wheelchair": "",
        "toilets": "",
        "smoking": "",
        "wikidata": "Q26548236",
        "wikipedia": "en:Harkers, York",
        "fetched_at_utc": "2026-10-01T14:46:45+00:00",
        "source_endpoint": "wikidata",
        "tags": {
          "name": "Harkers",
          "wikidata": "Q26548236",
          "amenity": "pub",
          "heritage": "2",
          "historic": "building",
          "listed_status": "grade ii",
          "wikipedia": "en:Harkers, York",
          "addr:city": "York"
        }
      }
    },
    {
      "type": "Feature",
      "geometry": {
        "type": "Point",
        "coordinates": [
          -1.127383,
          53.989275
        ]
      },
      "properties": {
        "name": "Hickory's Smokehouse",
        "osm_type": "wikidata",
        "osm_id": 136213295,
        "address": "York",
        "house_name": "",
        "house_number": "",
        "street": "",
        "suburb": "",
        "city": "York",
        "postcode": "",
        "country": "",
        "operator": "",
        "brewery": "",
        "website": "",
        "phone": "",
        "opening_hours": "",
        "cuisine": "",
        "food": "",
        "drink": "",
        "outdoor_seating": "",
        "indoor_seating": "",
        "internet_access": "",
        "real_ale": "",
        "real_cider": "",
        "live_music": "",
        "dog": "",
        "wheelchair": "",
        "toilets": "",
        "smoking": "",
        "wikidata": "Q136213295",
        "wikipedia": "",
        "fetched_at_utc": "2026-10-01T14:46:45+00:00",
        "source_endpoint": "wikidata",
        "tags": {
          "name": "Hickory's Smokehouse",
          "wikidata": "Q136213295",
          "amenity": "pub",
          "addr:city": "York"
        }
      }
    },
    {
      "type": "Feature",
      "geometry": {
        "type": "Point",
        "coordinates": [
          -1.094492,
          53.953088
        ]
      },
      "properties": {
        "name": "Hotel du Vin",
        "osm_type": "wikidata",
        "osm_id": 26547962,
        "address": "York",
        "house_name": "",
        "house_number": "",
        "street": "",
        "suburb": "",
        "city": "York",
        "postcode": "",
        "country": "",
        "operator": "",
        "brewery": "",
        "website": "",
        "phone": "",
        "opening_hours": "",
        "cuisine": "",
        "food": "",
        "drink": "",
        "outdoor_seating": "",
        "indoor_seating": "",
        "internet_access": "",
        "real_ale": "",
        "real_cider": "",
        "live_music": "",
        "dog": "",
        "wheelchair": "",
        "toilets": "",
        "smoking": "",
        "wikidata": "Q26547962",
        "wikipedia": "",
        "fetched_at_utc": "2026-10-01T14:46:45+00:00",
        "source_endpoint": "wikidata",
        "tags": {
          "name": "Hotel du Vin",
          "wikidata": "Q26547962",
          "amenity": "pub",
          "heritage": "2",
          "historic": "building",
          "listed_status": "grade ii",
          "addr:city": "York"
        }
      }
    },
    {
      "type": "Feature",
      "geometry": {
        "type": "Point",
        "coordinates": [
          -1.128592,
          53.955264
        ]
      },
      "properties": {
        "name": "Inn on the Green",
        "osm_type": "wikidata",
        "osm_id": 136489344,
        "address": "York",
        "house_name": "",
        "house_number": "",
        "street": "",
        "suburb": "",
        "city": "York",
        "postcode": "",
        "country": "",
        "operator": "",
        "brewery": "",
        "website": "",
        "phone": "",
        "opening_hours": "",
        "cuisine": "",
        "food": "",
        "drink": "",
        "outdoor_seating": "",
        "indoor_seating": "",
        "internet_access": "",
        "real_ale": "",
        "real_cider": "",
        "live_music": "",
        "dog": "",
        "wheelchair": "",
        "toilets": "",
        "smoking": "",
        "wikidata": "Q136489344",
        "wikipedia": "",
        "fetched_at_utc": "2026-10-01T14:46:45+00:00",
        "source_endpoint": "wikidata",
        "tags": {
          "name": "Inn on the Green",
          "wikidata": "Q136489344",
          "amenity": "pub",
          "addr:city": "York"
        }
      }
    },
    {
      "type": "Feature",
      "geometry": {
        "type": "Point",
        "coordinates": [
          -1.0848201,
          53.9589834
        ]
      },
      "properties": {
        "name": "Katie O'Brien's",
        "osm_type": "wikidata",
        "osm_id": 136694104,
        "address": "York",
        "house_name": "",
        "house_number": "",
        "street": "",
        "suburb": "",
        "city": "York",
        "postcode": "",
        "country": "",
        "operator": "",
        "brewery": "",
        "website": "",
        "phone": "",
        "opening_hours": "",
        "cuisine": "",
        "food": "",
        "drink": "",
        "outdoor_seating": "",
        "indoor_seating": "",
        "internet_access": "",
        "real_ale": "",
        "real_cider": "",
        "live_music": "",
        "dog": "",
        "wheelchair": "",
        "toilets": "",
        "smoking": "",
        "wikidata": "Q136694104",
        "wikipedia": "",
        "fetched_at_utc": "2026-10-01T14:46:45+00:00",
        "source_endpoint": "wikidata",
        "tags": {
          "name": "Katie O'Brien's",
          "wikidata": "Q136694104",
          "amenity": "pub",
          "addr:city": "York"
        }
      }
    },
    {
      "type": "Feature",
      "geometry": {
        "type": "Point",
        "coordinates": [
          -1.137667,
          53.952651
        ]
      },
      "properties": {
        "name": "King William",
        "osm_type": "wikidata",
        "osm_id": 136764974,
        "address": "York",
        "house_name": "",
        "house_number": "",
        "street": "",
        "suburb": "",
        "city": "York",
        "postcode": "",
        "country": "",
        "operator": "",
        "brewery": "",
        "website": "",
        "phone": "",
        "opening_hours": "",
        "cuisine": "",
        "food": "",
        "drink": "",
        "outdoor_seating": "",
        "indoor_seating": "",
        "internet_access": "",
        "real_ale": "",
        "real_cider": "",
        "live_music": "",
        "dog": "",
        "wheelchair": "",
        "toilets": "",
        "smoking": "",
        "wikidata": "Q136764974",
        "wikipedia": "",
        "fetched_at_utc": "2026-10-01T14:46:45+00:00",
        "source_endpoint": "wikidata",
        "tags": {
          "name": "King William",
          "wikidata": "Q136764974",
          "amenity": "pub",
          "addr:city": "York"
        }
      }
    },
    {
      "type": "Feature",
      "geometry": {
        "type": "Point",
        "coordinates": [
          -1.08417,
          53.9553
        ]
      },
      "properties": {
        "name": "Lady Anne House",
        "osm_type": "wikidata",
        "osm_id": 108907102,
        "address": "York",
        "house_name": "",
        "house_number": "",
        "street": "",
        "suburb": "",
        "city": "York",
        "postcode": "",
        "country": "",
        "operator": "",
        "brewery": "",
        "website": "",
        "phone": "",
        "opening_hours": "",
        "cuisine": "",
        "food": "",
        "drink": "",
        "outdoor_seating": "",
        "indoor_seating": "",
        "internet_access": "",
        "real_ale": "",
        "real_cider": "",
        "live_music": "",
        "dog": "",
        "wheelchair": "",
        "toilets": "",
        "smoking": "",
        "wikidata": "Q108907102",
        "wikipedia": "en:Lady Anne House",
        "fetched_at_utc": "2026-10-01T14:46:45+00:00",
        "source_endpoint": "wikidata",
        "tags": {
          "name": "Lady Anne House",
          "wikidata": "Q108907102",
          "amenity": "pub",
          "heritage": "2",
          "historic": "building",
          "listed_status": "grade ii*",
          "wikipedia": "en:Lady Anne House",
          "addr:city": "York"
        }
      }
    },
    {
      "type": "Feature",
      "geometry": {
        "type": "Point",
        "coordinates": [
          -1.085473,
          53.95994
        ]
      },
      "properties": {
        "name": "Lendal Cellars",
        "osm_type": "wikidata",
        "osm_id": 26548823,
        "address": "York",
        "house_name": "",
        "house_number": "",
        "street": "",
        "suburb": "",
        "city": "York",
        "postcode": "",
        "country": "",
        "operator": "",
        "brewery": "",
        "website": "",
        "phone": "",
        "opening_hours": "",
        "cuisine": "",
        "food": "",
        "drink": "",
        "outdoor_seating": "",
        "indoor_seating": "",
        "internet_access": "",
        "real_ale": "",
        "real_cider": "",
        "live_music": "",
        "dog": "",
        "wheelchair": "",
        "toilets": "",
        "smoking": "",
        "wikidata": "Q26548823",
        "wikipedia": "en:Lendal Cellars",
        "fetched_at_utc": "2026-10-01T14:46:45+00:00",
        "source_endpoint": "wikidata",
        "tags": {
          "name": "Lendal Cellars",
          "wikidata": "Q26548823",
          "amenity": "pub",
          "heritage": "2",
          "historic": "building",
          "listed_status": "grade ii",
          "wikipedia": "en:Lendal Cellars",
          "addr:city": "York"
        }
      }
    },
    {
      "type": "Feature",
      "geometry": {
        "type": "Point",
        "coordinates": [
          -1.1122799,
          53.9888887
        ]
      },
      "properties": {
        "name": "Lysander Arms",
        "osm_type": "wikidata",
        "osm_id": 137769920,
        "address": "York",
        "house_name": "",
        "house_number": "",
        "street": "",
        "suburb": "",
        "city": "York",
        "postcode": "",
        "country": "",
        "operator": "",
        "brewery": "",
        "website": "",
        "phone": "",
        "opening_hours": "",
        "cuisine": "",
        "food": "",
        "drink": "",
        "outdoor_seating": "",
        "indoor_seating": "",
        "internet_access": "",
        "real_ale": "",
        "real_cider": "",
        "live_music": "",
        "dog": "",
        "wheelchair": "",
        "toilets": "",
        "smoking": "",
        "wikidata": "Q137769920",
        "wikipedia": "",
        "fetched_at_utc": "2026-10-01T14:46:45+00:00",
        "source_endpoint": "wikidata",
        "tags": {
          "name": "Lysander Arms",
          "wikidata": "Q137769920",
          "amenity": "pub",
          "addr:city": "York"
        }
      }
    },
    {
      "type": "Feature",
      "geometry": {
        "type": "Point",
        "coordinates": [
          -1.0882069,
          53.963114
        ]
      },
      "properties": {
        "name": "Minster Inn",
        "osm_type": "wikidata",
        "osm_id": 115558017,
        "address": "York",
        "house_name": "",
        "house_number": "",
        "street": "",
        "suburb": "",
        "city": "York",
        "postcode": "",
        "country": "",
        "operator": "",
        "brewery": "",
        "website": "",
        "phone": "",
        "opening_hours": "",
        "cuisine": "",
        "food": "",
        "drink": "",
        "outdoor_seating": "",
        "indoor_seating": "",
        "internet_access": "",
        "real_ale": "",
        "real_cider": "",
        "live_music": "",
        "dog": "",
        "wheelchair": "",
        "toilets": "",
        "smoking": "",
        "wikidata": "Q115558017",
        "wikipedia": "en:Minster Inn",
        "fetched_at_utc": "2026-10-01T14:46:45+00:00",
        "source_endpoint": "wikidata",
        "tags": {
          "name": "Minster Inn",
          "wikidata": "Q115558017",
          "amenity": "pub",
          "wikipedia": "en:Minster Inn",
          "addr:city": "York"
        }
      }
    },
    {
      "type": "Feature",
      "geometry": {
        "type": "Point",
        "coordinates": [
          -1.085401,
          53.961117
        ]
      },
      "properties": {
        "name": "Museum Street Tavern",
        "osm_type": "wikidata",
        "osm_id": 26548517,
        "address": "York",
        "house_name": "",
        "house_number": "",
        "street": "",
        "suburb": "",
        "city": "York",
        "postcode": "",
        "country": "",
        "operator": "",
        "brewery": "",
        "website": "",
        "phone": "",
        "opening_hours": "",
        "cuisine": "",
        "food": "",
        "drink": "",
        "outdoor_seating": "",
        "indoor_seating": "",
        "internet_access": "",
        "real_ale": "",
        "real_cider": "",
        "live_music": "",
        "dog": "",
        "wheelchair": "",
        "toilets": "",
        "smoking": "",
        "wikidata": "Q26548517",
        "wikipedia": "en:Museum Street Tavern",
        "fetched_at_utc": "2026-10-01T14:46:45+00:00",
        "source_endpoint": "wikidata",
        "tags": {
          "name": "Museum Street Tavern",
          "wikidata": "Q26548517",
          "amenity": "pub",
          "heritage": "2",
          "historic": "building",
          "listed_status": "grade ii",
          "wikipedia": "en:Museum Street Tavern",
          "addr:city": "York"
        }
      }
    },
    {
      "type": "Feature",
      "geometry": {
        "type": "Point",
        "coordinates": [
          -1.0829855,
          53.9576515
        ]
      },
      "properties": {
        "name": "O'Neill's",
        "osm_type": "wikidata",
        "osm_id": 136694146,
        "address": "O'Neills, 10 Low Ousegate, York YO1 9QU, York",
        "house_name": "",
        "house_number": "",
        "street": "O'Neills, 10 Low Ousegate, York YO1 9QU",
        "suburb": "",
        "city": "York",
        "postcode": "",
        "country": "",
        "operator": "",
        "brewery": "",
        "website": "",
        "phone": "",
        "opening_hours": "",
        "cuisine": "",
        "food": "",
        "drink": "",
        "outdoor_seating": "",
        "indoor_seating": "",
        "internet_access": "",
        "real_ale": "",
        "real_cider": "",
        "live_music": "",
        "dog": "",
        "wheelchair": "",
        "toilets": "",
        "smoking": "",
        "wikidata": "Q136694146",
        "wikipedia": "",
        "fetched_at_utc": "2026-10-01T14:46:45+00:00",
        "source_endpoint": "wikidata",
        "tags": {
          "name": "O'Neill's",
          "wikidata": "Q136694146",
          "amenity": "pub",
          "addr:street": "O'Neills, 10 Low Ousegate, York YO1 9QU",
          "addr:city": "York"
        }
      }
    },
    {
      "type": "Feature",
      "geometry": {
        "type": "Point",
        "coordinates": [
          -1.0802536,
          53.9581787
        ]
      },
      "properties": {
        "name": "Pavement Vaults",
        "osm_type": "wikidata",
        "osm_id": 136793768,
        "address": "York",
        "house_name": "",
        "house_number": "",
        "street": "",
        "suburb": "",
        "city": "York",
        "postcode": "",
        "country": "",
        "operator": "",
        "brewery": "",
        "website": "",
        "phone": "",
        "opening_hours": "",
        "cuisine": "",
        "food": "",
        "drink": "",
        "outdoor_seating": "",
        "indoor_seating": "",
        "internet_access": "",
        "real_ale": "",
        "real_cider": "",
        "live_music": "",
        "dog": "",
        "wheelchair": "",
        "toilets": "",
        "smoking": "",
        "wikidata": "Q136793768",
        "wikipedia": "",
        "fetched_at_utc": "2026-10-01T14:46:45+00:00",
        "source_endpoint": "wikidata",
        "tags": {
          "name": "Pavement Vaults",
          "wikidata": "Q136793768",
          "amenity": "pub",
          "start_date": "2015",
          "addr:city": "York"
        }
      }
    },
    {
      "type": "Feature",
      "geometry": {
        "type": "Point",
        "coordinates": [
          -1.047711,
          53.989546
        ]
      },
      "properties": {
        "name": "Pear Tree Farm",
        "osm_type": "wikidata",
        "osm_id": 137770011,
        "address": "York",
        "house_name": "",
        "house_number": "",
        "street": "",
        "suburb": "",
        "city": "York",
        "postcode": "",
        "country": "",
        "operator": "",
        "brewery": "",
        "website": "",
        "phone": "",
        "opening_hours": "",
        "cuisine": "",
        "food": "",
        "drink": "",
        "outdoor_seating": "",
        "indoor_seating": "",
        "internet_access": "",
        "real_ale": "",
        "real_cider": "",
        "live_music": "",
        "dog": "",
        "wheelchair": "",
        "toilets": "",
        "smoking": "",
        "wikidata": "Q137770011",
        "wikipedia": "",
        "fetched_at_utc": "2026-10-01T14:46:45+00:00",
        "source_endpoint": "wikidata",
        "tags": {
          "name": "Pear Tree Farm",
          "wikidata": "Q137770011",
          "amenity": "pub",
          "addr:city": "York"
        }
      }
    },
    {
      "type": "Feature",
      "geometry": {
        "type": "Point",
        "coordinates": [
          -1.0808727,
          53.9679506
        ]
      },
      "properties": {
        "name": "Punch Bowl",
        "osm_type": "wikidata",
        "osm_id": 136655340,
        "address": "York",
        "house_name": "",
        "house_number": "",
        "street": "",
        "suburb": "",
        "city": "York",
        "postcode": "",
        "country": "",
        "operator": "",
        "brewery": "",
        "website": "",
        "phone": "",
        "opening_hours": "",
        "cuisine": "",
        "food": "",
        "drink": "",
        "outdoor_seating": "",
        "indoor_seating": "",
        "internet_access": "",
        "real_ale": "",
        "real_cider": "",
        "live_music": "",
        "dog": "",
        "wheelchair": "",
        "toilets": "",
        "smoking": "",
        "wikidata": "Q136655340",
        "wikipedia": "",
        "fetched_at_utc": "2026-10-01T14:46:45+00:00",
        "source_endpoint": "wikidata",
        "tags": {
          "name": "Punch Bowl",
          "wikidata": "Q136655340",
          "amenity": "pub",
          "addr:city": "York"
        }
      }
    },
    {
      "type": "Feature",
      "geometry": {
        "type": "Point",
        "coordinates": [
          -1.1347558,
          53.9376456
        ]
      },
      "properties": {
        "name": "Quaker Wood",
        "osm_type": "wikidata",
        "osm_id": 137770005,
        "address": "York",
        "house_name": "",
        "house_number": "",
        "street": "",
        "suburb": "",
        "city": "York",
        "postcode": "",
        "country": "",
        "operator": "",
        "brewery": "",
        "website": "",
        "phone": "",
        "opening_hours": "",
        "cuisine": "",
        "food": "",
        "drink": "",
        "outdoor_seating": "",
        "indoor_seating": "",
        "internet_access": "",
        "real_ale": "",
        "real_cider": "",
        "live_music": "",
        "dog": "",
        "wheelchair": "",
        "toilets": "",
        "smoking": "",
        "wikidata": "Q137770005",
        "wikipedia": "",
        "fetched_at_utc": "2026-10-01T14:46:45+00:00",
        "source_endpoint": "wikidata",
        "tags": {
          "name": "Quaker Wood",
          "wikidata": "Q137770005",
          "amenity": "pub",
          "addr:city": "York"
        }
      }
    },
    {
      "type": "Feature",
      "geometry": {
        "type": "Point",
        "coordinates": [
          -1.070239,
          53.954795
        ]
      },
      "properties": {
        "name": "Rook and Gaskill",
        "osm_type": "wikidata",
        "osm_id": 136770886,
        "address": "York",
        "house_name": "",
        "house_number": "",
        "street": "",
        "suburb": "",
        "city": "York",
        "postcode": "",
        "country": "",
        "operator": "",
        "brewery": "",
        "website": "",
        "phone": "",
        "opening_hours": "",
        "cuisine": "",
        "food": "",
        "drink": "",
        "outdoor_seating": "",
        "indoor_seating": "",
        "internet_access": "",
        "real_ale": "",
        "real_cider": "",
        "live_music": "",
        "dog": "",
        "wheelchair": "",
        "toilets": "",
        "smoking": "",
        "wikidata": "Q136770886",
        "wikipedia": "",
        "fetched_at_utc": "2026-10-01T14:46:45+00:00",
        "source_endpoint": "wikidata",
        "tags": {
          "name": "Rook and Gaskill",
          "wikidata": "Q136770886",
          "amenity": "pub",
          "addr:city": "York"
        }
      }
    },
    {
      "type": "Feature",
      "geometry": {
        "type": "Point",
        "coordinates": [
          -1.09062,
          53.961793
        ]
      },
      "properties": {
        "name": "Roots (formerly The Bay Horse)",
        "osm_type": "wikidata",
        "osm_id": 26548747,
        "address": "York",
        "house_name": "",
        "house_number": "",
        "street": "",
        "suburb": "",
        "city": "York",
        "postcode": "",
        "country": "",
        "operator": "",
        "brewery": "",
        "website": "",
        "phone": "",
        "opening_hours": "",
        "cuisine": "",
        "food": "",
        "drink": "",
        "outdoor_seating": "",
        "indoor_seating": "",
        "internet_access": "",
        "real_ale": "",
        "real_cider": "",
        "live_music": "",
        "dog": "",
        "wheelchair": "",
        "toilets": "",
        "smoking": "",
        "wikidata": "Q26548747",
        "wikipedia": "en:Roots (restaurant)",
        "fetched_at_utc": "2026-10-01T14:46:45+00:00",
        "source_endpoint": "wikidata",
        "tags": {
          "name": "Roots (formerly The Bay Horse)",
          "wikidata": "Q26548747",
          "amenity": "pub",
          "heritage": "2",
          "historic": "building",
          "listed_status": "grade ii",
          "wikipedia": "en:Roots (restaurant)",
          "addr:city": "York"
        }
      }
    },
    {
      "type": "Feature",
      "geometry": {
        "type": "Point",
        "coordinates": [
          -1.069533,
          53.955054
        ]
      },
      "properties": {
        "name": "Rose and Crown",
        "osm_type": "wikidata",
        "osm_id": 26548846,
        "address": "York",
        "house_name": "",
        "house_number": "",
        "street": "",
        "suburb": "",
        "city": "York",
        "postcode": "",
        "country": "",
        "operator": "",
        "brewery": "",
        "website": "",
        "phone": "",
        "opening_hours": "",
        "cuisine": "",
        "food": "",
        "drink": "",
        "outdoor_seating": "",
        "indoor_seating": "",
        "internet_access": "",
        "real_ale": "",
        "real_cider": "",
        "live_music": "",
        "dog": "",
        "wheelchair": "",
        "toilets": "",
        "smoking": "",
        "wikidata": "Q26548846",
        "wikipedia": "en:Rose and Crown, York",
        "fetched_at_utc": "2026-10-01T14:46:45+00:00",
        "source_endpoint": "wikidata",
        "tags": {
          "name": "Rose and Crown",
          "wikidata": "Q26548846",
          "amenity": "pub",
          "heritage": "2",
          "historic": "building",
          "listed_status": "grade ii",
          "wikipedia": "en:Rose and Crown, York",
          "addr:city": "York"
        }
      }
    },
    {
      "type": "Feature",
      "geometry": {
        "type": "Point",
        "coordinates": [
          -1.075834,
          53.953332
        ]
      },
      "properties": {
        "name": "Sea Horse Hotel",
        "osm_type": "wikidata",
        "osm_id": 26549176,
        "address": "York",
        "house_name": "",
        "house_number": "",
        "street": "",
        "suburb": "",
        "city": "York",
        "postcode": "",
        "country": "",
        "operator": "",
        "brewery": "",
        "website": "",
        "phone": "",
        "opening_hours": "",
        "cuisine": "",
        "food": "",
        "drink": "",
        "outdoor_seating": "",
        "indoor_seating": "",
        "internet_access": "",
        "real_ale": "",
        "real_cider": "",
        "live_music": "",
        "dog": "",
        "wheelchair": "",
        "toilets": "",
        "smoking": "",
        "wikidata": "Q26549176",
        "wikipedia": "en:Sea Horse Hotel",
        "fetched_at_utc": "2026-10-01T14:46:45+00:00",
        "source_endpoint": "wikidata",
        "tags": {
          "name": "Sea Horse Hotel",
          "wikidata": "Q26549176",
          "amenity": "pub",
          "heritage": "2",
          "historic": "building",
          "listed_status": "grade ii",
          "wikipedia": "en:Sea Horse Hotel",
          "addr:city": "York"
        }
      }
    },
    {
      "type": "Feature",
      "geometry": {
        "type": "Point",
        "coordinates": [
          -1.082011,
          53.957272
        ]
      },
      "properties": {
        "name": "Stone Roses Bar (formerly The Grapes public house)",
        "osm_type": "wikidata",
        "osm_id": 26548897,
        "address": "York",
        "house_name": "",
        "house_number": "",
        "street": "",
        "suburb": "",
        "city": "York",
        "postcode": "",
        "country": "",
        "operator": "",
        "brewery": "",
        "website": "",
        "phone": "",
        "opening_hours": "",
        "cuisine": "",
        "food": "",
        "drink": "",
        "outdoor_seating": "",
        "indoor_seating": "",
        "internet_access": "",
        "real_ale": "",
        "real_cider": "",
        "live_music": "",
        "dog": "",
        "wheelchair": "",
        "toilets": "",
        "smoking": "",
        "wikidata": "Q26548897",
        "wikipedia": "",
        "fetched_at_utc": "2026-10-01T14:46:45+00:00",
        "source_endpoint": "wikidata",
        "tags": {
          "name": "Stone Roses Bar (formerly The Grapes public house)",
          "wikidata": "Q26548897",
          "amenity": "pub",
          "heritage": "2",
          "historic": "building",
          "listed_status": "grade ii",
          "addr:city": "York"
        }
      }
    },
    {
      "type": "Feature",
      "geometry": {
        "type": "Point",
        "coordinates": [
          -1.0871262,
          53.9566837
        ]
      },
      "properties": {
        "name": "The Ackhorne",
        "osm_type": "wikidata",
        "osm_id": 137758761,
        "address": "York",
        "house_name": "",
        "house_number": "",
        "street": "",
        "suburb": "",
        "city": "York",
        "postcode": "",
        "country": "",
        "operator": "",
        "brewery": "",
        "website": "",
        "phone": "",
        "opening_hours": "",
        "cuisine": "",
        "food": "",
        "drink": "",
        "outdoor_seating": "",
        "indoor_seating": "",
        "internet_access": "",
        "real_ale": "",
        "real_cider": "",
        "live_music": "",
        "dog": "",
        "wheelchair": "",
        "toilets": "",
        "smoking": "",
        "wikidata": "Q137758761",
        "wikipedia": "",
        "fetched_at_utc": "2026-10-01T14:46:45+00:00",
        "source_endpoint": "wikidata",
        "tags": {
          "name": "The Ackhorne",
          "wikidata": "Q137758761",
          "amenity": "pub",
          "addr:city": "York"
        }
      }
    },
    {
      "type": "Feature",
      "geometry": {
        "type": "Point",
        "coordinates": [
          -1.120799,
          53.963932
        ]
      },
      "properties": {
        "name": "The Ainsty",
        "osm_type": "wikidata",
        "osm_id": 136764968,
        "address": "York",
        "house_name": "",
        "house_number": "",
        "street": "",
        "suburb": "",
        "city": "York",
        "postcode": "",
        "country": "",
        "operator": "",
        "brewery": "",
        "website": "",
        "phone": "",
        "opening_hours": "",
        "cuisine": "",
        "food": "",
        "drink": "",
        "outdoor_seating": "",
        "indoor_seating": "",
        "internet_access": "",
        "real_ale": "",
        "real_cider": "",
        "live_music": "",
        "dog": "",
        "wheelchair": "",
        "toilets": "",
        "smoking": "",
        "wikidata": "Q136764968",
        "wikipedia": "",
        "fetched_at_utc": "2026-10-01T14:46:45+00:00",
        "source_endpoint": "wikidata",
        "tags": {
          "name": "The Ainsty",
          "wikidata": "Q136764968",
          "amenity": "pub",
          "addr:city": "York"
        }
      }
    },
    {
      "type": "Feature",
      "geometry": {
        "type": "Point",
        "coordinates": [
          -1.090618,
          53.955895
        ]
      },
      "properties": {
        "name": "The Bar Hotel",
        "osm_type": "wikidata",
        "osm_id": 26548653,
        "address": "York",
        "house_name": "",
        "house_number": "",
        "street": "",
        "suburb": "",
        "city": "York",
        "postcode": "",
        "country": "",
        "operator": "",
        "brewery": "",
        "website": "",
        "phone": "",
        "opening_hours": "",
        "cuisine": "",
        "food": "",
        "drink": "",
        "outdoor_seating": "",
        "indoor_seating": "",
        "internet_access": "",
        "real_ale": "",
        "real_cider": "",
        "live_music": "",
        "dog": "",
        "wheelchair": "",
        "toilets": "",
        "smoking": "",
        "wikidata": "Q26548653",
        "wikipedia": "en:Gibsons, York",
        "fetched_at_utc": "2026-10-01T14:46:45+00:00",
        "source_endpoint": "wikidata",
        "tags": {
          "name": "The Bar Hotel",
          "wikidata": "Q26548653",
          "amenity": "pub",
          "heritage": "2",
          "historic": "building",
          "listed_status": "grade ii",
          "wikipedia": "en:Gibsons, York",
          "addr:city": "York"
        }
      }
    },
    {
      "type": "Feature",
      "geometry": {
        "type": "Point",
        "coordinates": [
          -1.070637,
          53.933804
        ]
      },
      "properties": {
        "name": "The Bay Horse",
        "osm_type": "wikidata",
        "osm_id": 137052985,
        "address": "York",
        "house_name": "",
        "house_number": "",
        "street": "",
        "suburb": "",
        "city": "York",
        "postcode": "",
        "country": "",
        "operator": "",
        "brewery": "",
        "website": "",
        "phone": "",
        "opening_hours": "",
        "cuisine": "",
        "food": "",
        "drink": "",
        "outdoor_seating": "",
        "indoor_seating": "",
        "internet_access": "",
        "real_ale": "",
        "real_cider": "",
        "live_music": "",
        "dog": "",
        "wheelchair": "",
        "toilets": "",
        "smoking": "",
        "wikidata": "Q137052985",
        "wikipedia": "",
        "fetched_at_utc": "2026-10-01T14:46:45+00:00",
        "source_endpoint": "wikidata",
        "tags": {
          "name": "The Bay Horse",
          "wikidata": "Q137052985",
          "amenity": "pub",
          "addr:city": "York"
        }
      }
    },
    {
      "type": "Feature",
      "geometry": {
        "type": "Point",
        "coordinates": [
          -1.123863,
          53.944835
        ]
      },
      "properties": {
        "name": "The Beagle",
        "osm_type": "wikidata",
        "osm_id": 131550812,
        "address": "York",
        "house_name": "",
        "house_number": "",
        "street": "",
        "suburb": "",
        "city": "York",
        "postcode": "",
        "country": "",
        "operator": "",
        "brewery": "",
        "website": "",
        "phone": "",
        "opening_hours": "",
        "cuisine": "",
        "food": "",
        "drink": "",
        "outdoor_seating": "",
        "indoor_seating": "",
        "internet_access": "",
        "real_ale": "",
        "real_cider": "",
        "live_music": "",
        "dog": "",
        "wheelchair": "",
        "toilets": "",
        "smoking": "",
        "wikidata": "Q131550812",
        "wikipedia": "",
        "fetched_at_utc": "2026-10-01T14:46:45+00:00",
        "source_endpoint": "wikidata",
        "tags": {
          "name": "The Beagle",
          "wikidata": "Q131550812",
          "amenity": "pub",
          "addr:city": "York"
        }
      }
    },
    {
      "type": "Feature",
      "geometry": {
        "type": "Point",
        "coordinates": [
          -1.076929,
          53.963776
        ]
      },
      "properties": {
        "name": "The Black Horse",
        "osm_type": "wikidata",
        "osm_id": 26548599,
        "address": "York",
        "house_name": "",
        "house_number": "",
        "street": "",
        "suburb": "",
        "city": "York",
        "postcode": "",
        "country": "",
        "operator": "",
        "brewery": "",
        "website": "",
        "phone": "",
        "opening_hours": "",
        "cuisine": "",
        "food": "",
        "drink": "",
        "outdoor_seating": "",
        "indoor_seating": "",
        "internet_access": "",
        "real_ale": "",
        "real_cider": "",
        "live_music": "",
        "dog": "",
        "wheelchair": "",
        "toilets": "",
        "smoking": "",
        "wikidata": "Q26548599",
        "wikipedia": "en:Black Horse, York",
        "fetched_at_utc": "2026-10-01T14:46:45+00:00",
        "source_endpoint": "wikidata",
        "tags": {
          "name": "The Black Horse",
          "wikidata": "Q26548599",
          "amenity": "pub",
          "heritage": "2",
          "historic": "building",
          "listed_status": "grade ii",
          "wikipedia": "en:Black Horse, York",
          "addr:city": "York"
        }
      }
    },
    {
      "type": "Feature",
      "geometry": {
        "type": "Point",
        "coordinates": [
          -1.07569,
          53.9601
        ]
      },
      "properties": {
        "name": "The Black Swan",
        "osm_type": "wikidata",
        "osm_id": 17549586,
        "address": "York",
        "house_name": "",
        "house_number": "",
        "street": "",
        "suburb": "",
        "city": "York",
        "postcode": "",
        "country": "",
        "operator": "",
        "brewery": "",
        "website": "",
        "phone": "",
        "opening_hours": "",
        "cuisine": "",
        "food": "",
        "drink": "",
        "outdoor_seating": "",
        "indoor_seating": "",
        "internet_access": "",
        "real_ale": "",
        "real_cider": "",
        "live_music": "",
        "dog": "",
        "wheelchair": "",
        "toilets": "",
        "smoking": "",
        "wikidata": "Q17549586",
        "wikipedia": "en:The Black Swan, York",
        "fetched_at_utc": "2026-10-01T14:46:45+00:00",
        "source_endpoint": "wikidata",
        "tags": {
          "name": "The Black Swan",
          "wikidata": "Q17549586",
          "amenity": "pub",
          "heritage": "2",
          "historic": "building",
          "listed_status": "grade ii*",
          "wikipedia": "en:The Black Swan, York",
          "addr:city": "York"
        }
      }
    },
    {
      "type": "Feature",
      "geometry": {
        "type": "Point",
        "coordinates": [
          -1.07919,
          53.9587
        ]
      },
      "properties": {
        "name": "The Blue Bell",
        "osm_type": "wikidata",
        "osm_id": 17549920,
        "address": "York",
        "house_name": "",
        "house_number": "",
        "street": "",
        "suburb": "",
        "city": "York",
        "postcode": "",
        "country": "",
        "operator": "",
        "brewery": "",
        "website": "",
        "phone": "",
        "opening_hours": "",
        "cuisine": "",
        "food": "",
        "drink": "",
        "outdoor_seating": "",
        "indoor_seating": "",
        "internet_access": "",
        "real_ale": "",
        "real_cider": "",
        "live_music": "",
        "dog": "",
        "wheelchair": "",
        "toilets": "",
        "smoking": "",
        "wikidata": "Q17549920",
        "wikipedia": "en:The Blue Bell, York",
        "fetched_at_utc": "2026-10-01T14:46:45+00:00",
        "source_endpoint": "wikidata",
        "tags": {
          "name": "The Blue Bell",
          "wikidata": "Q17549920",
          "amenity": "pub",
          "heritage": "2",
          "historic": "building",
          "listed_status": "grade ii*",
          "wikipedia": "en:The Blue Bell, York",
          "addr:city": "York"
        }
      }
    },
    {
      "type": "Feature",
      "geometry": {
        "type": "Point",
        "coordinates": [
          -1.0860693,
          53.9634208
        ]
      },
      "properties": {
        "name": "The Bootham Tavern",
        "osm_type": "wikidata",
        "osm_id": 137769996,
        "address": "York",
        "house_name": "",
        "house_number": "",
        "street": "",
        "suburb": "",
        "city": "York",
        "postcode": "",
        "country": "",
        "operator": "",
        "brewery": "",
        "website": "",
        "phone": "",
        "opening_hours": "",
        "cuisine": "",
        "food": "",
        "drink": "",
        "outdoor_seating": "",
        "indoor_seating": "",
        "internet_access": "",
        "real_ale": "",
        "real_cider": "",
        "live_music": "",
        "dog": "",
        "wheelchair": "",
        "toilets": "",
        "smoking": "",
        "wikidata": "Q137769996",
        "wikipedia": "",
        "fetched_at_utc": "2026-10-01T14:46:45+00:00",
        "source_endpoint": "wikidata",
        "tags": {
          "name": "The Bootham Tavern",
          "wikidata": "Q137769996",
          "amenity": "pub",
          "addr:city": "York"
        }
      }
    },
    {
      "type": "Feature",
      "geometry": {
        "type": "Point",
        "coordinates": [
          -1.08169,
          53.958698
        ]
      },
      "properties": {
        "name": "The Burns Hotel",
        "osm_type": "wikidata",
        "osm_id": 26548735,
        "address": "York",
        "house_name": "",
        "house_number": "",
        "street": "",
        "suburb": "",
        "city": "York",
        "postcode": "",
        "country": "",
        "operator": "",
        "brewery": "",
        "website": "",
        "phone": "",
        "opening_hours": "",
        "cuisine": "",
        "food": "",
        "drink": "",
        "outdoor_seating": "",
        "indoor_seating": "",
        "internet_access": "",
        "real_ale": "",
        "real_cider": "",
        "live_music": "",
        "dog": "",
        "wheelchair": "",
        "toilets": "",
        "smoking": "",
        "wikidata": "Q26548735",
        "wikipedia": "en:Burns Hotel",
        "fetched_at_utc": "2026-10-01T14:46:45+00:00",
        "source_endpoint": "wikidata",
        "tags": {
          "name": "The Burns Hotel",
          "wikidata": "Q26548735",
          "amenity": "pub",
          "heritage": "2",
          "historic": "building",
          "listed_status": "grade ii",
          "wikipedia": "en:Burns Hotel",
          "addr:city": "York"
        }
      }
    },
    {
      "type": "Feature",
      "geometry": {
        "type": "Point",
        "coordinates": [
          -1.092981,
          53.967233
        ]
      },
      "properties": {
        "name": "The Burton Stone Inn",
        "osm_type": "wikidata",
        "osm_id": 26550338,
        "address": "York",
        "house_name": "",
        "house_number": "",
        "street": "",
        "suburb": "",
        "city": "York",
        "postcode": "",
        "country": "",
        "operator": "",
        "brewery": "",
        "website": "",
        "phone": "",
        "opening_hours": "",
        "cuisine": "",
        "food": "",
        "drink": "",
        "outdoor_seating": "",
        "indoor_seating": "",
        "internet_access": "",
        "real_ale": "",
        "real_cider": "",
        "live_music": "",
        "dog": "",
        "wheelchair": "",
        "toilets": "",
        "smoking": "",
        "wikidata": "Q26550338",
        "wikipedia": "en:Burton Stone Inn",
        "fetched_at_utc": "2026-10-01T14:46:45+00:00",
        "source_endpoint": "wikidata",
        "tags": {
          "name": "The Burton Stone Inn",
          "wikidata": "Q26550338",
          "amenity": "pub",
          "heritage": "2",
          "historic": "building",
          "listed_status": "grade ii",
          "wikipedia": "en:Burton Stone Inn",
          "addr:city": "York"
        }
      }
    },
    {
      "type": "Feature",
      "geometry": {
        "type": "Point",
        "coordinates": [
          -1.117877,
          53.956365
        ]
      },
      "properties": {
        "name": "The Carlton Tavern",
        "osm_type": "wikidata",
        "osm_id": 136764984,
        "address": "York",
        "house_name": "",
        "house_number": "",
        "street": "",
        "suburb": "",
        "city": "York",
        "postcode": "",
        "country": "",
        "operator": "",
        "brewery": "",
        "website": "",
        "phone": "",
        "opening_hours": "",
        "cuisine": "",
        "food": "",
        "drink": "",
        "outdoor_seating": "",
        "indoor_seating": "",
        "internet_access": "",
        "real_ale": "",
        "real_cider": "",
        "live_music": "",
        "dog": "",
        "wheelchair": "",
        "toilets": "",
        "smoking": "",
        "wikidata": "Q136764984",
        "wikipedia": "",
        "fetched_at_utc": "2026-10-01T14:46:45+00:00",
        "source_endpoint": "wikidata",
        "tags": {
          "name": "The Carlton Tavern",
          "wikidata": "Q136764984",
          "amenity": "pub",
          "addr:city": "York"
        }
      }
    },
    {
      "type": "Feature",
      "geometry": {
        "type": "Point",
        "coordinates": [
          -1.045037,
          53.94526
        ]
      },
      "properties": {
        "name": "The Charles XII",
        "osm_type": "wikidata",
        "osm_id": 119149885,
        "address": "York",
        "house_name": "",
        "house_number": "",
        "street": "",
        "suburb": "",
        "city": "York",
        "postcode": "",
        "country": "",
        "operator": "",
        "brewery": "",
        "website": "",
        "phone": "",
        "opening_hours": "",
        "cuisine": "",
        "food": "",
        "drink": "",
        "outdoor_seating": "",
        "indoor_seating": "",
        "internet_access": "",
        "real_ale": "",
        "real_cider": "",
        "live_music": "",
        "dog": "",
        "wheelchair": "",
        "toilets": "",
        "smoking": "",
        "wikidata": "Q119149885",
        "wikipedia": "en:The Charles XII, York",
        "fetched_at_utc": "2026-10-01T14:46:45+00:00",
        "source_endpoint": "wikidata",
        "tags": {
          "name": "The Charles XII",
          "wikidata": "Q119149885",
          "amenity": "pub",
          "wikipedia": "en:The Charles XII, York",
          "addr:city": "York"
        }
      }
    },
    {
      "type": "Feature",
      "geometry": {
        "type": "Point",
        "coordinates": [
          -1.08687,
          53.958494
        ]
      },
      "properties": {
        "name": "The Corner Pin",
        "osm_type": "wikidata",
        "osm_id": 26547982,
        "address": "York",
        "house_name": "",
        "house_number": "",
        "street": "",
        "suburb": "",
        "city": "York",
        "postcode": "",
        "country": "",
        "operator": "",
        "brewery": "",
        "website": "",
        "phone": "",
        "opening_hours": "",
        "cuisine": "",
        "food": "",
        "drink": "",
        "outdoor_seating": "",
        "indoor_seating": "",
        "internet_access": "",
        "real_ale": "",
        "real_cider": "",
        "live_music": "",
        "dog": "",
        "wheelchair": "",
        "toilets": "",
        "smoking": "",
        "wikidata": "Q26547982",
        "wikipedia": "en:The Corner Pin",
        "fetched_at_utc": "2026-10-01T14:46:45+00:00",
        "source_endpoint": "wikidata",
        "tags": {
          "name": "The Corner Pin",
          "wikidata": "Q26547982",
          "amenity": "pub",
          "heritage": "2",
          "historic": "building",
          "listed_status": "grade ii",
          "wikipedia": "en:The Corner Pin",
          "addr:city": "York"
        }
      }
    },
    {
      "type": "Feature",
      "geometry": {
        "type": "Point",
        "coordinates": [
          -1.079902,
          53.961802
        ]
      },
      "properties": {
        "name": "The Cross Keys",
        "osm_type": "wikidata",
        "osm_id": 26549063,
        "address": "York",
        "house_name": "",
        "house_number": "",
        "street": "",
        "suburb": "",
        "city": "York",
        "postcode": "",
        "country": "",
        "operator": "",
        "brewery": "",
        "website": "",
        "phone": "",
        "opening_hours": "",
        "cuisine": "",
        "food": "",
        "drink": "",
        "outdoor_seating": "",
        "indoor_seating": "",
        "internet_access": "",
        "real_ale": "",
        "real_cider": "",
        "live_music": "",
        "dog": "",
        "wheelchair": "",
        "toilets": "",
        "smoking": "",
        "wikidata": "Q26549063",
        "wikipedia": "en:Cross Keys, York",
        "fetched_at_utc": "2026-10-01T14:46:45+00:00",
        "source_endpoint": "wikidata",
        "tags": {
          "name": "The Cross Keys",
          "wikidata": "Q26549063",
          "amenity": "pub",
          "heritage": "2",
          "historic": "building",
          "listed_status": "grade ii",
          "wikipedia": "en:Cross Keys, York",
          "addr:city": "York"
        }
      }
    },
    {
      "type": "Feature",
      "geometry": {
        "type": "Point",
        "coordinates": [
          -1.096775,
          53.953932
        ]
      },
      "properties": {
        "name": "The Crystal Palace",
        "osm_type": "wikidata",
        "osm_id": 26548932,
        "address": "York",
        "house_name": "",
        "house_number": "",
        "street": "",
        "suburb": "",
        "city": "York",
        "postcode": "",
        "country": "",
        "operator": "",
        "brewery": "",
        "website": "",
        "phone": "",
        "opening_hours": "",
        "cuisine": "",
        "food": "",
        "drink": "",
        "outdoor_seating": "",
        "indoor_seating": "",
        "internet_access": "",
        "real_ale": "",
        "real_cider": "",
        "live_music": "",
        "dog": "",
        "wheelchair": "",
        "toilets": "",
        "smoking": "",
        "wikidata": "Q26548932",
        "wikipedia": "en:Crystal Palace, York",
        "fetched_at_utc": "2026-10-01T14:46:45+00:00",
        "source_endpoint": "wikidata",
        "tags": {
          "name": "The Crystal Palace",
          "wikidata": "Q26548932",
          "amenity": "pub",
          "heritage": "2",
          "historic": "building",
          "listed_status": "grade ii",
          "wikipedia": "en:Crystal Palace, York",
          "addr:city": "York"
        }
      }
    },
    {
      "type": "Feature",
      "geometry": {
        "type": "Point",
        "coordinates": [
          -1.04362,
          53.94397
        ]
      },
      "properties": {
        "name": "The Deramore Arms",
        "osm_type": "wikidata",
        "osm_id": 125946396,
        "address": "York",
        "house_name": "",
        "house_number": "",
        "street": "",
        "suburb": "",
        "city": "York",
        "postcode": "",
        "country": "",
        "operator": "",
        "brewery": "",
        "website": "",
        "phone": "",
        "opening_hours": "",
        "cuisine": "",
        "food": "",
        "drink": "",
        "outdoor_seating": "",
        "indoor_seating": "",
        "internet_access": "",
        "real_ale": "",
        "real_cider": "",
        "live_music": "",
        "dog": "",
        "wheelchair": "",
        "toilets": "",
        "smoking": "",
        "wikidata": "Q125946396",
        "wikipedia": "en:The Deramore Arms",
        "fetched_at_utc": "2026-10-01T14:46:45+00:00",
        "source_endpoint": "wikidata",
        "tags": {
          "name": "The Deramore Arms",
          "wikidata": "Q125946396",
          "amenity": "pub",
          "wikipedia": "en:The Deramore Arms",
          "addr:city": "York"
        }
      }
    },
    {
      "type": "Feature",
      "geometry": {
        "type": "Point",
        "coordinates": [
          -1.0366336,
          53.9600218
        ]
      },
      "properties": {
        "name": "The Derwent Arms",
        "osm_type": "wikidata",
        "osm_id": 121214771,
        "address": "York",
        "house_name": "",
        "house_number": "",
        "street": "",
        "suburb": "",
        "city": "York",
        "postcode": "",
        "country": "",
        "operator": "",
        "brewery": "",
        "website": "",
        "phone": "",
        "opening_hours": "",
        "cuisine": "",
        "food": "",
        "drink": "",
        "outdoor_seating": "",
        "indoor_seating": "",
        "internet_access": "",
        "real_ale": "",
        "real_cider": "",
        "live_music": "",
        "dog": "",
        "wheelchair": "",
        "toilets": "",
        "smoking": "",
        "wikidata": "Q121214771",
        "wikipedia": "",
        "fetched_at_utc": "2026-10-01T14:46:45+00:00",
        "source_endpoint": "wikidata",
        "tags": {
          "name": "The Derwent Arms",
          "wikidata": "Q121214771",
          "amenity": "pub",
          "addr:city": "York"
        }
      }
    },
    {
      "type": "Feature",
      "geometry": {
        "type": "Point",
        "coordinates": [
          -1.123634,
          53.936121
        ]
      },
      "properties": {
        "name": "The Dick Turpin",
        "osm_type": "wikidata",
        "osm_id": 137769991,
        "address": "York",
        "house_name": "",
        "house_number": "",
        "street": "",
        "suburb": "",
        "city": "York",
        "postcode": "",
        "country": "",
        "operator": "",
        "brewery": "",
        "website": "",
        "phone": "",
        "opening_hours": "",
        "cuisine": "",
        "food": "",
        "drink": "",
        "outdoor_seating": "",
        "indoor_seating": "",
        "internet_access": "",
        "real_ale": "",
        "real_cider": "",
        "live_music": "",
        "dog": "",
        "wheelchair": "",
        "toilets": "",
        "smoking": "",
        "wikidata": "Q137769991",
        "wikipedia": "",
        "fetched_at_utc": "2026-10-01T14:46:45+00:00",
        "source_endpoint": "wikidata",
        "tags": {
          "name": "The Dick Turpin",
          "wikidata": "Q137769991",
          "amenity": "pub",
          "addr:city": "York"
        }
      }
    },
    {
      "type": "Feature",
      "geometry": {
        "type": "Point",
        "coordinates": [
          -1.109726,
          53.976381
        ]
      },
      "properties": {
        "name": "The Dormouse",
        "osm_type": "wikidata",
        "osm_id": 137769983,
        "address": "York",
        "house_name": "",
        "house_number": "",
        "street": "",
        "suburb": "",
        "city": "York",
        "postcode": "",
        "country": "",
        "operator": "",
        "brewery": "",
        "website": "",
        "phone": "",
        "opening_hours": "",
        "cuisine": "",
        "food": "",
        "drink": "",
        "outdoor_seating": "",
        "indoor_seating": "",
        "internet_access": "",
        "real_ale": "",
        "real_cider": "",
        "live_music": "",
        "dog": "",
        "wheelchair": "",
        "toilets": "",
        "smoking": "",
        "wikidata": "Q137769983",
        "wikipedia": "",
        "fetched_at_utc": "2026-10-01T14:46:45+00:00",
        "source_endpoint": "wikidata",
        "tags": {
          "name": "The Dormouse",
          "wikidata": "Q137769983",
          "amenity": "pub",
          "addr:city": "York"
        }
      }
    },
    {
      "type": "Feature",
      "geometry": {
        "type": "Point",
        "coordinates": [
          -1.0879,
          53.9593
        ]
      },
      "properties": {
        "name": "The Dubliner",
        "osm_type": "wikidata",
        "osm_id": 125549668,
        "address": "York",
        "house_name": "",
        "house_number": "",
        "street": "",
        "suburb": "",
        "city": "York",
        "postcode": "",
        "country": "",
        "operator": "",
        "brewery": "",
        "website": "",
        "phone": "",
        "opening_hours": "",
        "cuisine": "",
        "food": "",
        "drink": "",
        "outdoor_seating": "",
        "indoor_seating": "",
        "internet_access": "",
        "real_ale": "",
        "real_cider": "",
        "live_music": "",
        "dog": "",
        "wheelchair": "",
        "toilets": "",
        "smoking": "",
        "wikidata": "Q125549668",
        "wikipedia": "en:The Maltings, York",
        "fetched_at_utc": "2026-10-01T14:46:45+00:00",
        "source_endpoint": "wikidata",
        "tags": {
          "name": "The Dubliner",
          "wikidata": "Q125549668",
          "amenity": "pub",
          "wikipedia": "en:The Maltings, York",
          "addr:city": "York"
        }
      }
    },
    {
      "type": "Feature",
      "geometry": {
        "type": "Point",
        "coordinates": [
          -1.075917,
          53.953027
        ]
      },
      "properties": {
        "name": "The Edinburgh Arms",
        "osm_type": "wikidata",
        "osm_id": 26549158,
        "address": "York",
        "house_name": "",
        "house_number": "",
        "street": "",
        "suburb": "",
        "city": "York",
        "postcode": "",
        "country": "",
        "operator": "",
        "brewery": "",
        "website": "",
        "phone": "",
        "opening_hours": "",
        "cuisine": "",
        "food": "",
        "drink": "",
        "outdoor_seating": "",
        "indoor_seating": "",
        "internet_access": "",
        "real_ale": "",
        "real_cider": "",
        "live_music": "",
        "dog": "",
        "wheelchair": "",
        "toilets": "",
        "smoking": "",
        "wikidata": "Q26549158",
        "wikipedia": "en:Edinburgh Arms",
        "fetched_at_utc": "2026-10-01T14:46:45+00:00",
        "source_endpoint": "wikidata",
        "tags": {
          "name": "The Edinburgh Arms",
          "wikidata": "Q26549158",
          "amenity": "pub",
          "heritage": "2",
          "historic": "building",
          "listed_status": "grade ii",
          "wikipedia": "en:Edinburgh Arms",
          "addr:city": "York"
        }
      }
    },
    {
      "type": "Feature",
      "geometry": {
        "type": "Point",
        "coordinates": [
          -1.089513888,
          53.956986111
        ]
      },
      "properties": {
        "name": "The Falcon",
        "osm_type": "wikidata",
        "osm_id": 110281479,
        "address": "York",
        "house_name": "",
        "house_number": "",
        "street": "",
        "suburb": "",
        "city": "York",
        "postcode": "",
        "country": "",
        "operator": "",
        "brewery": "",
        "website": "",
        "phone": "",
        "opening_hours": "",
        "cuisine": "",
        "food": "",
        "drink": "",
        "outdoor_seating": "",
        "indoor_seating": "",
        "internet_access": "",
        "real_ale": "",
        "real_cider": "",
        "live_music": "",
        "dog": "",
        "wheelchair": "",
        "toilets": "",
        "smoking": "",
        "wikidata": "Q110281479",
        "wikipedia": "en:The Falcon, York",
        "fetched_at_utc": "2026-10-01T14:46:45+00:00",
        "source_endpoint": "wikidata",
        "tags": {
          "name": "The Falcon",
          "wikidata": "Q110281479",
          "amenity": "pub",
          "wikipedia": "en:The Falcon, York",
          "addr:city": "York"
        }
      }
    },
    {
      "type": "Feature",
      "geometry": {
        "type": "Point",
        "coordinates": [
          -1.084818055,
          53.962703888
        ]
      },
      "properties": {
        "name": "The Fat Badger",
        "osm_type": "wikidata",
        "osm_id": 137803814,
        "address": "2-4 High Petergate, York YO1 7EH, York",
        "house_name": "",
        "house_number": "",
        "street": "2-4 High Petergate, York YO1 7EH",
        "suburb": "",
        "city": "York",
        "postcode": "",
        "country": "",
        "operator": "",
        "brewery": "",
        "website": "",
        "phone": "",
        "opening_hours": "",
        "cuisine": "",
        "food": "",
        "drink": "",
        "outdoor_seating": "",
        "indoor_seating": "",
        "internet_access": "",
        "real_ale": "",
        "real_cider": "",
        "live_music": "",
        "dog": "",
        "wheelchair": "",
        "toilets": "",
        "smoking": "",
        "wikidata": "Q137803814",
        "wikipedia": "",
        "fetched_at_utc": "2026-10-01T14:46:45+00:00",
        "source_endpoint": "wikidata",
        "tags": {
          "name": "The Fat Badger",
          "wikidata": "Q137803814",
          "amenity": "pub",
          "addr:street": "2-4 High Petergate, York YO1 7EH",
          "addr:city": "York"
        }
      }
    },
    {
      "type": "Feature",
      "geometry": {
        "type": "Point",
        "coordinates": [
          -1.106253,
          53.95536
        ]
      },
      "properties": {
        "name": "The Fox",
        "osm_type": "wikidata",
        "osm_id": 26548882,
        "address": "York",
        "house_name": "",
        "house_number": "",
        "street": "",
        "suburb": "",
        "city": "York",
        "postcode": "",
        "country": "",
        "operator": "",
        "brewery": "",
        "website": "",
        "phone": "",
        "opening_hours": "",
        "cuisine": "",
        "food": "",
        "drink": "",
        "outdoor_seating": "",
        "indoor_seating": "",
        "internet_access": "",
        "real_ale": "",
        "real_cider": "",
        "live_music": "",
        "dog": "",
        "wheelchair": "",
        "toilets": "",
        "smoking": "",
        "wikidata": "Q26548882",
        "wikipedia": "en:The Fox, York",
        "fetched_at_utc": "2026-10-01T14:46:45+00:00",
        "source_endpoint": "wikidata",
        "tags": {
          "name": "The Fox",
          "wikidata": "Q26548882",
          "amenity": "pub",
          "heritage": "2",
          "historic": "building",
          "listed_status": "grade ii",
          "wikipedia": "en:The Fox, York",
          "addr:city": "York"
        }
      }
    },
    {
      "type": "Feature",
      "geometry": {
        "type": "Point",
        "coordinates": [
          -1.108034,
          53.939007
        ]
      },
      "properties": {
        "name": "The Fox & Roman",
        "osm_type": "wikidata",
        "osm_id": 136487945,
        "address": "York",
        "house_name": "",
        "house_number": "",
        "street": "",
        "suburb": "",
        "city": "York",
        "postcode": "",
        "country": "",
        "operator": "",
        "brewery": "",
        "website": "",
        "phone": "",
        "opening_hours": "",
        "cuisine": "",
        "food": "",
        "drink": "",
        "outdoor_seating": "",
        "indoor_seating": "",
        "internet_access": "",
        "real_ale": "",
        "real_cider": "",
        "live_music": "",
        "dog": "",
        "wheelchair": "",
        "toilets": "",
        "smoking": "",
        "wikidata": "Q136487945",
        "wikipedia": "",
        "fetched_at_utc": "2026-10-01T14:46:45+00:00",
        "source_endpoint": "wikidata",
        "tags": {
          "name": "The Fox & Roman",
          "wikidata": "Q136487945",
          "amenity": "pub",
          "addr:city": "York"
        }
      }
    },
    {
      "type": "Feature",
      "geometry": {
        "type": "Point",
        "coordinates": [
          -1.083812,
          53.964089
        ]
      },
      "properties": {
        "name": "The Gillygate",
        "osm_type": "wikidata",
        "osm_id": 26549109,
        "address": "York",
        "house_name": "",
        "house_number": "",
        "street": "",
        "suburb": "",
        "city": "York",
        "postcode": "",
        "country": "",
        "operator": "",
        "brewery": "",
        "website": "",
        "phone": "",
        "opening_hours": "",
        "cuisine": "",
        "food": "",
        "drink": "",
        "outdoor_seating": "",
        "indoor_seating": "",
        "internet_access": "",
        "real_ale": "",
        "real_cider": "",
        "live_music": "",
        "dog": "",
        "wheelchair": "",
        "toilets": "",
        "smoking": "",
        "wikidata": "Q26549109",
        "wikipedia": "en:The Gillygate",
        "fetched_at_utc": "2026-10-01T14:46:45+00:00",
        "source_endpoint": "wikidata",
        "tags": {
          "name": "The Gillygate",
          "wikidata": "Q26549109",
          "amenity": "pub",
          "heritage": "2",
          "historic": "building",
          "listed_status": "grade ii",
          "wikipedia": "en:The Gillygate",
          "addr:city": "York"
        }
      }
    },
    {
      "type": "Feature",
      "geometry": {
        "type": "Point",
        "coordinates": [
          -1.085089,
          53.954864
        ]
      },
      "properties": {
        "name": "The Golden Ball",
        "osm_type": "wikidata",
        "osm_id": 26672890,
        "address": "York",
        "house_name": "",
        "house_number": "",
        "street": "",
        "suburb": "",
        "city": "York",
        "postcode": "",
        "country": "",
        "operator": "",
        "brewery": "",
        "website": "",
        "phone": "",
        "opening_hours": "",
        "cuisine": "",
        "food": "",
        "drink": "",
        "outdoor_seating": "",
        "indoor_seating": "",
        "internet_access": "",
        "real_ale": "",
        "real_cider": "",
        "live_music": "",
        "dog": "",
        "wheelchair": "",
        "toilets": "",
        "smoking": "",
        "wikidata": "Q26672890",
        "wikipedia": "en:Golden Ball, York",
        "fetched_at_utc": "2026-10-01T14:46:45+00:00",
        "source_endpoint": "wikidata",
        "tags": {
          "name": "The Golden Ball",
          "wikidata": "Q26672890",
          "amenity": "pub",
          "heritage": "2",
          "historic": "building",
          "listed_status": "grade ii",
          "wikipedia": "en:Golden Ball, York",
          "addr:city": "York"
        }
      }
    },
    {
      "type": "Feature",
      "geometry": {
        "type": "Point",
        "coordinates": [
          -1.079165,
          53.962206
        ]
      },
      "properties": {
        "name": "The Golden Slipper",
        "osm_type": "wikidata",
        "osm_id": 109284705,
        "address": "York",
        "house_name": "",
        "house_number": "",
        "street": "",
        "suburb": "",
        "city": "York",
        "postcode": "",
        "country": "",
        "operator": "",
        "brewery": "",
        "website": "",
        "phone": "",
        "opening_hours": "",
        "cuisine": "",
        "food": "",
        "drink": "",
        "outdoor_seating": "",
        "indoor_seating": "",
        "internet_access": "",
        "real_ale": "",
        "real_cider": "",
        "live_music": "",
        "dog": "",
        "wheelchair": "",
        "toilets": "",
        "smoking": "",
        "wikidata": "Q109284705",
        "wikipedia": "en:The Golden Slipper, York",
        "fetched_at_utc": "2026-10-01T14:46:45+00:00",
        "source_endpoint": "wikidata",
        "tags": {
          "name": "The Golden Slipper",
          "wikidata": "Q109284705",
          "amenity": "pub",
          "heritage": "2",
          "historic": "building",
          "listed_status": "grade ii",
          "wikipedia": "en:The Golden Slipper, York",
          "addr:city": "York"
        }
      }
    },
    {
      "type": "Feature",
      "geometry": {
        "type": "Point",
        "coordinates": [
          -1.134137,
          53.964427
        ]
      },
      "properties": {
        "name": "The Green Tree",
        "osm_type": "wikidata",
        "osm_id": 136764971,
        "address": "York",
        "house_name": "",
        "house_number": "",
        "street": "",
        "suburb": "",
        "city": "York",
        "postcode": "",
        "country": "",
        "operator": "",
        "brewery": "",
        "website": "",
        "phone": "",
        "opening_hours": "",
        "cuisine": "",
        "food": "",
        "drink": "",
        "outdoor_seating": "",
        "indoor_seating": "",
        "internet_access": "",
        "real_ale": "",
        "real_cider": "",
        "live_music": "",
        "dog": "",
        "wheelchair": "",
        "toilets": "",
        "smoking": "",
        "wikidata": "Q136764971",
        "wikipedia": "",
        "fetched_at_utc": "2026-10-01T14:46:45+00:00",
        "source_endpoint": "wikidata",
        "tags": {
          "name": "The Green Tree",
          "wikidata": "Q136764971",
          "amenity": "pub",
          "addr:city": "York"
        }
      }
    },
    {
      "type": "Feature",
      "geometry": {
        "type": "Point",
        "coordinates": [
          -1.0799114,
          53.9615902
        ]
      },
      "properties": {
        "name": "The Habit",
        "osm_type": "wikidata",
        "osm_id": 137163176,
        "address": "York",
        "house_name": "",
        "house_number": "",
        "street": "",
        "suburb": "",
        "city": "York",
        "postcode": "",
        "country": "",
        "operator": "",
        "brewery": "",
        "website": "",
        "phone": "",
        "opening_hours": "",
        "cuisine": "",
        "food": "",
        "drink": "",
        "outdoor_seating": "",
        "indoor_seating": "",
        "internet_access": "",
        "real_ale": "",
        "real_cider": "",
        "live_music": "",
        "dog": "",
        "wheelchair": "",
        "toilets": "",
        "smoking": "",
        "wikidata": "Q137163176",
        "wikipedia": "",
        "fetched_at_utc": "2026-10-01T14:46:45+00:00",
        "source_endpoint": "wikidata",
        "tags": {
          "name": "The Habit",
          "wikidata": "Q137163176",
          "amenity": "pub",
          "addr:city": "York"
        }
      }
    },
    {
      "type": "Feature",
      "geometry": {
        "type": "Point",
        "coordinates": [
          -1.09049,
          53.955999
        ]
      },
      "properties": {
        "name": "The Harry Hotspur",
        "osm_type": "wikidata",
        "osm_id": 137163160,
        "address": "York",
        "house_name": "",
        "house_number": "",
        "street": "",
        "suburb": "",
        "city": "York",
        "postcode": "",
        "country": "",
        "operator": "",
        "brewery": "",
        "website": "",
        "phone": "",
        "opening_hours": "",
        "cuisine": "",
        "food": "",
        "drink": "",
        "outdoor_seating": "",
        "indoor_seating": "",
        "internet_access": "",
        "real_ale": "",
        "real_cider": "",
        "live_music": "",
        "dog": "",
        "wheelchair": "",
        "toilets": "",
        "smoking": "",
        "wikidata": "Q137163160",
        "wikipedia": "",
        "fetched_at_utc": "2026-10-01T14:46:45+00:00",
        "source_endpoint": "wikidata",
        "tags": {
          "name": "The Harry Hotspur",
          "wikidata": "Q137163160",
          "amenity": "pub",
          "addr:city": "York"
        }
      }
    },
    {
      "type": "Feature",
      "geometry": {
        "type": "Point",
        "coordinates": [
          -1.066438,
          53.966693
        ]
      },
      "properties": {
        "name": "The Heworth Inn",
        "osm_type": "wikidata",
        "osm_id": 136772140,
        "address": "York",
        "house_name": "",
        "house_number": "",
        "street": "",
        "suburb": "",
        "city": "York",
        "postcode": "",
        "country": "",
        "operator": "",
        "brewery": "",
        "website": "",
        "phone": "",
        "opening_hours": "",
        "cuisine": "",
        "food": "",
        "drink": "",
        "outdoor_seating": "",
        "indoor_seating": "",
        "internet_access": "",
        "real_ale": "",
        "real_cider": "",
        "live_music": "",
        "dog": "",
        "wheelchair": "",
        "toilets": "",
        "smoking": "",
        "wikidata": "Q136772140",
        "wikipedia": "",
        "fetched_at_utc": "2026-10-01T14:46:45+00:00",
        "source_endpoint": "wikidata",
        "tags": {
          "name": "The Heworth Inn",
          "wikidata": "Q136772140",
          "amenity": "pub",
          "addr:city": "York"
        }
      }
    },
    {
      "type": "Feature",
      "geometry": {
        "type": "Point",
        "coordinates": [
          -1.0846506,
          53.9625609
        ]
      },
      "properties": {
        "name": "The Hole in the Wall",
        "osm_type": "wikidata",
        "osm_id": 137163187,
        "address": "York",
        "house_name": "",
        "house_number": "",
        "street": "",
        "suburb": "",
        "city": "York",
        "postcode": "",
        "country": "",
        "operator": "",
        "brewery": "",
        "website": "",
        "phone": "",
        "opening_hours": "",
        "cuisine": "",
        "food": "",
        "drink": "",
        "outdoor_seating": "",
        "indoor_seating": "",
        "internet_access": "",
        "real_ale": "",
        "real_cider": "",
        "live_music": "",
        "dog": "",
        "wheelchair": "",
        "toilets": "",
        "smoking": "",
        "wikidata": "Q137163187",
        "wikipedia": "",
        "fetched_at_utc": "2026-10-01T14:46:45+00:00",
        "source_endpoint": "wikidata",
        "tags": {
          "name": "The Hole in the Wall",
          "wikidata": "Q137163187",
          "amenity": "pub",
          "addr:city": "York"
        }
      }
    },
    {
      "type": "Feature",
      "geometry": {
        "type": "Point",
        "coordinates": [
          -1.029704,
          53.987572
        ]
      },
      "properties": {
        "name": "The Hopgrove",
        "osm_type": "wikidata",
        "osm_id": 137769933,
        "address": "York",
        "house_name": "",
        "house_number": "",
        "street": "",
        "suburb": "",
        "city": "York",
        "postcode": "",
        "country": "",
        "operator": "",
        "brewery": "",
        "website": "",
        "phone": "",
        "opening_hours": "",
        "cuisine": "",
        "food": "",
        "drink": "",
        "outdoor_seating": "",
        "indoor_seating": "",
        "internet_access": "",
        "real_ale": "",
        "real_cider": "",
        "live_music": "",
        "dog": "",
        "wheelchair": "",
        "toilets": "",
        "smoking": "",
        "wikidata": "Q137769933",
        "wikipedia": "",
        "fetched_at_utc": "2026-10-01T14:46:45+00:00",
        "source_endpoint": "wikidata",
        "tags": {
          "name": "The Hopgrove",
          "wikidata": "Q137769933",
          "amenity": "pub",
          "addr:city": "York"
        }
      }
    },
    {
      "type": "Feature",
      "geometry": {
        "type": "Point",
        "coordinates": [
          -1.103469,
          53.961587
        ]
      },
      "properties": {
        "name": "The Junction Brewhouse",
        "osm_type": "wikidata",
        "osm_id": 137052951,
        "address": "York",
        "house_name": "",
        "house_number": "",
        "street": "",
        "suburb": "",
        "city": "York",
        "postcode": "",
        "country": "",
        "operator": "",
        "brewery": "",
        "website": "",
        "phone": "",
        "opening_hours": "",
        "cuisine": "",
        "food": "",
        "drink": "",
        "outdoor_seating": "",
        "indoor_seating": "",
        "internet_access": "",
        "real_ale": "",
        "real_cider": "",
        "live_music": "",
        "dog": "",
        "wheelchair": "",
        "toilets": "",
        "smoking": "",
        "wikidata": "Q137052951",
        "wikipedia": "",
        "fetched_at_utc": "2026-10-01T14:46:45+00:00",
        "source_endpoint": "wikidata",
        "tags": {
          "name": "The Junction Brewhouse",
          "wikidata": "Q137052951",
          "amenity": "pub",
          "addr:city": "York"
        }
      }
    },
    {
      "type": "Feature",
      "geometry": {
        "type": "Point",
        "coordinates": [
          -1.078034,
          53.962751
        ]
      },
      "properties": {
        "name": "The Keystones",
        "osm_type": "wikidata",
        "osm_id": 26548633,
        "address": "York",
        "house_name": "",
        "house_number": "",
        "street": "",
        "suburb": "",
        "city": "York",
        "postcode": "",
        "country": "",
        "operator": "",
        "brewery": "",
        "website": "",
        "phone": "",
        "opening_hours": "",
        "cuisine": "",
        "food": "",
        "drink": "",
        "outdoor_seating": "",
        "indoor_seating": "",
        "internet_access": "",
        "real_ale": "",
        "real_cider": "",
        "live_music": "",
        "dog": "",
        "wheelchair": "",
        "toilets": "",
        "smoking": "",
        "wikidata": "Q26548633",
        "wikipedia": "en:Bay Horse, Monkgate",
        "fetched_at_utc": "2026-10-01T14:46:45+00:00",
        "source_endpoint": "wikidata",
        "tags": {
          "name": "The Keystones",
          "wikidata": "Q26548633",
          "amenity": "pub",
          "heritage": "2",
          "historic": "building",
          "listed_status": "grade ii",
          "wikipedia": "en:Bay Horse, Monkgate",
          "addr:city": "York"
        }
      }
    },
    {
      "type": "Feature",
      "geometry": {
        "type": "Point",
        "coordinates": [
          -1.083019,
          53.957162
        ]
      },
      "properties": {
        "name": "The Kings Arms",
        "osm_type": "wikidata",
        "osm_id": 26548870,
        "address": "York",
        "house_name": "",
        "house_number": "",
        "street": "",
        "suburb": "",
        "city": "York",
        "postcode": "",
        "country": "",
        "operator": "",
        "brewery": "",
        "website": "",
        "phone": "",
        "opening_hours": "",
        "cuisine": "",
        "food": "",
        "drink": "",
        "outdoor_seating": "",
        "indoor_seating": "",
        "internet_access": "",
        "real_ale": "",
        "real_cider": "",
        "live_music": "",
        "dog": "",
        "wheelchair": "",
        "toilets": "",
        "smoking": "",
        "wikidata": "Q26548870",
        "wikipedia": "en:Kings Arms, York",
        "fetched_at_utc": "2026-10-01T14:46:45+00:00",
        "source_endpoint": "wikidata",
        "tags": {
          "name": "The Kings Arms",
          "wikidata": "Q26548870",
          "amenity": "pub",
          "heritage": "2",
          "historic": "building",
          "listed_status": "grade ii",
          "wikipedia": "en:Kings Arms, York",
          "addr:city": "York"
        }
      }
    },
    {
      "type": "Feature",
      "geometry": {
        "type": "Point",
        "coordinates": [
          -1.146213,
          53.961428
        ]
      },
      "properties": {
        "name": "The Knapton Lion",
        "osm_type": "wikidata",
        "osm_id": 136487007,
        "address": "York",
        "house_name": "",
        "house_number": "",
        "street": "",
        "suburb": "",
        "city": "York",
        "postcode": "",
        "country": "",
        "operator": "",
        "brewery": "",
        "website": "",
        "phone": "",
        "opening_hours": "",
        "cuisine": "",
        "food": "",
        "drink": "",
        "outdoor_seating": "",
        "indoor_seating": "",
        "internet_access": "",
        "real_ale": "",
        "real_cider": "",
        "live_music": "",
        "dog": "",
        "wheelchair": "",
        "toilets": "",
        "smoking": "",
        "wikidata": "Q136487007",
        "wikipedia": "",
        "fetched_at_utc": "2026-10-01T14:46:45+00:00",
        "source_endpoint": "wikidata",
        "tags": {
          "name": "The Knapton Lion",
          "wikidata": "Q136487007",
          "amenity": "pub",
          "addr:city": "York"
        }
      }
    },
    {
      "type": "Feature",
      "geometry": {
        "type": "Point",
        "coordinates": [
          -1.079635,
          53.959968
        ]
      },
      "properties": {
        "name": "The Last Drop Inn",
        "osm_type": "wikidata",
        "osm_id": 26549298,
        "address": "York",
        "house_name": "",
        "house_number": "",
        "street": "",
        "suburb": "",
        "city": "York",
        "postcode": "",
        "country": "",
        "operator": "",
        "brewery": "",
        "website": "",
        "phone": "",
        "opening_hours": "",
        "cuisine": "",
        "food": "",
        "drink": "",
        "outdoor_seating": "",
        "indoor_seating": "",
        "internet_access": "",
        "real_ale": "",
        "real_cider": "",
        "live_music": "",
        "dog": "",
        "wheelchair": "",
        "toilets": "",
        "smoking": "",
        "wikidata": "Q26549298",
        "wikipedia": "en:27 Colliergate",
        "fetched_at_utc": "2026-10-01T14:46:45+00:00",
        "source_endpoint": "wikidata",
        "tags": {
          "name": "The Last Drop Inn",
          "wikidata": "Q26549298",
          "amenity": "pub",
          "heritage": "2",
          "historic": "building",
          "listed_status": "grade ii",
          "wikipedia": "en:27 Colliergate",
          "addr:city": "York"
        }
      }
    },
    {
      "type": "Feature",
      "geometry": {
        "type": "Point",
        "coordinates": [
          -1.1074022,
          53.9630248
        ]
      },
      "properties": {
        "name": "The Leeman",
        "osm_type": "wikidata",
        "osm_id": 136764934,
        "address": "York",
        "house_name": "",
        "house_number": "",
        "street": "",
        "suburb": "",
        "city": "York",
        "postcode": "",
        "country": "",
        "operator": "",
        "brewery": "",
        "website": "",
        "phone": "",
        "opening_hours": "",
        "cuisine": "",
        "food": "",
        "drink": "",
        "outdoor_seating": "",
        "indoor_seating": "",
        "internet_access": "",
        "real_ale": "",
        "real_cider": "",
        "live_music": "",
        "dog": "",
        "wheelchair": "",
        "toilets": "",
        "smoking": "",
        "wikidata": "Q136764934",
        "wikipedia": "",
        "fetched_at_utc": "2026-10-01T14:46:45+00:00",
        "source_endpoint": "wikidata",
        "tags": {
          "name": "The Leeman",
          "wikidata": "Q136764934",
          "amenity": "pub",
          "addr:city": "York"
        }
      }
    },
    {
      "type": "Feature",
      "geometry": {
        "type": "Point",
        "coordinates": [
          -1.15439,
          53.979111
        ]
      },
      "properties": {
        "name": "The Lord Collingwood",
        "osm_type": "wikidata",
        "osm_id": 136652495,
        "address": "York",
        "house_name": "",
        "house_number": "",
        "street": "",
        "suburb": "",
        "city": "York",
        "postcode": "",
        "country": "",
        "operator": "",
        "brewery": "",
        "website": "",
        "phone": "",
        "opening_hours": "",
        "cuisine": "",
        "food": "",
        "drink": "",
        "outdoor_seating": "",
        "indoor_seating": "",
        "internet_access": "",
        "real_ale": "",
        "real_cider": "",
        "live_music": "",
        "dog": "",
        "wheelchair": "",
        "toilets": "",
        "smoking": "",
        "wikidata": "Q136652495",
        "wikipedia": "",
        "fetched_at_utc": "2026-10-01T14:46:45+00:00",
        "source_endpoint": "wikidata",
        "tags": {
          "name": "The Lord Collingwood",
          "wikidata": "Q136652495",
          "amenity": "pub",
          "addr:city": "York"
        }
      }
    },
    {
      "type": "Feature",
      "geometry": {
        "type": "Point",
        "coordinates": [
          -1.148159,
          53.987694
        ]
      },
      "properties": {
        "name": "The Lord Nelson",
        "osm_type": "wikidata",
        "osm_id": 136672652,
        "address": "York",
        "house_name": "",
        "house_number": "",
        "street": "",
        "suburb": "",
        "city": "York",
        "postcode": "",
        "country": "",
        "operator": "",
        "brewery": "",
        "website": "",
        "phone": "",
        "opening_hours": "",
        "cuisine": "",
        "food": "",
        "drink": "",
        "outdoor_seating": "",
        "indoor_seating": "",
        "internet_access": "",
        "real_ale": "",
        "real_cider": "",
        "live_music": "",
        "dog": "",
        "wheelchair": "",
        "toilets": "",
        "smoking": "",
        "wikidata": "Q136672652",
        "wikipedia": "",
        "fetched_at_utc": "2026-10-01T14:46:45+00:00",
        "source_endpoint": "wikidata",
        "tags": {
          "name": "The Lord Nelson",
          "wikidata": "Q136672652",
          "amenity": "pub",
          "addr:city": "York"
        }
      }
    },
    {
      "type": "Feature",
      "geometry": {
        "type": "Point",
        "coordinates": [
          -1.082689,
          53.9566552
        ]
      },
      "properties": {
        "name": "The Lowther",
        "osm_type": "wikidata",
        "osm_id": 136783994,
        "address": "York",
        "house_name": "",
        "house_number": "",
        "street": "",
        "suburb": "",
        "city": "York",
        "postcode": "",
        "country": "",
        "operator": "",
        "brewery": "",
        "website": "",
        "phone": "",
        "opening_hours": "",
        "cuisine": "",
        "food": "",
        "drink": "",
        "outdoor_seating": "",
        "indoor_seating": "",
        "internet_access": "",
        "real_ale": "",
        "real_cider": "",
        "live_music": "",
        "dog": "",
        "wheelchair": "",
        "toilets": "",
        "smoking": "",
        "wikidata": "Q136783994",
        "wikipedia": "",
        "fetched_at_utc": "2026-10-01T14:46:45+00:00",
        "source_endpoint": "wikidata",
        "tags": {
          "name": "The Lowther",
          "wikidata": "Q136783994",
          "amenity": "pub",
          "addr:city": "York"
        }
      }
    },
    {
      "type": "Feature",
      "geometry": {
        "type": "Point",
        "coordinates": [
          -1.044242,
          53.957584
        ]
      },
      "properties": {
        "name": "The Magnet",
        "osm_type": "wikidata",
        "osm_id": 136772155,
        "address": "York",
        "house_name": "",
        "house_number": "",
        "street": "",
        "suburb": "",
        "city": "York",
        "postcode": "",
        "country": "",
        "operator": "",
        "brewery": "",
        "website": "",
        "phone": "",
        "opening_hours": "",
        "cuisine": "",
        "food": "",
        "drink": "",
        "outdoor_seating": "",
        "indoor_seating": "",
        "internet_access": "",
        "real_ale": "",
        "real_cider": "",
        "live_music": "",
        "dog": "",
        "wheelchair": "",
        "toilets": "",
        "smoking": "",
        "wikidata": "Q136772155",
        "wikipedia": "",
        "fetched_at_utc": "2026-10-01T14:46:45+00:00",
        "source_endpoint": "wikidata",
        "tags": {
          "name": "The Magnet",
          "wikidata": "Q136772155",
          "amenity": "pub",
          "addr:city": "York"
        }
      }
    },
    {
      "type": "Feature",
      "geometry": {
        "type": "Point",
        "coordinates": [
          -1.12891,
          53.95387
        ]
      },
      "properties": {
        "name": "The Marcia Grey",
        "osm_type": "wikidata",
        "osm_id": 136764980,
        "address": "York",
        "house_name": "",
        "house_number": "",
        "street": "",
        "suburb": "",
        "city": "York",
        "postcode": "",
        "country": "",
        "operator": "",
        "brewery": "",
        "website": "",
        "phone": "",
        "opening_hours": "",
        "cuisine": "",
        "food": "",
        "drink": "",
        "outdoor_seating": "",
        "indoor_seating": "",
        "internet_access": "",
        "real_ale": "",
        "real_cider": "",
        "live_music": "",
        "dog": "",
        "wheelchair": "",
        "toilets": "",
        "smoking": "",
        "wikidata": "Q136764980",
        "wikipedia": "",
        "fetched_at_utc": "2026-10-01T14:46:45+00:00",
        "source_endpoint": "wikidata",
        "tags": {
          "name": "The Marcia Grey",
          "wikidata": "Q136764980",
          "amenity": "pub",
          "addr:city": "York"
        }
      }
    },
    {
      "type": "Feature",
      "geometry": {
        "type": "Point",
        "coordinates": [
          -1.0810152,
          53.9592816
        ]
      },
      "properties": {
        "name": "The Market Cat",
        "osm_type": "wikidata",
        "osm_id": 137758744,
        "address": "York",
        "house_name": "",
        "house_number": "",
        "street": "",
        "suburb": "",
        "city": "York",
        "postcode": "",
        "country": "",
        "operator": "",
        "brewery": "",
        "website": "",
        "phone": "",
        "opening_hours": "",
        "cuisine": "",
        "food": "",
        "drink": "",
        "outdoor_seating": "",
        "indoor_seating": "",
        "internet_access": "",
        "real_ale": "",
        "real_cider": "",
        "live_music": "",
        "dog": "",
        "wheelchair": "",
        "toilets": "",
        "smoking": "",
        "wikidata": "Q137758744",
        "wikipedia": "",
        "fetched_at_utc": "2026-10-01T14:46:45+00:00",
        "source_endpoint": "wikidata",
        "tags": {
          "name": "The Market Cat",
          "wikidata": "Q137758744",
          "amenity": "pub",
          "addr:city": "York"
        }
      }
    },
    {
      "type": "Feature",
      "geometry": {
        "type": "Point",
        "coordinates": [
          -1.077362,
          53.954042
        ]
      },
      "properties": {
        "name": "The Masons Arms",
        "osm_type": "wikidata",
        "osm_id": 26549155,
        "address": "York",
        "house_name": "",
        "house_number": "",
        "street": "",
        "suburb": "",
        "city": "York",
        "postcode": "",
        "country": "",
        "operator": "",
        "brewery": "",
        "website": "",
        "phone": "",
        "opening_hours": "",
        "cuisine": "",
        "food": "",
        "drink": "",
        "outdoor_seating": "",
        "indoor_seating": "",
        "internet_access": "",
        "real_ale": "",
        "real_cider": "",
        "live_music": "",
        "dog": "",
        "wheelchair": "",
        "toilets": "",
        "smoking": "",
        "wikidata": "Q26549155",
        "wikipedia": "en:Masons Arms, York",
        "fetched_at_utc": "2026-10-01T14:46:45+00:00",
        "source_endpoint": "wikidata",
        "tags": {
          "name": "The Masons Arms",
          "wikidata": "Q26549155",
          "amenity": "pub",
          "heritage": "2",
          "historic": "building",
          "listed_status": "grade ii",
          "wikipedia": "en:Masons Arms, York",
          "addr:city": "York"
        }
      }
    },
    {
      "type": "Feature",
      "geometry": {
        "type": "Point",
        "coordinates": [
          -1.09423,
          53.953922
        ]
      },
      "properties": {
        "name": "The Mount",
        "osm_type": "wikidata",
        "osm_id": 26547958,
        "address": "York",
        "house_name": "",
        "house_number": "",
        "street": "",
        "suburb": "",
        "city": "York",
        "postcode": "",
        "country": "",
        "operator": "",
        "brewery": "",
        "website": "",
        "phone": "",
        "opening_hours": "",
        "cuisine": "",
        "food": "",
        "drink": "",
        "outdoor_seating": "",
        "indoor_seating": "",
        "internet_access": "",
        "real_ale": "",
        "real_cider": "",
        "live_music": "",
        "dog": "",
        "wheelchair": "",
        "toilets": "",
        "smoking": "",
        "wikidata": "Q26547958",
        "wikipedia": "en:The Mount, York (pub)",
        "fetched_at_utc": "2026-10-01T14:46:45+00:00",
        "source_endpoint": "wikidata",
        "tags": {
          "name": "The Mount",
          "wikidata": "Q26547958",
          "amenity": "pub",
          "heritage": "2",
          "historic": "building",
          "listed_status": "grade ii",
          "wikipedia": "en:The Mount, York (pub)",
          "addr:city": "York"
        }
      }
    },
    {
      "type": "Feature",
      "geometry": {
        "type": "Point",
        "coordinates": [
          -1.0612037,
          53.966874
        ]
      },
      "properties": {
        "name": "The Nag's Head",
        "osm_type": "wikidata",
        "osm_id": 136655374,
        "address": "York",
        "house_name": "",
        "house_number": "",
        "street": "",
        "suburb": "",
        "city": "York",
        "postcode": "",
        "country": "",
        "operator": "",
        "brewery": "",
        "website": "",
        "phone": "",
        "opening_hours": "",
        "cuisine": "",
        "food": "",
        "drink": "",
        "outdoor_seating": "",
        "indoor_seating": "",
        "internet_access": "",
        "real_ale": "",
        "real_cider": "",
        "live_music": "",
        "dog": "",
        "wheelchair": "",
        "toilets": "",
        "smoking": "",
        "wikidata": "Q136655374",
        "wikipedia": "",
        "fetched_at_utc": "2026-10-01T14:46:45+00:00",
        "source_endpoint": "wikidata",
        "tags": {
          "name": "The Nag's Head",
          "wikidata": "Q136655374",
          "amenity": "pub",
          "addr:city": "York"
        }
      }
    },
    {
      "type": "Feature",
      "geometry": {
        "type": "Point",
        "coordinates": [
          -1.0857785,
          53.9603837
        ]
      },
      "properties": {
        "name": "The Old Bank",
        "osm_type": "wikidata",
        "osm_id": 137758739,
        "address": "York",
        "house_name": "",
        "house_number": "",
        "street": "",
        "suburb": "",
        "city": "York",
        "postcode": "",
        "country": "",
        "operator": "",
        "brewery": "",
        "website": "",
        "phone": "",
        "opening_hours": "",
        "cuisine": "",
        "food": "",
        "drink": "",
        "outdoor_seating": "",
        "indoor_seating": "",
        "internet_access": "",
        "real_ale": "",
        "real_cider": "",
        "live_music": "",
        "dog": "",
        "wheelchair": "",
        "toilets": "",
        "smoking": "",
        "wikidata": "Q137758739",
        "wikipedia": "",
        "fetched_at_utc": "2026-10-01T14:46:45+00:00",
        "source_endpoint": "wikidata",
        "tags": {
          "name": "The Old Bank",
          "wikidata": "Q137758739",
          "amenity": "pub",
          "addr:city": "York"
        }
      }
    },
    {
      "type": "Feature",
      "geometry": {
        "type": "Point",
        "coordinates": [
          -1.096343,
          53.968966
        ]
      },
      "properties": {
        "name": "The Old Grey Mare",
        "osm_type": "wikidata",
        "osm_id": 26550346,
        "address": "York",
        "house_name": "",
        "house_number": "",
        "street": "",
        "suburb": "",
        "city": "York",
        "postcode": "",
        "country": "",
        "operator": "",
        "brewery": "",
        "website": "",
        "phone": "",
        "opening_hours": "",
        "cuisine": "",
        "food": "",
        "drink": "",
        "outdoor_seating": "",
        "indoor_seating": "",
        "internet_access": "",
        "real_ale": "",
        "real_cider": "",
        "live_music": "",
        "dog": "",
        "wheelchair": "",
        "toilets": "",
        "smoking": "",
        "wikidata": "Q26550346",
        "wikipedia": "en:Old Grey Mare, York",
        "fetched_at_utc": "2026-10-01T14:46:45+00:00",
        "source_endpoint": "wikidata",
        "tags": {
          "name": "The Old Grey Mare",
          "wikidata": "Q26550346",
          "amenity": "pub",
          "heritage": "2",
          "historic": "building",
          "listed_status": "grade ii",
          "wikipedia": "en:Old Grey Mare, York",
          "addr:city": "York"
        }
      }
    },
    {
      "type": "Feature",
      "geometry": {
        "type": "Point",
        "coordinates": [
          -1.080214,
          53.960655
        ]
      },
      "properties": {
        "name": "The Old White Swan",
        "osm_type": "wikidata",
        "osm_id": 26549042,
        "address": "York",
        "house_name": "",
        "house_number": "",
        "street": "",
        "suburb": "",
        "city": "York",
        "postcode": "",
        "country": "",
        "operator": "",
        "brewery": "",
        "website": "",
        "phone": "",
        "opening_hours": "",
        "cuisine": "",
        "food": "",
        "drink": "",
        "outdoor_seating": "",
        "indoor_seating": "",
        "internet_access": "",
        "real_ale": "",
        "real_cider": "",
        "live_music": "",
        "dog": "",
        "wheelchair": "",
        "toilets": "",
        "smoking": "",
        "wikidata": "Q26549042",
        "wikipedia": "en:Old White Swan",
        "fetched_at_utc": "2026-10-01T14:46:45+00:00",
        "source_endpoint": "wikidata",
        "tags": {
          "name": "The Old White Swan",
          "wikidata": "Q26549042",
          "amenity": "pub",
          "heritage": "2",
          "historic": "building",
          "listed_status": "grade ii",
          "wikipedia": "en:Old White Swan",
          "addr:city": "York"
        }
      }
    },
    {
      "type": "Feature",
      "geometry": {
        "type": "Point",
        "coordinates": [
          -1.085682,
          53.958132
        ]
      },
      "properties": {
        "name": "The Other Tap And Spile",
        "osm_type": "wikidata",
        "osm_id": 26548478,
        "address": "York",
        "house_name": "",
        "house_number": "",
        "street": "",
        "suburb": "",
        "city": "York",
        "postcode": "",
        "country": "",
        "operator": "",
        "brewery": "",
        "website": "",
        "phone": "",
        "opening_hours": "",
        "cuisine": "",
        "food": "",
        "drink": "",
        "outdoor_seating": "",
        "indoor_seating": "",
        "internet_access": "",
        "real_ale": "",
        "real_cider": "",
        "live_music": "",
        "dog": "",
        "wheelchair": "",
        "toilets": "",
        "smoking": "",
        "wikidata": "Q26548478",
        "wikipedia": "en:Yorkshire Hussar",
        "fetched_at_utc": "2026-10-01T14:46:45+00:00",
        "source_endpoint": "wikidata",
        "tags": {
          "name": "The Other Tap And Spile",
          "wikidata": "Q26548478",
          "amenity": "pub",
          "heritage": "2",
          "historic": "building",
          "listed_status": "grade ii",
          "wikipedia": "en:Yorkshire Hussar",
          "addr:city": "York"
        }
      }
    },
    {
      "type": "Feature",
      "geometry": {
        "type": "Point",
        "coordinates": [
          -1.075039,
          53.954153
        ]
      },
      "properties": {
        "name": "The Phoenix",
        "osm_type": "wikidata",
        "osm_id": 26549100,
        "address": "York",
        "house_name": "",
        "house_number": "",
        "street": "",
        "suburb": "",
        "city": "York",
        "postcode": "",
        "country": "",
        "operator": "",
        "brewery": "",
        "website": "",
        "phone": "",
        "opening_hours": "",
        "cuisine": "",
        "food": "",
        "drink": "",
        "outdoor_seating": "",
        "indoor_seating": "",
        "internet_access": "",
        "real_ale": "",
        "real_cider": "",
        "live_music": "",
        "dog": "",
        "wheelchair": "",
        "toilets": "",
        "smoking": "",
        "wikidata": "Q26549100",
        "wikipedia": "en:Phoenix Inn",
        "fetched_at_utc": "2026-10-01T14:46:45+00:00",
        "source_endpoint": "wikidata",
        "tags": {
          "name": "The Phoenix",
          "wikidata": "Q26549100",
          "amenity": "pub",
          "heritage": "2",
          "historic": "building",
          "listed_status": "grade ii",
          "wikipedia": "en:Phoenix Inn",
          "addr:city": "York"
        }
      }
    },
    {
      "type": "Feature",
      "geometry": {
        "type": "Point",
        "coordinates": [
          -1.0717949,
          53.9350521
        ]
      },
      "properties": {
        "name": "The Plough",
        "osm_type": "wikidata",
        "osm_id": 136655354,
        "address": "York",
        "house_name": "",
        "house_number": "",
        "street": "",
        "suburb": "",
        "city": "York",
        "postcode": "",
        "country": "",
        "operator": "",
        "brewery": "",
        "website": "",
        "phone": "",
        "opening_hours": "",
        "cuisine": "",
        "food": "",
        "drink": "",
        "outdoor_seating": "",
        "indoor_seating": "",
        "internet_access": "",
        "real_ale": "",
        "real_cider": "",
        "live_music": "",
        "dog": "",
        "wheelchair": "",
        "toilets": "",
        "smoking": "",
        "wikidata": "Q136655354",
        "wikipedia": "",
        "fetched_at_utc": "2026-10-01T14:46:45+00:00",
        "source_endpoint": "wikidata",
        "tags": {
          "name": "The Plough",
          "wikidata": "Q136655354",
          "amenity": "pub",
          "addr:city": "York"
        }
      }
    },
    {
      "type": "Feature",
      "geometry": {
        "type": "Point",
        "coordinates": [
          -1.077218055,
          53.95455778
        ]
      },
      "properties": {
        "name": "The Postern Gate",
        "osm_type": "wikidata",
        "osm_id": 88917691,
        "address": "York",
        "house_name": "",
        "house_number": "",
        "street": "",
        "suburb": "",
        "city": "York",
        "postcode": "",
        "country": "",
        "operator": "",
        "brewery": "",
        "website": "",
        "phone": "",
        "opening_hours": "",
        "cuisine": "",
        "food": "",
        "drink": "",
        "outdoor_seating": "",
        "indoor_seating": "",
        "internet_access": "",
        "real_ale": "",
        "real_cider": "",
        "live_music": "",
        "dog": "",
        "wheelchair": "",
        "toilets": "",
        "smoking": "",
        "wikidata": "Q88917691",
        "wikipedia": "",
        "fetched_at_utc": "2026-10-01T14:46:45+00:00",
        "source_endpoint": "wikidata",
        "tags": {
          "name": "The Postern Gate",
          "wikidata": "Q88917691",
          "amenity": "pub",
          "addr:city": "York"
        }
      }
    },
    {
      "type": "Feature",
      "geometry": {
        "type": "Point",
        "coordinates": [
          -1.08994,
          53.956388
        ]
      },
      "properties": {
        "name": "The Priory",
        "osm_type": "wikidata",
        "osm_id": 26548669,
        "address": "York",
        "house_name": "",
        "house_number": "",
        "street": "",
        "suburb": "",
        "city": "York",
        "postcode": "",
        "country": "",
        "operator": "",
        "brewery": "",
        "website": "",
        "phone": "",
        "opening_hours": "",
        "cuisine": "",
        "food": "",
        "drink": "",
        "outdoor_seating": "",
        "indoor_seating": "",
        "internet_access": "",
        "real_ale": "",
        "real_cider": "",
        "live_music": "",
        "dog": "",
        "wheelchair": "",
        "toilets": "",
        "smoking": "",
        "wikidata": "Q26548669",
        "wikipedia": "en:The Priory, York",
        "fetched_at_utc": "2026-10-01T14:46:45+00:00",
        "source_endpoint": "wikidata",
        "tags": {
          "name": "The Priory",
          "wikidata": "Q26548669",
          "amenity": "pub",
          "heritage": "2",
          "historic": "building",
          "listed_status": "grade ii",
          "wikipedia": "en:The Priory, York",
          "addr:city": "York"
        }
      }
    },
    {
      "type": "Feature",
      "geometry": {
        "type": "Point",
        "coordinates": [
          -1.083744,
          53.960557
        ]
      },
      "properties": {
        "name": "The Punch Bowl",
        "osm_type": "wikidata",
        "osm_id": 26548027,
        "address": "York",
        "house_name": "",
        "house_number": "",
        "street": "",
        "suburb": "",
        "city": "York",
        "postcode": "",
        "country": "",
        "operator": "",
        "brewery": "",
        "website": "",
        "phone": "",
        "opening_hours": "",
        "cuisine": "",
        "food": "",
        "drink": "",
        "outdoor_seating": "",
        "indoor_seating": "",
        "internet_access": "",
        "real_ale": "",
        "real_cider": "",
        "live_music": "",
        "dog": "",
        "wheelchair": "",
        "toilets": "",
        "smoking": "",
        "wikidata": "Q26548027",
        "wikipedia": "en:The Punch Bowl, Stonegate",
        "fetched_at_utc": "2026-10-01T14:46:45+00:00",
        "source_endpoint": "wikidata",
        "tags": {
          "name": "The Punch Bowl",
          "wikidata": "Q26548027",
          "amenity": "pub",
          "heritage": "2",
          "historic": "building",
          "listed_status": "grade ii",
          "wikipedia": "en:The Punch Bowl, Stonegate",
          "addr:city": "York"
        }
      }
    },
    {
      "type": "Feature",
      "geometry": {
        "type": "Point",
        "coordinates": [
          -1.090903,
          53.955533
        ]
      },
      "properties": {
        "name": "The Punch Bowl",
        "osm_type": "wikidata",
        "osm_id": 26550631,
        "address": "York",
        "house_name": "",
        "house_number": "",
        "street": "",
        "suburb": "",
        "city": "York",
        "postcode": "",
        "country": "",
        "operator": "",
        "brewery": "",
        "website": "",
        "phone": "",
        "opening_hours": "",
        "cuisine": "",
        "food": "",
        "drink": "",
        "outdoor_seating": "",
        "indoor_seating": "",
        "internet_access": "",
        "real_ale": "",
        "real_cider": "",
        "live_music": "",
        "dog": "",
        "wheelchair": "",
        "toilets": "",
        "smoking": "",
        "wikidata": "Q26550631",
        "wikipedia": "en:The Punch Bowl, Blossom Street",
        "fetched_at_utc": "2026-10-01T14:46:45+00:00",
        "source_endpoint": "wikidata",
        "tags": {
          "name": "The Punch Bowl",
          "wikidata": "Q26550631",
          "amenity": "pub",
          "heritage": "2",
          "historic": "building",
          "listed_status": "grade ii",
          "wikipedia": "en:The Punch Bowl, Blossom Street",
          "addr:city": "York"
        }
      }
    },
    {
      "type": "Feature",
      "geometry": {
        "type": "Point",
        "coordinates": [
          -1.086889,
          53.957514
        ]
      },
      "properties": {
        "name": "The Railway King",
        "osm_type": "wikidata",
        "osm_id": 26549093,
        "address": "York",
        "house_name": "",
        "house_number": "",
        "street": "",
        "suburb": "",
        "city": "York",
        "postcode": "",
        "country": "",
        "operator": "",
        "brewery": "",
        "website": "",
        "phone": "",
        "opening_hours": "",
        "cuisine": "",
        "food": "",
        "drink": "",
        "outdoor_seating": "",
        "indoor_seating": "",
        "internet_access": "",
        "real_ale": "",
        "real_cider": "",
        "live_music": "",
        "dog": "",
        "wheelchair": "",
        "toilets": "",
        "smoking": "",
        "wikidata": "Q26549093",
        "wikipedia": "en:Adelphi Hotel, York",
        "fetched_at_utc": "2026-10-01T14:46:45+00:00",
        "source_endpoint": "wikidata",
        "tags": {
          "name": "The Railway King",
          "wikidata": "Q26549093",
          "amenity": "pub",
          "heritage": "2",
          "historic": "building",
          "listed_status": "grade ii",
          "wikipedia": "en:Adelphi Hotel, York",
          "addr:city": "York"
        }
      }
    },
    {
      "type": "Feature",
      "geometry": {
        "type": "Point",
        "coordinates": [
          -1.077729,
          53.957257
        ]
      },
      "properties": {
        "name": "The Red Lion",
        "osm_type": "wikidata",
        "osm_id": 26547879,
        "address": "York",
        "house_name": "",
        "house_number": "",
        "street": "",
        "suburb": "",
        "city": "York",
        "postcode": "",
        "country": "",
        "operator": "",
        "brewery": "",
        "website": "",
        "phone": "",
        "opening_hours": "",
        "cuisine": "",
        "food": "",
        "drink": "",
        "outdoor_seating": "",
        "indoor_seating": "",
        "internet_access": "",
        "real_ale": "",
        "real_cider": "",
        "live_music": "",
        "dog": "",
        "wheelchair": "",
        "toilets": "",
        "smoking": "",
        "wikidata": "Q26547879",
        "wikipedia": "en:The Red Lion, York",
        "fetched_at_utc": "2026-10-01T14:46:45+00:00",
        "source_endpoint": "wikidata",
        "tags": {
          "name": "The Red Lion",
          "wikidata": "Q26547879",
          "amenity": "pub",
          "heritage": "2",
          "historic": "building",
          "listed_status": "grade ii",
          "wikipedia": "en:The Red Lion, York",
          "addr:city": "York"
        }
      }
    },
    {
      "type": "Feature",
      "geometry": {
        "type": "Point",
        "coordinates": [
          -1.08175,
          53.96
        ]
      },
      "properties": {
        "name": "The Roman Bath",
        "osm_type": "wikidata",
        "osm_id": 17549513,
        "address": "York",
        "house_name": "",
        "house_number": "",
        "street": "",
        "suburb": "",
        "city": "York",
        "postcode": "",
        "country": "",
        "operator": "",
        "brewery": "",
        "website": "",
        "phone": "",
        "opening_hours": "",
        "cuisine": "",
        "food": "",
        "drink": "",
        "outdoor_seating": "",
        "indoor_seating": "",
        "internet_access": "",
        "real_ale": "",
        "real_cider": "",
        "live_music": "",
        "dog": "",
        "wheelchair": "",
        "toilets": "",
        "smoking": "",
        "wikidata": "Q17549513",
        "wikipedia": "en:Roman Bath, York",
        "fetched_at_utc": "2026-10-01T14:46:45+00:00",
        "source_endpoint": "wikidata",
        "tags": {
          "name": "The Roman Bath",
          "wikidata": "Q17549513",
          "amenity": "pub",
          "heritage": "2",
          "historic": "building",
          "listed_status": "grade ii*",
          "wikipedia": "en:Roman Bath, York",
          "addr:city": "York"
        }
      }
    },
    {
      "type": "Feature",
      "geometry": {
        "type": "Point",
        "coordinates": [
          -1.079094,
          53.962264
        ]
      },
      "properties": {
        "name": "The Royal Oak",
        "osm_type": "wikidata",
        "osm_id": 26549089,
        "address": "York",
        "house_name": "",
        "house_number": "",
        "street": "",
        "suburb": "",
        "city": "York",
        "postcode": "",
        "country": "",
        "operator": "",
        "brewery": "",
        "website": "",
        "phone": "",
        "opening_hours": "",
        "cuisine": "",
        "food": "",
        "drink": "",
        "outdoor_seating": "",
        "indoor_seating": "",
        "internet_access": "",
        "real_ale": "",
        "real_cider": "",
        "live_music": "",
        "dog": "",
        "wheelchair": "",
        "toilets": "",
        "smoking": "",
        "wikidata": "Q26549089",
        "wikipedia": "en:The Royal Oak, York",
        "fetched_at_utc": "2026-10-01T14:46:45+00:00",
        "source_endpoint": "wikidata",
        "tags": {
          "name": "The Royal Oak",
          "wikidata": "Q26549089",
          "amenity": "pub",
          "heritage": "2",
          "historic": "building",
          "listed_status": "grade ii",
          "wikipedia": "en:The Royal Oak, York",
          "addr:city": "York"
        }
      }
    },
    {
      "type": "Feature",
      "geometry": {
        "type": "Point",
        "coordinates": [
          -1.072447,
          53.936747
        ]
      },
      "properties": {
        "name": "The Saddle Inn",
        "osm_type": "wikidata",
        "osm_id": 136655365,
        "address": "York",
        "house_name": "",
        "house_number": "",
        "street": "",
        "suburb": "",
        "city": "York",
        "postcode": "",
        "country": "",
        "operator": "",
        "brewery": "",
        "website": "",
        "phone": "",
        "opening_hours": "",
        "cuisine": "",
        "food": "",
        "drink": "",
        "outdoor_seating": "",
        "indoor_seating": "",
        "internet_access": "",
        "real_ale": "",
        "real_cider": "",
        "live_music": "",
        "dog": "",
        "wheelchair": "",
        "toilets": "",
        "smoking": "",
        "wikidata": "Q136655365",
        "wikipedia": "",
        "fetched_at_utc": "2026-10-01T14:46:45+00:00",
        "source_endpoint": "wikidata",
        "tags": {
          "name": "The Saddle Inn",
          "wikidata": "Q136655365",
          "amenity": "pub",
          "addr:city": "York"
        }
      }
    },
    {
      "type": "Feature",
      "geometry": {
        "type": "Point",
        "coordinates": [
          -1.0820084,
          53.9525912
        ]
      },
      "properties": {
        "name": "The Slip Inn",
        "osm_type": "wikidata",
        "osm_id": 136770773,
        "address": "York",
        "house_name": "",
        "house_number": "",
        "street": "",
        "suburb": "",
        "city": "York",
        "postcode": "",
        "country": "",
        "operator": "",
        "brewery": "",
        "website": "",
        "phone": "",
        "opening_hours": "",
        "cuisine": "",
        "food": "",
        "drink": "",
        "outdoor_seating": "",
        "indoor_seating": "",
        "internet_access": "",
        "real_ale": "",
        "real_cider": "",
        "live_music": "",
        "dog": "",
        "wheelchair": "",
        "toilets": "",
        "smoking": "",
        "wikidata": "Q136770773",
        "wikipedia": "",
        "fetched_at_utc": "2026-10-01T14:46:45+00:00",
        "source_endpoint": "wikidata",
        "tags": {
          "name": "The Slip Inn",
          "wikidata": "Q136770773",
          "amenity": "pub",
          "addr:city": "York"
        }
      }
    },
    {
      "type": "Feature",
      "geometry": {
        "type": "Point",
        "coordinates": [
          -1.07969,
          53.9615
        ]
      },
      "properties": {
        "name": "The Snickleway Inn",
        "osm_type": "wikidata",
        "osm_id": 17549897,
        "address": "York",
        "house_name": "",
        "house_number": "",
        "street": "",
        "suburb": "",
        "city": "York",
        "postcode": "",
        "country": "",
        "operator": "",
        "brewery": "",
        "website": "",
        "phone": "",
        "opening_hours": "",
        "cuisine": "",
        "food": "",
        "drink": "",
        "outdoor_seating": "",
        "indoor_seating": "",
        "internet_access": "",
        "real_ale": "",
        "real_cider": "",
        "live_music": "",
        "dog": "",
        "wheelchair": "",
        "toilets": "",
        "smoking": "",
        "wikidata": "Q17549897",
        "wikipedia": "en:The Snickleway Inn",
        "fetched_at_utc": "2026-10-01T14:46:45+00:00",
        "source_endpoint": "wikidata",
        "tags": {
          "name": "The Snickleway Inn",
          "wikidata": "Q17549897",
          "amenity": "pub",
          "heritage": "2",
          "historic": "building",
          "listed_status": "grade ii*",
          "wikipedia": "en:The Snickleway Inn",
          "addr:city": "York"
        }
      }
    },
    {
      "type": "Feature",
      "geometry": {
        "type": "Point",
        "coordinates": [
          -1.0790176,
          53.9589172
        ]
      },
      "properties": {
        "name": "The Stonebow",
        "osm_type": "wikidata",
        "osm_id": 135112880,
        "address": "York",
        "house_name": "",
        "house_number": "",
        "street": "",
        "suburb": "",
        "city": "York",
        "postcode": "",
        "country": "",
        "operator": "",
        "brewery": "",
        "website": "",
        "phone": "",
        "opening_hours": "",
        "cuisine": "",
        "food": "",
        "drink": "",
        "outdoor_seating": "",
        "indoor_seating": "",
        "internet_access": "",
        "real_ale": "",
        "real_cider": "",
        "live_music": "",
        "dog": "",
        "wheelchair": "",
        "toilets": "",
        "smoking": "",
        "wikidata": "Q135112880",
        "wikipedia": "",
        "fetched_at_utc": "2026-10-01T14:46:45+00:00",
        "source_endpoint": "wikidata",
        "tags": {
          "name": "The Stonebow",
          "wikidata": "Q135112880",
          "amenity": "pub",
          "addr:city": "York"
        }
      }
    },
    {
      "type": "Feature",
      "geometry": {
        "type": "Point",
        "coordinates": [
          -1.1313015,
          53.9556773
        ]
      },
      "properties": {
        "name": "The Sun",
        "osm_type": "wikidata",
        "osm_id": 136652608,
        "address": "York",
        "house_name": "",
        "house_number": "",
        "street": "",
        "suburb": "",
        "city": "York",
        "postcode": "",
        "country": "",
        "operator": "",
        "brewery": "",
        "website": "",
        "phone": "",
        "opening_hours": "",
        "cuisine": "",
        "food": "",
        "drink": "",
        "outdoor_seating": "",
        "indoor_seating": "",
        "internet_access": "",
        "real_ale": "",
        "real_cider": "",
        "live_music": "",
        "dog": "",
        "wheelchair": "",
        "toilets": "",
        "smoking": "",
        "wikidata": "Q136652608",
        "wikipedia": "",
        "fetched_at_utc": "2026-10-01T14:46:45+00:00",
        "source_endpoint": "wikidata",
        "tags": {
          "name": "The Sun",
          "wikidata": "Q136652608",
          "amenity": "pub",
          "addr:city": "York"
        }
      }
    },
    {
      "type": "Feature",
      "geometry": {
        "type": "Point",
        "coordinates": [
          -1.083806,
          53.952578
        ]
      },
      "properties": {
        "name": "The Swan",
        "osm_type": "wikidata",
        "osm_id": 26672893,
        "address": "York",
        "house_name": "",
        "house_number": "",
        "street": "",
        "suburb": "",
        "city": "York",
        "postcode": "",
        "country": "",
        "operator": "",
        "brewery": "",
        "website": "",
        "phone": "",
        "opening_hours": "",
        "cuisine": "",
        "food": "",
        "drink": "",
        "outdoor_seating": "",
        "indoor_seating": "",
        "internet_access": "",
        "real_ale": "",
        "real_cider": "",
        "live_music": "",
        "dog": "",
        "wheelchair": "",
        "toilets": "",
        "smoking": "",
        "wikidata": "Q26672893",
        "wikipedia": "en:The Swan, York",
        "fetched_at_utc": "2026-10-01T14:46:45+00:00",
        "source_endpoint": "wikidata",
        "tags": {
          "name": "The Swan",
          "wikidata": "Q26672893",
          "amenity": "pub",
          "heritage": "2",
          "historic": "building",
          "listed_status": "grade ii",
          "wikipedia": "en:The Swan, York",
          "addr:city": "York"
        }
      }
    },
    {
      "type": "Feature",
      "geometry": {
        "type": "Point",
        "coordinates": [
          -1.081588,
          53.959875
        ]
      },
      "properties": {
        "name": "The Three Cranes",
        "osm_type": "wikidata",
        "osm_id": 26548186,
        "address": "York",
        "house_name": "",
        "house_number": "",
        "street": "",
        "suburb": "",
        "city": "York",
        "postcode": "",
        "country": "",
        "operator": "",
        "brewery": "",
        "website": "",
        "phone": "",
        "opening_hours": "",
        "cuisine": "",
        "food": "",
        "drink": "",
        "outdoor_seating": "",
        "indoor_seating": "",
        "internet_access": "",
        "real_ale": "",
        "real_cider": "",
        "live_music": "",
        "dog": "",
        "wheelchair": "",
        "toilets": "",
        "smoking": "",
        "wikidata": "Q26548186",
        "wikipedia": "en:Three Cranes",
        "fetched_at_utc": "2026-10-01T14:46:45+00:00",
        "source_endpoint": "wikidata",
        "tags": {
          "name": "The Three Cranes",
          "wikidata": "Q26548186",
          "amenity": "pub",
          "heritage": "2",
          "historic": "building",
          "listed_status": "grade ii",
          "wikipedia": "en:Three Cranes",
          "addr:city": "York"
        }
      }
    },
    {
      "type": "Feature",
      "geometry": {
        "type": "Point",
        "coordinates": [
          -1.080904,
          53.957721
        ]
      },
      "properties": {
        "name": "The Three Tuns",
        "osm_type": "wikidata",
        "osm_id": 26549243,
        "address": "York",
        "house_name": "",
        "house_number": "",
        "street": "",
        "suburb": "",
        "city": "York",
        "postcode": "",
        "country": "",
        "operator": "",
        "brewery": "",
        "website": "",
        "phone": "",
        "opening_hours": "",
        "cuisine": "",
        "food": "",
        "drink": "",
        "outdoor_seating": "",
        "indoor_seating": "",
        "internet_access": "",
        "real_ale": "",
        "real_cider": "",
        "live_music": "",
        "dog": "",
        "wheelchair": "",
        "toilets": "",
        "smoking": "",
        "wikidata": "Q26549243",
        "wikipedia": "en:The Three Tuns",
        "fetched_at_utc": "2026-10-01T14:46:45+00:00",
        "source_endpoint": "wikidata",
        "tags": {
          "name": "The Three Tuns",
          "wikidata": "Q26549243",
          "amenity": "pub",
          "heritage": "2",
          "historic": "building",
          "listed_status": "grade ii",
          "wikipedia": "en:The Three Tuns",
          "addr:city": "York"
        }
      }
    },
    {
      "type": "Feature",
      "geometry": {
        "type": "Point",
        "coordinates": [
          -1.0723344,
          53.952514
        ]
      },
      "properties": {
        "name": "The Victoria",
        "osm_type": "wikidata",
        "osm_id": 137769442,
        "address": "York",
        "house_name": "",
        "house_number": "",
        "street": "",
        "suburb": "",
        "city": "York",
        "postcode": "",
        "country": "",
        "operator": "",
        "brewery": "",
        "website": "",
        "phone": "",
        "opening_hours": "",
        "cuisine": "",
        "food": "",
        "drink": "",
        "outdoor_seating": "",
        "indoor_seating": "",
        "internet_access": "",
        "real_ale": "",
        "real_cider": "",
        "live_music": "",
        "dog": "",
        "wheelchair": "",
        "toilets": "",
        "smoking": "",
        "wikidata": "Q137769442",
        "wikipedia": "",
        "fetched_at_utc": "2026-10-01T14:46:45+00:00",
        "source_endpoint": "wikidata",
        "tags": {
          "name": "The Victoria",
          "wikidata": "Q137769442",
          "amenity": "pub",
          "addr:city": "York"
        }
      }
    },
    {
      "type": "Feature",
      "geometry": {
        "type": "Point",
        "coordinates": [
          -1.0872814,
          53.953859
        ]
      },
      "properties": {
        "name": "The Victoria Vaults",
        "osm_type": "wikidata",
        "osm_id": 136758402,
        "address": "York",
        "house_name": "",
        "house_number": "",
        "street": "",
        "suburb": "",
        "city": "York",
        "postcode": "",
        "country": "",
        "operator": "",
        "brewery": "",
        "website": "",
        "phone": "",
        "opening_hours": "",
        "cuisine": "",
        "food": "",
        "drink": "",
        "outdoor_seating": "",
        "indoor_seating": "",
        "internet_access": "",
        "real_ale": "",
        "real_cider": "",
        "live_music": "",
        "dog": "",
        "wheelchair": "",
        "toilets": "",
        "smoking": "",
        "wikidata": "Q136758402",
        "wikipedia": "",
        "fetched_at_utc": "2026-10-01T14:46:45+00:00",
        "source_endpoint": "wikidata",
        "tags": {
          "name": "The Victoria Vaults",
          "wikidata": "Q136758402",
          "amenity": "pub",
          "addr:city": "York"
        }
      }
    },
    {
      "type": "Feature",
      "geometry": {
        "type": "Point",
        "coordinates": [
          -1.05545,
          53.9670782
        ]
      },
      "properties": {
        "name": "The Walnut Tree",
        "osm_type": "wikidata",
        "osm_id": 136772147,
        "address": "York",
        "house_name": "",
        "house_number": "",
        "street": "",
        "suburb": "",
        "city": "York",
        "postcode": "",
        "country": "",
        "operator": "",
        "brewery": "",
        "website": "",
        "phone": "",
        "opening_hours": "",
        "cuisine": "",
        "food": "",
        "drink": "",
        "outdoor_seating": "",
        "indoor_seating": "",
        "internet_access": "",
        "real_ale": "",
        "real_cider": "",
        "live_music": "",
        "dog": "",
        "wheelchair": "",
        "toilets": "",
        "smoking": "",
        "wikidata": "Q136772147",
        "wikipedia": "",
        "fetched_at_utc": "2026-10-01T14:46:45+00:00",
        "source_endpoint": "wikidata",
        "tags": {
          "name": "The Walnut Tree",
          "wikidata": "Q136772147",
          "amenity": "pub",
          "addr:city": "York"
        }
      }
    },
    {
      "type": "Feature",
      "geometry": {
        "type": "Point",
        "coordinates": [
          -1.077116,
          53.957387
        ]
      },
      "properties": {
        "name": "The Watergate Inn",
        "osm_type": "wikidata",
        "osm_id": 26547894,
        "address": "York",
        "house_name": "",
        "house_number": "",
        "street": "",
        "suburb": "",
        "city": "York",
        "postcode": "",
        "country": "",
        "operator": "",
        "brewery": "",
        "website": "",
        "phone": "",
        "opening_hours": "",
        "cuisine": "",
        "food": "",
        "drink": "",
        "outdoor_seating": "",
        "indoor_seating": "",
        "internet_access": "",
        "real_ale": "",
        "real_cider": "",
        "live_music": "",
        "dog": "",
        "wheelchair": "",
        "toilets": "",
        "smoking": "",
        "wikidata": "Q26547894",
        "wikipedia": "en:The Watergate Inn",
        "fetched_at_utc": "2026-10-01T14:46:45+00:00",
        "source_endpoint": "wikidata",
        "tags": {
          "name": "The Watergate Inn",
          "wikidata": "Q26547894",
          "amenity": "pub",
          "heritage": "2",
          "historic": "building",
          "listed_status": "grade ii",
          "wikipedia": "en:The Watergate Inn",
          "addr:city": "York"
        }
      }
    },
    {
      "type": "Feature",
      "geometry": {
        "type": "Point",
        "coordinates": [
          -1.077004,
          53.947292
        ]
      },
      "properties": {
        "name": "The Wellington Inn",
        "osm_type": "wikidata",
        "osm_id": 26550642,
        "address": "York",
        "house_name": "",
        "house_number": "",
        "street": "",
        "suburb": "",
        "city": "York",
        "postcode": "",
        "country": "",
        "operator": "",
        "brewery": "",
        "website": "",
        "phone": "",
        "opening_hours": "",
        "cuisine": "",
        "food": "",
        "drink": "",
        "outdoor_seating": "",
        "indoor_seating": "",
        "internet_access": "",
        "real_ale": "",
        "real_cider": "",
        "live_music": "",
        "dog": "",
        "wheelchair": "",
        "toilets": "",
        "smoking": "",
        "wikidata": "Q26550642",
        "wikipedia": "en:Wellington Inn",
        "fetched_at_utc": "2026-10-01T14:46:45+00:00",
        "source_endpoint": "wikidata",
        "tags": {
          "name": "The Wellington Inn",
          "wikidata": "Q26550642",
          "amenity": "pub",
          "heritage": "2",
          "historic": "building",
          "listed_status": "grade ii",
          "wikipedia": "en:Wellington Inn",
          "addr:city": "York"
        }
      }
    },
    {
      "type": "Feature",
      "geometry": {
        "type": "Point",
        "coordinates": [
          -1.085986,
          53.947597
        ]
      },
      "properties": {
        "name": "The Winning Post",
        "osm_type": "wikidata",
        "osm_id": 137769468,
        "address": "York",
        "house_name": "",
        "house_number": "",
        "street": "",
        "suburb": "",
        "city": "York",
        "postcode": "",
        "country": "",
        "operator": "",
        "brewery": "",
        "website": "",
        "phone": "",
        "opening_hours": "",
        "cuisine": "",
        "food": "",
        "drink": "",
        "outdoor_seating": "",
        "indoor_seating": "",
        "internet_access": "",
        "real_ale": "",
        "real_cider": "",
        "live_music": "",
        "dog": "",
        "wheelchair": "",
        "toilets": "",
        "smoking": "",
        "wikidata": "Q137769468",
        "wikipedia": "",
        "fetched_at_utc": "2026-10-01T14:46:45+00:00",
        "source_endpoint": "wikidata",
        "tags": {
          "name": "The Winning Post",
          "wikidata": "Q137769468",
          "amenity": "pub",
          "addr:city": "York"
        }
      }
    },
    {
      "type": "Feature",
      "geometry": {
        "type": "Point",
        "coordinates": [
          -1.075747,
          53.953134
        ]
      },
      "properties": {
        "name": "The Woolpack",
        "osm_type": "wikidata",
        "osm_id": 26549177,
        "address": "York",
        "house_name": "",
        "house_number": "",
        "street": "",
        "suburb": "",
        "city": "York",
        "postcode": "",
        "country": "",
        "operator": "",
        "brewery": "",
        "website": "",
        "phone": "",
        "opening_hours": "",
        "cuisine": "",
        "food": "",
        "drink": "",
        "outdoor_seating": "",
        "indoor_seating": "",
        "internet_access": "",
        "real_ale": "",
        "real_cider": "",
        "live_music": "",
        "dog": "",
        "wheelchair": "",
        "toilets": "",
        "smoking": "",
        "wikidata": "Q26549177",
        "wikipedia": "en:The Woolpack, York",
        "fetched_at_utc": "2026-10-01T14:46:45+00:00",
        "source_endpoint": "wikidata",
        "tags": {
          "name": "The Woolpack",
          "wikidata": "Q26549177",
          "amenity": "pub",
          "heritage": "2",
          "historic": "building",
          "listed_status": "grade ii",
          "wikipedia": "en:The Woolpack, York",
          "addr:city": "York"
        }
      }
    },
    {
      "type": "Feature",
      "geometry": {
        "type": "Point",
        "coordinates": [
          -1.0888224,
          53.9544348
        ]
      },
      "properties": {
        "name": "Trafalgar Bay",
        "osm_type": "wikidata",
        "osm_id": 136758392,
        "address": "York",
        "house_name": "",
        "house_number": "",
        "street": "",
        "suburb": "",
        "city": "York",
        "postcode": "",
        "country": "",
        "operator": "",
        "brewery": "",
        "website": "",
        "phone": "",
        "opening_hours": "",
        "cuisine": "",
        "food": "",
        "drink": "",
        "outdoor_seating": "",
        "indoor_seating": "",
        "internet_access": "",
        "real_ale": "",
        "real_cider": "",
        "live_music": "",
        "dog": "",
        "wheelchair": "",
        "toilets": "",
        "smoking": "",
        "wikidata": "Q136758392",
        "wikipedia": "",
        "fetched_at_utc": "2026-10-01T14:46:45+00:00",
        "source_endpoint": "wikidata",
        "tags": {
          "name": "Trafalgar Bay",
          "wikidata": "Q136758392",
          "amenity": "pub",
          "addr:city": "York"
        }
      }
    },
    {
      "type": "Feature",
      "geometry": {
        "type": "Point",
        "coordinates": [
          -1.1000691,
          53.954296
        ]
      },
      "properties": {
        "name": "Volunteer Arms",
        "osm_type": "wikidata",
        "osm_id": 136782978,
        "address": "York",
        "house_name": "",
        "house_number": "",
        "street": "",
        "suburb": "",
        "city": "York",
        "postcode": "",
        "country": "",
        "operator": "",
        "brewery": "",
        "website": "",
        "phone": "",
        "opening_hours": "",
        "cuisine": "",
        "food": "",
        "drink": "",
        "outdoor_seating": "",
        "indoor_seating": "",
        "internet_access": "",
        "real_ale": "",
        "real_cider": "",
        "live_music": "",
        "dog": "",
        "wheelchair": "",
        "toilets": "",
        "smoking": "",
        "wikidata": "Q136782978",
        "wikipedia": "",
        "fetched_at_utc": "2026-10-01T14:46:45+00:00",
        "source_endpoint": "wikidata",
        "tags": {
          "name": "Volunteer Arms",
          "wikidata": "Q136782978",
          "amenity": "pub",
          "addr:city": "York"
        }
      }
    },
    {
      "type": "Feature",
      "geometry": {
        "type": "Point",
        "coordinates": [
          -1.069229,
          53.954947
        ]
      },
      "properties": {
        "name": "Waggon and Horses",
        "osm_type": "wikidata",
        "osm_id": 26548847,
        "address": "York",
        "house_name": "",
        "house_number": "",
        "street": "",
        "suburb": "",
        "city": "York",
        "postcode": "",
        "country": "",
        "operator": "",
        "brewery": "",
        "website": "",
        "phone": "",
        "opening_hours": "",
        "cuisine": "",
        "food": "",
        "drink": "",
        "outdoor_seating": "",
        "indoor_seating": "",
        "internet_access": "",
        "real_ale": "",
        "real_cider": "",
        "live_music": "",
        "dog": "",
        "wheelchair": "",
        "toilets": "",
        "smoking": "",
        "wikidata": "Q26548847",
        "wikipedia": "en:Waggon and Horses",
        "fetched_at_utc": "2026-10-01T14:46:45+00:00",
        "source_endpoint": "wikidata",
        "tags": {
          "name": "Waggon and Horses",
          "wikidata": "Q26548847",
          "amenity": "pub",
          "heritage": "2",
          "historic": "building",
          "listed_status": "grade ii",
          "wikipedia": "en:Waggon and Horses",
          "addr:city": "York"
        }
      }
    },
    {
      "type": "Feature",
      "geometry": {
        "type": "Point",
        "coordinates": [
          -1.0858547,
          53.9630737
        ]
      },
      "properties": {
        "name": "White Horse",
        "osm_type": "wikidata",
        "osm_id": 137052831,
        "address": "York",
        "house_name": "",
        "house_number": "",
        "street": "",
        "suburb": "",
        "city": "York",
        "postcode": "",
        "country": "",
        "operator": "",
        "brewery": "",
        "website": "",
        "phone": "",
        "opening_hours": "",
        "cuisine": "",
        "food": "",
        "drink": "",
        "outdoor_seating": "",
        "indoor_seating": "",
        "internet_access": "",
        "real_ale": "",
        "real_cider": "",
        "live_music": "",
        "dog": "",
        "wheelchair": "",
        "toilets": "",
        "smoking": "",
        "wikidata": "Q137052831",
        "wikipedia": "",
        "fetched_at_utc": "2026-10-01T14:46:45+00:00",
        "source_endpoint": "wikidata",
        "tags": {
          "name": "White Horse",
          "wikidata": "Q137052831",
          "amenity": "pub",
          "addr:city": "York"
        }
      }
    },
    {
      "type": "Feature",
      "geometry": {
        "type": "Point",
        "coordinates": [
          -1.152635,
          53.980365
        ]
      },
      "properties": {
        "name": "White Horse Inn",
        "osm_type": "wikidata",
        "osm_id": 136652504,
        "address": "York",
        "house_name": "",
        "house_number": "",
        "street": "",
        "suburb": "",
        "city": "York",
        "postcode": "",
        "country": "",
        "operator": "",
        "brewery": "",
        "website": "",
        "phone": "",
        "opening_hours": "",
        "cuisine": "",
        "food": "",
        "drink": "",
        "outdoor_seating": "",
        "indoor_seating": "",
        "internet_access": "",
        "real_ale": "",
        "real_cider": "",
        "live_music": "",
        "dog": "",
        "wheelchair": "",
        "toilets": "",
        "smoking": "",
        "wikidata": "Q136652504",
        "wikipedia": "",
        "fetched_at_utc": "2026-10-01T14:46:45+00:00",
        "source_endpoint": "wikidata",
        "tags": {
          "name": "White Horse Inn",
          "wikidata": "Q136652504",
          "amenity": "pub",
          "addr:city": "York"
        }
      }
    },
    {
      "type": "Feature",
      "geometry": {
        "type": "Point",
        "coordinates": [
          -1.091675,
          53.955473
        ]
      },
      "properties": {
        "name": "Windmill Hotel",
        "osm_type": "wikidata",
        "osm_id": 26550632,
        "address": "York",
        "house_name": "",
        "house_number": "",
        "street": "",
        "suburb": "",
        "city": "York",
        "postcode": "",
        "country": "",
        "operator": "",
        "brewery": "",
        "website": "",
        "phone": "",
        "opening_hours": "",
        "cuisine": "",
        "food": "",
        "drink": "",
        "outdoor_seating": "",
        "indoor_seating": "",
        "internet_access": "",
        "real_ale": "",
        "real_cider": "",
        "live_music": "",
        "dog": "",
        "wheelchair": "",
        "toilets": "",
        "smoking": "",
        "wikidata": "Q26550632",
        "wikipedia": "en:Windmill Inn",
        "fetched_at_utc": "2026-10-01T14:46:45+00:00",
        "source_endpoint": "wikidata",
        "tags": {
          "name": "Windmill Hotel",
          "wikidata": "Q26550632",
          "amenity": "pub",
          "heritage": "2",
          "historic": "building",
          "listed_status": "grade ii",
          "wikipedia": "en:Windmill Inn",
          "addr:city": "York"
        }
      }
    },
    {
      "type": "Feature",
      "geometry": {
        "type": "Point",
        "coordinates": [
          -1.0835,
          53.9578
        ]
      },
      "properties": {
        "name": "Yates",
        "osm_type": "wikidata",
        "osm_id": 141490284,
        "address": "York",
        "house_name": "",
        "house_number": "",
        "street": "",
        "suburb": "",
        "city": "York",
        "postcode": "",
        "country": "",
        "operator": "",
        "brewery": "",
        "website": "",
        "phone": "",
        "opening_hours": "",
        "cuisine": "",
        "food": "",
        "drink": "",
        "outdoor_seating": "",
        "indoor_seating": "",
        "internet_access": "",
        "real_ale": "",
        "real_cider": "",
        "live_music": "",
        "dog": "",
        "wheelchair": "",
        "toilets": "",
        "smoking": "",
        "wikidata": "Q141490284",
        "wikipedia": "",
        "fetched_at_utc": "2026-10-01T14:46:45+00:00",
        "source_endpoint": "wikidata",
        "tags": {
          "name": "Yates",
          "wikidata": "Q141490284",
          "amenity": "pub",
          "addr:city": "York"
        }
      }
    },
    {
      "type": "Feature",
      "geometry": {
        "type": "Point",
        "coordinates": [
          -1.083615,
          53.961248
        ]
      },
      "properties": {
        "name": "Ye Olde Starre Inne",
        "osm_type": "wikidata",
        "osm_id": 26547994,
        "address": "York",
        "house_name": "",
        "house_number": "",
        "street": "",
        "suburb": "",
        "city": "York",
        "postcode": "",
        "country": "",
        "operator": "",
        "brewery": "",
        "website": "",
        "phone": "",
        "opening_hours": "",
        "cuisine": "",
        "food": "",
        "drink": "",
        "outdoor_seating": "",
        "indoor_seating": "",
        "internet_access": "",
        "real_ale": "",
        "real_cider": "",
        "live_music": "",
        "dog": "",
        "wheelchair": "",
        "toilets": "",
        "smoking": "",
        "wikidata": "Q26547994",
        "wikipedia": "en:Ye Olde Starre Inne",
        "fetched_at_utc": "2026-10-01T14:46:45+00:00",
        "source_endpoint": "wikidata",
        "tags": {
          "name": "Ye Olde Starre Inne",
          "wikidata": "Q26547994",
          "amenity": "pub",
          "heritage": "2",
          "historic": "building",
          "listed_status": "grade ii",
          "wikipedia": "en:Ye Olde Starre Inne",
          "addr:city": "York"
        }
      }
    },
    {
      "type": "Feature",
      "geometry": {
        "type": "Point",
        "coordinates": [
          -1.073715,
          53.956381
        ]
      },
      "properties": {
        "name": "Yemen Heaven",
        "osm_type": "wikidata",
        "osm_id": 26547873,
        "address": "York",
        "house_name": "",
        "house_number": "",
        "street": "",
        "suburb": "",
        "city": "York",
        "postcode": "",
        "country": "",
        "operator": "",
        "brewery": "",
        "website": "",
        "phone": "",
        "opening_hours": "",
        "cuisine": "",
        "food": "",
        "drink": "",
        "outdoor_seating": "",
        "indoor_seating": "",
        "internet_access": "",
        "real_ale": "",
        "real_cider": "",
        "live_music": "",
        "dog": "",
        "wheelchair": "",
        "toilets": "",
        "smoking": "",
        "wikidata": "Q26547873",
        "wikipedia": "en:Spread Eagle, York",
        "fetched_at_utc": "2026-10-01T14:46:45+00:00",
        "source_endpoint": "wikidata",
        "tags": {
          "name": "Yemen Heaven",
          "wikidata": "Q26547873",
          "amenity": "pub",
          "heritage": "2",
          "historic": "building",
          "listed_status": "grade ii",
          "wikipedia": "en:Spread Eagle, York",
          "addr:city": "York"
        }
      }
    },
    {
      "type": "Feature",
      "geometry": {
        "type": "Point",
        "coordinates": [
          -1.083993,
          53.96225
        ]
      },
      "properties": {
        "name": "York Arms",
        "osm_type": "wikidata",
        "osm_id": 135148366,
        "address": "26 High Petergate, York, YO1 7EH, York",
        "house_name": "",
        "house_number": "",
        "street": "26 High Petergate, York, YO1 7EH",
        "suburb": "",
        "city": "York",
        "postcode": "",
        "country": "",
        "operator": "",
        "brewery": "",
        "website": "",
        "phone": "",
        "opening_hours": "",
        "cuisine": "",
        "food": "",
        "drink": "",
        "outdoor_seating": "",
        "indoor_seating": "",
        "internet_access": "",
        "real_ale": "",
        "real_cider": "",
        "live_music": "",
        "dog": "",
        "wheelchair": "",
        "toilets": "",
        "smoking": "",
        "wikidata": "Q135148366",
        "wikipedia": "en:York Arms",
        "fetched_at_utc": "2026-10-01T14:46:45+00:00",
        "source_endpoint": "wikidata",
        "tags": {
          "name": "York Arms",
          "wikidata": "Q135148366",
          "amenity": "pub",
          "wikipedia": "en:York Arms",
          "addr:street": "26 High Petergate, York, YO1 7EH",
          "addr:city": "York"
        }
      }
    },
    {
      "type": "Feature",
      "geometry": {
        "type": "Point",
        "coordinates": [
          -1.075051944,
          53.953551111
        ]
      },
      "properties": {
        "name": "York City Arms Sports Club",
        "osm_type": "wikidata",
        "osm_id": 26549179,
        "address": "York",
        "house_name": "",
        "house_number": "",
        "street": "",
        "suburb": "",
        "city": "York",
        "postcode": "",
        "country": "",
        "operator": "",
        "brewery": "",
        "website": "",
        "phone": "",
        "opening_hours": "",
        "cuisine": "",
        "food": "",
        "drink": "",
        "outdoor_seating": "",
        "indoor_seating": "",
        "internet_access": "",
        "real_ale": "",
        "real_cider": "",
        "live_music": "",
        "dog": "",
        "wheelchair": "",
        "toilets": "",
        "smoking": "",
        "wikidata": "Q26549179",
        "wikipedia": "en:York City Arms Sports Club",
        "fetched_at_utc": "2026-10-01T14:46:45+00:00",
        "source_endpoint": "wikidata",
        "tags": {
          "name": "York City Arms Sports Club",
          "wikidata": "Q26549179",
          "amenity": "pub",
          "heritage": "2",
          "historic": "building",
          "listed_status": "grade ii",
          "wikipedia": "en:York City Arms Sports Club",
          "addr:city": "York"
        }
      }
    },
    {
      "type": "Feature",
      "geometry": {
        "type": "Point",
        "coordinates": [
          -1.0926551,
          53.9584281
        ]
      },
      "properties": {
        "name": "York Tap",
        "osm_type": "wikidata",
        "osm_id": 136749287,
        "address": "York",
        "house_name": "",
        "house_number": "",
        "street": "",
        "suburb": "",
        "city": "York",
        "postcode": "",
        "country": "",
        "operator": "",
        "brewery": "",
        "website": "",
        "phone": "",
        "opening_hours": "",
        "cuisine": "",
        "food": "",
        "drink": "",
        "outdoor_seating": "",
        "indoor_seating": "",
        "internet_access": "",
        "real_ale": "",
        "real_cider": "",
        "live_music": "",
        "dog": "",
        "wheelchair": "",
        "toilets": "",
        "smoking": "",
        "wikidata": "Q136749287",
        "wikipedia": "",
        "fetched_at_utc": "2026-10-01T14:46:45+00:00",
        "source_endpoint": "wikidata",
        "tags": {
          "name": "York Tap",
          "wikidata": "Q136749287",
          "amenity": "pub",
          "addr:city": "York"
        }
      }
    }
  ]
}